-651.967445
-650.064135
-648.167199
-645.340631
-643.459449
-642.514317
-641.570789
-640.628861
-640.615164
-639.674873
-639.661219
-639.647565
-639.633913
-639.620261
-639.606610
-606.220523
-640.519307
-598.611515
-674.335374
-641.433434
-592.171824
-654.569363
-671.031854
-587.916754
-774.110697
-669.924164
-582.648522
-772.934042
-668.818629
-578.468621
-772.913979
-668.802622
-575.352022
-774.050326
-668.786616
-573.280241
-774.030206
-668.770611
-572.241060
-755.758582
-668.754607
-571.203959
-754.616134
-668.738605
-570.168934
-754.597014
-668.722603
-570.156312
-754.577895
-668.706602
-569.123400
-755.681875
-669.779662
-569.110824
-756.787760
-669.763612
-569.098249
-779.700769
-669.747563
-569.085674
-782.019693
-669.731515
-569.073100
-783.171985
-669.715468
-569.060527
-784.326309
-669.699422
-568.029904
-785.482670
-669.683377
-568.017376
-513.331203
-786.641074
-669.667333
-568.004850
-508.199236
-787.801526
-668.562646
-567.992324
-502.112971
-790.149552
-668.546656
-567.979799
-497.096540
-668.530668
-567.967275
-491.146487
-668.514680
-567.954752
-488.193526
-667.412297
-567.942230
-486.231512
-667.396363
-567.929708
-485.248425
-667.380431
-567.917187
-484.267378
-667.364499
-567.904667
-483.288363
-667.348568
-567.892148
-482.311374
-753.113870
-667.332639
-567.879629
-482.301311
-750.860720
-667.316710
-567.867111
-481.326382
-747.505732
-666.216782
-567.854594
-481.316359
-744.168876
-666.200907
-567.842078
-481.306336
-736.476832
-666.185034
-567.829563
-481.296314
-727.804789
-665.087343
-567.817048
-481.286293
-716.084982
-665.071522
-567.804535
-481.276273
-424.717280
-709.778947
-665.055703
-567.792022
-481.266253
-419.901910
-707.680347
-663.960242
-567.779509
-481.256233
-414.193133
-706.625447
-662.866900
-567.766998
-481.246214
-409.490020
-705.572435
-661.775672
-567.754487
-481.236196
-404.836655
-704.521308
-660.686550
-567.741977
-481.226178
-401.147639
-703.472059
-659.599530
-567.729468
-481.216161
-399.310775
-703.455477
-657.447225
-567.716960
-481.206145
-398.391271
-702.408152
-654.241649
-567.704453
-481.196129
-397.473738
-702.391621
-641.641864
-567.691946
-481.186114
-396.558167
-702.375091
-629.316997
-567.679440
-481.176099
-395.644554
-702.358562
-623.247917
-567.666935
-480.203770
-395.636681
-702.342034
-621.230343
-567.654430
-480.193795
-394.725052
-702.325507
-619.220149
-566.627206
-480.183820
-394.717214
-702.308982
-618.210975
-566.614748
-480.173846
-394.709376
-702.292457
-618.197315
-565.589613
-480.163873
-394.701538
-702.275934
-617.190061
-564.566517
-480.153901
-394.693701
-702.259412
-616.184677
-563.545453
-480.143928
-394.685865
-332.424937
-702.242891
-616.171107
-562.526415
-480.133957
-394.678029
-328.008104
-702.226371
-616.157539
-560.506588
-480.123986
-394.670193
-324.508356
-702.209852
-615.154108
-548.609512
-480.114016
-394.662358
-319.319416
-702.193334
-615.140585
-543.725436
-480.104046
-394.654523
-316.747259
-702.176818
-615.127064
-536.969625
-480.094077
-394.646688
-315.039777
-702.160302
-615.113543
-534.095136
-479.124181
-394.638854
-313.339765
-702.143788
-615.100022
-533.133231
-479.114251
-394.631021
-312.489483
-702.127275
-615.086503
-532.173180
-478.146392
-394.623188
-311.641079
-702.110763
-615.072985
-531.214976
-477.180524
-394.615355
-311.634987
-702.094252
-615.059467
-530.258615
-476.216641
-394.607523
-310.788483
-702.077742
-615.045950
-530.247694
-475.254737
-394.599691
-310.782420
-702.061233
-615.032435
-529.293210
-473.346540
-394.591859
-309.937810
-702.044725
-615.018920
-529.282329
-463.957341
-393.682744
-309.931775
-702.028219
-615.005406
-529.271450
-459.327416
-393.674946
-309.925741
-702.011714
-614.991893
-529.260570
-452.019092
-393.667149
-309.919707
-247.183431
-701.995209
-614.978380
-529.249692
-450.203216
-392.760036
-309.913674
-242.323891
-701.978706
-614.964869
-529.238814
-448.394482
-392.752273
-309.907641
-238.323997
-701.962204
-614.951358
-529.227937
-447.488431
-391.847123
-309.901608
-234.369268
-701.945703
-614.937848
-529.217061
-446.584185
-390.943896
-309.895576
-232.015892
-701.929204
-614.924340
-529.206185
-446.575523
-390.042587
-309.889543
-230.454239
-701.912705
-614.910832
-529.195310
-445.673109
-388.253293
-309.883511
-229.673716
-701.896208
-614.897324
-529.184435
-445.664482
-382.944839
-309.041014
-228.894972
-701.879711
-614.883818
-529.173561
-444.763896
-374.246442
-309.035011
-228.118001
-701.863216
-614.870313
-529.162688
-444.755303
-368.260080
-309.029008
-227.342796
-701.846722
-614.856808
-529.151815
-444.746711
-366.560354
-308.188419
-227.338187
-701.830229
-614.843305
-529.140944
-444.738119
-365.709688
-308.182444
-226.564766
-701.813737
-614.829802
-529.130072
-444.729528
-364.860775
-307.343728
-226.560182
-701.797246
-614.816300
-529.119202
-444.720937
-364.013609
-306.506851
-226.555597
-701.780757
-614.802799
-529.108332
-444.712346
-363.168184
-305.671808
-226.551013
-161.345510
-701.764268
-614.789299
-529.097463
-444.703757
-363.161476
-304.013030
-226.546429
-156.973885
-701.747781
-614.775800
-529.086594
-444.695167
-362.317818
-298.277434
-226.541846
-154.092302
-701.731295
-614.762301
-529.075726
-444.686578
-362.311140
-291.826875
-226.537262
-150.528986
-701.714809
-614.748804
-529.064859
-444.677990
-362.304462
-286.270520
-225.765737
-148.409392
-701.698325
-614.735307
-529.053992
-444.669402
-362.297784
-284.694188
-225.761177
-147.703765
-701.681843
-614.721811
-529.043126
-444.660815
-362.291107
-283.905918
-224.991424
-146.301003
-701.665361
-614.708316
-529.032261
-444.652228
-362.284430
-283.119323
-224.223412
-145.600311
-701.648880
-614.694822
-529.021397
-444.643641
-362.277754
-282.334399
-223.457136
-145.596806
-701.632401
-614.681329
-529.010533
-444.635055
-362.271077
-281.551141
-222.692590
-144.897773
-701.615922
-614.667837
-528.999669
-444.626470
-362.264401
-281.546033
-221.173085
-144.894287
-701.599445
-614.654345
-528.988807
-444.617885
-362.257726
-280.764460
-215.918407
-144.196908
-701.582969
-614.640854
-528.977945
-444.609300
-362.251051
-280.759377
-207.824543
-143.501157
-701.566494
-614.627365
-528.967083
-444.600716
-362.244376
-280.754295
-205.647614
-143.497710
-77.053303
-701.550020
-614.613876
-528.956223
-444.592133
-362.237702
-280.749212
-204.202880
-142.803601
-72.556223
-701.533547
-614.600388
-528.945363
-444.583550
-362.231028
-280.744130
-203.480917
-142.111108
-70.019181
-701.517075
-614.586901
-528.934503
-444.574967
-362.224354
-280.739049
-202.760536
-141.420227
-67.506437
-701.500605
-614.573414
-528.923644
-444.566385
-362.217680
-280.733967
-202.041733
-140.046626
-66.257689
-701.484135
-614.559929
-528.912786
-444.557804
-362.211007
-280.728886
-202.037877
-137.999677
-65.014917
-701.467667
-614.546445
-528.901929
-444.549223
-362.204335
-280.723805
-201.320666
-129.959495
-64.394403
-701.451200
-614.532961
-528.891072
-444.540642
-362.197663
-280.718724
-201.316830
-126.671184
-63.160530
-701.434734
-614.519478
-528.880216
-444.532062
-362.190991
-280.713644
-201.312995
-125.364352
-62.544466
-701.418269
-614.505996
-528.869361
-444.523482
-362.184319
-280.708563
-201.309160
-124.711663
-61.929880
-701.401805
-614.492515
-528.858506
-444.514903
-362.177648
-280.703483
-201.305325
-124.060448
-60.707736
-701.385342
-614.479035
-528.847652
-444.506325
-362.170977
-280.698404
-201.301490
-123.410702
-59.491379
-701.368881
-614.465555
-528.836799
-444.497747
-362.164306
-280.693324
-201.297655
-122.762421
-57.678875
-701.352420
-614.452077
-528.825946
-444.489169
-362.157636
-280.688245
-201.293821
-122.759533
-52.322125
-701.335961
-614.438599
-528.815094
-444.480592
-362.150966
-280.683166
-201.289987
-122.112728
-49.975763
-701.319502
-614.425123
-528.804242
-444.472015
-362.144297
-280.678087
-201.286153
-122.109857
-48.229615
-701.303045
-614.411647
-528.793391
-444.463439
-362.137628
-280.673009
-201.282319
-122.106985
-47.071459
-701.286589
-614.398172
-528.782541
-444.454863
-362.130959
-280.667931
-201.278485
-122.104114
-46.493251
-701.270134
-614.384698
-527.831732
-444.446288
-362.124291
-280.662853
-201.274651
-122.101243
-45.916387
-701.253681
-614.371224
-527.820922
-444.437713
-362.117623
-280.657775
-201.270818
-122.098372
-45.340862
22.218829
-701.237228
-614.357752
-527.810112
-444.429139
-362.110955
-280.652697
-201.266985
-122.095501
-44.766672
24.793034
-701.220776
-614.344280
-527.799303
-444.420565
-362.104288
-280.647620
-201.263151
-122.092630
-44.764444
28.847044
-701.204326
-614.330810
-527.788495
-444.411992
-362.097621
-280.642543
-201.259319
-122.089759
-44.191597
29.849991
-701.187877
-614.317340
-527.777687
-444.403419
-362.090954
-280.637466
-201.255486
-122.086889
-44.189383
30.848178
-701.171429
-614.303871
-527.766880
-444.394847
-362.084288
-280.632390
-201.251653
-122.084018
-44.187169
31.346435
-701.154982
-614.290403
-527.756074
-444.386275
-362.077622
-280.627314
-201.247821
-122.081148
-44.184955
31.843504
-701.138536
-614.276936
-527.745268
-444.377704
-362.070956
-280.622238
-201.243989
-122.078278
-44.182741
31.845371
101.661398
-701.122091
-614.263469
-527.734463
-444.369133
-362.064291
-280.617162
-201.240157
-122.075407
-44.180527
32.341245
103.790665
-701.105647
-614.250004
-527.723658
-444.360563
-362.057626
-280.612087
-201.236325
-122.072537
-44.178313
32.343101
105.893970
-701.089204
-614.236539
-527.712855
-444.351993
-362.050962
-280.607011
-201.232493
-122.069668
-44.176099
32.837784
106.729212
-701.072763
-614.223076
-527.702051
-444.343423
-362.044298
-280.601936
-201.228662
-122.066798
-44.173886
32.839629
107.146202
-701.056323
-614.209613
-527.691249
-444.334855
-362.037634
-280.596862
-201.224830
-122.063928
-44.171672
32.841474
107.562171
-701.039883
-614.196151
-527.680447
-444.326286
-362.030970
-280.591787
-201.220999
-122.061059
-44.169459
32.843319
107.977120
-701.023445
-614.182689
-527.669646
-444.317718
-362.024307
-280.586713
-201.217168
-122.058189
-44.167246
32.845164
107.978898
-701.007008
-614.169229
-527.658845
-444.309151
-362.017645
-280.581639
-201.213338
-122.055320
-44.165032
32.847009
108.392824
178.692403
-700.990572
-614.155770
-527.648045
-444.300584
-362.010982
-280.576565
-201.209507
-122.052451
-44.162819
32.848854
108.394593
180.373691
-700.974138
-614.142311
-527.637246
-444.292017
-362.004320
-280.571492
-201.205677
-122.049582
-44.160606
32.850699
108.396362
181.703967
-700.957704
-614.128853
-527.626448
-444.283451
-361.997659
-280.566419
-201.201846
-122.046713
-44.158393
32.359803
108.398131
182.365110
-700.941271
-614.115397
-527.615650
-444.274886
-361.990997
-280.561346
-201.198016
-122.043844
-44.156180
32.361658
108.399900
182.695427
-700.924840
-614.101941
-527.604852
-444.266321
-361.984336
-280.556273
-201.194186
-122.040976
-44.153968
32.363514
108.401669
183.024915
-700.908410
-614.088486
-527.594056
-444.257756
-361.977676
-280.551201
-201.190357
-122.038107
-44.151755
32.365369
108.403438
183.353575
-700.891980
-614.075031
-527.583260
-444.249192
-361.971015
-280.546128
-201.186527
-122.035239
-44.149542
32.367224
108.405207
183.681411
-700.875552
-614.061578
-527.572464
-444.240629
-361.964356
-280.541056
-201.182698
-122.032370
-44.147330
32.369079
108.406975
183.683364
-700.859125
-614.048125
-527.561670
-444.232066
-361.957696
-280.535985
-201.178868
-122.029502
-44.145117
32.370934
108.408744
183.685317
-700.842700
-614.034674
-527.550876
-444.223503
-361.951037
-280.530913
-200.463987
-122.026634
-44.142905
32.372789
108.410513
183.687270
254.915143
-700.826275
-614.021223
-527.540082
-444.214941
-361.944378
-280.525842
-200.460178
-122.023766
-44.140693
32.374644
108.412281
183.689223
255.886595
-700.809851
-614.007773
-527.529290
-444.206380
-361.937720
-280.520771
-200.456370
-122.020899
-44.138480
32.376499
108.414050
183.691176
256.609244
-700.793429
-613.994324
-527.518498
-444.197819
-361.931061
-280.515700
-200.452562
-122.018031
-44.136268
32.378354
108.415819
183.693129
256.850512
-700.777007
-613.980876
-527.507706
-444.189258
-361.924404
-280.510630
-200.448754
-122.015163
-44.134056
32.380209
108.417587
183.695082
257.328763
-700.760587
-613.967428
-527.496915
-444.180698
-361.084198
-280.505560
-200.444946
-122.012296
-44.131844
32.382064
108.419355
183.697035
257.568177
-700.744168
-613.953982
-527.486125
-444.172138
-361.077570
-280.500490
-200.441139
-122.009429
-44.129632
32.876518
108.421124
183.698988
257.570592
-700.727750
-613.940536
-527.475336
-444.163579
-361.070942
-280.495420
-200.437331
-122.006561
-44.127421
32.878362
108.422892
183.700940
257.809385
-700.711333
-613.927092
-527.464547
-444.155020
-361.064314
-280.490351
-200.433524
-122.003694
-44.125209
32.880205
108.424660
183.702893
257.811794
-700.694917
-613.913648
-527.453759
-444.146462
-361.057687
-280.485282
-200.429717
-122.000827
-44.122997
32.882049
108.426428
183.704846
258.049967
329.659124
-700.678503
-613.900205
-527.442971
-444.137905
-361.051060
-280.480213
-200.425910
-121.997961
-44.120786
32.883892
108.428196
183.706798
258.052371
330.245798
-700.662089
-613.886763
-527.432185
-444.129347
-361.044434
-280.475144
-200.422103
-121.995094
-44.118574
32.885736
108.429964
183.708751
258.054774
330.538392
-700.645676
-613.873321
-527.421398
-444.120791
-361.037807
-280.470076
-200.418297
-121.992227
-44.116363
32.887579
108.431732
183.710703
258.057177
330.685682
-700.629265
-613.859881
-527.410613
-444.112234
-361.031182
-280.465007
-200.414490
-121.989361
-44.114152
32.889423
108.433500
184.037613
258.059580
330.975966
-700.612855
-613.846441
-527.399828
-444.103679
-361.024556
-280.459939
-200.410684
-121.986494
-44.111941
32.891266
108.435268
184.039558
258.061983
331.122100
-700.596446
-613.833003
-527.389044
-444.095123
-361.017931
-280.454872
-200.406878
-121.983628
-44.109730
32.893109
108.437036
184.041503
258.064386
331.125224
-700.580038
-613.819565
-527.378260
-444.086569
-361.011306
-280.449804
-200.403072
-121.980762
-44.107519
32.894952
108.438804
184.043449
258.066789
331.270967
-700.563631
-613.806128
-527.367477
-444.078014
-361.004682
-280.444737
-200.399267
-121.977896
-44.105308
32.896795
108.440572
184.045394
258.069191
331.274085
-700.547225
-613.792692
-527.356695
-444.069460
-360.998058
-280.439670
-200.395461
-121.975030
-44.103097
32.898638
108.442339
184.047339
258.071594
331.419440
403.381409
-700.530820
-613.779256
-527.345913
-444.060907
-360.991434
-280.434604
-200.391656
-121.972165
-44.100886
32.900481
108.444107
184.049284
258.073997
331.422553
403.524429
-700.514417
-613.765822
-527.335132
-444.052354
-360.984811
-280.429537
-200.387851
-121.969299
-44.098675
32.902324
108.445874
184.051229
258.076400
331.425666
403.620501
-700.498014
-613.752388
-527.324352
-444.043802
-360.978188
-280.424471
-200.384046
-121.966433
-44.096465
32.904167
108.447642
184.053174
258.078802
331.428778
403.670389
-700.481613
-613.738956
-527.313572
-444.035250
-360.971565
-280.419405
-200.380241
-121.963568
-44.094254
32.906010
108.449409
184.055119
258.081205
331.431891
403.720143
-700.465213
-613.725524
-527.302793
-444.026699
-360.964943
-280.414339
-200.376436
-121.960703
-44.092044
32.907853
108.451177
184.057064
258.083607
331.435003
403.769763
-700.448814
-613.712093
-527.292015
-444.018148
-360.958321
-280.409274
-200.372632
-121.957838
-44.089834
32.909695
108.452944
184.059009
258.086009
331.438116
403.819250
-700.432416
-613.698663
-527.281237
-444.009597
-360.951699
-280.404209
-200.368828
-121.954973
-44.087623
32.911538
108.454711
184.060953
258.088412
331.441228
403.823324
-700.416019
-613.685234
-527.270460
-444.001047
-360.945078
-280.399144
-200.365024
-121.952108
-44.085413
32.913380
108.456478
184.062898
258.090814
331.444340
403.872672
475.862146
-700.399623
-613.671805
-527.259684
-443.992498
-360.938457
-280.394079
-200.361220
-121.949243
-44.083203
32.915223
108.458246
184.064843
258.093216
331.447452
403.876741
475.699687
-700.383229
-613.658378
-527.248908
-443.096757
-360.931836
-280.389015
-200.357416
-121.946378
-44.080993
32.917065
108.460013
184.066787
258.095618
331.450564
403.880809
475.593896
-700.366835
-613.644951
-527.238133
-443.088242
-360.925216
-280.383950
-200.353612
-121.943514
-44.078783
32.918908
108.461780
184.068732
258.098021
331.453676
403.884877
475.543870
-700.350443
-613.631525
-527.227358
-443.079727
-360.918596
-280.378887
-200.349809
-121.940649
-44.076574
32.920750
108.463547
184.070676
258.100423
331.456788
403.888945
475.493983
-700.334051
-613.618101
-527.216585
-443.071213
-360.911977
-280.373823
-200.346006
-121.296310
-44.074364
32.922592
108.465314
184.072621
258.102825
331.459900
403.893014
475.444232
-700.317661
-613.604676
-527.205811
-443.062699
-360.905358
-280.368759
-200.342203
-121.293463
-44.072154
32.924434
108.467080
184.074565
258.105226
331.463012
403.897082
475.394619
-700.301272
-613.591253
-527.195039
-443.054186
-360.898739
-280.363696
-200.338400
-121.290615
-44.069945
32.926276
108.468847
184.076510
258.107628
331.466124
403.901150
475.399901
-700.284884
-613.577831
-527.184267
-443.045673
-360.892120
-280.358633
-200.334597
-121.287768
-44.067735
32.928118
108.470614
184.078454
258.110030
331.469236
403.905217
475.350416
-700.268497
-613.564409
-527.173496
-443.037161
-360.885502
-280.353571
-200.330795
-121.284921
-44.065526
32.929960
108.472381
184.080398
258.112432
331.472347
403.909285
475.355691
-700.252111
-613.550989
-527.162725
-443.028649
-360.878884
-280.348508
-200.326992
-121.282074
-44.063317
32.931802
108.474147
184.082342
258.114834
331.475459
403.913353
475.360966
-700.235727
-613.537569
-527.151955
-443.020138
-360.872267
-280.343446
-200.323190
-121.279227
-44.061107
32.933644
108.475914
184.084286
258.117235
331.478571
403.917421
475.366241
-700.219343
-613.524150
-527.141186
-443.011627
-360.865650
-280.338384
-200.319388
-121.276380
-44.058898
32.935485
108.477680
184.086230
258.119637
331.481682
403.921488
475.371515
-700.202961
-613.510732
-527.130418
-443.003117
-360.859033
-280.333322
-200.315586
-121.273534
-44.056689
32.937327
108.479447
184.088174
258.122038
331.484793
403.925556
475.376790
-700.186579
-613.497315
-527.119650
-442.994607
-360.852417
-280.328261
-200.311785
-121.270687
-44.054480
32.939169
108.481213
184.090118
258.124440
331.487905
403.929624
475.382065
-700.170199
-613.483899
-527.108882
-442.986098
-360.845801
-280.323200
-200.307983
-121.267841
-44.052271
32.941010
108.482980
184.092062
258.126841
331.491016
403.933691
475.387339
-700.153820
-613.470483
-527.098116
-442.977589
-360.839185
-280.318139
-200.304182
-121.264994
-44.050063
32.942852
108.484746
184.094006
258.129242
331.494127
403.937758
475.392613
-700.137442
-613.457069
-527.087350
-442.969081
-360.832570
-279.540386
-200.300381
-121.262148
-44.047854
32.944693
108.486512
184.095950
258.131644
331.497238
403.941826
475.397888
-700.121065
-613.443655
-527.076584
-442.960573
-360.825955
-279.535350
-200.296580
-121.259302
-44.045645
32.946535
108.488279
184.097894
258.134045
331.500349
403.945893
475.403162
-700.104690
-613.430242
-527.065819
-442.952066
-360.819340
-279.530314
-200.292779
-121.256456
-43.475020
32.948376
108.490045
184.099837
258.371398
331.503460
403.949960
475.408436
-700.088315
-613.416830
-527.055055
-442.943559
-360.812726
-279.525279
-200.288978
-121.253611
-43.472826
32.950217
108.491811
184.101781
258.373794
331.506571
403.954027
475.413710
-700.071941
-613.403419
-527.044292
-442.935052
-360.806112
-279.520243
-200.285178
-121.250765
-43.470631
32.952058
108.493577
184.103724
258.376189
331.509682
403.958094
475.418984
-700.055569
-613.390009
-527.033529
-442.926546
-359.968843
-279.515208
-200.281378
-121.247919
-43.468436
32.953899
108.495343
184.105668
258.378584
331.512793
403.962161
475.424258
-700.039198
-613.376599
-527.022767
-442.918041
-359.962259
-279.510173
-200.277577
-121.245074
-43.466241
32.955740
108.497109
184.107611
258.380979
331.515904
403.966228
475.429532
-700.022827
-613.363191
-527.012006
-442.909536
-359.126728
-279.505139
-200.273778
-121.242229
-43.464047
32.957581
108.498875
184.109555
258.383374
331.519015
403.970295
475.434806
-700.006458
-613.349783
-527.001245
-442.901031
-358.292903
-279.500104
-200.269978
-121.239383
-43.461852
32.959422
108.500640
184.111498
258.385769
331.522125
403.974361
475.440080
-699.990090
-613.336376
-526.990485
-442.892527
-357.460777
-278.724189
-200.266178
-121.236538
-43.459658
32.961263
108.502406
184.113441
258.388163
331.525236
403.978428
475.445353
-699.973724
-613.322970
-526.979725
-442.884024
-355.808043
-278.719179
-200.262379
-121.233693
-43.457463
32.963104
108.504172
184.115385
258.390558
331.670019
403.982494
475.450627
-699.957358
-613.309565
-526.968966
-442.875521
-337.328929
-277.944923
-200.258580
-121.230849
-43.455269
32.964945
108.505938
184.117328
258.392953
331.673124
403.986561
475.455901
-699.940993
-613.296161
-526.958208
-442.867018
-335.755659
-277.172297
-200.254781
-121.228004
-43.453075
32.966785
108.507703
184.119271
258.395348
331.676229
403.990627
475.461174
-699.924630
-613.282757
-526.947451
-442.858516
-334.968462
-276.401296
-199.542583
-121.225159
-43.450881
32.968626
108.509469
184.121214
258.397742
331.679333
403.994694
475.466447
-699.908267
-613.269355
-526.936694
-442.850015
-334.182823
-274.869039
-199.538804
-121.222315
-43.448687
32.970466
108.511234
184.123157
258.400137
331.682438
403.998760
475.471721
-699.891906
-613.255953
-526.925937
-442.841513
-333.398739
-271.073218
-198.828176
-121.219470
-43.446493
32.972307
108.513000
184.125100
258.402531
331.685543
404.002826
475.476994
-699.875546
-613.242552
-526.915182
-442.833013
-332.616205
-258.463876
-198.119092
-121.216626
-43.444299
32.974147
108.514765
184.127043
258.404926
331.688647
404.006892
475.482267
-699.859186
-613.229152
-526.904427
-442.824513
-332.610539
-257.004824
-197.411547
-121.213782
-43.442105
32.975987
108.516530
184.128986
258.407320
331.691752
404.010958
475.487540
-699.842828
-613.215753
-526.893672
-442.816013
-331.829576
-255.551667
-196.705536
-121.210938
-43.439911
32.977828
108.928838
184.130929
258.409714
331.694856
404.015024
475.492813
-699.826472
-613.202355
-526.882919
-442.807514
-331.823935
-254.825150
-194.603934
-121.208094
-43.437718
32.979668
108.930595
184.132871
258.412108
331.697960
404.019090
475.498086
-699.810116
-613.188957
-526.872166
-442.799015
-331.818294
-254.820871
-189.070597
-121.205250
-43.435524
32.981508
108.932351
184.134814
258.414503
331.701065
404.023156
475.503359
-699.793761
-613.175561
-526.861413
-442.790517
-331.812654
-254.095857
-183.629609
-121.202407
-43.433331
32.983348
108.934108
184.136757
258.416897
331.704169
404.027222
475.508632
-699.777408
-613.162165
-526.850662
-442.782019
-331.807014
-254.091601
-180.273650
-121.199563
-43.999284
32.985188
108.935864
184.138699
258.419291
331.707273
404.031288
475.459077
-699.761055
-613.148770
-526.839911
-442.773522
-331.801374
-253.368086
-178.939090
-121.196720
-43.997077
32.987028
108.937621
184.140642
258.421685
331.710377
404.035353
475.464342
-699.744704
-613.135376
-526.829160
-442.765025
-331.795735
-253.363851
-178.272305
-44.564284
32.988868
108.939377
184.142584
258.424079
331.713481
404.039419
475.469608
-699.728354
-613.121983
-526.818410
-442.756529
-331.790096
-253.359617
-177.606923
-112.364956
-45.132761
32.990708
108.941133
184.144527
258.426473
331.716585
404.043484
475.474874
-699.712004
-613.108591
-526.807661
-442.748033
-331.784457
-253.355383
-176.942940
-105.007867
-45.702512
32.500628
108.942890
184.146469
258.428866
331.719689
404.047550
475.480139
-699.695656
-613.095200
-526.796913
-442.739538
-331.778819
-253.351148
-176.280353
-103.196289
-46.848131
32.502479
108.944646
184.148411
258.431260
331.722793
404.051615
475.485405
-699.679309
-613.081809
-526.786165
-442.731043
-331.773180
-253.346915
-176.277221
-101.994255
-59.222844
32.011278
108.946402
184.150354
258.433654
331.725897
404.055680
475.490670
-699.662964
-613.068420
-526.775418
-442.722548
-331.767542
-253.342681
-175.616042
-101.394002
-29.622111
31.518940
108.948158
184.152296
258.436048
331.729001
404.059746
475.495936
-699.646619
-613.055031
-526.764671
-442.714054
-331.761905
-253.338448
-175.612928
-100.795050
-27.483647
30.528944
108.539474
184.154238
258.438441
331.732104
404.063811
475.501201
-699.630275
-613.041643
-526.753925
-442.705561
-331.756267
-253.334214
-175.609814
-100.197392
-26.420580
22.940441
108.541239
184.156180
258.440835
331.735208
404.067876
475.506466
-699.613933
-613.028256
-526.743180
-442.697068
-331.750630
-253.329981
-175.606701
-100.195079
-25.889913
21.909807
108.131590
184.158122
258.443228
331.738311
404.071941
475.511732
-699.597591
-612.033706
-526.732435
-442.688576
-331.744994
-253.325748
-175.603587
-99.598728
-25.360427
43.542021
107.720964
184.160064
258.445622
331.741415
404.076006
475.516997
-699.581251
-612.020364
-526.721691
-442.680084
-331.739357
-253.321516
-175.600474
-99.596429
-24.832119
47.245083
106.894968
184.162006
258.448015
331.744518
404.080071
475.522262
-699.564912
-612.007023
-526.710948
-442.671592
-331.733721
-253.317283
-175.597360
-99.594130
-24.304984
48.161523
102.271423
183.839443
258.450408
331.747622
404.084135
475.527527
-699.548574
-611.993683
-526.700206
-442.663101
-331.728085
-253.313051
-175.594247
-98.999095
-24.303230
48.618936
101.418912
183.516089
258.452802
331.750725
404.088200
475.532791
-699.532237
-611.980343
-526.689464
-442.654611
-331.722449
-253.308819
-175.591134
-98.996811
-23.777276
49.075304
183.191941
258.455195
331.753828
404.092265
475.538056
-699.515901
-611.967005
-526.678722
-442.646121
-331.716814
-253.304587
-175.588022
-98.994527
-23.775534
49.530631
120.449371
182.866997
258.457588
331.756931
404.096329
475.543321
-699.499566
-611.953667
-526.667981
-442.637631
-331.711179
-253.300356
-175.584909
-98.992243
-23.773792
49.532119
121.214474
179.889890
258.459981
331.760034
404.100394
475.548586
-699.483233
-611.940330
-526.657241
-442.629142
-331.705544
-253.296124
-175.581797
-98.989959
-23.772049
49.986398
121.596436
179.220746
258.462374
331.763137
404.104458
475.553850
-699.466900
-611.926994
-526.646502
-442.620653
-331.699910
-253.291893
-175.578684
-98.987676
-23.770307
49.987877
121.977502
178.548240
258.464767
331.766240
404.108523
475.559115
-699.450569
-611.913658
-526.635763
-442.612165
-331.694275
-253.287662
-175.575572
-98.985392
-23.768565
49.989356
122.357675
258.467160
331.769343
404.112587
475.564379
-699.434239
-611.900324
-526.625025
-442.603678
-331.688641
-253.283431
-175.572460
-98.983109
-23.766823
49.990835
122.736958
193.553197
258.469553
331.772446
404.116651
475.569643
-699.417909
-611.886991
-526.614288
-442.595190
-331.683008
-253.279201
-175.569348
-98.980825
-23.765081
49.992314
122.738434
194.156058
258.471945
331.775549
404.120715
475.574908
-699.401581
-611.873658
-526.603551
-442.586704
-331.677375
-253.274970
-175.566236
-98.978542
-23.763339
49.993793
123.116823
194.457271
258.239640
331.778651
404.124779
475.580172
-699.385254
-611.860326
-526.592815
-442.578218
-331.671741
-253.270740
-175.563124
-98.976259
-23.761598
49.995272
123.118291
194.757762
258.242039
331.781754
404.128843
475.585436
-699.368928
-611.846995
-526.582079
-442.569732
-331.666109
-253.266510
-175.560013
-98.973975
-23.759856
49.996751
123.119760
195.057532
257.773272
331.784856
404.132907
475.590700
-699.352604
-611.833665
-526.571344
-442.561247
-331.660476
-253.262280
-175.556901
-98.971692
-23.758114
49.998230
123.121229
195.356585
331.787959
404.136971
475.595964
-699.336280
-611.820336
-526.560610
-442.552762
-331.654844
-253.258050
-175.553790
-98.969409
-23.756373
50.451400
123.122697
195.358294
331.791061
404.141035
475.601228
-699.319957
-611.807007
-526.549876
-442.544277
-331.649212
-253.253821
-175.550679
-98.967126
-23.754631
50.452870
123.124166
195.656625
331.794164
404.145099
475.606492
-699.303636
-611.793680
-525.605511
-442.535794
-331.643581
-253.249592
-175.547568
-98.964844
-23.752890
50.454339
123.125634
195.658328
331.797266
404.149162
475.611756
-699.287315
-611.780353
-525.594817
-442.527310
-331.637949
-253.245363
-175.544457
-98.962561
-23.751148
50.455808
123.127103
195.660031
331.800368
404.153226
475.617019
-699.270996
-611.767027
-525.584123
-442.518828
-331.632318
-253.241134
-175.541346
-98.960278
-23.749407
50.457277
123.128571
195.661734
331.803470
404.157290
475.622283
-699.254678
-611.753702
-525.573430
-442.510345
-331.626687
-253.236905
-175.538236
-98.957996
-23.747666
50.458747
123.130039
195.663436
331.806572
404.161353
475.627546
-699.238361
-611.740378
-525.562738
-442.501863
-331.621057
-252.515529
-175.535125
-98.955714
-23.745924
50.460216
123.131508
195.665139
331.809674
404.165416
475.632810
-699.222045
-611.727054
-525.552046
-442.493382
-331.615427
-252.511322
-175.532015
-98.953431
-23.744183
50.461685
123.132976
195.666842
331.812776
404.169480
475.638073
-699.205730
-611.713732
-525.541355
-442.484901
-331.609797
-252.507115
-175.528905
-98.951149
-23.742442
50.463154
123.134444
195.668544
331.815878
404.173543
475.643337
-699.189416
-611.700410
-525.530665
-442.476420
-331.604167
-252.502909
-175.525795
-98.948867
-23.740701
50.464623
123.135912
195.670247
331.818980
404.177606
475.648600
-699.173104
-611.687090
-525.519975
-442.467941
-331.598538
-252.498702
-175.522685
-98.946585
-23.738960
50.466092
123.137380
195.671949
331.822082
404.181669
475.653863
-699.156792
-611.673770
-525.509286
-441.576461
-331.592909
-252.494496
-175.519575
-98.944303
-23.737219
50.467561
123.138848
195.673652
331.825184
404.230439
475.659126
-699.140482
-611.660451
-525.498597
-441.568015
-331.587280
-252.490290
-175.516465
-98.942021
-23.735479
50.469030
123.140316
195.675354
331.828285
404.234496
475.664389
-699.124173
-611.647132
-525.487910
-441.559570
-331.581652
-252.486085
-175.513356
-98.939739
-23.733738
50.470498
123.141784
195.677056
331.831387
404.238553
475.669652
-699.107864
-611.633815
-525.477222
-441.551125
-332.350184
-252.481879
-175.510246
-98.937458
-23.731997
50.471967
123.143252
195.678759
331.834488
404.242610
475.674915
-699.091557
-611.620499
-525.466536
-441.542680
-332.344531
-252.477674
-175.507137
-98.935176
-23.730257
50.473436
123.144720
195.680461
331.837590
404.246667
475.680178
-699.075251
-611.607183
-525.455850
-441.534236
-333.114478
-252.473468
-175.504028
-98.932895
-23.728516
50.474904
123.146188
195.682163
331.840691
404.250724
475.685440
-699.058946
-611.593868
-525.445165
-441.525793
-333.885869
-252.469264
-175.500919
-98.930613
-23.726775
50.476373
123.147656
195.683865
331.984789
404.254780
475.690703
-699.042643
-611.580554
-525.434480
-441.517350
-334.658709
-251.749588
-175.497810
-98.928332
-23.725035
50.477842
123.149124
195.685567
331.987885
404.258837
475.695966
-699.026340
-611.567241
-525.423796
-441.508907
-336.214528
-251.745405
-175.494702
-98.926051
-23.723295
50.479310
123.150592
195.687269
331.990980
404.262894
475.701228
-699.010038
-611.553929
-525.413113
-441.500465
-336.991762
-251.027211
-175.491593
-98.923769
-23.721554
50.480779
123.527926
195.688971
331.994076
404.266950
475.706491
-698.993738
-611.540617
-525.402430
-441.492023
-309.720393
-250.310474
-174.832511
-98.921488
-23.719814
50.482247
123.529387
195.690673
331.997171
404.271007
475.711753
-698.977438
-611.527307
-525.391748
-441.483582
-307.525981
-249.595188
-174.829420
-98.919208
-23.718074
50.483715
123.530847
195.692375
332.000267
404.275063
475.717015
-698.961140
-611.513997
-525.381067
-441.475142
-306.794031
-248.173033
-174.171735
-98.916927
-23.716334
50.485184
123.532307
195.694077
332.003362
404.279120
475.667260
-698.944843
-611.500688
-525.370386
-441.466701
-306.063480
-234.972099
-173.515425
-98.323696
-23.714594
50.035182
123.157929
195.695779
332.006458
404.283176
475.672515
-698.928547
-611.487380
-525.359706
-441.458262
-305.334322
-232.929033
-172.860484
-98.321429
-23.712854
50.036659
123.159397
195.697481
332.009553
404.287232
475.677771
-698.912252
-611.474073
-525.349026
-441.449822
-305.329527
-231.572408
-172.206910
-97.729490
-24.234872
49.585670
123.160864
195.699182
332.012648
404.291288
475.683026
-698.895958
-611.460767
-525.338347
-441.441384
-304.601782
-230.894289
-170.906829
-97.138822
-24.233121
49.133682
122.785648
195.700884
332.015743
404.295344
475.688281
-698.879665
-611.447461
-525.327669
-441.432945
-304.597010
-230.217506
-161.342102
-96.549423
-24.756249
48.680692
122.409576
195.702586
332.018838
404.299400
475.693536
-698.863373
-611.434157
-525.316992
-441.424508
-304.592238
-229.542055
-157.594889
-95.376609
-25.280501
47.770165
122.032645
195.704287
332.021933
404.303456
475.698791
-698.847083
-611.420853
-525.306315
-441.416070
-304.587467
-229.538512
-156.354064
-89.594668
-26.334192
61.460895
121.274689
195.705989
332.025028
404.307512
475.704046
-698.830793
-611.407550
-525.295639
-441.407633
-304.582696
-228.864409
-155.734227
-83.372364
-8.996395
62.313592
119.746712
195.707690
332.028123
404.311568
475.709301
-698.814505
-611.394248
-525.284963
-441.399197
-304.577925
-228.860885
-155.115648
-82.254616
-8.503933
62.739153
132.666438
195.709392
332.031218
404.315624
475.714555
-698.798218
-611.380947
-525.274288
-441.390761
-304.573154
-228.857362
-154.498323
-81.696542
-8.012526
63.163775
133.375380
195.711093
332.034313
404.319679
475.719810
-698.781932
-611.367647
-525.263614
-441.382326
-304.568383
-228.184621
-153.882249
-81.139633
-7.522171
63.587463
133.729289
195.712795
332.037408
404.323735
475.725065
-698.765647
-611.354347
-525.252940
-441.373891
-304.563613
-228.181117
-153.879706
-80.583885
-7.520780
64.010219
134.082399
195.714496
332.040502
404.327790
475.730319
-698.749363
-611.341049
-525.242267
-441.365456
-304.558843
-228.177612
-153.264894
-80.582039
-7.031485
64.011418
134.434712
195.716197
332.043597
404.331846
475.735574
-698.733080
-611.327751
-525.231595
-441.357022
-304.554073
-228.174108
-153.262367
-80.027462
-7.030104
64.433238
134.435965
195.717898
332.046691
404.335901
475.740828
-698.716798
-611.314454
-525.220923
-441.348589
-304.549304
-228.170604
-153.259840
-80.025628
-7.028723
64.434429
134.787478
195.719600
332.049786
404.339957
475.746083
-698.700517
-611.301158
-525.210252
-441.340156
-304.544534
-228.167101
-153.257313
-80.023795
-7.027342
64.435620
134.788724
195.721301
332.052880
404.344012
475.751337
-698.684238
-611.287862
-525.199581
-441.331723
-304.539765
-228.163597
-153.254786
-80.021961
-7.025961
64.436811
134.789969
195.723002
332.055975
404.348067
475.756591
-698.667959
-611.274568
-525.188911
-441.323291
-304.534997
-228.160094
-153.252259
-80.020128
-7.024580
64.438002
134.791215
195.724703
332.059069
404.352122
475.761845
-698.651682
-611.261275
-525.178242
-441.314859
-304.530228
-228.156591
-153.249732
-80.018295
-7.023200
64.439193
134.792460
196.022082
332.062163
404.356177
475.767099
-698.635406
-611.247982
-525.167574
-441.306428
-304.525460
-228.153088
-153.247206
-80.016462
-7.021819
64.440384
134.793706
196.023777
332.065257
404.360232
475.772353
-698.619131
-611.234690
-525.156906
-441.297998
-304.520691
-228.149585
-153.244679
-80.014629
-7.020438
64.441574
134.794952
196.025472
332.068351
404.364287
475.777607
-698.602856
-611.221399
-525.146238
-441.289567
-304.515924
-228.146082
-153.242153
-80.012796
-7.019058
64.442765
134.796197
196.027167
332.071445
404.412733
475.782861
-698.586583
-611.208109
-525.135572
-441.281138
-304.511156
-228.142579
-153.239626
-80.010963
-7.017677
64.443956
134.797442
196.028861
332.074539
404.416782
475.788115
-698.570312
-611.194820
-525.124906
-441.272708
-304.506388
-228.139077
-153.237100
-80.009130
-7.016297
64.445147
134.798688
196.030556
332.077633
404.420831
475.793368
-698.554041
-611.181531
-525.114240
-441.264280
-304.501621
-228.135575
-153.234574
-80.007297
-7.014916
64.446337
134.799933
196.032251
332.080727
404.424880
475.798622
-698.537771
-611.168243
-525.103576
-441.255851
-304.496854
-228.132073
-153.232048
-80.005464
-7.013536
64.447528
134.801179
196.033946
332.083821
404.428928
475.803875
-698.521503
-611.154957
-525.092912
-441.247423
-304.492087
-228.128571
-153.229522
-80.003632
-7.012155
64.448719
134.802424
196.035640
332.086914
404.432977
475.809129
-698.505235
-611.141671
-525.082248
-441.238996
-304.487321
-228.125069
-153.226996
-80.001799
-7.010775
64.449909
134.803669
196.037335
332.090008
404.437026
475.814382
-698.488969
-611.128386
-525.071585
-441.230569
-304.482555
-228.121567
-153.224471
-79.999967
-7.009395
64.451100
134.804914
196.039030
332.093101
404.441074
475.819635
-698.472704
-611.115102
-525.060923
-441.222143
-304.477789
-228.118066
-153.221945
-79.446735
-7.008014
64.452290
134.806160
196.040724
332.096195
404.445123
475.824889
-698.456439
-611.101818
-525.050262
-441.213717
-304.473023
-228.114565
-153.219420
-79.444915
-7.006634
64.453481
134.807405
196.042419
332.099288
404.449171
475.830142
-698.440176
-611.088536
-525.039601
-441.205292
-304.468257
-228.111063
-153.216894
-79.443095
-7.005254
64.454671
134.808650
196.044113
332.102382
404.453220
475.835395
-698.423914
-611.075254
-525.028941
-441.196867
-303.742526
-228.107563
-153.214369
-79.441276
-7.003874
64.455861
134.809895
196.045808
332.105475
404.457268
475.840648
-698.407654
-611.061973
-525.018281
-441.188442
-303.737783
-228.104062
-153.211844
-79.439456
-7.002494
64.457052
134.811140
196.047502
332.108568
404.461316
475.845901
-698.391394
-611.048693
-525.007622
-441.180018
-303.733041
-228.100561
-153.209319
-79.437637
-7.001114
64.458242
134.812385
196.049196
332.111661
404.465364
475.851154
-698.375135
-611.035414
-524.996964
-441.171595
-303.728298
-228.097061
-153.206794
-79.435818
-6.999734
64.459432
134.813630
196.050891
332.114754
404.469412
475.856406
-698.358878
-611.022136
-524.986306
-441.163172
-303.723556
-228.093560
-153.204269
-79.433998
-6.998354
64.460622
134.814875
196.052585
332.258243
404.473460
475.861659
-698.342621
-611.008858
-524.975649
-441.154749
-303.718814
-228.090060
-153.201745
-79.432179
-6.996974
64.461813
134.816120
196.054279
332.261330
404.477508
475.866912
-698.326366
-610.995582
-524.964993
-441.146327
-303.714072
-228.086560
-153.199220
-79.430360
-6.995594
64.463003
134.817365
196.055973
332.264417
404.481556
475.872164
-698.310111
-610.982306
-524.954337
-441.137905
-303.709331
-227.415667
-153.196696
-79.428541
-6.994215
64.464193
134.818610
196.057667
332.267505
404.485604
475.877417
-698.293858
-610.969031
-524.943682
-441.129484
-303.704590
-227.412186
-153.194171
-79.426722
-6.992835
64.465383
134.819854
196.059361
332.270592
404.489651
475.827524
-698.277606
-610.955757
-524.933028
-441.121063
-303.699848
-227.408705
-153.191647
-79.424903
-6.991455
64.466573
134.821099
196.061055
332.273679
404.493699
475.832770
-698.261355
-610.942484
-524.922374
-441.112643
-303.695108
-226.739163
-153.189123
-79.423084
-6.990076
64.467763
134.822344
196.062749
332.276767
404.497746
475.838015
-698.245105
-610.929212
-524.911721
-441.104223
-303.690367
-226.735701
-153.186599
-79.421265
-6.988696
64.468953
134.823589
196.064443
332.279854
404.501794
475.843261
-698.228857
-610.915940
-524.901068
-441.095804
-303.685627
-226.067489
-153.184075
-79.419447
-6.987317
64.470143
134.824833
196.066137
332.282941
404.505841
475.848506
-698.212609
-610.902670
-524.890416
-441.087385
-303.680887
-225.400584
-153.181551
-79.417628
-6.985937
64.471333
134.826078
196.067831
332.286028
404.509889
475.853752
-698.196362
-610.889400
-524.879765
-441.078967
-303.676147
-224.734982
-153.179027
-79.415809
-6.984558
64.472522
134.827323
196.069525
332.289115
404.513936
475.858997
-698.180117
-610.876131
-524.869114
-441.070549
-303.671407
-223.411040
-153.788230
-79.413991
-6.983179
64.473712
134.828567
196.071218
332.292201
404.517983
475.864242
-698.163872
-610.862863
-524.858464
-441.062132
-303.666668
-215.589097
-154.398614
-79.412173
-6.981799
64.474902
134.829812
196.072912
332.295288
404.522030
475.869487
-698.147629
-610.849595
-524.847815
-441.053715
-303.661929
-212.380182
-155.010185
-79.410354
-6.980420
64.476092
134.831056
196.074606
332.298375
404.526077
475.874732
-698.131387
-610.836329
-524.837166
-441.045299
-303.657190
-206.055036
-155.622944
-79.959670
-6.979041
64.477281
134.832300
196.076299
332.301462
404.530124
475.879977
-698.115146
-610.823063
-524.826518
-441.036883
-303.652451
-204.801813
-173.359779
-79.957839
-7.465169
64.478471
134.833545
196.077993
332.304548
404.534171
475.885222
-698.098906
-610.809799
-524.815871
-441.028467
-303.647713
-204.175538
-146.514793
-80.508244
-7.463779
64.479661
134.834789
196.079686
332.307635
404.538218
475.890467
-698.082667
-610.796535
-524.805224
-441.020052
-303.642974
-203.550448
-135.359045
-81.059754
-7.950904
64.480850
134.836034
196.081380
332.310721
404.542265
475.895711
-698.066429
-610.783272
-524.794578
-441.011638
-303.638236
-202.926542
-133.633070
-82.167984
-8.439038
64.061752
134.837278
196.083073
332.313808
404.546312
475.900956
-698.050192
-610.770010
-524.783932
-441.003224
-303.633499
-202.923725
-133.058612
-71.800857
-9.419778
63.641759
134.838522
196.084767
332.316894
404.550358
475.906200
-698.033957
-610.756748
-524.773288
-440.994810
-303.628761
-202.301014
-132.485276
-62.855428
-17.937090
63.220868
134.839766
196.086460
332.319980
404.554405
475.911445
-698.017722
-610.743488
-524.762643
-440.986397
-303.624024
-202.298215
-131.913059
-61.821524
7.192124
62.375153
134.841011
196.088153
332.323066
404.558451
475.916689
-698.001489
-610.730228
-524.752000
-440.977984
-303.619287
-202.295415
-131.341958
-61.305408
8.106580
76.290916
134.842255
196.089847
332.326152
404.562498
475.921934
-696.969415
-610.716969
-524.741357
-440.969572
-303.614550
-202.292616
-131.339972
-60.790328
8.562936
77.079546
135.192691
196.091540
332.329239
404.566544
475.927178
-696.953232
-610.703711
-524.730715
-440.961161
-303.609813
-202.289817
-130.769997
-60.276282
9.018349
77.473089
135.193928
195.797805
332.332325
404.570590
475.932422
-696.937050
-610.690454
-524.720073
-440.952750
-303.605077
-202.287017
-130.768024
-60.274889
9.472824
77.865797
135.195166
332.335410
404.574637
475.937666
-696.920869
-610.677198
-524.709432
-440.944339
-303.600341
-202.284218
-130.766051
-59.761883
9.473870
78.257675
135.196404
332.338496
404.578683
475.942910
-696.904689
-610.663943
-524.698792
-440.935929
-303.595605
-202.281419
-130.764079
-59.760501
9.927400
78.258607
135.197641
332.341582
404.582729
475.948154
-696.888510
-610.650688
-524.688152
-440.927519
-303.590869
-202.278621
-130.762106
-59.759119
9.928438
78.649649
135.198879
332.344668
404.630801
475.953398
-696.872332
-610.637434
-524.677513
-440.919110
-303.586134
-202.275822
-130.760133
-59.757738
9.929475
78.650573
135.200116
332.347754
404.634841
475.958642
-696.856156
-610.624182
-524.666874
-440.910701
-303.581399
-202.273023
-130.758161
-59.756356
9.930513
78.651498
135.201353
332.350839
404.638881
475.963886
-696.839980
-610.610930
-524.656236
-440.902292
-303.576664
-202.270225
-130.756188
-59.754974
9.931551
78.652423
135.202591
332.353925
404.642921
475.969129
-696.823806
-610.597678
-524.645599
-440.893884
-303.571929
-202.267427
-130.754216
-59.753593
9.932588
78.653348
135.203828
332.357010
404.646961
475.974373
-696.807632
-610.584428
-524.634963
-440.885477
-303.567195
-202.264629
-130.752243
-59.752211
9.933626
78.654273
135.205065
332.360096
404.651001
475.979617
-697.806773
-610.571179
-524.624327
-440.877070
-303.562460
-202.261831
-130.750271
-59.750830
9.934663
78.655198
135.206303
332.363181
404.655041
475.984860
-697.790554
-610.557930
-524.613692
-440.868664
-303.557726
-202.259033
-130.748299
-59.749448
9.935701
78.656122
135.207540
332.366266
404.659081
475.990103
-697.774336
-610.544682
-524.603057
-440.860258
-303.552992
-202.256235
-130.746327
-59.748067
9.936738
78.657047
135.208777
332.369352
404.663121
475.995347
-697.758119
-610.531435
-524.592423
-440.851852
-303.548259
-202.253437
-130.744355
-59.746685
9.937775
78.657972
135.210014
332.372437
404.667160
476.000590
-697.741903
-610.518189
-524.581790
-440.843447
-303.543526
-202.250640
-130.742383
-59.745304
9.938813
78.658896
135.211251
332.375522
404.671200
475.950609
-697.725688
-610.504944
-524.571157
-440.835043
-303.538792
-202.247842
-130.740411
-59.743923
9.939850
78.659821
135.212489
332.378607
404.675239
475.955845
-697.709475
-610.491699
-524.560525
-440.826639
-303.534060
-202.245045
-130.738439
-59.742542
9.940887
78.660746
135.213726
332.381692
404.679279
475.961082
-697.693262
-610.478456
-524.549893
-440.818235
-303.529327
-202.242248
-130.736468
-59.741161
9.941924
78.661670
135.214963
332.384777
404.683318
475.966318
-697.677050
-610.465213
-524.539263
-440.809832
-303.524595
-202.239451
-130.734496
-59.739779
9.942962
78.662595
135.216200
332.387862
404.687357
475.971554
-697.660840
-610.451971
-524.528632
-440.801429
-303.519862
-202.236654
-130.732525
-59.738398
9.943999
78.663519
135.217437
332.390946
404.691396
475.976790
-697.644631
-610.438730
-524.518003
-440.793027
-303.515131
-202.233857
-130.730553
-59.737017
9.945036
78.664444
135.218673
332.394031
404.695436
475.982026
-697.628422
-610.425490
-524.507374
-440.784625
-303.510399
-202.231060
-130.728582
-59.735637
9.946073
78.665368
135.219910
332.397116
404.699475
475.987262
-697.612215
-610.412250
-524.496746
-440.776224
-303.505667
-202.228264
-130.726611
-59.734256
9.947110
78.666292
135.221147
332.539981
404.703514
475.992498
-697.596009
-610.399012
-524.486118
-440.767823
-303.500936
-202.225467
-130.724639
-59.732875
9.948147
78.667217
135.222384
332.543060
404.707553
475.997734
-697.579804
-610.385774
-524.475491
-440.759423
-303.496205
-202.222671
-130.722668
-59.731494
9.949184
78.668141
135.223621
332.546139
404.711591
476.002969
-697.563600
-610.372537
-524.464865
-440.751023
-303.491474
-202.219875
-130.720697
-59.730113
9.950221
78.669065
135.224857
332.549218
404.715630
476.008205
-697.547398
-610.359301
-524.454239
-440.742624
-303.486744
-202.217079
-130.718726
-59.728733
9.951258
78.669990
135.226094
332.552297
404.719669
476.013441
-697.531196
-610.346066
-524.443614
-440.734225
-303.482014
-202.214283
-130.716755
-59.727352
9.952294
78.670914
135.227331
332.555376
404.723708
476.018676
-697.514995
-610.332832
-524.432990
-440.725827
-303.477283
-202.211487
-130.714785
-59.725971
9.953331
78.671838
135.228567
332.558455
404.727746
476.023912
-697.498796
-610.319599
-524.422366
-440.717429
-303.472554
-202.208691
-130.712814
-59.724591
9.954368
78.672762
135.229804
332.561533
404.731785
476.029147
-697.482597
-610.306366
-524.411743
-440.709031
-303.467824
-202.205896
-130.710843
-59.723210
9.955405
78.673687
135.231040
332.564612
404.735823
476.034382
-697.466400
-610.293134
-524.401120
-440.700634
-303.463095
-202.203100
-130.708873
-59.721830
9.956442
79.063719
135.232277
332.567691
404.739861
476.039617
-697.450204
-610.279903
-524.390498
-440.692238
-303.458366
-202.200305
-130.706902
-59.720450
9.957478
79.064636
135.233513
332.570769
404.743900
476.044853
-697.434009
-610.266673
-524.379877
-440.683842
-303.453637
-202.197510
-130.704932
-59.719069
9.958515
79.065553
135.234750
332.573848
404.747938
476.050088
-697.417815
-610.253444
-524.369257
-440.675446
-303.448908
-202.194715
-130.702962
-59.717689
10.410846
79.066470
135.235986
332.576926
404.751976
476.055323
-697.401622
-610.240216
-524.358637
-440.667051
-303.444180
-202.191920
-130.700991
-59.716309
10.411874
79.067387
135.237223
332.580004
404.756014
476.060557
-697.385430
-610.226988
-524.348017
-440.658657
-303.439451
-202.189125
-130.699021
-59.714929
10.412902
79.068304
135.238459
332.583083
404.760052
476.065792
-697.369239
-610.213761
-524.337399
-440.650263
-302.716527
-202.186330
-130.697051
-59.203324
10.413929
79.069221
135.239695
332.586161
404.764090
476.071027
-697.353049
-610.200535
-524.326781
-440.641869
-302.711822
-202.183536
-130.695081
-59.201955
10.414957
79.070138
135.240932
332.589239
404.768128
476.076262
-697.336861
-610.187310
-524.316163
-440.633476
-302.707116
-202.180741
-130.693111
-59.200586
10.415985
79.071055
135.242168
332.592317
404.772166
476.081496
-697.320673
-610.174086
-524.305546
-440.625083
-302.702411
-202.177947
-130.124774
-59.199217
10.417012
79.071972
135.243404
332.595395
404.776203
476.086731
-697.304487
-610.160863
-524.294930
-439.739126
-302.697706
-202.175153
-130.122818
-59.197848
10.418040
79.072889
135.592788
332.598473
404.780241
476.091965
-697.288302
-610.147640
-524.284315
-439.730767
-302.693001
-202.172358
-130.120861
-59.196479
10.419067
79.073806
135.594018
332.601551
404.784279
476.097200
-697.272117
-610.134419
-524.273700
-439.722409
-302.688297
-202.169564
-130.118905
-59.195110
10.420095
79.074722
135.595247
332.604628
404.788316
476.102434
-697.255934
-610.121198
-524.263086
-439.714050
-302.683592
-202.166771
-130.116949
-59.193741
10.421122
79.075639
135.596477
332.607706
404.792354
476.107668
-697.239752
-610.107978
-524.252472
-439.705693
-302.678888
-202.163977
-130.114993
-59.192373
10.422150
79.076556
135.597707
332.610784
404.796391
476.112902
-697.223571
-610.094759
-524.241859
-439.697336
-302.674184
-202.161183
-130.679324
-59.191004
10.423177
79.077472
135.598936
332.613861
404.800428
476.118137
-697.207392
-610.081541
-524.231247
-439.688979
-302.669481
-202.158390
-130.677355
-59.189635
10.424204
79.078389
135.600166
332.616939
404.804466
476.123371
-697.191213
-610.068323
-524.220635
-439.680623
-302.664777
-202.155596
-131.242726
-59.698371
10.425232
79.079306
135.601395
332.620016
404.808503
476.128605
-697.175035
-610.055107
-524.210024
-439.672267
-302.660074
-202.771836
-131.809153
-59.696991
9.975096
79.080222
135.602625
332.623094
404.812540
476.133838
-697.158859
-610.041891
-524.199414
-439.663912
-302.655371
-203.389186
-132.376639
-60.206697
9.976132
79.081139
135.603854
332.626171
404.816577
476.139072
-697.142683
-610.028676
-524.188804
-439.655557
-302.650669
-204.007651
-133.516836
-60.717387
9.525109
79.082056
135.605083
332.629249
404.820614
476.144306
-697.126509
-610.015462
-524.178195
-439.647202
-302.645966
-205.250809
-120.638057
-61.743153
9.073187
79.082972
135.606313
332.632326
404.824651
476.149540
-697.110335
-610.002249
-524.167586
-439.638849
-302.641264
-182.336991
-112.001132
-43.851643
8.165565
79.083889
135.607542
332.635403
404.872317
476.154773
-697.094163
-609.989036
-524.156979
-439.630495
-302.636562
-180.592156
-110.938113
-42.892612
23.977547
79.084805
135.608771
332.638480
404.876348
476.160007
-697.077992
-609.975825
-524.146371
-439.622142
-302.631860
-180.011149
-110.407336
-42.413966
24.824040
79.085722
135.610000
332.641557
404.880379
476.165240
-697.061822
-609.962614
-524.135765
-439.613790
-302.627159
-179.431201
-109.877555
-41.936245
25.246409
79.086638
135.611230
332.644634
404.884409
476.170474
-697.045653
-609.949404
-524.125159
-439.605438
-302.622457
-178.852310
-109.348768
-41.459447
25.667940
79.087554
135.612459
332.647711
404.888440
476.175707
-697.029485
-609.936195
-524.114553
-439.597086
-302.617756
-178.850111
-109.347290
-41.458447
26.088635
79.088471
135.613688
332.650788
404.892471
476.180940
-697.013318
-609.922987
-524.103949
-439.588735
-302.613055
-178.272288
-108.819507
-40.982578
26.089366
79.089387
135.614917
332.653864
404.896502
476.186173
-696.997153
-609.909780
-524.093345
-439.580385
-302.608355
-178.270103
-108.818041
-40.981588
26.509220
79.090303
135.616146
332.656941
404.900532
476.191406
-696.980988
-609.896573
-524.082741
-439.572034
-302.603654
-178.267918
-108.816574
-40.980598
26.509943
79.091220
135.617375
332.660018
404.904563
476.196639
-696.964825
-609.883367
-524.072139
-439.563685
-302.598954
-178.265733
-108.815108
-40.979607
26.510667
79.092136
135.618604
332.663094
404.908593
476.201872
-696.948662
-609.870163
-524.061536
-439.555336
-302.594254
-178.263548
-108.813642
-40.978617
26.511391
79.093052
135.619833
332.666171
404.912624
476.207105
-696.932501
-609.856959
-524.050935
-439.546987
-302.589555
-178.261363
-108.812176
-40.977627
26.512115
79.093968
135.621062
332.669247
404.916654
476.212338
-696.916341
-608.871412
-524.040334
-439.538639
-302.584855
-178.259179
-108.810711
-40.976637
26.512838
79.094884
135.622291
332.672324
404.920684
476.217571
-696.900182
-608.858252
-524.029734
-439.530291
-302.580156
-178.256994
-108.809245
-40.975647
26.513562
79.095801
135.623520
332.814581
404.924714
476.167380
-696.884024
-608.845093
-524.019134
-439.521944
-302.575457
-177.680322
-108.807779
-40.974657
26.514286
79.096717
135.624749
332.817652
404.928744
476.172606
-696.867867
-608.831935
-524.008535
-439.513597
-302.570758
-177.678152
-108.806313
-40.973667
26.515009
79.097633
135.625977
332.820723
404.932774
476.177832
-696.851711
-608.818778
-523.997937
-439.505250
-302.566060
-177.675982
-108.804848
-40.498801
26.515733
79.098549
135.627206
332.823793
404.936804
476.183058
-696.835556
-608.805622
-523.987339
-439.496904
-302.561361
-177.673812
-108.803382
-40.497821
26.516457
79.099465
135.628435
332.826864
404.940834
476.188283
-696.819402
-608.792466
-523.976742
-439.488559
-302.556663
-177.671642
-108.801916
-40.496840
26.517180
79.488401
135.629663
332.829935
404.944864
476.193509
-696.803250
-608.779311
-523.966146
-439.480214
-302.551965
-177.669472
-108.800451
-40.495860
26.517904
79.489310
135.630892
332.833005
404.948894
476.198734
-696.787098
-608.766158
-523.955550
-439.471870
-302.547268
-177.667302
-108.798986
-40.494880
26.518627
79.490219
135.632121
332.836076
404.952924
476.203960
-696.770948
-608.753005
-523.944955
-439.463526
-302.542570
-177.665132
-108.797520
-40.493899
26.519351
79.491127
135.633349
332.839146
404.956953
476.209185
-696.754798
-608.739852
-523.934360
-439.455182
-302.537873
-177.662963
-108.796055
-40.492919
26.520074
79.492036
135.634578
332.842216
404.960983
476.214410
-696.738650
-608.726701
-523.923767
-439.446839
-302.533176
-177.660793
-108.794590
-40.491939
26.520798
79.492945
135.635806
332.845287
404.965012
476.219636
-696.722503
-608.713551
-523.913173
-439.438496
-302.528480
-177.658624
-108.793124
-40.490959
26.521521
79.493854
135.637035
332.848357
404.969042
476.224861
-696.706357
-608.700401
-523.902581
-439.430154
-302.523783
-177.656454
-108.791659
-40.489978
26.522244
79.494763
135.638263
332.851427
404.973071
476.230086
-696.690212
-608.687252
-523.891989
-439.421812
-302.519087
-177.654285
-108.790194
-40.488998
26.522968
79.495672
135.639491
332.854497
404.977100
476.235311
-696.674068
-608.674104
-523.881397
-439.413471
-302.514391
-177.652116
-108.788729
-40.488018
26.523691
79.496580
135.640720
332.857567
404.981129
476.240536
-696.657925
-608.660957
-523.870807
-439.405131
-302.509695
-177.649947
-108.787264
-40.487038
26.524414
79.497489
135.989070
332.860637
404.985159
476.245761
-696.641783
-608.647811
-523.860217
-439.396790
-302.505000
-177.647778
-108.785799
-40.486058
26.525138
79.498398
135.990291
332.863707
404.989188
476.250985
-696.625643
-609.606243
-523.849627
-439.388450
-302.500304
-177.645609
-108.784334
-40.485078
26.525861
79.499306
135.991513
332.866777
404.993217
476.256210
-696.609503
-609.593055
-523.839038
-439.380111
-302.495609
-177.643440
-108.782870
-40.484098
26.944708
79.500215
135.992735
332.869846
404.997246
476.261435
-696.593365
-609.579869
-523.828450
-439.371772
-302.490914
-177.641272
-108.781405
-40.483118
26.945423
79.501124
135.993957
332.872916
405.001274
476.266659
-696.577227
-609.566684
-523.817863
-439.363434
-302.486220
-177.639103
-108.779940
-40.482138
26.946139
79.502032
135.995179
332.875986
405.005303
476.271884
-696.561091
-609.553499
-523.807276
-439.355096
-302.481525
-177.636934
-108.778476
-40.481158
26.946854
79.502941
135.996400
332.879055
405.009332
476.277108
-696.544956
-609.540315
-523.796690
-439.346758
-302.476831
-177.634766
-108.777011
-40.480179
26.947570
79.503849
135.997622
332.882125
405.013361
476.282332
-696.528821
-609.527132
-523.786104
-439.338421
-302.472137
-177.632598
-108.775547
-40.479199
26.948285
79.504758
135.998844
332.885194
405.017389
476.287557
-696.512688
-609.513950
-523.775519
-439.330085
-302.467444
-177.630430
-108.774082
-40.478219
26.949001
79.505666
136.000065
332.888263
405.021418
476.292781
-696.496556
-609.500769
-523.764935
-439.321749
-302.462750
-177.628261
-108.772618
-40.477239
26.949716
79.506575
136.001287
332.891333
405.025446
476.298005
-696.480426
-609.487588
-523.754351
-439.313413
-302.458057
-177.626093
-108.771153
-40.476260
26.950432
79.507483
136.002508
332.894402
405.029474
476.303229
-696.464296
-608.503256
-523.743768
-439.305078
-302.453364
-177.623925
-108.244745
-40.475280
26.951147
79.508392
136.003730
332.897471
405.033503
476.308453
-696.448167
-608.490120
-523.733185
-439.296744
-302.448671
-177.621758
-108.243292
-40.474300
26.951863
79.509300
136.004951
332.900540
405.037531
476.313677
-696.432039
-608.476984
-523.722604
-439.288409
-302.443979
-177.619590
-108.241840
-40.473321
26.952578
79.510208
136.006173
332.903609
405.084833
476.318901
-696.415913
-608.463850
-523.712022
-439.280076
-302.439286
-177.617422
-108.240387
-40.472341
26.953293
79.511116
136.007394
332.906678
405.088856
476.324124
-696.399787
-608.450716
-523.701442
-439.271742
-301.719040
-177.615254
-108.238935
-40.471362
26.954009
79.512025
136.008615
332.909747
405.092878
476.329348
-696.383663
-608.437583
-522.765730
-439.263410
-301.714370
-177.613087
-108.237483
-40.470382
26.954724
79.512933
136.009837
332.912816
405.096900
476.334572
-696.367540
-608.424451
-522.755188
-439.255077
-301.709701
-177.610920
-108.236030
-40.469403
26.955439
79.513841
136.011058
332.915885
405.100923
476.339795
-696.351418
-608.411320
-522.744646
-439.246746
-301.705031
-177.608752
-108.234578
-40.468423
26.956155
79.514749
136.012279
332.918954
405.104945
476.345019
-696.335297
-608.398189
-522.734106
-439.238414
-301.700362
-177.606585
-108.233126
-40.467444
26.956870
79.515658
136.013501
332.922022
405.108967
476.350242
-696.319177
-608.385060
-522.723566
-439.230083
-301.695693
-177.604418
-108.231674
-40.466465
26.957585
79.516566
136.014722
332.925091
405.112989
476.355465
-696.303058
-608.371931
-522.713026
-439.221753
-301.691024
-177.602251
-108.230222
-40.465485
26.958300
79.517474
136.015943
332.928159
405.117010
476.360689
-696.286940
-608.358803
-522.702488
-439.213423
-301.686355
-177.600084
-108.228770
-40.464506
26.959015
79.518382
136.017164
332.931228
405.121032
476.310385
-696.270823
-608.345676
-522.691950
-439.205093
-301.681687
-177.597917
-108.227318
-40.463527
26.959730
79.519290
136.018385
332.934296
405.125054
476.315601
-696.254707
-608.332549
-522.681412
-439.196764
-301.677019
-177.595750
-108.225866
-40.462548
26.960446
79.520198
136.019606
332.937365
405.129076
476.320818
-696.238593
-608.319424
-522.670875
-439.188436
-301.672351
-177.593584
-108.224414
-40.461569
26.961161
79.521106
136.020827
332.940433
405.133097
476.326034
-696.222479
-608.306299
-522.660339
-439.180108
-301.667683
-177.591417
-108.222963
-40.460589
26.961876
79.522014
136.022048
332.943501
405.137119
476.331250
-696.206367
-608.293176
-522.649803
-439.171780
-301.663016
-177.589251
-108.221511
-40.459610
26.962591
79.909872
136.023269
332.946569
405.141140
476.336466
-696.190255
-608.280053
-522.639268
-439.163453
-301.658348
-177.587084
-108.220059
-40.458631
26.963306
79.910773
136.024490
332.949637
405.145162
476.341682
-696.174145
-608.266931
-522.628734
-439.155126
-301.653681
-177.584918
-108.218608
-40.457652
26.964021
79.911674
136.025711
333.091284
405.149183
476.346898
-696.158036
-608.253809
-522.618200
-439.146800
-301.649015
-177.582752
-108.217156
-40.456673
27.381834
79.912575
136.026932
333.094347
405.153204
476.352114
-696.141928
-608.240689
-522.607667
-439.138474
-301.644348
-177.580586
-108.740416
-40.929151
27.382541
79.913476
136.028152
333.097409
405.157226
476.357330
-696.125821
-608.227569
-522.597135
-439.130149
-301.639682
-177.578420
-108.738953
-40.928163
27.383249
79.914377
136.029373
333.100472
405.161247
476.362546
-696.109715
-608.214450
-522.586603
-439.121824
-301.635016
-177.576254
-109.263140
-41.401509
27.383956
79.915278
136.030594
333.103534
405.165268
476.367762
-696.093610
-608.201332
-522.576072
-439.113500
-301.630350
-177.574088
-109.788270
-41.875734
27.384663
79.916178
136.031815
333.106597
405.169289
476.372977
-696.077506
-608.188215
-522.565541
-439.105176
-301.625684
-176.999158
-110.842874
-42.827861
27.385371
79.917079
136.033035
333.109659
405.173310
476.378193
-696.061404
-608.175099
-522.555012
-439.096853
-301.621019
-176.997007
-90.924627
-26.206149
27.386078
79.917980
136.034256
333.112721
405.177331
476.383408
-696.045302
-608.161984
-522.544482
-439.088530
-301.616354
-176.994855
-89.939316
-24.869860
27.386785
79.918881
136.035476
333.115783
405.181351
476.388624
-696.029201
-608.148869
-522.533954
-439.080207
-301.611689
-176.992704
-89.447460
-23.982876
27.387492
79.919781
136.036697
333.118845
405.185372
476.393839
-696.013102
-608.135755
-522.523426
-439.071885
-301.607024
-176.990552
-88.956493
-23.540286
27.388200
79.920682
136.037917
333.121907
405.189393
476.399054
-695.997004
-608.122642
-522.512898
-439.063564
-301.602360
-176.988401
-88.466412
-23.098518
27.388907
79.921583
136.039138
333.124969
405.193413
476.404269
-695.980906
-608.109530
-522.502371
-439.055242
-301.597695
-176.986250
-87.977216
-22.657570
27.389614
79.922483
136.040358
333.128031
405.197434
476.409485
-695.964810
-608.096419
-522.491845
-439.046922
-301.593031
-176.984099
-87.976200
-22.656936
27.390321
79.923384
136.041579
333.131093
405.201454
476.414700
-695.948715
-608.083308
-522.481320
-439.038602
-301.588368
-176.981948
-87.487896
-22.216815
27.391028
79.924284
136.042799
333.134155
405.205474
476.419915
-695.932621
-608.070199
-522.470795
-439.030282
-301.583704
-176.979797
-87.486889
-22.216190
27.391735
79.925185
136.390088
333.137216
405.209495
476.425129
-695.916528
-608.057090
-522.460271
-439.021963
-301.579041
-176.977646
-87.485883
-22.215565
27.392442
79.926085
136.391302
333.140278
405.213515
476.430344
-695.900436
-608.043982
-522.449747
-439.013644
-301.574378
-176.975496
-87.484877
-22.214940
27.393149
79.926986
136.392516
333.143339
405.217535
476.435559
-695.884345
-608.030875
-522.439224
-439.005326
-301.569715
-176.973345
-87.483871
-22.214315
27.393856
79.927886
136.393730
333.146401
405.221555
476.440774
-695.868256
-608.017769
-522.428702
-438.997008
-301.565052
-176.971195
-87.482865
-22.213690
27.394563
79.928786
136.394943
333.149462
405.225575
476.445988
-695.852167
-608.004663
-522.418180
-438.988691
-301.560390
-176.969044
-87.481859
-22.213064
27.395270
79.929687
136.396157
333.152524
405.229595
476.451203
-695.836080
-607.991558
-522.407659
-438.980374
-301.555728
-176.966894
-87.480853
-22.212439
27.395977
79.930587
136.397371
333.155585
405.233615
476.456417
-694.810555
-607.978455
-522.397138
-438.972057
-301.551066
-176.964744
-87.479847
-22.211814
27.396684
79.931487
136.398585
333.158646
405.280579
476.461632
-694.794517
-607.965352
-522.386618
-438.963741
-301.546404
-176.962594
-87.478841
-22.211189
27.397391
79.932388
136.399798
333.161707
405.284593
476.466846
-694.778481
-607.952250
-522.376099
-438.955426
-301.541742
-176.960444
-87.477835
-22.210564
27.398098
79.933288
136.401012
333.164769
405.288607
476.472060
-694.762445
-607.939148
-522.365581
-438.947111
-301.537081
-176.958294
-87.476830
-22.209939
27.398804
79.934188
136.402226
333.167830
405.292621
476.477274
-694.746410
-607.926048
-522.355063
-438.938796
-301.532420
-176.956144
-87.475824
-22.209314
27.399511
79.935088
136.403439
333.170891
405.296635
476.482489
-694.730377
-607.912948
-522.344545
-438.930482
-301.527759
-176.953994
-87.474818
-22.208690
27.400218
79.935989
136.404653
333.173951
405.300649
476.487703
-694.714344
-607.899849
-522.334029
-438.922169
-301.523099
-176.951844
-87.473812
-22.208065
27.400925
79.936889
136.405866
333.177012
405.304663
476.492916
-694.698313
-607.886751
-522.323513
-438.913856
-301.518438
-176.949695
-87.472807
-22.207440
27.401632
79.937789
136.407080
333.180073
405.308676
476.498130
-695.691340
-607.873654
-522.312997
-438.905543
-301.513778
-176.947545
-87.471801
-22.206815
27.402338
79.938689
136.408293
333.183134
405.312690
476.503344
-695.675264
-607.860558
-522.302482
-438.897231
-301.509118
-176.945396
-87.470796
-22.206190
27.403045
79.939589
136.409507
333.186194
405.316703
476.508558
-695.659188
-607.847462
-522.291968
-438.888919
-301.504459
-176.943247
-87.469790
-22.205565
27.403752
79.940489
136.410720
333.189255
405.320717
476.513772
-695.643113
-607.834368
-522.281455
-438.880608
-301.499799
-176.941097
-87.468785
-22.204940
27.404458
80.327296
136.411934
333.192316
405.324730
476.518985
-695.627040
-607.821274
-522.270942
-438.872297
-301.495140
-176.938948
-87.467779
-22.204316
27.405165
80.328189
136.413147
333.195376
405.328743
476.524199
-695.610968
-607.808181
-522.260429
-438.863987
-301.490481
-176.936799
-87.466774
-21.765175
27.405871
80.329082
136.414360
333.198437
405.332757
476.529412
-695.594896
-607.795089
-522.249918
-438.855677
-301.485822
-176.934650
-87.465768
-21.764558
27.406578
80.329975
136.415573
333.201497
405.336770
476.534625
-695.578826
-607.781997
-522.239407
-438.847367
-301.481164
-176.932501
-87.464763
-21.763942
27.407285
80.330868
136.416787
333.204557
405.340783
476.539839
-695.562757
-607.768907
-522.228896
-438.839058
-301.476505
-176.930353
-87.463758
-21.763325
27.407991
80.331761
136.418000
333.207617
405.344796
476.545052
-695.546689
-607.755817
-522.218386
-438.830750
-301.471847
-176.928204
-87.462752
-21.762709
27.408698
80.332654
136.419213
333.210678
405.348809
476.550265
-695.530622
-607.742728
-522.207877
-438.822442
-301.467189
-176.926055
-87.461747
-21.762092
27.409404
80.333547
136.420426
333.213738
405.352822
476.555478
-695.514556
-607.729640
-522.197369
-438.814134
-301.462532
-176.923907
-87.460742
-21.761476
27.410111
80.334440
136.421639
333.216798
405.356834
476.560691
-695.498491
-607.716553
-522.186861
-438.805827
-301.457874
-176.921759
-87.459737
-21.760860
27.410817
80.335332
136.422852
333.357854
405.360847
476.565904
-695.482427
-607.703467
-522.176353
-438.797521
-301.453217
-176.919610
-87.458732
-21.760243
27.411523
80.336225
136.424065
333.360909
405.364860
476.571117
-695.466365
-607.690381
-522.165847
-438.789215
-301.448560
-176.917462
-87.457727
-21.759627
27.412230
80.337118
136.425278
333.363963
405.368872
476.576330
-694.441957
-607.677297
-522.155341
-438.780909
-301.443904
-176.915314
-87.456722
-21.759010
27.412936
80.338011
136.426491
333.367017
405.372885
476.525820
-694.425944
-607.664213
-522.144835
-438.772604
-301.439247
-176.913166
-87.455717
-21.758394
27.413643
80.338904
136.427704
333.370072
405.376897
476.531026
-694.409932
-607.651130
-522.134331
-438.764299
-301.434591
-176.911018
-87.454712
-21.757778
27.414349
80.339796
136.428917
333.373126
405.380910
476.536232
-694.393921
-607.638048
-522.123826
-438.755995
-301.429935
-176.908870
-87.453707
-21.757162
27.415055
80.340689
136.430130
333.376180
405.384922
476.541438
-694.377911
-607.624966
-522.113323
-438.747691
-301.425279
-176.906722
-87.452702
-21.756545
27.415761
80.341582
136.431342
333.379234
405.388934
476.546643
-694.361902
-607.611886
-522.102820
-438.739387
-301.420623
-176.904575
-87.451697
-21.755929
27.416468
80.342474
136.432555
333.382289
405.392947
476.551849
-694.345894
-607.598806
-522.092318
-438.731085
-301.415968
-176.902427
-87.450692
-21.755313
27.417174
80.343367
136.433768
333.385343
405.396959
476.557055
-694.329888
-607.585727
-522.081816
-438.722782
-301.411313
-176.900280
-87.449688
-21.754697
27.417880
80.344259
136.434981
333.388397
405.400971
476.562260
-694.313882
-607.572649
-522.071315
-438.714480
-301.406658
-176.898132
-87.448683
-21.754081
27.418586
80.345152
136.436193
333.391450
405.404983
476.567466
-694.297877
-607.559572
-522.060815
-438.706179
-300.689248
-176.895985
-87.447678
-21.753464
27.419292
80.346044
136.437406
333.394504
405.408995
476.572671
-694.281874
-607.546495
-522.050315
-438.697878
-300.684615
-176.893838
-87.446673
-21.752848
27.419999
80.346937
136.783670
333.397558
405.413006
476.577876
-694.265872
-607.533420
-522.039816
-438.689577
-300.679983
-176.891691
-87.445669
-21.752232
27.420705
80.347829
136.784877
333.400612
405.417018
476.583082
-694.249870
-607.520345
-522.029317
-438.681277
-300.675351
-176.889544
-87.444664
-21.751616
27.837277
80.348722
136.786083
333.403665
405.421030
476.588287
-694.233870
-607.507271
-522.018820
-438.672977
-300.670719
-176.887397
-86.957674
-21.751000
27.837976
80.349614
136.787289
333.406719
405.425042
476.593492
-694.217871
-607.494198
-522.008322
-438.664678
-300.666087
-176.885250
-86.956680
-21.750384
27.838674
80.350506
136.788495
333.409772
405.471675
476.598697
-694.201873
-607.481126
-521.997826
-438.656380
-300.661455
-176.883103
-86.955686
-21.749768
27.839373
80.351399
136.789701
333.412826
405.475681
476.603902
-694.185876
-607.468054
-521.987330
-438.648081
-300.656824
-176.880956
-86.954691
-21.749152
27.840071
80.352291
136.790907
333.415879
405.479687
476.609107
-694.169880
-607.454984
-521.976834
-438.639784
-300.652193
-176.878810
-86.953697
-21.748536
27.840769
80.353183
136.792113
333.418933
405.483692
476.614312
-694.153885
-607.441914
-521.966340
-438.631486
-300.647562
-176.876663
-86.952703
-21.747920
27.841468
80.354076
136.793319
333.421986
405.487698
476.619517
-694.137891
-607.428845
-521.955845
-438.623189
-300.642931
-176.874517
-86.951708
-21.747304
27.842166
80.354968
136.794525
333.425039
405.491704
476.624721
-694.121898
-607.415777
-521.945352
-438.614893
-300.638301
-176.872371
-86.950714
-21.746688
27.842865
80.355860
136.795731
333.428092
405.495709
476.629926
-694.105907
-607.402710
-521.934859
-438.606597
-300.633670
-176.870224
-86.949720
-21.746073
27.843563
80.356752
136.796937
333.431145
405.499715
476.635130
-695.097220
-607.389643
-521.924367
-438.598302
-300.629040
-176.868078
-86.948726
-21.745457
27.844261
80.357644
136.798143
333.434198
405.503720
476.640335
-695.081183
-607.376578
-521.913875
-438.590007
-300.624411
-176.865932
-86.947732
-21.744841
27.844960
80.358537
136.799349
333.574754
405.507725
476.645539
-695.065148
-607.363513
-521.903384
-437.710331
-300.619781
-176.292919
-86.946738
-21.744225
27.845658
80.359429
136.800554
333.577801
405.511730
476.650744
-695.049113
-607.350449
-521.892894
-437.702070
-300.615152
-176.290787
-86.945744
-21.743609
27.846356
80.360321
136.801760
333.580849
405.515735
476.600210
-695.033079
-607.337386
-521.882404
-437.693808
-300.610523
-176.288655
-86.944750
-21.742993
27.847054
80.361213
136.802966
333.583896
405.519741
476.605407
-695.017047
-607.324323
-521.871915
-437.685547
-300.605894
-176.286524
-86.943756
-21.742378
27.847753
80.362105
136.804172
333.586944
405.523746
476.610605
-695.001015
-607.311262
-521.861427
-437.677287
-300.601265
-176.284392
-86.942762
-21.741762
27.848451
80.362997
136.805377
333.589991
405.527751
476.615802
-694.984985
-607.298201
-521.850939
-437.669027
-300.596637
-176.282260
-86.941768
-21.741146
27.849149
80.363889
136.806583
333.593038
405.531755
476.620999
-694.968956
-607.285141
-521.840452
-437.660768
-300.592009
-176.280129
-86.940774
-21.740531
27.849847
80.364781
136.807788
333.596085
405.535760
476.626197
-694.952927
-607.272082
-521.829965
-437.652509
-300.587381
-176.277998
-86.939780
-21.302530
27.850545
80.365672
136.808994
333.599132
405.539765
476.631394
-694.936900
-607.259024
-521.819479
-437.644250
-300.582753
-176.275866
-86.938787
-21.301923
27.851243
80.366564
136.810199
333.602180
405.543770
476.636591
-694.920874
-607.245967
-521.808994
-437.635992
-300.578126
-176.273735
-86.937793
-21.301315
27.851941
80.367456
136.811405
333.605226
405.547774
476.641788
-694.904849
-607.232910
-521.798509
-437.627735
-300.573498
-176.271604
-86.936799
-21.300708
28.267535
80.368348
136.812610
333.608273
405.551779
476.646985
-694.888825
-607.219855
-521.788025
-437.619477
-300.568871
-176.269473
-86.935806
-21.300100
28.268225
80.369240
136.813816
333.611320
405.555783
476.652182
-694.872802
-607.206800
-521.777541
-437.611221
-300.564244
-176.267342
-86.934812
-21.299493
28.268916
80.370132
136.815021
333.614367
405.559787
476.657379
-694.856781
-607.193746
-521.767058
-437.602965
-300.559618
-176.265212
-86.933818
-21.298885
28.269606
80.371023
136.816226
333.617414
405.563792
476.662576
-694.840760
-607.180693
-521.756576
-437.594709
-300.554991
-176.263081
-86.932825
-21.298278
28.270297
80.371915
136.817432
333.620460
405.567796
476.667772
-694.824740
-607.167640
-521.746095
-437.586454
-300.550365
-176.260950
-86.931831
-21.297671
28.270987
80.372807
136.818637
333.623507
405.571800
476.672969
-694.808722
-607.154589
-521.735614
-437.578199
-300.545739
-176.258820
-86.930838
-21.297063
28.271678
80.373698
136.819842
333.626554
405.575804
476.678166
-694.792704
-607.141538
-521.725133
-437.569944
-300.541114
-176.256689
-86.929844
-21.296456
28.272368
80.759334
136.821047
333.629600
405.579808
476.683362
-694.776688
-607.128488
-521.714654
-437.561691
-300.536488
-176.254559
-86.928851
-21.295849
28.273058
80.760219
136.822253
333.632646
405.583812
476.688558
-694.760673
-607.115439
-521.704175
-437.553437
-300.531863
-176.252429
-86.927858
-21.295242
28.273749
80.761104
136.823458
333.635693
405.587816
476.693755
-694.744658
-607.102391
-521.693696
-437.545184
-300.527238
-176.250299
-86.926864
-21.294634
28.274439
80.761988
136.824663
333.638739
405.591820
476.698951
-694.728645
-607.089343
-521.683218
-437.536932
-300.522613
-176.248169
-86.925871
-21.294027
28.275129
80.762873
136.825868
333.641785
405.595824
476.704147
-694.712633
-607.076297
-521.672741
-437.528680
-300.517989
-176.246039
-86.924878
-21.293420
28.275820
80.763757
136.827073
333.644831
405.599828
476.709343
-694.696622
-607.063251
-521.662264
-437.520428
-300.513364
-176.243909
-86.923885
-21.292813
28.276510
80.764642
136.828278
333.647877
405.603831
476.714539
-694.680612
-607.050206
-521.651788
-437.512177
-300.508740
-176.241779
-86.922892
-21.292206
28.277200
80.765527
136.829483
333.650923
405.650153
476.719735
-694.664603
-607.037162
-521.641313
-437.503926
-300.504116
-176.239649
-86.921898
-21.291599
28.277890
80.766411
137.174734
333.653969
405.654151
476.724931
-693.642615
-607.024119
-521.630838
-437.495676
-300.499493
-176.237520
-86.920905
-21.290991
28.278580
80.767296
137.175933
333.657015
405.658149
476.730127
-693.626656
-607.011076
-521.620364
-437.487426
-300.494869
-176.235390
-86.919912
-21.290384
28.279271
80.768180
137.177132
333.660061
405.662146
476.735323
-693.610697
-606.998034
-521.609891
-437.479177
-300.490246
-176.233261
-86.918919
-21.289777
28.279961
80.769064
137.178330
333.663107
405.666144
476.740519
-693.594740
-606.984994
-521.599418
-437.470928
-299.775129
-176.231131
-86.917926
-21.289170
28.280651
80.769949
137.179529
333.666153
405.670142
476.745714
-693.578783
-606.971954
-521.588946
-437.462680
-299.770528
-176.229002
-86.916933
-21.288563
28.281341
80.770833
137.180727
333.669198
405.674139
476.750910
-693.562828
-606.958914
-521.578474
-437.454432
-299.765927
-176.226873
-86.915940
-21.287956
28.282031
80.771718
137.181925
333.672244
405.678137
476.756105
-693.546874
-606.945876
-521.568003
-437.446184
-299.761326
-176.224744
-86.914948
-21.287349
28.282721
80.772602
137.183124
333.675289
405.682134
476.761301
-693.530921
-606.932839
-521.557533
-437.437938
-299.756726
-176.222615
-86.913955
-21.286742
28.283411
80.773486
137.184322
333.678335
405.686131
476.710696
-693.514969
-606.919802
-521.547063
-437.429691
-299.752126
-176.220486
-86.912962
-21.286135
28.284101
80.774371
137.185521
333.681380
405.690129
476.715885
-693.499018
-606.906766
-521.536594
-437.421445
-300.457890
-176.218357
-86.911969
-21.285528
28.284791
80.775255
137.186719
333.684426
405.694126
476.721073
-693.483068
-606.893731
-521.526126
-437.413199
-300.453269
-176.216228
-86.910977
-21.284922
28.285481
80.776139
137.187917
333.824424
405.698123
476.726262
-693.467119
-606.880697
-521.515658
-437.404954
-300.448648
-176.214100
-86.425335
-21.284315
28.286171
80.777023
137.189115
333.827463
405.702120
476.731450
-693.451171
-606.867663
-521.505191
-437.396710
-300.444027
-176.211971
-86.424353
-21.283708
28.286861
80.777907
137.190313
333.830503
405.706117
476.736639
-693.435225
-606.854631
-521.494724
-437.388465
-300.439406
-176.209843
-86.423370
-21.283101
28.287551
80.778792
137.191512
333.833543
405.710114
476.741827
-693.419279
-606.841599
-521.484258
-437.380222
-300.434785
-176.207714
-86.422387
-21.282494
28.288241
80.779676
137.192710
333.836583
405.714110
476.747015
-693.403334
-606.828568
-521.473793
-437.371978
-300.430165
-176.205586
-86.421405
-21.281887
28.288930
80.780560
137.193908
333.839622
405.718107
476.752203
-694.392616
-606.815538
-521.463328
-437.363736
-300.425545
-175.634184
-86.420422
-21.281281
28.289620
80.781444
137.195106
333.842662
405.722104
476.757392
-694.376627
-606.802509
-521.452864
-437.355493
-300.420925
-175.632070
-86.419440
-21.280674
28.290310
80.782328
137.196304
333.845701
405.726101
476.762580
-694.360638
-606.789480
-521.442400
-437.347251
-300.416306
-175.629956
-86.418458
-21.280067
28.291000
80.783212
137.197502
333.848741
405.730097
476.767767
-694.344651
-606.776453
-521.431937
-437.339010
-300.411686
-175.627842
-86.417475
-21.279460
28.291689
80.784096
137.198700
333.851780
405.734094
476.772955
-694.328664
-606.763426
-521.421475
-437.330769
-299.696940
-175.625728
-86.416493
-21.278854
28.292379
80.784980
137.199898
333.854820
405.738090
476.778143
-694.312679
-606.750400
-521.411014
-437.322528
-299.692343
-175.623614
-86.415511
-21.278247
28.293069
80.785864
137.201095
333.857859
405.742086
476.783331
-694.296695
-606.737375
-521.400553
-437.314288
-299.687746
-175.621500
-86.414528
-21.277640
28.293759
80.786748
137.202293
333.860898
405.746083
476.788518
-693.275816
-606.724351
-521.390092
-437.306049
-299.683149
-175.619387
-86.413546
-21.277034
28.294448
81.171362
136.859595
333.863937
405.750079
476.793706
-693.259881
-606.711327
-521.379633
-437.297810
-299.678552
-175.617273
-86.412564
-21.276427
28.295138
81.172239
333.866976
405.754075
476.798894
-693.243947
-606.698304
-521.369173
-437.289571
-299.673956
-175.615160
-86.411582
-21.275821
28.295827
81.173116
333.870015
405.758071
476.804081
-693.228015
-606.685283
-521.358715
-437.281333
-299.669359
-175.613046
-86.410600
-21.275214
28.296517
81.173993
333.873054
405.762067
476.809268
-693.212083
-606.672262
-521.348257
-437.273095
-299.664763
-175.610933
-86.409618
-21.274608
28.297207
81.174870
333.876093
405.766063
476.814456
-693.196152
-606.659241
-521.337800
-437.264858
-299.660168
-175.608820
-86.408636
-21.274001
28.297896
81.175747
333.879132
405.770059
476.819643
-693.180222
-606.646222
-521.327343
-437.256621
-299.655572
-175.606707
-86.407654
-21.710388
28.298586
81.176624
333.882171
405.774054
476.824830
-693.164294
-606.633203
-521.316887
-437.248385
-299.650977
-175.604594
-86.406672
-21.709773
28.299275
81.177501
333.885209
405.778050
476.830017
-693.148366
-606.620186
-521.306432
-437.240149
-299.646382
-175.602481
-86.405690
-21.709159
28.299965
81.178378
333.888248
405.782046
476.835204
-693.132440
-606.607169
-521.295977
-437.231913
-299.641787
-175.600368
-86.404708
-22.146307
28.300654
81.179255
333.891286
405.786041
476.840391
-693.116515
-606.594153
-521.285523
-437.223678
-299.637192
-175.598255
-86.403726
-22.145685
28.301344
81.180131
333.894325
405.790037
476.845578
-693.100590
-606.581137
-521.275069
-437.215444
-299.632598
-175.596142
-86.402744
-22.583605
28.302033
81.181008
333.897363
405.794032
476.850765
-693.084667
-606.568123
-521.264617
-437.207210
-299.628004
-175.594030
-86.886171
-23.022306
28.302722
81.181885
333.900402
405.798028
476.855951
-693.068745
-606.555109
-521.254164
-437.198976
-299.623410
-175.591917
-86.885179
-23.461792
28.303412
81.182761
333.903440
405.802023
476.861138
-693.052824
-606.542097
-521.243713
-437.190743
-299.618816
-175.589805
-87.369429
-24.343787
28.717798
81.183638
333.906478
405.806018
476.866325
-693.036904
-606.529085
-521.233262
-437.182510
-299.614222
-175.587693
-87.854513
-25.673119
28.718480
81.184515
333.909517
405.851996
476.871511
-693.020985
-606.516074
-521.222811
-437.174278
-299.609629
-175.585580
-88.340435
-50.433825
28.719162
81.185391
333.912555
405.855986
476.876697
-693.005067
-606.503063
-521.212361
-437.166046
-299.605036
-175.583468
-89.315842
-49.942120
28.719844
81.186268
333.915593
405.859975
476.826017
-692.989150
-606.490054
-521.201912
-437.157815
-299.600443
-175.581356
-90.785898
-40.797023
28.720525
81.187144
333.918631
405.863965
476.831197
-692.973234
-606.477045
-521.191464
-437.149584
-299.595850
-175.579244
-39.852573
28.721207
81.188021
333.921669
405.867954
476.836376
-692.957320
-606.464037
-521.181016
-437.141354
-299.591258
-175.577132
-109.066055
-39.381216
28.721889
81.188897
333.924707
405.871943
476.841556
-692.941406
-606.451030
-521.170569
-437.133124
-299.586666
-175.575021
-108.017391
-38.910761
28.722571
81.189774
333.927744
405.875932
476.846735
-692.925493
-606.438024
-521.160122
-437.124894
-299.582074
-175.572909
-107.493793
-38.909815
28.723252
81.190650
333.930782
405.879921
476.851915
-692.909582
-606.425019
-521.149676
-437.116665
-299.577482
-175.570797
-106.971171
-38.440271
28.723934
81.191527
333.933820
405.883910
476.857094
-693.897437
-606.412014
-521.139231
-437.108437
-299.572891
-175.568686
-106.969750
-38.439334
28.724616
81.192403
333.936857
405.887899
476.862273
-693.881481
-606.399010
-521.128786
-437.100209
-299.568299
-175.566574
-106.448112
-38.438398
28.725297
81.193279
333.939895
405.891888
476.867452
-693.865525
-606.386007
-521.118342
-437.091981
-299.563708
-175.564463
-106.446703
-38.437461
28.725979
81.194156
333.942932
405.895877
476.872632
-693.849571
-606.373005
-521.107898
-437.083754
-299.559118
-175.562352
-106.445294
-38.436525
28.726660
81.195032
334.082360
405.899866
476.877811
-693.833618
-606.360004
-521.097455
-437.075527
-299.554527
-175.560241
-106.443885
-38.435588
28.727342
81.195908
334.085392
405.903854
476.882990
-693.817666
-606.347004
-521.087013
-437.067301
-299.549937
-175.558130
-106.442476
-38.434652
28.728024
81.196785
334.088424
405.907843
476.888168
-693.801715
-606.334004
-521.076571
-437.059075
-299.545346
-175.556019
-106.441068
-38.433716
28.728705
81.197661
334.091456
405.911831
476.893347
-693.785765
-606.321005
-521.066130
-437.050850
-299.540756
-175.553908
-106.439659
-38.432779
28.729387
81.198537
334.094488
405.915820
476.898526
-693.769816
-606.308007
-521.055690
-437.042625
-299.536167
-175.551797
-106.438250
-38.431843
28.730068
81.199413
334.097519
405.919808
476.903705
-693.753868
-606.295010
-521.045250
-437.034401
-299.531577
-175.549686
-106.436842
-38.430907
28.730750
81.200289
334.100551
405.923797
476.908883
-693.737921
-606.282014
-521.034811
-437.026177
-299.526988
-175.547576
-106.435433
-38.429971
28.731431
81.201165
334.103583
405.927785
476.914062
-693.721975
-606.269018
-521.024372
-437.017953
-299.522399
-175.545465
-106.434025
-38.429034
28.732112
81.202041
334.106615
405.931773
476.919240
-693.706031
-606.256023
-521.013934
-437.009730
-299.517810
-175.543355
-106.432617
-38.428098
28.732794
81.202917
334.109646
405.935761
476.924419
-693.690087
-606.243030
-521.003497
-437.001508
-299.513222
-175.541244
-106.431208
-38.427162
28.733475
81.203794
334.112678
405.939749
476.929597
-693.674144
-606.230036
-520.993060
-436.993286
-299.508633
-175.539134
-106.429800
-38.426226
28.734156
81.204670
334.115709
405.943737
476.934775
-693.658203
-606.217044
-520.065485
-436.985064
-299.504045
-175.537024
-106.428392
-38.425290
28.734838
81.205545
334.118740
405.947725
476.939954
-693.642263
-606.204053
-520.055086
-436.976843
-299.499457
-175.534914
-106.426984
-38.424354
28.735519
81.206421
334.121772
405.951713
476.945132
-693.626323
-606.191062
-520.044688
-436.968622
-299.494869
-175.532804
-106.425576
-38.423418
28.736200
81.207297
334.124803
405.955701
476.950310
-693.610385
-606.178072
-520.034291
-436.960402
-299.490282
-175.530694
-106.424168
-38.422482
28.736882
81.208173
334.127834
405.959688
476.955488
-693.594448
-606.165084
-520.023894
-436.952182
-299.485695
-175.528584
-106.422760
-38.421546
28.737563
81.209049
334.130865
405.963676
476.960666
-693.578512
-606.152095
-520.013498
-436.943963
-299.481108
-175.526475
-106.421352
-38.420610
28.738244
81.209925
334.133896
405.967664
476.965844
-693.562577
-606.139108
-520.003102
-436.935744
-299.476521
-175.524365
-106.419944
-38.419674
28.738925
81.210801
334.136927
405.971651
476.971021
-693.546643
-606.126122
-519.992707
-436.927525
-299.471934
-175.522255
-106.418536
-38.418739
28.739606
81.211677
334.139958
405.975639
476.976199
-693.530710
-606.113136
-519.982313
-436.919307
-299.467348
-175.520146
-106.417128
-38.417803
28.740287
81.212552
334.142989
405.979626
476.981377
-692.512139
-606.100151
-519.971919
-436.911090
-299.462762
-175.518037
-106.415720
-38.416867
28.740969
81.213428
334.146020
405.983613
476.986554
-692.496256
-606.087167
-519.961526
-436.902873
-299.458176
-175.515927
-106.414313
-38.415931
28.741650
81.214304
334.149051
405.987600
476.991732
-692.480373
-606.074184
-519.951133
-436.894656
-299.453590
-175.513818
-106.412905
-38.414996
28.742331
81.215179
334.152082
405.991588
476.996909
-692.464491
-606.061201
-519.940742
-436.886440
-299.449005
-175.511709
-106.411498
-38.414060
28.743012
81.216055
334.155112
405.995575
477.002086
-692.448610
-606.048220
-519.930350
-436.878224
-299.444419
-175.509600
-105.891127
-38.413124
28.743693
81.216931
334.158143
405.999562
477.007264
-692.432731
-606.035239
-519.919960
-436.870009
-299.439834
-175.507491
-105.889731
-38.412189
28.744374
81.600386
334.161173
406.003549
477.012441
-692.416852
-606.022259
-519.909570
-436.861794
-299.435250
-174.937957
-105.888335
-38.411253
28.745055
81.601254
334.164204
406.049190
477.017618
-692.400975
-606.009280
-519.899180
-436.853580
-299.430665
-174.935862
-105.886939
-38.410318
28.745736
81.602123
334.167234
406.053172
477.022795
-692.385098
-605.996302
-519.888791
-436.845366
-299.426081
-174.933767
-105.885543
-38.409382
28.746417
81.602992
334.170264
406.057153
476.971999
-692.369223
-605.983324
-519.878403
-436.837153
-299.421497
-174.931672
-105.884147
-38.408447
29.159676
81.603860
334.173295
406.061134
476.977169
-692.353348
-605.970348
-519.868016
-436.828940
-299.416913
-174.929577
-105.882751
-38.407512
29.160350
81.604729
334.176325
406.065115
476.982340
-692.337475
-605.957372
-519.857629
-436.820728
-299.412329
-174.927483
-105.881356
-38.406576
29.161023
81.605598
334.179355
406.069096
476.987510
-692.321603
-605.944397
-519.847243
-436.812516
-299.407746
-174.925388
-105.879960
-38.405641
29.161697
81.606466
334.182385
406.073077
476.992680
-692.305732
-605.931423
-519.836857
-436.804304
-299.403162
-174.923294
-105.878564
-38.404706
29.162370
81.607335
334.185415
406.077058
476.997850
-692.289862
-605.918449
-519.826472
-436.796093
-299.398579
-174.921200
-105.877169
-38.403770
29.163044
81.608203
334.188445
406.081038
477.003020
-692.273993
-605.905477
-519.816087
-436.787882
-299.393997
-174.919105
-105.875773
-38.402835
29.163717
81.609072
334.191475
406.085019
477.008190
-692.258125
-605.892505
-519.805703
-436.779672
-299.389414
-174.917011
-105.874378
-38.401900
29.164390
81.609940
334.194505
406.089000
477.013360
-692.242258
-605.879534
-519.795320
-436.771462
-299.384832
-174.914917
-105.872983
-38.400965
29.165064
81.610809
334.197535
406.092980
477.018530
-692.226392
-605.866564
-519.784938
-436.763253
-299.380250
-174.912823
-105.871587
-38.400030
29.165737
81.611677
334.200564
406.096961
477.023699
-692.210527
-605.853595
-519.774556
-436.755044
-299.375668
-174.910729
-105.870192
-38.399094
29.166410
81.612546
334.203594
406.100941
477.028869
-692.194663
-605.840626
-519.764174
-436.746836
-299.371086
-174.908636
-105.868797
-38.398159
29.167083
81.613414
334.206623
406.104921
477.034039
-692.178801
-605.827659
-519.753794
-436.738628
-299.366505
-174.906542
-105.867402
-38.397224
29.167757
81.614283
334.209653
406.108902
477.039208
-692.162939
-605.814692
-519.743413
-436.730421
-299.361923
-174.904448
-105.866007
-38.396289
29.168430
81.615151
334.212682
406.112882
477.044377
-692.147078
-605.801726
-519.733034
-436.722214
-299.357342
-174.902355
-105.864612
-38.395354
29.169103
81.616019
334.351521
406.116862
477.049547
-692.131219
-605.788761
-519.722655
-436.714007
-299.352762
-174.900261
-105.863217
-38.394419
29.169776
81.616887
334.354545
406.120842
477.054716
-692.115361
-605.775796
-519.712277
-436.705801
-299.348181
-174.898168
-105.861822
-38.393484
29.170449
81.617756
334.357569
406.124822
477.059885
-692.099503
-605.762833
-519.701899
-436.697596
-299.343601
-174.896075
-105.860427
-38.392550
28.758670
81.618624
334.360593
406.128802
477.065054
-692.083647
-605.749870
-519.691522
-436.689391
-299.339021
-174.893982
-105.859032
-38.391615
28.759350
81.619492
334.363616
406.132782
477.070224
-692.067792
-605.736908
-519.681146
-436.681186
-299.334441
-174.891889
-105.857637
-38.390680
28.346796
81.620360
334.366640
406.136762
477.075393
-692.051937
-605.723947
-519.670770
-436.672982
-299.329861
-174.889796
-105.856242
-38.389745
27.933457
81.621228
334.369664
406.140741
477.080561
-692.036084
-605.710987
-519.660395
-436.664778
-299.325282
-174.887703
-105.854848
-38.388810
27.519331
81.622097
334.372688
406.144721
477.085730
-692.020232
-605.698027
-519.650020
-436.656575
-299.320702
-174.885610
-105.853453
-38.855954
26.687991
81.622965
334.375711
406.148701
477.090899
-692.004381
-605.685069
-519.639646
-436.648372
-299.316123
-174.883517
-105.852059
-38.855010
24.594447
81.623833
334.378735
406.152680
477.096068
-691.988531
-605.672111
-519.629273
-436.640169
-299.311545
-174.881425
-105.850664
-39.323005
22.905067
81.624701
334.381758
406.156660
477.101236
-691.972682
-605.659154
-519.618900
-436.631967
-299.306966
-174.879332
-106.367891
-39.791863
2.008194
81.625569
334.384782
406.160639
477.106405
-691.956834
-605.646198
-519.608528
-436.623766
-299.302388
-174.877240
-106.366485
-40.261587
11.143170
81.626437
334.387805
406.164618
477.111573
-691.940988
-605.633242
-519.598156
-436.615565
-299.297810
-174.875147
-106.884623
-41.204634
12.037384
81.627305
334.390828
406.168597
477.116742
-691.925142
-605.620288
-519.587785
-436.607364
-299.293232
-174.873055
-107.403684
-71.810867
12.483626
81.628173
334.393852
406.172577
477.121910
-691.909297
-605.607334
-519.577415
-436.599164
-299.288654
-175.437947
-107.923672
-70.216882
12.928960
81.629041
334.396875
406.176556
477.127078
-691.893454
-605.594381
-519.567045
-436.590965
-299.284077
-175.435841
-108.967901
-58.823328
12.929935
81.629909
334.399898
406.180535
477.132247
-691.877611
-605.581429
-519.556676
-436.582766
-299.279500
-176.001691
-110.542091
-57.810581
13.374355
81.630776
334.402921
406.184514
477.137415
-691.861770
-605.568478
-519.546308
-436.574567
-299.274923
-176.568516
-116.392716
-57.305039
13.375321
81.631644
334.405944
406.188493
477.142583
-691.845929
-605.555527
-519.535940
-436.566369
-299.270346
-202.017790
-56.800499
13.376288
81.632512
334.408967
406.233817
477.147751
-691.830090
-605.542578
-519.525573
-436.558171
-299.265769
-201.400355
-56.296958
13.377254
81.633380
334.411990
406.237790
477.152919
-692.814829
-605.529629
-519.515206
-436.549973
-299.261193
-201.397595
-129.578179
-56.295657
13.378220
81.634248
334.415013
406.241763
477.158087
-692.798945
-605.516681
-519.504840
-436.541777
-299.256617
-200.781333
-128.454231
-55.793123
13.379186
81.635115
334.418035
406.245737
477.163254
-692.783062
-605.503734
-519.494475
-436.533580
-298.545296
-200.166225
-127.892917
-55.791832
13.380152
82.017498
334.421058
406.249710
477.168422
-692.767180
-605.490787
-519.484110
-436.525384
-298.540741
-200.163497
-127.332685
-55.790542
13.381118
82.018358
334.424081
406.253682
477.173590
-692.751299
-605.477842
-520.388792
-436.517189
-298.536187
-199.549557
-127.330804
-55.789251
13.382084
82.019219
334.427103
406.257655
477.122673
-692.735419
-605.464897
-520.378392
-436.508994
-298.531634
-198.936764
-126.771663
-55.787961
13.383050
82.020080
334.430126
406.261628
477.127834
-692.719541
-605.451953
-520.367993
-436.500799
-298.527080
-198.934068
-126.769795
-55.786671
13.384016
82.020941
334.433148
406.265601
477.132995
-692.703663
-605.439010
-520.357594
-436.492605
-298.522527
-198.322436
-126.767928
-55.785380
13.384982
82.021802
334.436170
406.269573
477.138156
-692.687786
-605.426068
-520.347196
-436.484411
-298.517973
-198.319756
-126.766060
-55.784090
13.385948
82.022663
334.439193
406.273546
477.143316
-692.671911
-605.413126
-520.336798
-436.476218
-298.513420
-197.709281
-126.764192
-55.782800
13.386914
82.023523
334.442215
406.277519
477.148477
-692.656036
-605.400186
-520.326401
-436.468025
-298.508868
-197.706618
-126.762324
-55.781510
13.387880
82.024384
334.445237
406.281491
477.153638
-692.640163
-605.387246
-520.316004
-436.459833
-298.504315
-197.703954
-126.760457
-55.780220
13.388846
82.025245
334.448259
406.285463
477.158798
-692.624291
-605.374307
-520.305609
-436.451641
-298.499763
-197.701290
-126.758589
-55.778930
13.389812
82.026105
334.451281
406.289436
477.163959
-692.608419
-605.361369
-520.295213
-436.443449
-298.495211
-197.698627
-126.756721
-55.777640
13.833192
82.026966
334.454303
406.293408
477.169119
-692.592549
-605.348431
-519.370139
-436.435259
-298.490659
-197.695963
-126.754854
-55.776350
13.834149
82.027827
334.457325
406.297380
477.174279
-692.576680
-605.335495
-519.359782
-436.427068
-298.486108
-197.693300
-126.752987
-55.775060
13.835107
82.028687
334.595620
406.301352
477.179440
-692.560812
-605.322559
-519.349425
-436.418878
-298.481556
-197.690637
-126.751119
-55.773770
13.836064
82.029548
334.598637
406.305324
477.184600
-692.544945
-605.309624
-519.339069
-436.410688
-298.477005
-197.687974
-126.749252
-55.772480
13.837021
82.030408
334.601653
406.309296
477.189760
-692.529079
-605.296690
-519.328713
-436.402499
-298.472454
-197.685311
-126.747385
-55.771191
13.837978
82.031269
334.604670
406.313268
477.194920
-692.513214
-605.283756
-519.318358
-436.394311
-298.467903
-197.682648
-126.745518
-55.769901
13.838935
82.032129
334.607686
406.317240
477.200080
-692.497350
-605.270824
-520.222464
-436.386122
-298.463353
-197.679986
-126.743651
-55.768611
13.839892
82.032990
334.610702
406.321212
477.205240
-692.481487
-605.257892
-520.212074
-436.377935
-298.458803
-197.677323
-126.185781
-55.767322
13.840849
82.033850
334.613719
406.325183
477.210400
-692.465625
-605.244961
-520.201684
-436.369747
-298.454252
-197.674661
-126.183927
-55.766032
13.841806
82.034711
334.616735
406.329155
477.215559
-692.449765
-605.232031
-520.191295
-436.361561
-298.449703
-197.671999
-126.182074
-55.764743
13.842763
82.035571
334.619751
406.333127
477.220719
-692.433905
-605.219102
-520.180907
-436.353374
-298.445153
-197.669336
-126.180220
-55.763453
13.843720
82.036431
334.622767
406.337098
477.225879
-692.418046
-605.206174
-520.170519
-436.345188
-298.440604
-197.666674
-126.178366
-55.762164
13.844677
82.037292
334.625783
406.341070
477.231038
-692.402189
-605.193246
-520.160132
-436.337003
-298.436054
-197.664012
-126.176513
-55.760874
13.845634
82.038152
334.628799
406.386123
477.236198
-692.386332
-605.180319
-520.149746
-436.328818
-298.431506
-197.661350
-126.174659
-55.759585
13.846591
82.039012
334.631815
406.390089
477.241357
-692.370477
-605.167393
-519.225192
-436.320633
-298.426957
-197.658689
-126.172806
-55.758296
13.847548
82.039872
334.634831
406.394055
477.246516
-692.354622
-605.154468
-519.214843
-436.312449
-298.422408
-197.656027
-126.170953
-55.757007
13.848504
82.040733
334.637846
406.398020
477.251676
-692.338769
-605.141544
-519.204495
-436.304265
-298.417860
-197.653366
-126.169099
-55.755717
13.849461
82.041593
334.640862
406.401986
477.256835
-692.322917
-605.128620
-519.194148
-436.296082
-298.413312
-197.650704
-126.167246
-55.754428
13.850418
82.042453
334.643878
406.405951
477.261994
-692.307066
-605.115698
-519.183801
-436.287900
-298.408764
-197.648043
-126.165393
-55.753139
13.851375
82.043313
334.646893
406.409917
477.267153
-692.291216
-605.102776
-519.173454
-436.279717
-298.404216
-197.645382
-126.163540
-55.751850
13.852331
82.044173
334.649909
406.413882
477.272312
-692.275367
-605.089855
-519.163109
-436.271535
-298.399669
-197.642721
-126.161687
-55.750561
13.853288
81.663735
334.652924
406.417848
477.277471
-692.259519
-605.076934
-520.066675
-436.263354
-298.395122
-197.640060
-126.159834
-55.749272
13.854244
81.664602
334.655940
406.421813
477.282630
-692.243672
-605.064015
-520.056294
-436.255173
-298.390575
-197.637399
-126.157982
-55.747983
13.855201
81.283399
334.658955
406.425778
477.287788
-692.227826
-605.051096
-520.045914
-436.246993
-298.386028
-197.634738
-126.156129
-55.746695
13.856158
80.901422
334.661970
406.429743
477.292947
-692.211981
-605.038178
-520.035534
-436.238813
-298.381482
-197.632078
-126.154276
-55.745406
13.414911
80.518668
131.777550
334.664985
406.433708
477.298106
-692.196137
-605.025261
-520.025155
-436.230633
-298.376935
-197.629417
-126.152424
-55.744117
13.415876
80.135136
137.702428
334.668001
406.437673
477.303264
-692.180294
-605.012345
-520.014776
-436.222454
-298.372389
-197.626757
-126.150571
-55.742828
12.973770
79.364819
138.045182
334.671016
406.441638
477.308423
-692.164453
-604.999430
-520.004398
-436.214276
-298.367843
-197.624097
-126.148719
-55.741540
12.530794
78.202926
138.387175
334.674031
406.445603
477.313581
-692.148612
-604.986515
-519.080366
-436.206097
-298.363298
-197.621437
-126.146866
-55.740251
12.086945
60.277916
138.388350
334.677046
406.449567
477.318739
-692.132772
-604.973601
-519.070025
-436.197920
-298.358752
-197.618777
-126.145014
-55.738962
11.642221
66.579845
138.729579
334.680060
406.453532
477.267709
-692.116934
-604.960688
-519.059686
-436.189742
-298.354207
-197.616117
-126.143162
-56.238453
10.749119
67.405810
138.730748
334.683075
406.457497
477.272861
-692.101097
-604.947776
-519.049347
-436.181566
-298.349662
-197.613457
-126.141310
-56.237154
9.402248
67.818021
138.731916
334.686090
406.461461
477.278013
-692.085260
-604.934865
-519.039009
-436.173389
-298.345117
-197.610798
-126.139458
-56.737585
68.229341
138.733084
334.689105
406.465425
477.283164
-692.069425
-604.921954
-519.028671
-436.165213
-298.340573
-197.608138
-126.137606
-57.238972
68.230453
138.734253
334.692119
406.469390
477.288316
-692.053591
-604.909045
-519.018334
-436.157038
-298.336029
-197.605479
-126.691407
-57.741315
-5.014810
68.640876
138.735421
334.695134
406.473354
477.293467
-692.037757
-604.896136
-519.007997
-436.148863
-298.331485
-197.602819
-126.689542
-58.244619
-4.055142
68.641981
138.736589
334.698149
406.477318
477.298618
-692.021925
-604.883228
-518.997661
-435.277067
-298.326941
-197.600160
-127.244351
-59.255481
-3.576164
68.643085
138.737757
334.701163
406.481283
477.303770
-692.006094
-604.870321
-518.987326
-435.268925
-297.617986
-197.597501
-127.800184
-61.801950
-3.098196
68.644190
138.738925
334.704177
406.485247
477.308921
-691.990264
-604.857414
-518.976992
-435.260783
-297.613464
-197.594842
-128.357043
-65.929373
-2.621234
68.645295
138.740093
334.707192
406.489211
477.314072
-691.974435
-604.844508
-518.966658
-435.252641
-297.608942
-197.592183
-129.475783
-2.619953
68.646399
138.741262
334.710206
406.493175
477.319223
-691.958607
-604.831604
-518.956324
-435.244500
-297.604420
-197.589525
-131.727849
-2.144004
69.055897
138.742430
334.713220
406.497139
477.324374
-691.942780
-604.818700
-518.945991
-435.236360
-297.599899
-197.586866
-138.013373
-76.537774
-2.142732
69.056994
138.743598
334.716234
406.501103
477.329525
-691.926954
-604.805796
-519.848804
-435.228220
-297.595377
-197.584208
-140.330566
-75.995239
-2.141460
69.058091
138.744766
334.853962
406.505066
477.334676
-691.911130
-604.792894
-519.838435
-435.220080
-297.590856
-197.581549
-75.453818
-2.140188
69.059188
138.745934
334.856971
406.509030
477.339826
-691.895306
-604.779993
-519.828068
-435.211941
-297.586335
-198.185918
-74.913506
-2.138916
69.060284
138.747101
334.859980
406.512994
477.344977
-691.879483
-604.767092
-519.817701
-435.203802
-297.581815
-198.183244
-74.374300
-2.137644
69.061381
138.748269
334.862988
406.516957
477.350128
-691.863662
-604.754192
-519.807335
-435.195664
-297.577294
-198.788674
-150.982675
-74.372607
-1.662744
69.062478
138.749437
334.865997
406.520921
477.355278
-691.847841
-604.741293
-519.796969
-435.187526
-297.572774
-199.395181
-149.777183
-74.370914
-1.661482
69.063574
138.750605
334.869006
406.524884
477.360429
-691.832021
-605.687365
-519.786604
-435.179389
-297.568254
-200.002771
-149.175019
-74.369221
-1.660220
69.064671
138.751773
334.872014
406.528848
477.365579
-691.816203
-605.674426
-519.776240
-435.171252
-297.563734
-200.611445
-148.574055
-74.367528
-1.658958
69.065767
138.752940
334.875022
406.532811
477.370729
-691.800386
-605.661488
-519.765876
-435.163116
-297.559215
-201.834826
-147.974288
-74.365835
-1.657696
69.066864
138.754108
334.878031
406.536774
477.375880
-691.784569
-605.648550
-519.755513
-435.154980
-297.554696
-207.405493
-147.971912
-74.364142
-1.656434
69.067960
138.755276
334.881039
406.540737
477.381030
-691.768754
-605.635614
-519.745151
-435.146844
-297.550177
-213.704797
-147.373353
-74.362450
-1.655172
69.069057
138.756443
334.884047
406.544700
477.386180
-691.752940
-605.622678
-519.734789
-435.138709
-297.545658
-217.539656
-147.370991
-74.360757
-1.653910
69.070153
138.757611
334.887056
406.548663
477.391330
-691.737127
-605.609743
-518.811721
-435.130575
-297.541139
-218.825361
-147.368630
-73.822751
-1.652648
69.071249
138.758779
334.890064
406.552626
477.396480
-691.721314
-605.596809
-518.801397
-435.122440
-297.536621
-219.468385
-147.366269
-73.821070
-1.651387
69.072346
138.759946
334.893072
406.556589
477.401630
-691.705503
-604.625237
-518.791073
-435.114307
-297.532102
-220.112591
-147.363907
-73.819390
-1.650125
69.073442
138.761114
334.896080
406.560552
477.406780
-691.689693
-604.612346
-518.780750
-435.106173
-297.527584
-220.757981
-147.361546
-73.817709
-1.648863
69.074538
138.762281
334.899088
406.564515
477.411929
-691.673884
-604.599456
-518.770428
-435.098041
-297.523066
-220.754709
-147.359185
-73.816029
-1.647602
69.075634
138.763449
334.902096
406.609199
477.417079
-691.658077
-604.586567
-518.760106
-435.089908
-297.518549
-221.401269
-147.356824
-73.814349
-1.646340
69.076730
138.764616
334.905103
406.613156
477.365996
-691.642270
-604.573678
-518.749785
-435.081776
-297.514032
-221.397979
-147.354463
-73.812668
-1.645078
69.077827
138.765783
334.908111
406.617113
477.371139
-691.626464
-604.560790
-518.739464
-435.073645
-297.509514
-221.394689
-147.352103
-73.810988
-1.643817
69.078923
139.106067
334.911119
406.621070
477.376282
-691.610659
-604.547903
-518.729144
-435.065514
-297.504998
-221.391400
-147.349742
-73.809308
-1.642555
69.080019
139.107228
334.914126
406.625027
477.381425
-691.594855
-604.535017
-518.718825
-435.057383
-297.500481
-221.388110
-147.347382
-73.807628
-1.641294
69.081115
139.108389
334.917134
406.628984
477.386568
-691.579053
-604.522132
-518.708506
-435.049253
-297.495964
-221.384821
-147.345021
-73.805948
-1.640033
69.082211
139.109550
334.920141
406.632941
477.391710
-691.563251
-604.509247
-518.698188
-435.041124
-297.491448
-221.381532
-147.342661
-73.804268
-1.638771
69.083307
139.110712
334.923149
406.636897
477.396853
-691.547451
-604.496364
-518.687870
-435.032994
-297.486932
-221.378243
-147.340300
-73.802588
-1.637510
69.084403
139.111873
334.926156
406.640854
477.401996
-691.531651
-604.483481
-518.677554
-435.024866
-297.482416
-221.374955
-147.337940
-73.800909
-1.636249
69.085498
139.113034
334.929164
406.644810
477.407138
-691.515853
-604.470599
-518.667237
-435.016737
-297.477901
-221.371666
-147.335580
-73.799229
-1.634988
69.086594
139.114195
334.932171
406.648767
477.412281
-691.500055
-604.457717
-518.656922
-435.008610
-297.473385
-221.368377
-147.333220
-73.797549
-1.633727
69.087690
139.115356
334.935178
406.652723
477.417423
-691.484259
-604.444837
-518.646607
-435.863025
-297.468870
-221.365089
-147.330860
-73.795870
-1.632465
69.088786
139.116517
334.938185
406.656680
477.422566
-691.468464
-604.431957
-518.636292
-435.854867
-297.464355
-221.361801
-147.328501
-73.794190
-1.631204
69.497171
139.117677
334.941192
406.660636
477.427708
-691.452669
-604.419078
-518.625978
-435.846708
-297.459840
-221.358513
-147.326141
-73.792511
-1.629943
69.498259
139.118838
334.944199
406.664592
477.432850
-691.436876
-604.406200
-518.615665
-435.838551
-297.455326
-221.355225
-147.323782
-73.790831
-1.628682
69.499347
139.119999
334.947206
406.668548
477.437992
-691.421084
-604.393323
-518.605352
-435.830393
-297.450812
-221.351937
-147.321422
-73.789152
-1.627421
69.500435
139.121160
334.950213
406.672504
477.443134
-691.405293
-604.380447
-518.595040
-435.822237
-297.446298
-221.348650
-147.319063
-73.787473
-1.626161
69.501523
139.122321
334.953220
406.676460
477.504613
-691.389503
-604.367571
-518.584729
-435.814080
-297.441784
-221.345362
-147.316703
-73.785794
-1.624900
69.502611
138.784457
334.956227
406.680416
477.509761
-691.373714
-604.354696
-518.574418
-435.805924
-297.437270
-221.342075
-147.314344
-73.784115
-1.623639
69.503699
138.785624
334.959233
406.684372
477.571410
-691.357926
-604.341822
-518.564108
-435.797769
-297.432757
-221.338788
-147.311985
-73.782436
-1.622378
69.504787
138.447037
335.096424
406.688328
477.633223
-691.342139
-604.328949
-518.553799
-435.789614
-297.428244
-221.335501
-147.309626
-73.780757
-1.621118
69.505875
138.107718
193.529206
335.099425
406.692284
477.695201
-691.326353
-604.316077
-518.543490
-435.781460
-297.423731
-221.332214
-147.307267
-73.779078
-1.619857
69.506962
137.767665
194.130195
335.102426
406.696240
477.757345
-691.310569
-604.303205
-518.533181
-434.911111
-297.419218
-221.328927
-147.304909
-73.777399
-1.618596
69.508050
137.426875
198.248301
335.105428
406.700195
477.934389
-691.294785
-604.290334
-518.522874
-434.902989
-297.414705
-221.325641
-147.302550
-73.775720
-1.617336
69.101932
136.741872
198.538830
335.108429
406.663562
-691.279002
-604.277464
-518.512566
-434.894867
-297.410193
-221.322354
-147.300191
-73.774041
-1.616075
69.103028
134.666301
199.116211
335.111430
406.667523
-691.263221
-604.264595
-518.502260
-434.886746
-297.405681
-221.319068
-147.297833
-73.772363
-1.614815
68.696067
199.117840
335.114431
406.630800
-691.247440
-604.251727
-518.491954
-434.878626
-297.401169
-221.315782
-147.295475
-73.770684
-1.613554
68.288252
119.704543
199.406325
335.117432
406.593981
-691.231661
-604.238860
-518.481649
-434.870505
-296.694567
-221.312496
-147.293116
-73.769005
-1.612294
67.879581
125.711877
199.407947
335.120433
406.557066
-691.215882
-604.225993
-518.471344
-434.862386
-296.690077
-221.309210
-147.290758
-73.767327
-1.611034
67.058525
126.448649
199.695750
335.123434
406.520056
-691.200105
-604.213127
-518.461040
-434.854267
-296.685587
-221.305925
-147.288400
-73.765648
-2.082998
64.988814
126.816467
199.697367
335.126435
406.400443
-691.184328
-604.200262
-518.450737
-434.846148
-296.681097
-221.302639
-147.286042
-73.763970
-2.081728
127.183441
199.698984
334.995309
406.196293
-691.168553
-604.187398
-518.440434
-434.838029
-296.676607
-221.299354
-147.283684
-73.762292
-2.554642
127.184824
199.700600
334.998315
-691.152779
-604.174534
-518.430132
-434.829911
-296.672118
-221.296069
-147.281326
-73.760614
-3.028519
127.550949
199.702217
334.866863
-691.137006
-604.161672
-518.419830
-434.821794
-296.667629
-221.292784
-146.684534
-73.758935
-3.503362
52.974042
127.552324
199.703834
334.735077
-691.121233
-604.148810
-518.409529
-434.813677
-296.663140
-221.289499
-146.682191
-73.757257
-3.979173
53.858622
127.553699
199.705451
334.602958
-691.105462
-604.135949
-518.399229
-434.805560
-296.658651
-221.286214
-146.679848
-73.755579
-4.935041
54.300128
127.555074
199.707067
334.470503
-691.089692
-604.123088
-518.388929
-434.797444
-296.654162
-221.282929
-146.677506
-74.289723
-6.376935
54.740647
127.556449
199.708684
334.201545
-691.073923
-604.110229
-518.378630
-434.789329
-296.649674
-221.279645
-146.675163
-74.288034
-11.745440
54.742020
127.557824
199.710300
333.380217
-691.058155
-604.097370
-518.368331
-434.781214
-296.645186
-221.276360
-146.672821
-74.823218
55.181545
127.559200
199.711917
-691.042388
-604.084513
-518.358033
-434.773099
-296.640698
-221.273076
-146.670478
-75.359459
-19.779170
55.182909
127.560574
199.713533
-691.026623
-604.071656
-518.347736
-434.764985
-296.636210
-221.269792
-146.668136
-75.896758
-18.757908
55.184274
127.561949
199.715150
-691.010858
-604.058799
-518.337439
-434.756871
-296.631723
-221.266508
-146.665794
-76.435119
-18.756289
55.185638
127.563324
199.716766
-690.995094
-604.045944
-518.327143
-434.748757
-296.627236
-221.263225
-146.663452
-78.060154
-18.246517
55.187002
127.564699
199.718382
-690.979331
-604.033089
-518.316847
-434.740644
-296.622748
-221.259941
-146.661109
-84.108409
-18.244908
55.188366
127.929916
199.719999
-690.963570
-604.020236
-518.306552
-434.732532
-296.618262
-221.256658
-147.253041
-88.027748
-18.243300
55.189730
127.931284
199.721615
-690.947809
-604.007383
-518.296258
-434.724420
-296.613775
-221.253374
-147.250684
-89.723591
-18.241692
55.191094
127.932651
199.437147
-690.932049
-603.994531
-518.285964
-434.716308
-296.609289
-221.250091
-147.843729
-90.859273
-18.240084
55.192458
127.934019
199.438768
-690.916291
-603.981679
-518.275671
-434.708197
-296.604802
-221.246808
-148.437904
-91.427820
-18.238476
55.630933
127.935387
199.153652
-690.900533
-603.968829
-518.265379
-434.700086
-296.600316
-221.243525
-149.033214
-91.997522
-18.236869
55.632288
127.936755
198.867880
-690.884777
-603.955979
-518.255087
-434.691976
-296.595831
-221.240243
-150.229680
-92.568384
-18.235261
55.633643
127.938122
198.581450
-690.869022
-603.943130
-518.244796
-434.683866
-296.591345
-221.236960
-155.680526
-92.566274
-18.233653
55.634998
127.939490
198.294360
-690.853267
-603.930282
-518.234505
-434.675757
-296.586860
-221.883829
-159.367473
-93.138286
-18.232045
55.636353
127.940857
197.425780
-690.837514
-603.917435
-518.224215
-434.667648
-296.582375
-221.880529
-163.725022
-93.136162
-18.230438
55.637708
127.942225
195.668575
-690.821762
-603.904588
-518.213926
-434.659540
-296.577890
-222.528572
-165.609582
-93.134038
-18.228830
55.639063
127.579820
-690.806011
-603.891743
-518.203637
-434.651432
-296.573405
-223.177809
-166.238378
-93.131914
-18.227223
55.640418
127.581194
-690.790260
-603.878898
-518.193349
-434.643324
-296.568921
-223.828243
-166.868410
-93.129790
-18.225615
55.641773
127.217986
-690.774511
-603.866054
-518.183061
-434.635217
-296.564437
-224.479878
-167.499680
-93.127667
-18.224008
55.643128
127.219367
-690.758763
-603.853210
-518.172774
-434.627111
-296.559952
-226.448873
-168.132193
-93.125543
-18.222400
55.644483
126.855352
-690.743016
-603.840368
-518.162488
-434.619004
-297.256905
-240.572281
-168.129306
-93.123420
-18.220793
55.645838
126.123471
-690.727270
-603.827526
-518.152202
-434.610899
-297.252400
-242.633527
-168.763048
-93.121297
-18.219186
55.647193
125.756993
-690.711525
-603.814685
-518.141917
-434.602793
-297.950568
-243.320657
-168.760145
-93.119173
-18.217579
55.648547
124.649745
-690.695782
-603.801845
-518.131632
-434.594688
-298.649977
-244.009092
-168.757242
-93.117050
-18.215972
55.649902
122.034581
-690.680039
-603.789006
-518.121348
-434.586584
-300.057117
-244.698834
-168.754339
-93.114927
-18.214365
55.214277
-690.664297
-603.776168
-518.111065
-434.578480
-330.937077
-245.389889
-168.751436
-93.112804
-18.212758
55.215640
-690.648556
-603.763330
-518.100782
-434.570377
-330.167567
-245.385929
-168.748533
-93.110681
-18.211151
54.779078
-690.632817
-603.750493
-518.090500
-434.562274
-329.399557
-246.078279
-168.745630
-93.108559
-18.209544
54.341568
-690.617078
-603.737657
-518.080218
-434.554171
-328.633041
-246.074300
-168.742728
-92.532518
-18.207937
53.903106
-690.601340
-603.724822
-518.069937
-434.546069
-327.868016
-246.070321
-168.739825
-92.530409
-17.699536
53.463689
-690.585604
-603.711988
-518.059657
-434.537967
-327.104476
-246.066341
-168.736923
-92.528300
-17.697940
52.580564
-690.569868
-603.699154
-518.049377
-434.529866
-326.342419
-246.062363
-168.734021
-92.526191
-17.696345
51.247850
-690.554134
-603.686321
-518.039098
-434.521765
-325.581838
-246.058384
-168.731119
-92.524082
-17.694749
49.005909
-690.538401
-603.673489
-518.028820
-434.513665
-325.576458
-246.054406
-168.728217
-92.521973
-18.199904
-690.522668
-603.660658
-518.018542
-434.505565
-324.817375
-246.050427
-168.725315
-92.519865
-18.198297
-690.506937
-603.647828
-518.008265
-434.497466
-324.812019
-246.046449
-168.722413
-92.517756
-18.196691
-690.491207
-603.634998
-517.997988
-434.489367
-324.054429
-246.042471
-168.719511
-92.515648
-18.702886
-690.475478
-603.622170
-517.987712
-434.481268
-324.049097
-245.342385
-168.716610
-92.513539
-19.210148
-690.459749
-603.609342
-517.977437
-434.473170
-324.043766
-245.338428
-168.713709
-92.511431
-19.718479
-690.444022
-603.596515
-517.967162
-434.465072
-324.038435
-245.334470
-168.710807
-92.509323
-20.227883
-690.428296
-603.583688
-517.956887
-434.456975
-324.033104
-245.330513
-168.707906
-92.507215
-21.251595
-690.412571
-603.570863
-517.946614
-434.448878
-324.027773
-245.326557
-168.705005
-92.505107
-23.832680
-690.396847
-603.558038
-517.936341
-434.440782
-324.022443
-245.322600
-168.702105
-92.502999
-26.441737
-690.381124
-603.545214
-517.926068
-434.432686
-324.017113
-245.318643
-168.699204
-92.500891
-690.365402
-603.532391
-517.915797
-434.424591
-324.011783
-245.314687
-168.696303
-93.072484
-690.349681
-603.519569
-517.905525
-434.416496
-324.006454
-245.310731
-168.693403
-93.070362
-690.333962
-603.506747
-517.895255
-434.408402
-324.001125
-245.306775
-168.690502
-93.643107
-690.318243
-603.493926
-517.884985
-434.400307
-323.995796
-245.302819
-168.687602
-93.640972
-690.302525
-603.481107
-517.874715
-434.392214
-323.990467
-245.298864
-168.684702
-94.214871
-690.286809
-603.468287
-517.864447
-434.384121
-323.985139
-245.294908
-168.681802
-95.368366
-690.271093
-603.455469
-517.854179
-434.376028
-323.979810
-245.290953
-168.042756
-95.945806
-690.255378
-603.442652
-517.843911
-434.367936
-323.974483
-245.286998
-168.039873
-97.689703
-690.239665
-603.429835
-517.833644
-434.359844
-323.969155
-245.283043
-168.036990
-101.212660
-690.223952
-603.417019
-517.823378
-434.351753
-323.963828
-245.279088
-168.034107
-105.379687
-690.208241
-603.404204
-517.813112
-434.343662
-323.958501
-245.275134
-168.667304
-690.192530
-603.391390
-517.802847
-434.335571
-323.953174
-245.271180
-168.664405
-690.176821
-603.378576
-517.792582
-434.327481
-323.947847
-245.267225
-168.661506
-690.161113
-603.365764
-517.782318
-434.319392
-323.942521
-245.263271
-169.295918
-690.145405
-603.352952
-517.772055
-434.311303
-323.937195
-245.259318
-169.293003
-690.129699
-603.340141
-517.761792
-434.303214
-323.931869
-245.255364
-169.928649
-690.113994
-603.327331
-517.751530
-434.295126
-323.926544
-245.251411
-171.206677
-690.098290
-603.314521
-517.741269
-434.287038
-323.921219
-245.247458
-171.846117
-690.082587
-603.301713
-517.731008
-434.278951
-323.915894
-245.243505
-173.778117
-690.066885
-603.288905
-517.720748
-434.270864
-323.910569
-245.239552
-177.680473
-690.051184
-603.276098
-517.710488
-434.262778
-323.905244
-245.235599
-182.294358
-690.035484
-603.263292
-517.700229
-434.254692
-323.899920
-245.231647
-690.019785
-603.250486
-517.689971
-434.246606
-323.894596
-245.227694
-690.004087
-603.237682
-517.679713
-434.238521
-323.889273
-245.919248
-689.988390
-603.224878
-517.669455
-434.230436
-323.883950
-245.915276
-689.972694
-603.212075
-517.659199
-434.222352
-323.878626
-246.608126
-689.956999
-603.199273
-517.648943
-434.214268
-323.873304
-247.302297
-689.941306
-603.186471
-517.638687
-434.206185
-323.867981
-247.997791
-689.925613
-603.173671
-517.628433
-434.198102
-323.862659
-248.694613
-689.909921
-603.160871
-517.618178
-434.190020
-323.857337
-250.096348
-689.894231
-603.148072
-517.607925
-434.181938
-323.852015
-252.920340
-689.878541
-603.135274
-517.597672
-434.173857
-323.846694
-255.766508
-689.862853
-603.122476
-517.587419
-434.165776
-323.841372
-260.804759
-689.847165
-603.109680
-517.577168
-434.157695
-323.836051
-265.913396
-689.831479
-603.096884
-517.566916
-434.149615
-323.830731
-689.815793
-603.084089
-517.556666
-435.000733
-324.576618
-689.800109
-603.071295
-517.546416
-434.992622
-325.323875
-689.784426
-603.058501
-517.536166
-435.845265
-326.072505
-689.768744
-603.045709
-517.525918
-436.699469
-326.822512
-689.753062
-603.032917
-517.515670
-437.555238
-328.332136
-689.737382
-603.020126
-517.505422
-438.412576
-332.139363
-689.721703
-603.007336
-517.495175
-440.140278
-338.309885
-689.706025
-602.994547
-517.484929
-448.910866
-346.952238
-689.690348
-602.981758
-518.382671
-461.477898
-689.674672
-602.968970
-518.372390
-689.658997
-602.956183
-519.271673
-689.643323
-602.943397
-519.261357
-689.627650
-602.930612
-520.162185
-689.611978
-602.917827
-521.979020
-689.596307
-602.905043
-522.884649
-689.580637
-602.892261
-525.632271
-689.564969
-602.879478
-530.252047
-689.549301
-602.866697
-542.480834
-689.533634
-603.806861
-689.517969
-603.794040
-689.502304
-604.735745
-689.486641
-605.679036
-689.470978
-606.623916
-689.455317
-607.570390
-689.439656
-609.481200
-689.423997
-617.230873
-689.408338
-630.067827
-689.392681
-641.161997
-690.369163
-690.353461
-691.331468
-692.311048
-693.292206
-694.274945
-696.261156
-705.338108
-716.624762
-732.367347
-644.891703
-644.878254
-645.751725
-645.738238
-645.724753
-645.711268
-645.697785
-645.684302
-645.670820
-645.657339
-646.531840
-647.407640
-648.284744
-648.271149
-759.725015
-605.567778
-761.855093
-606.586404
-763.992300
-662.933317
-607.606890
-766.136669
-668.041097
-608.629242
-767.201933
-674.233193
-608.615454
-767.182696
-677.346033
-609.639631
-767.163460
-679.425101
-609.625797
-767.144227
-681.511483
-609.611965
-767.124994
-682.549364
-609.598133
-767.105763
-683.589038
-609.584303
-767.086533
-683.572860
-609.570473
-767.067304
-684.614284
-609.556644
-767.048077
-685.657510
-609.542816
-767.028852
-686.702544
-609.528989
-767.009627
-686.686218
-609.515163
-766.990404
-687.733014
-609.501338
-766.971183
-687.716640
-609.487513
-766.951962
-687.700268
-609.473690
-766.932743
-688.748781
-609.459867
-766.913526
-688.732359
-609.446046
-517.264041
-766.894310
-688.715939
-609.432225
-519.213837
-766.875095
-688.699519
-609.418405
-520.186033
-766.855882
-688.683101
-609.404586
-521.160083
-688.666684
-609.390768
-521.148979
-688.650268
-609.376951
-522.124847
-688.633853
-609.363135
-522.113704
-687.552963
-609.349319
-522.102561
-687.536601
-609.335505
-522.091419
-687.520241
-609.321691
-522.080277
-687.503881
-609.307878
-522.069136
-738.096608
-687.487523
-609.294067
-522.057996
-739.115195
-687.471166
-609.280256
-522.046857
-740.135418
-686.392553
-609.266446
-522.035718
-741.157280
-686.376249
-609.252636
-522.024580
-741.139358
-685.299701
-609.238828
-522.013442
-741.121437
-684.225159
-609.225021
-522.002306
-742.144842
-683.152617
-609.211214
-521.991170
-430.766735
-742.126872
-681.029562
-609.197409
-521.980034
-432.603924
-742.108904
-677.867415
-609.183604
-521.968900
-433.520920
-742.090936
-671.609918
-609.169800
-521.957766
-434.439735
-742.072970
-664.396354
-609.155997
-521.946632
-434.430967
-742.055006
-661.323549
-608.105910
-521.935500
-435.351570
-742.037042
-659.279119
-608.092155
-521.924368
-435.342768
-743.061793
-658.252157
-608.078401
-521.913236
-435.333966
-743.043780
-657.227064
-607.030460
-521.902106
-435.325164
-743.025769
-657.212133
-605.984563
-521.890976
-435.316363
-743.007759
-656.188952
-605.970905
-521.879846
-435.307563
-742.989751
-656.174069
-604.927094
-521.868718
-435.298763
-742.971743
-656.159186
-602.859084
-521.857590
-435.289964
-742.953737
-656.144305
-600.798974
-521.846463
-435.281165
-742.935732
-656.129425
-597.730167
-521.835336
-435.272366
-742.917729
-656.114545
-580.722929
-520.838345
-435.263568
-742.899726
-656.099667
-576.789079
-520.827261
-435.254771
-742.881725
-656.084789
-574.826917
-520.816177
-435.245974
-346.649711
-742.863725
-656.069913
-573.842453
-519.821288
-435.237177
-348.367932
-742.845726
-656.055037
-572.859851
-519.810247
-435.228382
-349.226328
-742.827729
-656.040163
-571.879107
-518.817411
-435.219586
-350.086493
-742.809733
-656.025289
-570.900215
-517.826581
-435.210791
-350.079659
-742.791738
-656.010416
-570.888094
-516.837750
-435.201997
-350.941568
-742.773745
-655.995545
-569.911091
-514.876901
-435.193203
-350.934705
-742.755752
-655.980674
-569.899012
-511.955531
-435.184409
-350.927842
-742.737761
-655.965805
-569.886935
-507.131736
-435.175616
-350.920979
-742.719771
-655.950936
-569.874858
-499.516886
-435.166824
-350.914117
-742.701783
-655.936068
-569.862782
-491.090810
-434.229442
-350.907255
-742.683795
-655.921202
-569.850706
-489.230394
-434.220686
-350.900394
-742.665809
-655.906336
-569.838632
-488.297998
-433.285301
-350.893532
-742.647824
-655.891471
-569.826558
-487.367429
-432.351873
-350.886672
-742.629841
-655.876607
-569.814485
-486.438680
-431.420394
-350.879811
-741.570431
-655.861745
-569.802413
-486.428990
-430.490859
-350.872951
-262.030379
-741.552502
-655.846883
-569.790341
-485.502093
-428.646139
-350.866091
-263.611948
-741.534573
-655.832022
-569.778270
-485.492441
-424.079883
-350.859232
-264.402707
-741.516646
-655.817162
-569.766200
-485.482789
-413.318557
-349.984026
-265.195153
-741.498720
-655.802304
-569.754131
-485.473137
-408.905813
-349.977197
-265.189964
-741.480795
-655.787446
-569.742062
-485.463486
-406.276120
-349.103915
-265.984078
-741.462872
-655.772589
-569.729994
-485.453836
-405.397927
-349.097118
-265.978863
-741.444950
-655.757733
-569.717927
-485.444187
-404.521514
-348.225755
-265.973649
-741.427029
-655.742878
-569.705861
-485.434537
-403.646875
-347.356273
-265.968435
-741.409109
-655.728024
-569.693795
-485.424889
-402.774005
-345.629606
-265.963222
-741.391191
-655.713171
-569.681731
-485.415241
-402.766420
-343.910272
-265.958009
-741.373273
-655.698319
-569.669667
-485.405593
-401.895345
-340.499921
-265.952795
-741.355358
-655.683468
-569.657603
-485.395947
-401.887792
-337.118119
-265.947583
-741.337443
-655.668618
-569.645541
-485.386300
-401.880239
-327.152563
-265.143271
-741.319529
-655.653769
-569.633479
-485.376655
-401.872686
-325.510527
-265.138084
-178.454767
-741.301617
-655.638921
-569.621418
-485.367009
-401.865134
-324.689081
-264.335591
-180.610030
-741.283706
-655.624074
-569.609357
-485.357365
-401.857582
-323.869357
-263.534884
-181.329070
-741.265797
-655.609228
-569.597298
-485.347721
-401.850031
-323.051351
-262.735959
-182.049697
-741.247888
-655.594383
-569.585239
-485.338077
-401.842480
-322.235056
-261.938809
-182.045789
-741.229981
-655.579539
-569.573181
-485.328434
-401.834929
-322.229174
-260.354844
-182.041882
-742.252476
-655.564696
-569.561124
-485.318792
-401.827379
-321.414613
-257.212596
-182.764058
-742.234520
-655.549854
-569.549067
-485.309150
-401.819829
-321.408759
-248.718606
-182.034068
-742.216565
-655.535013
-569.537011
-485.299509
-401.812280
-321.402905
-245.676270
-182.030161
-742.198612
-655.520172
-569.524956
-485.289869
-401.804731
-321.397051
-244.162562
-182.026254
-742.180659
-655.505333
-569.512902
-485.280229
-401.797183
-321.391198
-243.405883
-181.297981
-742.162708
-655.490495
-569.500849
-485.270589
-401.789635
-321.385345
-242.650841
-180.571376
-742.144759
-655.475658
-569.488796
-485.260950
-401.782087
-321.379492
-241.897430
-179.126975
-742.126810
-655.460822
-569.476744
-485.251312
-401.774540
-321.373639
-241.145644
-177.689099
-98.268061
-742.108863
-655.445986
-569.464693
-485.241674
-401.766993
-321.367787
-241.141202
-174.128190
-98.909210
-742.090917
-655.431152
-569.452642
-485.232037
-401.759447
-321.361935
-240.391060
-168.514805
-99.551818
-742.072972
-655.416319
-569.440592
-485.222400
-401.751901
-321.356083
-240.386641
-165.055268
-100.195890
-742.055029
-655.401486
-569.428543
-485.212764
-401.744355
-321.350232
-240.382222
-163.680057
-100.192929
-742.037087
-655.386655
-569.416495
-485.203128
-401.736810
-321.344381
-240.377803
-162.993043
-99.542984
-742.019146
-655.371825
-569.404447
-485.193493
-401.729265
-321.338530
-240.373384
-162.307558
-99.540039
-742.001206
-655.356995
-569.392401
-485.183859
-401.721721
-321.332680
-240.368966
-161.623598
-98.891643
-741.983267
-655.342167
-569.380355
-485.174225
-401.714177
-321.326830
-240.364547
-160.941157
-96.961343
-741.965330
-655.327339
-569.368309
-485.164592
-401.706633
-321.320980
-240.360129
-160.937844
-92.512828
-741.947394
-655.312513
-569.356265
-485.154959
-401.699090
-321.315130
-240.355711
-160.256936
-88.135176
-741.929459
-655.297687
-569.344221
-485.145327
-401.691548
-321.309281
-240.351294
-160.253642
-86.278825
-741.911526
-655.282863
-569.332178
-485.135695
-401.684005
-321.303432
-240.346876
-160.250348
-85.047425
-741.893594
-655.268039
-569.320136
-485.126064
-401.676464
-321.297583
-239.598575
-160.247054
-84.432547
-741.875663
-655.253217
-569.308094
-485.116434
-401.668922
-321.291735
-239.594181
-160.243760
-83.819079
-741.857733
-655.238395
-569.296053
-485.106804
-401.661381
-321.285887
-239.589786
-160.240467
-83.207015
-741.839805
-655.223575
-569.284013
-485.097175
-401.653841
-321.280039
-239.585392
-160.237173
-83.204488
-741.821877
-655.208755
-569.271974
-485.087546
-401.646300
-321.274192
-239.580998
-160.233880
-82.593840
-741.803951
-655.193936
-569.259936
-485.077918
-401.638761
-321.268345
-239.576605
-160.230587
-82.591328
-741.786027
-655.179119
-569.247898
-485.068290
-401.631221
-321.262498
-239.572211
-160.227294
-82.588817
-2.376972
-741.768103
-655.164302
-569.235861
-485.058663
-401.623682
-321.256651
-239.567818
-160.224001
-82.586306
-3.428637
-741.750181
-655.149486
-569.223825
-485.049037
-401.616144
-321.250805
-239.563424
-160.220708
-82.583795
-3.955289
-741.732260
-655.134672
-569.211789
-485.039411
-401.608606
-321.244959
-239.559032
-160.217416
-82.581284
-4.483139
-741.714340
-655.119858
-569.199754
-485.029785
-401.601068
-321.239114
-239.554639
-160.214123
-82.578773
-4.481152
-741.696422
-655.105045
-569.187720
-485.020160
-401.593531
-321.233268
-239.550246
-160.210831
-82.576262
-5.010192
-741.678504
-655.090233
-569.175687
-485.010536
-401.585994
-321.227423
-239.545854
-160.207539
-82.573752
-5.008193
-741.660588
-655.075422
-569.163655
-485.000913
-401.578458
-321.221579
-239.541462
-160.204247
-82.571241
-5.006195
73.810795
-741.642674
-655.060613
-569.151623
-484.991289
-401.570921
-321.215734
-239.537070
-160.200955
-82.568731
-5.004196
72.917605
-741.624760
-655.045804
-569.139592
-484.981667
-401.563386
-321.209890
-239.532678
-160.197664
-82.566220
-5.002198
72.470307
-741.606848
-655.030996
-569.127561
-484.972045
-401.555851
-321.204046
-239.528287
-160.194372
-82.563710
-5.000199
72.021961
-741.588937
-655.016189
-569.115532
-484.962423
-401.548316
-321.198203
-239.523896
-160.191081
-82.561200
-4.998201
72.023725
-741.571027
-655.001383
-569.103503
-484.952803
-401.540781
-321.192359
-239.519505
-160.187789
-82.558690
-4.996202
71.574335
-741.553119
-654.986578
-569.091475
-484.943182
-401.533248
-321.186516
-239.515114
-160.184498
-82.556180
-4.994204
71.576109
-741.535211
-654.971774
-569.079448
-484.933563
-401.525714
-321.180674
-239.510723
-160.181207
-82.553670
-4.992206
71.577883
-741.517305
-654.956971
-569.067421
-484.923943
-401.518181
-321.174831
-239.506333
-160.177916
-82.551161
-4.990208
71.579657
148.881834
-741.499401
-654.942169
-569.055396
-484.914325
-401.510648
-321.168989
-239.501942
-160.174626
-82.548651
-4.988210
71.581430
148.154625
-741.481497
-654.927368
-569.043371
-484.904707
-401.503116
-321.163148
-239.497552
-160.171335
-82.546141
-4.986212
71.583204
147.790605
-741.463595
-654.912568
-569.031346
-484.895089
-401.495584
-321.157306
-239.493163
-160.168045
-82.543632
-4.984214
71.584977
147.425705
-741.445694
-654.897769
-569.019323
-484.885472
-401.488052
-321.151465
-239.488773
-160.164755
-82.541123
-4.982216
71.586751
147.427528
-741.427794
-654.882971
-569.007300
-484.875856
-401.480521
-321.145624
-239.484384
-160.161465
-82.538613
-4.980218
71.588524
147.061754
-741.409895
-654.868174
-568.995278
-484.866240
-401.472991
-321.139784
-239.479995
-160.158175
-82.536104
-4.978220
71.590297
147.063584
-741.391998
-654.853377
-568.983257
-484.856625
-401.465460
-321.133944
-239.475606
-160.154885
-82.533595
-4.976223
71.592070
147.065414
-741.374102
-654.838582
-568.971236
-484.847010
-401.457931
-321.128104
-239.471217
-160.151595
-82.531086
-4.974225
71.593844
147.067244
-741.356207
-654.823788
-568.959216
-484.837396
-401.450401
-321.122264
-239.466828
-160.148306
-82.528578
-4.972228
71.595617
147.069075
-741.338314
-654.808995
-568.947197
-484.827783
-401.442872
-321.116425
-239.462440
-160.145016
-82.526069
-4.970230
71.597390
147.070905
223.428869
-741.320421
-654.794203
-568.935179
-484.818170
-401.435344
-321.110586
-239.458052
-160.141727
-82.523560
-4.968233
71.599163
147.072735
222.877604
-741.302530
-654.779411
-568.923161
-484.808557
-401.427815
-321.104747
-239.453664
-160.138438
-82.521052
-4.966236
71.600936
147.074565
222.602009
-741.284640
-654.764621
-568.911145
-484.798945
-401.420288
-321.098908
-239.449276
-160.135149
-82.518543
-4.964239
71.602709
147.076395
222.325730
-741.266752
-654.749832
-568.899129
-484.789334
-401.412760
-320.287503
-239.444889
-160.131860
-82.516035
-4.962242
71.604481
147.078225
222.327872
-741.248865
-654.735043
-568.887113
-484.779723
-401.405233
-320.281692
-239.440501
-160.128572
-82.513527
-4.960245
71.606254
147.080055
222.050913
-741.230978
-654.720256
-568.875099
-484.770113
-401.397707
-320.275881
-239.436114
-160.125283
-82.511019
-4.958248
71.608027
147.081884
222.053061
-741.213094
-654.705469
-568.863085
-484.760504
-401.390181
-320.270070
-239.431727
-160.121995
-82.508511
-4.956251
71.609800
147.083714
222.055209
-741.195210
-654.690684
-568.851072
-484.750895
-401.382655
-320.264260
-239.427341
-160.118707
-82.506003
-4.954254
71.611572
147.085544
222.057357
-741.177328
-654.675899
-568.839060
-484.741286
-401.375130
-320.258450
-239.422954
-160.115418
-82.503495
-4.952257
71.613345
147.087374
222.059504
296.882864
-741.159447
-654.661116
-568.827048
-484.731678
-401.367605
-320.252640
-239.418568
-160.112131
-82.500988
-4.950261
71.615117
147.089203
222.061652
296.514310
-741.141567
-654.646333
-568.815037
-484.722071
-401.360080
-320.246831
-239.414182
-160.108843
-82.498480
-4.948264
71.616890
147.091033
222.063800
296.143872
-741.123688
-654.631552
-568.803027
-484.712464
-401.352556
-320.241021
-239.409796
-160.105555
-82.495972
-4.946267
71.618662
147.092862
222.065947
296.146596
-741.105811
-654.616771
-568.791018
-484.702858
-401.345033
-320.235213
-239.405411
-160.102268
-82.493465
-4.944271
71.620434
147.094692
222.068095
295.962035
-741.087935
-654.601992
-568.779009
-484.693252
-401.337510
-320.229404
-239.401025
-160.098980
-82.490958
-4.942275
71.622206
147.096521
222.070242
295.964765
-741.070060
-654.587213
-568.767001
-484.683647
-401.329987
-320.223596
-239.396640
-160.095693
-82.488451
-4.940278
71.623979
147.098350
222.072390
295.779739
-741.052186
-654.572436
-568.754994
-484.674043
-401.322464
-320.217788
-239.392255
-160.092406
-82.485944
-4.938282
71.625751
147.100179
222.074537
295.782473
-741.034314
-654.557659
-568.742988
-484.664439
-401.314942
-320.211980
-239.387870
-160.089119
-82.483437
-4.936286
71.627523
147.102009
222.076684
295.785208
-741.016442
-654.542883
-568.730982
-484.654835
-401.307421
-320.206173
-239.383486
-160.085832
-82.480930
-4.934290
71.629295
147.103838
222.078832
295.787943
368.954911
-740.998573
-654.528108
-568.718978
-484.645232
-401.299900
-320.200366
-239.379101
-160.082546
-82.478423
-4.932294
71.631067
147.105667
222.080979
295.790678
368.866289
-740.980704
-654.513335
-568.706973
-484.635630
-401.292379
-320.194559
-239.374717
-160.079259
-82.475916
-4.930298
71.632839
147.107496
222.083126
295.793412
368.777435
-740.962836
-654.498562
-568.694970
-484.626028
-401.284859
-320.188752
-239.370333
-160.075973
-82.473410
-4.928302
71.634610
147.109325
222.085273
295.796147
368.688348
-740.944970
-654.483790
-568.682967
-484.616427
-401.277339
-320.182946
-239.365949
-160.072687
-82.470903
-4.926306
71.636382
147.111154
222.087420
295.798881
368.691920
-740.927105
-654.469019
-568.670966
-484.606827
-401.269819
-320.177140
-239.361566
-160.069401
-82.468397
-4.924311
71.638154
147.112983
222.089567
295.801615
368.602606
-740.909242
-654.454249
-568.658965
-484.597227
-401.262300
-320.171335
-239.357183
-160.066115
-82.465891
-4.922315
71.639925
147.114812
222.091714
295.804350
368.606183
-740.891379
-654.439481
-568.646964
-484.587627
-401.254781
-320.165529
-239.352800
-160.062829
-82.463384
-4.920320
71.641697
147.116640
222.093861
295.807084
368.609759
-740.873518
-654.424713
-568.634965
-484.578028
-401.247263
-320.159724
-239.348417
-160.059544
-82.460878
-4.918324
71.643469
147.118469
222.096008
295.809818
368.613336
440.545150
-740.855658
-654.409946
-568.622966
-484.568430
-401.239745
-320.153920
-239.344034
-160.056258
-82.458372
-4.916329
71.645240
147.120298
222.098155
296.000240
368.616913
440.560658
-740.837799
-654.395180
-568.610968
-484.558832
-401.232228
-320.148115
-239.339651
-160.052973
-82.455867
-4.914333
71.647011
147.122126
222.100301
296.002968
368.620490
440.570761
-740.819942
-654.380415
-568.598970
-484.549235
-401.224711
-320.142311
-239.335269
-160.049688
-82.453361
-4.912338
71.648783
147.123955
222.102448
296.005697
368.624066
440.580892
-740.802085
-654.365651
-568.586974
-484.539638
-401.217194
-320.136507
-239.330887
-160.046403
-82.450855
-4.910343
71.650554
147.493111
222.383536
296.008425
368.627643
440.591050
-740.784230
-654.350888
-568.574978
-484.530042
-401.209678
-320.130704
-239.326505
-160.043118
-82.448350
-4.908348
71.652325
147.494932
222.385676
296.011153
368.631219
440.595699
-740.766377
-654.336126
-568.562983
-484.520447
-401.202162
-320.124901
-239.322124
-160.039833
-82.445844
-4.906353
71.654096
147.496753
222.387817
296.013881
368.727631
440.600349
-740.748524
-654.321364
-568.550988
-484.510852
-401.194647
-320.119098
-239.317742
-160.036548
-82.443339
-4.904358
71.655868
147.498573
222.389957
296.016609
368.731202
440.610546
-740.730673
-654.306604
-568.538995
-484.501257
-401.187132
-320.113295
-239.313361
-160.033264
-82.440833
-4.902363
71.657639
147.500394
222.392097
296.019338
368.734773
440.615202
-740.712823
-654.291845
-568.527002
-484.491663
-401.179617
-320.107493
-239.308980
-159.355128
-82.438328
-4.900368
71.659410
147.502214
222.394237
296.022066
368.738343
440.619858
-740.694974
-654.277087
-568.515009
-484.482070
-401.172103
-320.101691
-239.304599
-159.351862
-82.435823
-4.898373
71.661181
147.504035
222.396377
296.024794
368.741914
440.624513
-740.677126
-654.262330
-567.544672
-483.560842
-401.164589
-320.095889
-239.300218
-159.348596
-82.433318
-4.896379
71.662951
147.505855
222.398516
296.027521
368.745484
440.629169
-740.659280
-654.247574
-567.532722
-483.551286
-401.157076
-320.090088
-239.295838
-159.345331
-82.430814
-4.894384
71.664722
147.507676
222.400656
296.030249
368.749055
440.633824
-740.641435
-654.232818
-567.520773
-483.541730
-401.149563
-320.084287
-239.291458
-159.342066
-82.428309
-4.892390
71.666493
147.509496
222.402796
296.032977
368.752625
440.638480
-740.623591
-654.218064
-567.508824
-483.532174
-401.142051
-320.078486
-239.287078
-159.338800
-82.425804
-4.890395
71.668264
147.511316
222.404936
296.035705
368.756195
440.643135
-740.605748
-654.203311
-567.496877
-483.522620
-400.275874
-320.072685
-239.282698
-159.335535
-82.423300
-4.888401
71.670034
147.513137
222.407075
296.038432
368.759766
440.647790
-740.587907
-654.188558
-567.484930
-483.513065
-400.268393
-320.066885
-239.278319
-159.332270
-82.420795
-4.886406
71.671805
147.514957
222.409215
296.041160
368.763336
440.652445
-740.570067
-654.173807
-567.472983
-483.503512
-400.260912
-320.061085
-239.273939
-159.329006
-82.418291
-4.884412
71.673575
147.516777
222.411354
296.043887
368.766906
440.657100
-740.552228
-654.159057
-567.461038
-483.493959
-400.253432
-320.055285
-239.269560
-159.325741
-81.810099
-4.882418
71.675346
147.518597
222.413494
296.046615
368.770476
440.656139
-740.534390
-654.144307
-567.449093
-483.484406
-400.245953
-320.049486
-239.265181
-159.322477
-81.807609
-4.880424
72.127713
147.520417
222.415633
296.049342
368.774046
440.660788
-740.516554
-654.129559
-567.437149
-483.474854
-400.238474
-320.043687
-239.260802
-159.319212
-81.805120
-4.878430
72.129474
147.522237
222.417773
296.052070
368.777616
440.665436
-740.498719
-654.114811
-567.425205
-483.465303
-400.230995
-320.037888
-239.256424
-159.315948
-81.802632
-4.876436
72.131234
147.524057
222.419912
296.054797
368.781185
440.670085
-740.480885
-654.100065
-567.413263
-483.455752
-399.366747
-320.032090
-239.252045
-159.312684
-81.800143
-4.874442
72.132995
147.525877
222.422051
296.057524
368.784755
440.674733
-740.463052
-654.085319
-567.401321
-483.446201
-399.359299
-319.223552
-239.247667
-159.309420
-81.797654
-4.872448
72.134756
147.527696
222.424190
296.060251
368.788325
440.679382
-740.445221
-654.070574
-567.389380
-483.436652
-398.496818
-319.217780
-239.243289
-159.306156
-81.795165
-4.870455
72.136516
147.529516
222.426329
296.062978
368.791894
440.684030
-740.427391
-654.055831
-567.377440
-483.427102
-397.636067
-318.410950
-239.238912
-159.302893
-81.792677
-4.868461
72.138276
147.531336
222.428469
296.065705
368.795464
440.688678
-740.409562
-654.041088
-567.365500
-483.417554
-395.927060
-317.605794
-239.234534
-159.299629
-81.790189
-4.866467
72.140037
147.533155
222.430608
296.068432
368.799033
440.693326
-740.391734
-654.026347
-567.353561
-483.408006
-376.006257
-316.802309
-238.489706
-159.296366
-81.787700
-4.864474
72.141797
147.534975
222.432746
296.071159
368.802603
440.697974
-740.373907
-654.011606
-567.341623
-483.398458
-374.381215
-315.205968
-238.485351
-159.293103
-81.785212
-4.862480
72.143558
147.536794
222.434885
296.073886
368.806172
440.702623
-740.356082
-653.996866
-567.329686
-483.388911
-373.567769
-312.826440
-237.742141
-159.289840
-81.782724
-4.860487
72.145318
147.538614
222.437024
296.076613
368.809741
440.707270
-740.338258
-653.982127
-567.317749
-483.379365
-372.755908
-301.930002
-237.737809
-159.286577
-81.780236
-4.858494
72.147078
147.540433
222.439163
296.079339
368.813310
440.711918
-740.320435
-653.967390
-567.305813
-483.369819
-371.945629
-297.349520
-236.996213
-159.283314
-81.777748
-4.856501
72.148838
147.542253
222.441302
296.082066
368.816879
440.716566
-740.302614
-653.952653
-567.293878
-483.360274
-371.939142
-295.831424
-236.256204
-159.280051
-81.775260
-4.854508
72.150598
147.544072
222.443440
296.084793
368.820449
440.721214
-740.284793
-653.937917
-567.281943
-483.350729
-371.130467
-295.072147
-234.785169
-159.276789
-81.772773
-4.322442
72.152358
147.545891
222.445579
296.087519
368.824017
440.725862
-740.266974
-653.923182
-567.270010
-483.341185
-371.124008
-294.314399
-233.320331
-158.600595
-81.770285
-4.320461
72.154118
147.547710
222.447718
296.090246
368.827586
440.730509
-740.249156
-653.908448
-567.258077
-483.331641
-371.117551
-293.558177
-224.679029
-158.597351
-81.767798
-4.318480
72.155878
147.549529
222.449856
296.092972
368.831155
440.735157
-740.231340
-653.893715
-567.246144
-483.322098
-371.111093
-292.803475
-217.638924
-157.922668
-81.765310
-4.316499
72.157638
147.551349
222.451995
296.095698
368.834724
440.739804
-740.213524
-653.878983
-567.234213
-483.312555
-371.104636
-292.798551
-216.245145
-157.249472
-82.368225
-4.314518
72.159397
147.553168
222.454133
296.098425
368.838293
440.744452
-740.195710
-653.864252
-567.222282
-483.303013
-371.098180
-292.045389
-215.548560
-156.577759
-82.365723
-4.312538
72.161157
147.554987
222.456271
296.101151
368.841861
440.749099
-740.177897
-653.849522
-567.210352
-483.293472
-371.091723
-292.040489
-214.853418
-155.241913
-82.969952
-4.310557
72.162917
147.556805
222.458410
296.103877
368.845430
440.753746
-740.160086
-653.834793
-567.198423
-483.283931
-371.085267
-292.035589
-214.159717
-147.362049
-82.967435
-4.838565
72.164676
147.558624
222.460548
296.106603
368.848998
440.758393
-740.142275
-653.820065
-567.186495
-483.274391
-371.078812
-292.030689
-214.156072
-82.964918
-4.836573
72.166436
147.560443
222.462686
296.109329
368.852567
440.763040
-740.124466
-653.805338
-567.174567
-483.264851
-371.072356
-292.025789
-213.463826
-136.535987
-82.962401
-5.365770
72.168195
147.562262
222.464824
296.112055
368.856135
440.767687
-740.106658
-653.790612
-567.162640
-483.255312
-371.065901
-292.020890
-213.460200
-136.533326
-82.353213
-5.363766
72.169955
147.564081
222.466962
296.114781
368.859703
440.772334
-740.088852
-653.775886
-567.150713
-483.245773
-371.059447
-292.015991
-213.456574
-136.530664
-82.350712
-5.361762
71.721357
147.565899
222.469100
296.117507
368.863272
440.776981
-740.071046
-653.761162
-567.138788
-483.236235
-371.052992
-292.011092
-213.452949
-136.528003
-82.348210
-5.359757
71.723126
147.567718
222.471238
296.120233
368.866840
440.781628
-740.053242
-653.746439
-567.126863
-483.226698
-371.046538
-292.006194
-213.449323
-136.525342
-58.040349
-4.826611
71.273485
147.569536
222.473376
296.122958
368.870408
440.786275
-740.035439
-653.731717
-567.114939
-483.217161
-371.040085
-292.001295
-213.445698
-136.522681
-59.146131
-4.824619
71.275264
147.571355
222.475514
296.125684
368.873976
440.790921
-740.017637
-653.716995
-567.103016
-483.207625
-371.033631
-291.996397
-213.442073
-136.520020
-59.699808
-4.292735
71.728432
147.573173
222.477652
296.128410
368.877544
440.795568
-739.999837
-653.702275
-567.091093
-483.198089
-371.027178
-291.991499
-213.438448
-136.517359
-60.254654
-3.762097
71.730201
147.208010
222.479789
296.131135
368.881112
440.800214
-739.982037
-653.687556
-567.079171
-483.188553
-371.020726
-291.986602
-213.434823
-136.514698
-60.252683
16.430733
71.731970
147.209836
222.481927
296.133861
368.884680
440.804861
-739.964239
-653.672837
-567.067250
-483.179019
-371.014273
-291.981705
-213.431199
-136.512038
-60.808690
15.465088
72.184028
147.211662
222.484065
296.136586
368.888247
440.809507
-739.946442
-653.658120
-567.055330
-483.169485
-371.007822
-291.976807
-213.427575
-136.509377
-60.806706
14.981456
73.083147
147.213488
222.486202
296.139311
368.891815
440.814153
-739.928647
-653.643403
-567.043410
-483.159951
-371.001370
-291.971911
-213.423950
-136.506717
-60.804722
14.496771
73.977988
147.582265
222.488340
296.142037
368.895383
440.818800
-739.910853
-653.628688
-567.031491
-483.150418
-370.994919
-291.967014
-213.420326
-136.504056
-60.802739
14.498338
147.584083
222.211852
296.144762
368.898950
440.823446
-739.893059
-653.613973
-567.019573
-483.140885
-370.988468
-291.962118
-213.416702
-136.501396
-60.800756
14.012607
89.364256
147.951942
222.213996
296.147487
368.902518
440.828092
-739.875268
-653.599260
-567.007656
-483.131353
-370.982017
-291.957221
-213.413079
-136.498736
-60.798772
14.014184
88.955339
148.683147
222.216139
296.150212
368.906085
440.832738
-739.857477
-653.584547
-566.995739
-483.121822
-370.975567
-291.952326
-213.409455
-136.496076
-60.796789
14.015761
88.545506
149.048303
222.496889
296.152937
368.909652
440.837384
-739.839687
-653.569835
-566.983823
-483.112291
-370.969117
-291.947430
-213.405832
-136.493416
-60.794806
14.017339
88.134754
149.774154
222.499026
296.155662
368.913220
440.842029
-739.821899
-653.555125
-566.971908
-483.102761
-370.962668
-291.942535
-213.402209
-135.866498
-60.792823
14.018916
88.136184
222.779060
296.158387
368.916787
440.846675
-739.804112
-653.540415
-566.959993
-483.093231
-370.156281
-291.937639
-213.398586
-135.863855
-60.790840
14.020493
87.724518
161.570487
223.334892
296.161112
368.920354
440.851321
-739.786327
-653.525706
-566.948080
-483.083702
-370.149859
-291.932744
-213.394963
-135.861211
-60.788857
14.022070
87.725957
161.238521
223.887942
296.163837
368.923921
440.855967
-739.768542
-653.510999
-566.936167
-483.074174
-370.143438
-291.927850
-213.391340
-135.858568
-60.786874
14.023647
87.727396
160.905789
224.164480
296.166561
368.927488
440.860612
-739.750759
-653.496292
-566.924254
-483.064646
-370.137017
-291.922955
-213.387717
-135.855924
-60.784891
14.025224
87.728835
160.572290
224.713391
296.169286
368.931055
440.865258
-739.732977
-653.481586
-566.912343
-483.055118
-370.130596
-291.918061
-213.384095
-135.853281
-60.782908
14.026801
87.730274
160.573845
227.940162
296.172011
368.934622
440.869903
-739.715196
-653.466881
-566.900432
-483.045591
-370.124176
-291.913167
-213.380473
-135.850638
-60.780926
14.028378
87.731713
160.239582
296.174735
368.938188
440.874548
-739.697417
-653.452177
-566.888522
-483.036065
-370.117756
-291.908273
-213.376851
-135.847995
-60.778943
14.029955
87.733152
160.241143
296.177460
368.941755
440.879194
-739.679638
-653.437474
-566.876613
-483.026539
-370.111337
-291.903380
-213.373229
-135.845352
-60.776961
14.031532
87.734590
160.242704
296.367019
368.945322
440.883839
-739.661861
-653.422772
-566.864704
-483.017014
-370.104917
-291.898487
-213.369607
-135.842709
-60.774978
14.033109
87.736029
160.244266
296.369738
368.948888
440.888484
-739.644085
-653.408071
-566.852797
-483.007489
-370.098498
-291.893594
-213.365986
-135.840067
-60.772996
14.034685
87.737468
160.245827
296.372456
368.952455
440.893129
-739.626311
-653.393371
-566.840889
-482.997965
-370.092080
-291.888701
-213.362364
-135.837424
-60.771014
14.036262
87.738906
160.247388
296.375175
368.956021
440.897774
-739.608537
-653.378672
-566.828983
-482.988441
-370.085662
-291.883809
-213.358743
-135.834782
-60.769032
14.037839
87.740345
160.248949
296.377894
368.959588
440.902419
-739.590765
-653.363974
-566.817078
-482.978918
-370.079244
-291.878916
-213.355122
-135.832139
-60.767049
14.039415
87.741783
160.250510
296.380612
368.963154
440.907064
-739.572994
-653.349277
-566.805173
-482.969396
-370.072826
-291.874024
-213.351501
-135.829497
-60.765067
14.040992
87.743222
160.252071
296.383330
369.058937
440.905766
-739.555225
-653.334581
-566.793269
-482.959874
-370.066409
-291.869132
-213.347880
-135.826855
-60.763085
14.042568
87.744660
160.253632
296.386049
369.062498
440.910404
-739.537456
-652.322309
-566.781365
-482.950352
-370.059992
-291.864241
-213.344260
-135.824213
-60.761104
14.044144
87.746098
160.255192
296.388767
369.066058
440.915043
-739.519689
-652.307660
-566.769463
-482.940832
-370.053576
-291.859350
-213.340640
-135.821571
-60.759122
14.045721
87.747537
160.256753
296.391485
369.069619
440.919681
-739.501923
-652.293013
-566.757561
-482.931311
-370.047159
-291.854459
-213.337019
-135.818929
-60.757140
14.047297
87.748975
160.594053
296.394204
369.073179
440.924319
-739.484158
-652.278366
-566.745659
-482.921792
-370.040744
-291.849568
-213.333399
-135.816288
-60.755158
14.048873
87.750413
160.595607
296.396922
369.076739
440.928958
-739.466395
-652.263720
-566.733759
-482.912273
-370.034328
-291.844677
-213.329779
-135.813646
-60.753177
14.050449
87.751851
160.597161
296.399640
369.080300
440.933596
-739.448633
-652.249075
-566.721859
-482.902754
-370.027913
-291.093987
-213.326160
-135.811005
-60.751195
14.052025
87.753290
160.598715
296.402358
369.083860
440.938234
-739.430872
-652.234431
-566.709960
-482.893236
-370.021498
-291.089120
-213.322540
-135.808363
-60.749214
14.053601
87.754728
160.600269
296.405076
369.087420
440.942872
-739.413112
-652.219788
-566.698062
-482.883718
-370.015084
-290.339957
-212.632487
-135.805722
-60.747233
14.055177
87.756166
160.601823
296.407794
369.090980
440.947510
-739.395353
-652.205146
-566.686165
-482.874202
-370.008669
-289.592292
-212.628887
-135.803081
-60.745251
14.056753
87.757604
160.603377
296.410512
369.094540
440.952147
-739.377596
-652.190505
-566.674268
-482.864685
-370.002256
-288.846122
-212.625288
-135.800440
-60.743270
14.058329
87.759042
160.604931
296.413229
369.098100
440.956785
-739.359840
-652.175865
-566.662372
-482.855169
-369.995842
-288.101442
-211.936698
-135.797799
-60.741289
14.059905
87.760479
160.606485
296.415947
369.101660
440.961423
-739.342085
-652.161226
-566.650477
-482.845654
-369.989429
-285.885706
-211.933117
-135.795158
-60.739308
14.061481
87.761917
160.608038
296.418665
369.105220
440.966060
-739.324331
-652.146588
-566.638582
-482.836139
-369.983016
-280.771997
-211.245966
-135.792518
-60.737327
14.063056
87.763355
160.609592
296.421382
369.108779
440.970698
-739.306579
-652.131951
-566.626688
-482.826625
-369.976604
-272.168052
-210.560229
-135.789877
-60.735346
14.064632
87.764793
160.611146
296.424100
369.112339
440.975335
-739.288827
-652.117315
-566.614795
-482.817112
-369.970191
-270.044629
-209.875903
-135.164756
-60.733366
14.066208
87.766231
160.612700
296.426817
369.115898
440.979973
-739.271077
-652.102679
-566.602903
-482.807599
-369.963780
-268.634390
-208.514949
-135.162131
-60.731385
14.067783
87.353877
160.614253
296.429535
369.119458
440.984610
-739.253329
-652.088045
-566.591011
-482.798086
-369.957368
-267.929218
-205.812958
-134.538352
-60.171945
13.581353
87.355323
160.615807
296.432252
369.123017
440.989247
-739.235581
-652.073412
-566.579121
-482.788574
-369.950957
-267.225416
-197.842186
-133.915895
-60.169977
13.582939
86.942050
160.281720
296.434969
369.126577
440.993884
-739.217835
-652.058779
-566.567230
-482.779063
-369.944546
-266.522978
-193.925827
-133.294756
-59.611772
13.584524
86.943504
160.283280
296.437686
369.130136
440.998522
-739.200090
-652.044148
-566.555341
-482.769552
-369.938136
-266.518855
-192.628614
-132.058961
-59.054785
13.586110
86.944958
160.284840
296.440404
369.133695
441.003159
-739.182346
-652.029518
-566.543452
-482.760042
-369.931726
-265.817799
-191.980418
-128.995681
-57.946367
13.587696
86.946412
160.286400
296.443121
369.137254
441.007795
-739.164603
-652.014888
-566.531565
-482.750532
-369.925316
-265.813697
-191.333519
-118.818759
-56.842723
13.589281
87.362551
160.287960
296.445838
369.140814
441.012432
-739.146862
-652.000260
-566.519677
-482.741023
-369.918907
-265.809595
-190.687912
-117.642555
-50.328138
14.078810
87.363997
160.289520
296.448555
369.144373
441.017069
-739.129122
-651.985632
-566.507791
-482.731514
-369.912498
-265.805494
-190.684915
-117.055165
-38.293489
30.954261
87.779168
160.291080
296.451272
369.147931
441.021706
-739.111383
-651.971005
-566.495905
-481.815212
-369.906089
-265.801392
-190.040614
-116.468983
-39.829091
30.504258
88.193382
160.628234
296.453988
369.151490
441.026343
-739.093645
-651.956380
-566.484020
-481.805740
-369.899680
-265.797291
-190.037634
-115.884006
-40.857577
30.053311
101.691531
166.217220
296.456705
369.155049
441.030979
-739.075909
-651.941755
-566.472136
-481.796269
-369.893272
-265.793190
-190.034654
-115.881860
-41.372629
30.054557
101.310093
166.540567
296.459422
369.158608
441.035616
-739.058174
-651.927131
-566.460253
-481.786798
-369.886865
-265.789089
-190.031675
-115.298099
-41.888730
29.602671
100.927831
166.863166
296.462139
369.162167
441.040252
-739.040440
-651.912509
-566.448370
-481.777327
-369.880457
-265.784988
-190.028695
-115.295967
-42.405882
29.603926
100.929014
167.185021
296.464855
369.165725
441.044888
-739.022707
-651.897887
-566.436488
-481.767857
-369.874050
-265.780888
-190.025716
-115.293835
-42.404315
29.605181
100.545931
167.186447
296.467572
369.169284
441.049525
-739.004975
-651.883266
-566.424607
-481.758388
-369.867643
-265.776787
-190.022737
-115.291704
-42.922510
29.606436
100.547122
167.507553
296.470288
369.172842
441.054161
-738.987245
-651.868646
-566.412726
-481.748919
-369.861237
-265.772687
-190.019758
-115.289572
-42.920931
29.607692
100.548312
167.508974
296.473005
369.176401
441.058797
-738.969516
-651.854027
-566.400846
-481.739451
-369.854831
-265.768587
-190.016779
-115.287441
-42.919352
29.608947
100.549503
167.829334
296.661854
369.179959
441.063433
-739.984500
-651.839409
-566.388967
-481.729983
-369.848425
-265.764487
-190.013800
-115.285309
-42.917773
29.610202
100.550693
167.830749
296.664564
369.183517
441.068069
-739.966723
-651.824792
-566.377089
-481.720516
-369.842020
-265.760388
-190.010821
-115.283178
-42.916195
29.611457
100.551884
167.832163
296.667275
369.278850
441.072705
-739.948947
-651.810176
-566.365211
-481.711049
-369.835615
-265.756289
-190.007843
-115.281047
-42.914616
29.612711
100.553074
168.151774
296.669986
369.282403
441.077341
-739.931172
-651.795561
-566.353334
-481.701583
-369.829210
-265.752189
-190.004864
-115.278916
-42.913037
29.613966
100.554265
168.153182
296.672696
369.285955
441.081977
-739.913399
-651.780947
-566.341458
-481.692118
-369.822806
-265.748090
-189.362054
-115.276785
-42.911459
29.615221
100.555455
168.154590
296.675407
369.289508
441.086612
-739.895627
-651.766334
-566.329583
-481.682653
-369.816402
-265.743992
-189.359093
-115.274654
-42.909880
29.616476
100.556645
168.155999
296.678117
369.293060
441.091248
-738.845447
-651.751722
-566.317708
-481.673188
-369.809998
-265.739893
-189.356132
-115.272523
-42.908302
29.617731
100.557835
168.157407
296.680827
369.296612
441.095884
-738.827728
-651.737110
-566.305834
-481.663724
-369.803595
-265.735795
-189.353171
-115.270393
-42.906724
29.618985
100.559026
168.158815
296.683538
369.300165
441.094333
-738.810010
-651.722500
-566.293961
-481.654261
-369.797192
-265.731696
-189.350211
-115.268262
-42.905145
29.620240
100.560216
168.477661
296.686248
369.303717
441.098962
-738.792293
-651.707891
-566.282089
-481.644798
-369.790789
-265.727598
-189.347250
-115.266131
-42.903567
29.621495
100.561406
168.479063
296.688958
369.307269
441.103592
-738.774577
-651.693282
-566.270217
-481.635336
-369.784387
-265.723501
-189.344289
-115.264001
-42.901989
29.622749
100.562596
168.480465
296.691668
369.310821
441.108221
-738.756863
-651.678675
-566.258346
-481.625875
-369.777985
-265.719403
-189.341329
-115.261871
-42.900411
29.624004
100.563786
168.481867
296.694378
369.314373
441.112850
-738.739150
-651.664068
-566.246476
-481.616413
-369.771583
-265.715306
-189.338369
-115.259740
-42.898833
29.625258
100.564976
168.483269
296.697088
369.317925
441.117479
-738.721438
-651.649463
-566.234606
-481.606953
-369.765182
-265.711208
-189.335409
-115.257610
-42.897254
29.626513
100.566166
168.484671
296.699798
369.321477
441.122108
-738.703727
-651.634858
-566.222738
-481.597493
-369.758781
-265.707111
-189.332449
-115.255480
-42.895677
29.627767
100.567356
168.486073
296.702508
369.325029
441.126736
-738.686018
-651.620255
-566.210870
-481.588033
-369.752380
-265.703015
-189.329489
-115.253350
-42.894099
29.629021
100.568546
168.487475
296.705218
369.328580
441.131365
-738.668310
-651.605652
-566.199002
-481.578574
-369.745980
-265.698918
-189.326529
-115.251220
-42.892521
29.630276
100.569736
168.488877
296.707927
369.332132
441.135994
-738.650603
-651.591050
-566.187136
-481.569116
-369.739580
-265.694822
-189.323570
-115.249090
-42.890943
29.631530
100.570925
168.490279
296.710637
369.335683
441.140622
-738.632897
-651.576450
-566.175270
-481.559658
-369.733181
-265.690725
-189.320610
-115.246960
-42.889365
29.632784
100.572115
168.491681
296.713347
369.339235
441.145251
-738.615192
-651.561850
-566.163405
-481.550201
-369.726781
-265.686629
-189.317651
-115.244831
-42.887788
29.634038
100.573305
168.493082
296.716056
369.342786
441.149879
-738.597489
-651.547251
-566.151540
-481.540744
-369.720382
-265.682533
-189.314692
-115.242701
-42.886210
29.635293
100.574495
168.494484
296.718766
369.346338
441.154508
-738.579787
-651.532653
-566.139677
-481.531288
-369.713984
-265.678438
-189.311733
-115.240572
-42.884632
29.636547
100.575684
168.495886
296.721475
369.349889
441.159136
-738.562086
-651.518056
-566.127814
-481.521833
-369.707585
-265.674342
-189.308774
-115.238442
-42.883055
29.637801
100.576874
168.497287
296.724184
369.353440
441.163764
-738.544386
-651.503460
-566.115952
-481.512378
-369.701187
-265.670247
-189.305815
-115.236313
-42.881477
29.639055
100.578064
168.498689
296.726894
369.356991
441.168392
-738.526688
-651.488865
-566.104090
-481.502923
-369.694790
-264.971290
-189.302857
-115.234184
-42.879900
29.640309
100.579253
168.500090
296.729603
369.360543
441.173020
-738.508991
-651.474271
-566.092230
-481.493469
-369.688393
-264.967216
-189.299898
-115.232054
-42.878323
29.641563
100.580443
168.501492
296.732312
369.364094
441.177648
-738.491295
-651.459678
-566.080370
-481.484016
-369.681996
-264.269630
-189.936397
-115.229925
-42.876746
29.642817
100.581632
168.502893
296.735021
369.367645
441.182276
-738.473600
-651.445086
-566.068510
-481.474563
-369.675599
-263.573391
-189.933422
-115.227796
-42.875168
29.644070
100.582822
168.504295
296.737730
369.371195
441.186904
-738.455907
-651.430495
-566.056652
-481.465111
-369.669203
-262.878494
-190.571119
-115.225668
-42.873591
29.645324
100.584011
168.505696
296.740439
369.374746
441.191532
-738.438214
-651.415905
-566.044794
-481.455659
-369.662807
-261.496686
-190.568127
-115.804665
-42.872014
29.646578
100.585201
168.507097
296.743148
369.378297
441.196160
-738.420523
-651.401316
-566.032937
-481.446208
-369.656411
-251.322166
-190.565135
-115.802522
-42.870437
29.647832
100.586390
168.508499
296.745857
369.381848
441.200787
-738.402833
-651.386727
-566.021081
-481.436757
-369.650016
-241.426794
-190.562143
-116.382648
-42.868860
29.649085
100.587579
168.509900
296.748566
369.385398
441.205415
-738.385145
-651.372140
-566.009225
-481.427307
-369.643621
-240.773588
-190.559151
-116.380492
-42.867283
29.650339
100.588769
168.511301
296.751275
369.388949
441.210042
-738.367457
-651.357554
-565.997371
-481.417857
-369.637227
-240.121603
-189.915573
-116.378335
-42.865706
29.197846
100.589958
168.512702
296.753983
369.392499
441.214670
-738.349771
-651.342968
-565.985516
-481.408408
-369.630833
-239.470835
-162.325538
-116.376179
-42.864130
29.199108
100.206311
168.514103
296.756692
369.396050
441.219297
-738.332086
-651.328384
-565.973663
-481.398960
-369.624439
-239.467488
-164.090012
-116.374022
-42.862553
29.200371
100.207507
168.515504
296.759401
369.399600
441.223925
-738.314403
-651.313800
-565.961810
-481.389512
-369.618045
-238.817952
-164.678809
-116.371866
-42.860976
29.201633
100.208704
168.516906
296.762109
369.403150
441.228552
-738.296720
-651.299218
-565.949959
-481.380065
-369.611652
-238.814623
-165.268686
-115.787525
-42.340090
29.202896
100.209900
168.518307
296.764818
369.406701
441.233179
-738.279039
-651.284636
-564.986942
-481.370618
-369.605259
-238.811294
-165.266348
-91.814496
-42.338525
29.657860
100.595903
168.519708
296.767526
369.410251
441.237806
-738.261359
-651.270055
-564.975132
-481.361172
-369.598866
-238.807965
-165.857293
-92.347756
-41.818749
29.659113
100.597092
168.521108
296.770234
369.413801
441.242433
-738.243680
-651.255476
-564.963322
-481.351726
-369.592474
-238.804636
-165.854940
-92.882025
-22.411857
30.113083
100.982231
168.839037
296.772943
369.417351
441.247060
-738.226002
-651.240897
-564.951514
-481.342281
-369.586082
-238.801307
-165.852587
-93.417308
-22.889440
30.566071
101.366515
168.840432
296.775651
369.420901
441.251687
-738.208326
-651.226319
-564.939705
-481.332836
-369.579691
-238.797979
-165.850233
-93.415687
-23.367958
31.467897
102.131369
168.841827
296.778359
369.424451
441.256314
-738.190651
-651.211742
-564.927898
-481.323392
-369.573300
-238.794651
-165.847880
-93.951973
-23.847414
45.794834
107.755399
296.781067
369.428000
441.260940
-738.172977
-651.197167
-564.916091
-481.313949
-369.566909
-238.791323
-165.845527
-93.950340
-23.846240
45.375942
107.756456
296.783775
369.431550
441.265567
-738.155304
-651.182592
-564.904285
-481.304506
-369.560518
-238.787995
-165.843174
-93.948707
-24.326627
45.376891
108.125920
296.786483
369.435100
441.270193
-738.137633
-651.168018
-564.892480
-481.295063
-369.554128
-238.784667
-165.840822
-93.947075
-24.325443
44.957159
108.494581
296.789191
369.438649
441.274820
-738.119962
-651.153445
-564.880676
-481.285621
-369.547738
-238.781339
-165.838469
-93.945442
-24.324259
44.958116
108.495625
296.791899
369.442199
441.279446
-738.102293
-651.138873
-564.868872
-481.276180
-369.541349
-238.778012
-165.836116
-93.943810
-24.323074
44.959073
108.496669
296.794607
369.445748
441.277651
-738.084626
-651.124302
-564.857069
-481.266739
-369.534960
-238.774684
-165.833764
-93.942178
-24.321890
44.960030
108.864516
296.797314
369.449298
441.282271
-738.066959
-651.109731
-564.845267
-481.257299
-369.528571
-238.771357
-165.831411
-93.940545
-24.320706
44.960987
108.865552
296.800022
369.452847
441.286891
-738.049294
-651.095162
-564.833465
-481.247860
-369.522182
-238.768030
-165.829059
-93.938913
-24.319522
44.961944
108.866589
296.802729
369.456396
441.291511
-738.031629
-651.080594
-564.821664
-481.238420
-369.515794
-238.764703
-165.826707
-93.937281
-24.318338
44.962902
108.867626
296.805437
369.551198
441.296131
-738.013966
-651.066027
-564.809864
-481.228982
-369.509406
-238.761376
-165.824355
-93.935649
-24.317154
44.963859
109.234655
296.808144
369.554741
441.300751
-737.996305
-651.051460
-564.798065
-481.219544
-369.503019
-238.758050
-165.822003
-93.934017
-24.315970
44.964816
109.235685
296.996203
369.558285
441.305371
-737.978644
-651.036895
-564.786266
-481.210106
-369.496632
-238.754723
-165.819651
-93.932385
-24.314786
44.965773
109.236716
296.998905
369.561828
441.309990
-737.960985
-651.022331
-564.774468
-481.200669
-369.490245
-238.751397
-165.224266
-93.930753
-24.313602
44.966730
109.237746
297.001606
369.565372
441.314610
-737.943327
-651.007767
-564.762671
-481.191233
-369.483858
-238.748071
-165.221929
-93.929121
-24.312418
44.967687
109.238776
297.004308
369.568915
441.319229
-737.925670
-650.993205
-564.750875
-481.181797
-369.477472
-238.744745
-165.219593
-93.927489
-24.311234
44.968643
109.239806
297.007010
369.572458
441.323849
-737.908015
-650.978643
-564.739079
-481.172362
-369.471087
-238.741419
-165.217256
-93.925857
-24.310051
44.969600
109.240836
297.009711
369.576001
441.328468
-737.890360
-650.964082
-564.727284
-481.162927
-369.464701
-238.738093
-165.214919
-93.924226
-24.308867
44.970557
109.241866
297.012413
369.579544
441.333088
-737.872707
-650.949523
-564.715490
-481.153493
-369.458316
-238.734768
-165.212583
-93.922594
-24.307683
44.971514
109.242896
297.015114
369.583088
441.337707
-737.855055
-650.934964
-564.703696
-481.144060
-369.451931
-238.731442
-165.210246
-93.920962
-24.306500
44.972471
109.243926
297.017815
369.586631
441.342326
-737.837404
-650.920406
-564.691903
-481.134626
-369.445547
-238.728117
-165.207910
-93.919331
-24.305316
44.973427
109.244956
297.020517
369.590173
441.346945
-737.819755
-650.905850
-564.680111
-481.125194
-369.439163
-238.724792
-165.205574
-93.917700
-24.304132
44.974384
109.245986
297.023218
369.593716
441.351564
-737.802106
-650.891294
-564.668320
-481.115762
-369.432779
-238.721467
-165.203238
-93.916068
-24.302949
44.975341
109.247016
297.025919
369.597259
441.356183
-737.784459
-650.876739
-564.656529
-481.106331
-369.426395
-238.718143
-165.200902
-93.914437
-23.820410
44.976297
109.248045
297.028620
369.600802
441.360802
-737.766814
-650.862185
-564.644739
-481.096900
-369.420012
-238.714818
-165.198566
-93.912806
-23.819237
45.397771
109.249075
297.031321
369.604344
441.365421
-737.749169
-650.847632
-564.632950
-481.087469
-369.413629
-238.711493
-165.196230
-93.911174
-23.818063
45.398719
109.250105
297.034022
369.607887
441.370040
-737.731525
-650.833080
-564.621161
-481.078040
-369.407247
-238.708169
-165.193894
-93.909543
-23.816890
45.399668
109.251135
297.036723
369.611430
441.374658
-737.713883
-650.818529
-564.609374
-481.068610
-369.400865
-238.704845
-165.191559
-93.907912
-23.815716
45.400617
109.252164
297.039424
369.614972
441.379277
-737.696242
-650.803979
-564.597587
-481.059182
-369.394483
-238.701521
-165.189223
-93.906281
-23.814543
45.401565
109.618286
297.042125
369.618514
441.383896
-737.678603
-650.789430
-564.585800
-481.049753
-369.388102
-238.698197
-165.186888
-93.904650
-23.813370
45.402514
109.619309
297.044826
369.622057
441.388514
-737.660964
-650.774881
-564.574015
-481.040326
-369.381721
-238.694873
-165.184553
-93.903020
-23.812196
45.403462
109.620332
297.047527
369.625599
441.393132
-737.643327
-650.760334
-564.562230
-481.030899
-369.375340
-238.047211
-165.182217
-93.901389
-23.811023
45.404411
109.621355
297.050227
369.629141
441.397751
-737.625691
-650.745788
-564.550446
-481.021472
-369.368960
-238.043906
-165.179882
-93.899758
-23.809850
45.405359
109.622378
297.052928
369.632683
441.402369
-737.608056
-650.731242
-564.538663
-481.012046
-369.362579
-238.040600
-165.177547
-93.898127
-23.808677
45.406308
109.623401
297.055628
369.636225
441.406987
-737.590422
-650.716698
-564.526880
-481.002621
-369.356200
-238.037295
-165.175212
-93.896497
-23.807503
45.407256
109.624424
297.058329
369.639767
441.411605
-737.572790
-650.702155
-564.515098
-480.993196
-369.349820
-238.033990
-165.172877
-93.894866
-23.806330
45.408205
109.625447
297.061029
369.643309
441.416223
-737.555158
-650.687612
-564.503317
-480.983772
-369.343441
-238.030685
-165.170543
-93.355765
-23.805157
45.409153
109.626470
297.063729
369.646851
441.420841
-737.537528
-650.673070
-564.491536
-480.974348
-369.337062
-238.027380
-165.168208
-93.354147
-23.803984
45.410101
109.627493
297.066430
369.650393
441.425459
-737.519900
-650.658530
-564.479757
-480.964925
-369.330684
-238.024075
-165.165874
-93.352529
-23.802811
45.411050
109.628516
297.069130
369.653935
441.430077
-737.502272
-650.643990
-564.467978
-480.955502
-369.324306
-238.020770
-165.163539
-93.350910
-23.801638
45.411998
109.629538
297.071830
369.657476
441.434695
-737.484646
-650.629451
-564.456199
-480.946080
-369.317928
-238.017466
-165.161205
-93.349292
-23.800465
45.412946
109.630561
297.074530
369.661018
441.439312
-737.467021
-650.614914
-564.444422
-480.936659
-369.311551
-238.014162
-165.158871
-93.347674
-23.799292
45.413895
109.631584
297.077230
369.664559
441.443930
-737.449397
-650.600377
-564.432645
-480.927238
-369.305174
-238.010858
-165.156537
-93.346056
-23.798120
45.414843
109.632607
297.079930
369.668101
441.448547
-737.431774
-650.585841
-564.420869
-480.917817
-369.298797
-238.007554
-165.154202
-93.344438
-23.796947
45.415791
109.633629
297.082630
369.762468
441.453165
-737.414152
-650.571306
-564.409094
-480.908397
-369.292421
-238.004250
-165.151869
-93.342820
-23.795774
45.416739
109.634652
297.085330
369.766004
441.457782
-737.396532
-650.556772
-564.397319
-480.898978
-369.286045
-238.000946
-165.149535
-93.878565
-23.794601
45.417687
109.635675
297.088030
369.769540
441.462400
-737.378913
-650.542239
-564.385545
-480.889559
-369.279669
-237.997643
-165.147201
-93.876935
-24.274558
44.998292
109.636697
297.090730
369.773075
441.467017
-737.361295
-650.527707
-564.373772
-480.880141
-369.273294
-237.994339
-165.737397
-94.413683
-24.273375
44.999247
109.637720
297.278108
369.776611
441.471634
-737.343679
-650.513176
-564.361999
-480.870723
-369.266919
-237.991036
-165.735049
-94.412041
-24.272193
44.579011
109.638742
297.280802
369.780146
441.476251
-737.326063
-650.498646
-564.350228
-480.861306
-369.260544
-237.987733
-165.732701
-94.410400
-24.271011
44.579975
109.639765
297.283496
369.783682
441.480868
-737.308449
-650.484117
-564.338457
-480.851889
-369.254169
-237.984430
-165.730353
-94.408758
-23.788739
45.002115
109.640787
297.286190
369.787217
441.485485
-737.290836
-650.469588
-564.326686
-480.842473
-369.247795
-237.981127
-165.728005
-94.407116
-23.787566
45.003071
109.641809
297.288884
369.790753
441.490102
-737.273224
-650.455061
-564.314917
-480.833057
-369.241422
-237.977825
-165.133201
-93.867157
-23.306282
45.424323
109.642832
297.291578
369.794288
441.494719
-737.255614
-650.440535
-564.303148
-480.823642
-369.235048
-237.974522
-164.539536
-93.865528
-22.825973
45.844697
109.643854
297.294271
369.797823
441.492637
-737.238004
-650.426009
-564.291380
-480.814228
-369.228675
-237.971220
-141.211383
-92.790430
-21.869403
46.681900
110.009020
297.296965
369.801358
441.497247
-737.220396
-650.411485
-564.279613
-480.804814
-369.222303
-237.967918
-141.757998
-72.655041
-5.742520
47.099666
110.010035
297.299659
369.804893
441.501858
-737.202789
-650.396961
-564.267846
-480.795401
-369.215930
-237.964616
-141.756229
-73.151847
-6.187382
48.345986
110.011051
297.302352
369.808428
441.506468
-737.185184
-650.382439
-564.256080
-480.785988
-369.209558
-237.961314
-142.303797
-73.150669
-6.186557
52.037751
110.012067
297.305046
369.811963
441.511078
-737.167579
-650.367917
-564.244315
-480.776576
-369.203187
-237.958012
-142.302015
-73.648372
-6.632250
52.444529
110.013083
297.307739
369.815498
441.515689
-737.149976
-650.353397
-564.232550
-480.767164
-369.196815
-237.312036
-142.300233
-73.647183
-6.631417
52.850475
110.014098
297.310433
369.819033
441.520299
-737.132374
-650.338877
-564.220787
-480.757753
-369.190444
-237.308753
-142.298452
-73.645995
-6.630584
52.851286
110.015114
297.313126
369.822567
441.524909
-737.114773
-650.324358
-564.209024
-480.748342
-369.184074
-237.305469
-142.296670
-73.644807
-6.629751
53.256394
110.016129
297.315819
369.826102
441.529519
-737.097174
-650.309840
-564.197261
-480.738932
-369.177703
-237.302186
-142.294889
-73.643619
-6.628918
53.257198
110.017145
297.318513
369.829637
441.534129
-737.079575
-650.295324
-564.185500
-480.729522
-369.171333
-237.298902
-142.293108
-73.642430
-6.628085
53.258002
110.018160
297.321206
369.833171
441.538739
-737.061978
-650.280808
-564.173739
-480.720114
-369.164964
-237.295619
-142.291327
-73.641242
-6.627252
53.258806
110.019176
297.323899
369.836706
441.543349
-737.044382
-650.266293
-564.161979
-480.710705
-369.158594
-237.292336
-142.289546
-73.640054
-6.626419
53.259610
110.020191
297.326592
369.840240
441.547958
-737.026787
-650.251779
-564.150219
-480.701297
-369.152225
-237.289053
-142.287765
-73.638866
-6.625586
53.663861
110.021207
297.329285
369.843774
441.552568
-737.009194
-650.237266
-564.138461
-480.691890
-369.145856
-237.285771
-142.285984
-73.637678
-6.624753
53.664657
109.658164
297.331978
369.847309
441.557178
-736.991602
-650.222754
-564.126703
-480.682483
-369.139488
-237.282488
-142.284203
-73.636490
-6.623920
53.665454
109.659186
297.334671
369.850843
441.561787
-736.974010
-650.208242
-564.114946
-480.673077
-369.133120
-237.279206
-142.282422
-73.635302
-6.623087
53.666250
109.660208
297.337364
369.854377
441.566397
-736.956421
-650.193732
-564.103189
-480.663671
-369.126753
-237.275924
-142.280641
-73.634114
-6.622254
53.667047
109.661230
297.340056
369.857911
441.571006
-736.938832
-650.179223
-564.091433
-480.654266
-369.120385
-237.272642
-142.278861
-73.632927
-6.621421
53.667843
109.662251
297.342749
369.861445
441.575615
-736.921244
-650.164715
-564.079678
-480.644861
-369.114018
-237.269360
-142.277080
-73.631739
-6.620588
54.071233
109.298469
297.345442
369.864979
441.580224
-736.903658
-650.150207
-564.067924
-480.635457
-369.107652
-237.266078
-142.275299
-73.630551
-6.619755
54.072022
109.299498
297.348134
369.868513
441.584834
-736.886073
-650.135701
-564.056170
-480.626054
-369.101285
-237.262796
-142.273519
-73.629363
-6.172541
54.072811
109.300526
297.350827
369.872047
441.589443
-736.868489
-650.121195
-564.044417
-480.616651
-369.094919
-237.259515
-142.271739
-73.628176
-6.171717
54.073600
109.301554
297.353519
369.875580
441.594052
-736.850907
-650.106691
-564.032665
-480.607248
-369.088554
-237.256234
-142.269958
-73.626988
-6.170892
54.074389
109.302582
297.356212
369.879114
441.598661
-736.833325
-650.092187
-564.020914
-480.597846
-369.082188
-237.252952
-142.268178
-73.625801
-6.170068
54.075178
109.303611
297.358904
369.882647
441.603270
-736.815745
-650.077685
-564.009163
-480.588445
-369.075823
-237.249671
-142.266398
-73.624613
-6.169244
54.075967
109.304639
297.361596
369.886181
441.607878
-736.798166
-650.063183
-563.997413
-480.579044
-369.069459
-237.246390
-142.264618
-73.623426
-6.168420
54.076756
109.305667
297.364288
369.889714
441.612487
-736.780588
-650.048682
-563.985664
-480.569644
-369.063094
-237.243110
-142.262838
-73.622238
-6.167596
54.077545
109.306695
297.366981
369.893248
441.617096
-736.763012
-650.034182
-563.973915
-480.560244
-369.056730
-237.239829
-142.261058
-73.621051
-6.166772
54.078334
109.672468
297.369673
369.896781
441.621704
-736.745437
-650.019684
-563.962168
-480.550845
-369.050367
-237.236549
-142.259278
-73.619864
-6.165948
54.079122
109.673489
297.372365
369.900314
441.626313
-736.727862
-650.005186
-563.950421
-480.541446
-369.044003
-237.233268
-142.257498
-73.618676
-6.165124
54.079911
109.674511
297.375057
369.903848
441.630921
-736.710290
-649.990689
-563.938674
-480.532048
-369.037640
-237.229988
-142.255718
-73.617489
-6.164300
54.080700
109.675532
297.377749
369.907381
441.635530
-736.692718
-649.976193
-563.926929
-480.522651
-369.031278
-237.226708
-142.253939
-73.616302
-6.163476
54.081489
109.676553
297.380440
369.910914
441.640138
-736.675147
-649.961698
-563.915184
-480.513254
-369.024915
-237.223429
-142.252159
-73.615115
-6.162652
54.082278
109.677575
297.383132
369.914447
441.644746
-736.657578
-649.947204
-563.903440
-480.503857
-369.018553
-237.220149
-142.250380
-73.613928
-6.161828
54.083066
109.678596
297.385824
369.917980
441.649354
-736.640010
-649.932710
-563.891696
-480.494462
-369.012192
-237.216869
-142.248600
-73.612741
-6.161004
54.083855
109.679617
297.388516
369.921512
441.653962
-736.622443
-649.918218
-563.879953
-480.485066
-369.005831
-237.213590
-142.246821
-73.611554
-6.160181
54.084644
109.680639
297.391207
369.925045
441.658571
-736.604878
-649.903727
-563.868211
-480.475671
-368.999470
-237.210311
-142.245042
-73.610367
-6.159357
54.085432
109.681660
297.393899
369.928578
441.663178
-736.587313
-649.889237
-563.856470
-480.466277
-368.993109
-237.207032
-142.243262
-73.609180
-6.158533
54.086221
109.682681
297.396590
369.932110
441.667786
-736.569750
-649.874747
-563.844729
-480.456883
-368.986749
-237.203753
-141.692596
-73.607993
-6.157709
54.087009
109.683702
297.399282
369.935643
441.672394
-736.552188
-649.860259
-563.832990
-480.447490
-368.980389
-237.200474
-141.690829
-73.606806
-6.156886
54.087798
109.684723
297.401973
369.939176
441.677002
-736.534627
-649.845771
-563.821251
-480.438098
-368.974029
-237.197195
-141.689063
-73.605619
-6.156062
54.088587
110.049627
297.404664
369.942708
441.674678
-736.517068
-649.831285
-563.809512
-480.428706
-368.967670
-237.193917
-141.687297
-73.604433
-6.155238
54.089375
110.050641
297.407356
369.946240
441.679280
-736.499509
-649.816799
-563.797774
-480.419314
-368.961311
-237.190639
-141.685531
-73.603246
-6.154415
54.090164
110.051656
297.410047
369.949773
441.683881
-736.481952
-649.802315
-563.786038
-480.409923
-368.954952
-237.187360
-141.683765
-73.602059
-6.153591
54.090952
110.052670
297.412738
370.043598
441.688483
-736.464396
-649.787831
-563.774301
-480.400533
-368.948594
-237.184082
-141.681999
-73.600873
-6.152768
54.091741
110.053685
297.415429
370.047124
441.693084
-736.446841
-649.773348
-563.762566
-480.391143
-368.942236
-237.180805
-141.680233
-73.599686
-6.151944
54.092529
110.054699
297.418120
370.050651
441.697685
-736.429288
-649.758866
-563.750831
-480.381753
-368.935878
-237.177527
-141.678468
-73.598500
-6.151121
54.093317
110.055714
297.420811
370.054177
441.702286
-736.411735
-649.744385
-563.739097
-480.372365
-368.929521
-237.174249
-141.676702
-73.597313
-6.150297
54.495682
110.056728
297.423502
370.057704
441.706887
-736.394184
-649.729906
-563.727364
-480.362976
-368.923164
-237.170972
-141.674936
-73.596127
-6.149474
54.496463
110.057742
297.610098
370.061230
441.711488
-736.376634
-649.715427
-563.715631
-480.353589
-368.916807
-237.167695
-141.673171
-73.594940
-6.148650
54.497244
110.058757
297.612783
370.064757
441.716089
-736.359086
-649.700949
-563.703899
-480.344201
-368.910451
-237.164417
-141.671405
-73.593754
-6.147827
54.498025
110.059771
297.615468
370.068283
441.720690
-736.341538
-649.686471
-563.692168
-480.334815
-368.110953
-237.161140
-141.669640
-73.592568
-6.147003
54.498806
110.060785
297.618154
370.071809
441.725291
-736.323992
-649.671995
-563.680438
-480.325429
-368.104624
-237.157864
-141.667875
-73.591382
-6.146180
54.499587
110.061799
297.620839
370.075335
441.729891
-736.306447
-649.657520
-563.668708
-480.316043
-368.098296
-237.154587
-141.666109
-73.590195
-6.145357
54.500368
110.062814
297.623524
370.078862
441.734492
-736.288903
-649.643046
-563.656979
-480.306658
-368.091968
-237.151310
-141.664344
-73.589009
-6.144534
54.501149
110.063828
297.626209
370.082388
441.739093
-736.271360
-649.628573
-563.645251
-480.297274
-368.085640
-237.148034
-141.662579
-73.587823
-6.143710
54.501930
110.064842
297.628894
370.085913
441.743693
-736.253819
-649.614100
-563.633523
-480.287890
-368.079312
-237.144758
-141.660814
-73.586637
-6.142887
54.502711
110.065856
297.631578
370.089439
441.748294
-736.236279
-649.599629
-563.621796
-480.278507
-368.072985
-237.141482
-141.659049
-73.585451
-6.142064
54.503492
110.066870
297.634263
370.092965
441.752894
-736.218740
-649.585158
-563.610070
-480.269124
-368.066658
-237.138206
-141.109641
-73.584265
-6.141241
54.504273
110.067884
297.636948
370.096491
441.757494
-736.201202
-649.570689
-563.598345
-480.259741
-368.060332
-237.134930
-141.107889
-73.583079
-6.140418
54.505054
110.068898
297.639633
370.100017
441.762094
-736.183665
-649.556220
-563.586620
-480.250360
-368.054006
-237.131654
-140.559505
-73.581893
-6.139595
54.505835
110.432889
297.642317
370.103542
441.766694
-736.166130
-649.541753
-563.574896
-480.240979
-368.047680
-237.128379
-140.012129
-73.580707
-5.693594
54.506615
110.433897
297.645002
370.107068
441.771294
-736.148596
-649.527286
-563.563173
-479.332393
-368.041354
-237.125104
-139.465758
-73.081250
-5.692780
54.507396
110.434904
297.647686
370.110593
441.775894
-736.131063
-649.512820
-563.551450
-479.323048
-368.035029
-237.121828
-138.377711
-73.080075
-5.247658
54.508177
110.435912
297.650371
370.114119
441.780494
-736.113531
-649.498355
-563.539729
-479.313703
-368.028704
-237.118553
-117.439597
-72.581575
-4.803403
54.508958
110.436919
297.653055
370.117644
441.785094
-736.096000
-649.483892
-563.528008
-479.304359
-368.022380
-237.115278
-118.450690
-72.084019
-4.360013
54.509738
110.800100
297.655739
370.121169
441.789694
-736.078471
-649.469429
-563.516287
-479.295015
-368.016056
-237.112004
-118.956911
-52.495636
-3.917485
54.510519
110.801100
297.658423
370.124695
441.794294
-736.060943
-649.454967
-563.504568
-479.285672
-368.009732
-237.108729
-119.463991
-52.955504
-3.475817
54.511300
110.802101
297.661108
370.128220
441.798893
-736.043416
-649.440506
-563.492849
-479.276330
-368.003408
-237.105455
-119.971933
-53.416178
-3.035006
54.512080
110.803102
297.663792
370.131745
441.803493
-736.025890
-649.426046
-563.481131
-479.266988
-367.997085
-237.102180
-119.970658
-53.415403
-2.595049
54.512861
110.804103
297.666476
370.135270
441.808092
-736.008366
-649.411586
-563.469413
-479.257646
-367.990762
-237.098906
-119.969383
-53.876877
-2.594293
54.914248
110.805103
297.669160
370.138795
441.812692
-735.990842
-649.397128
-563.457696
-479.248305
-367.984440
-237.095632
-120.478166
-53.876093
-2.593537
54.915021
110.806104
297.671844
370.142320
441.817291
-735.973320
-649.382671
-563.445980
-479.238965
-367.978118
-237.092358
-120.476880
-53.875309
-2.154450
54.915794
110.807105
297.674528
370.145844
441.821890
-735.955799
-649.368215
-563.434265
-479.229625
-367.971796
-237.089085
-120.475594
-53.874525
-2.153702
54.916568
110.808106
297.677211
370.149369
441.826489
-735.938280
-649.353759
-563.422551
-479.220285
-367.965474
-237.085811
-120.474309
-53.873741
-2.152955
54.917341
110.809106
297.679895
370.152894
441.831089
-735.920761
-649.339305
-563.410837
-479.210947
-367.959153
-237.082538
-119.963010
-53.872957
-2.152207
54.918114
110.810107
297.682579
370.156418
441.835688
-735.903244
-649.324851
-563.399124
-479.201608
-367.952832
-237.079265
-119.961735
-53.872173
-1.713994
54.918888
110.811107
297.685262
370.159943
441.840287
-736.909708
-649.310399
-563.387411
-479.192271
-367.946512
-237.075992
-119.960461
-53.871389
-1.276627
54.919661
110.812108
297.687946
370.163467
441.844886
-736.892144
-649.295947
-563.375700
-479.182934
-367.940192
-236.432492
-119.959186
-53.870604
-1.275896
54.920434
110.813108
297.690630
370.166992
441.849484
-736.874580
-649.281497
-563.363989
-479.173597
-367.933872
-236.429237
-119.957912
-53.869821
-0.839383
54.921207
110.814109
297.693313
370.170516
441.854083
-736.857018
-649.267047
-563.352278
-479.164261
-367.927552
-236.425982
-119.956638
-53.869037
-0.838660
54.921980
110.815109
297.695996
370.174040
441.858682
-736.839457
-649.252598
-563.340569
-479.154925
-367.921233
-236.422727
-119.955363
-53.868253
-0.402996
54.922753
110.816110
297.698680
370.177565
441.863280
-736.821897
-649.238150
-563.328860
-479.145590
-367.914914
-236.419472
-119.954089
-53.867469
0.031827
54.923527
110.817110
297.884615
370.181089
441.867879
-736.804338
-649.223703
-563.317152
-479.136256
-367.908596
-236.416218
-119.952815
-53.866685
0.032534
54.924300
110.818110
297.887292
370.274452
441.872477
-736.786781
-649.209257
-563.305445
-479.126922
-367.902278
-236.412963
-119.951541
-53.865901
0.033240
54.925073
110.819111
297.889970
370.277971
441.877076
-736.769225
-649.194812
-563.293738
-479.117588
-367.895960
-236.409709
-119.441250
-53.865117
0.033947
54.925846
110.820111
297.892648
370.281489
441.881674
-735.728137
-649.180368
-563.282032
-479.108256
-367.889642
-236.406455
-119.439988
-53.864333
0.034653
54.926619
110.821111
297.895325
370.285007
441.879080
-735.710633
-649.165925
-563.270327
-479.098923
-367.883325
-236.403200
-119.438725
-53.863550
0.035360
54.927392
110.822111
297.898003
370.288526
441.883672
-735.693131
-649.151483
-563.258622
-479.089592
-367.877008
-236.399947
-119.437462
-53.400680
-0.397994
54.928165
110.823112
297.900680
370.292044
441.888264
-735.675629
-649.137042
-563.246919
-479.080260
-367.870692
-236.396693
-119.436199
-53.399905
-0.397280
54.928938
110.824112
297.903357
370.295562
441.892856
-735.658129
-649.122602
-563.235216
-479.070930
-367.864375
-236.393439
-119.434936
-53.399130
-0.831433
54.929711
110.825112
297.906035
370.299080
441.897448
-735.640629
-649.108162
-563.223513
-479.061599
-367.858060
-236.390186
-119.433674
-53.398356
-0.830710
54.930483
110.826112
297.908712
370.302599
441.902040
-735.623131
-649.093724
-563.211812
-479.052270
-367.851744
-236.386932
-119.432411
-53.397581
-1.265665
54.931256
110.827112
297.911389
370.306117
441.906632
-735.605635
-649.079286
-563.200111
-479.042941
-367.845429
-236.383679
-119.431149
-53.396807
-1.264934
55.331669
110.828112
297.914066
370.309635
441.911223
-735.588139
-649.064850
-563.188411
-479.033612
-367.839114
-236.380426
-119.429886
-53.396032
-1.700692
55.332435
110.829112
297.916744
370.313152
441.915815
-734.549251
-649.050414
-563.176711
-479.024284
-367.832799
-236.377173
-119.428624
-53.395258
-1.699953
55.333200
110.830112
297.919421
370.316670
441.920407
-734.531808
-649.035980
-563.165013
-479.014957
-367.826485
-236.373921
-119.427361
-53.394483
-1.699214
55.333966
110.831112
297.922098
370.320188
441.924998
-734.514365
-649.021546
-563.153315
-479.005630
-367.820171
-236.370668
-119.426099
-53.393709
-1.698475
55.334732
110.832112
297.924774
370.323706
441.929589
-734.496924
-649.007113
-563.141617
-478.996304
-367.813858
-236.367416
-119.424837
-53.392935
-1.697737
55.335497
110.833112
297.927451
370.327223
441.934181
-734.479484
-648.992681
-563.129921
-478.986978
-367.807544
-236.364163
-119.423575
-53.392160
-1.696998
55.336263
110.834112
297.930128
370.330741
441.938772
-734.462045
-648.978250
-563.118225
-478.977652
-367.801232
-236.360911
-119.422312
-53.391386
-1.696259
55.337028
110.835112
297.932805
370.334258
441.943363
-735.465704
-648.963821
-563.106530
-478.968328
-367.004598
-236.357659
-119.421050
-53.390612
-1.695521
55.337794
110.836111
297.935481
370.337776
441.947954
-735.448218
-648.949392
-563.094835
-478.959004
-366.998313
-236.354408
-119.419788
-53.389837
-1.694782
55.338559
110.837111
297.938158
370.341293
441.952545
-735.430733
-648.934963
-563.083142
-478.949680
-366.992027
-236.351156
-119.418526
-53.389063
-1.694044
55.339325
110.838111
297.940835
370.344810
441.957136
-735.413249
-648.920536
-563.071449
-478.940357
-366.985742
-236.347904
-119.417264
-53.388289
-1.256899
55.340090
110.839111
297.943511
370.348328
441.961727
-735.395767
-648.906110
-563.059757
-478.931034
-366.979458
-236.344653
-119.416002
-53.387515
-0.820597
55.340856
110.840110
297.946188
370.351845
441.966318
-735.378286
-648.891685
-563.048065
-478.921712
-366.973173
-236.341402
-119.414740
-53.386741
-0.819875
55.341621
111.202250
297.948864
370.355362
441.970909
-735.360806
-648.877261
-563.036374
-478.912391
-366.966890
-236.338151
-119.413478
-53.385966
-0.384423
55.342386
111.203243
297.951540
370.358879
441.975499
-735.343327
-648.862837
-563.024684
-478.903070
-366.960606
-236.334900
-119.412217
-53.385192
-0.383709
55.343152
111.204236
297.954216
370.362396
441.980090
-735.325849
-648.848415
-563.012995
-478.893749
-366.954323
-236.331649
-119.410955
-53.384418
0.050896
55.343917
111.205230
297.956893
370.365913
441.984681
-735.308373
-648.833993
-563.001306
-478.884429
-366.948040
-236.328398
-119.409693
-53.383644
0.484664
55.344682
111.206223
297.959569
370.369430
441.989271
-735.290898
-648.819573
-562.989618
-478.875110
-366.941757
-236.325148
-119.408432
-53.382870
0.485362
55.345447
111.207216
297.962245
370.372946
441.993861
-735.273424
-648.805153
-562.977931
-478.865791
-366.935475
-236.321897
-119.407170
-53.382096
0.486060
55.346213
111.208209
297.964921
370.376463
441.998452
-735.255951
-648.790735
-562.966245
-478.856473
-366.929193
-236.318647
-119.405908
-53.381322
0.486758
55.346978
111.209202
297.967597
370.379980
441.995705
-735.238480
-648.776317
-562.954559
-478.847155
-366.922911
-236.315397
-119.404647
-53.380548
0.487455
55.347743
111.210195
297.970273
370.472933
442.000289
-735.221009
-648.761900
-562.942874
-478.837838
-366.916630
-236.312147
-119.403385
-53.379774
0.488153
55.348508
111.211188
297.972948
370.476444
442.004874
-735.203540
-648.747484
-562.931189
-478.828521
-366.910349
-236.308897
-119.402124
-53.379001
0.488851
55.349273
111.212181
297.975624
370.479955
442.009458
-735.186072
-648.733069
-562.919506
-478.819205
-366.904068
-236.305648
-119.400863
-53.378227
0.489548
55.350038
111.213174
298.160895
370.483466
442.014041
-735.168606
-648.718655
-562.907823
-478.809889
-366.897788
-236.302398
-119.399601
-53.377453
0.490246
55.350803
111.214167
298.163566
370.486977
442.018625
-735.151140
-648.704242
-562.896141
-478.800574
-366.891508
-236.299149
-119.398340
-53.376679
0.490944
55.351569
111.215159
298.166236
370.490488
442.023209
-735.133676
-648.689830
-562.884459
-478.791260
-366.885228
-236.295900
-119.397079
-53.375905
0.491641
55.352334
111.216152
298.168906
370.493998
442.027793
-735.116213
-648.675419
-562.872779
-478.781946
-366.878949
-236.292651
-119.395818
-53.375132
0.492339
55.353099
111.217145
298.171576
370.497509
442.032376
-735.098751
-648.661009
-562.861099
-478.772633
-366.872670
-236.289402
-119.394557
-53.374358
0.493036
55.353864
111.218138
298.174246
370.501020
442.036960
-735.081290
-648.646600
-562.849419
-478.763320
-366.866391
-236.286153
-119.393296
-53.373584
0.925874
55.354628
111.219131
298.176916
370.504530
442.041543
-735.063830
-648.632191
-562.837741
-478.754007
-366.860113
-236.282905
-119.392035
-53.372811
0.926564
55.355393
111.220123
298.179586
370.508041
442.046127
-735.046372
-648.617784
-562.826063
-478.744695
-366.853835
-236.279656
-119.390774
-53.372037
0.927253
55.754772
111.221116
298.182255
370.511551
442.050710
-735.028915
-648.603377
-562.814386
-478.735384
-366.847557
-236.276408
-119.389513
-53.371263
0.927943
55.755530
111.222109
298.184925
370.515061
442.055293
-735.011459
-648.588972
-562.802709
-478.726073
-366.841279
-236.273160
-119.388252
-53.370490
0.928632
55.756288
111.223101
298.187595
370.518572
442.059877
-734.994004
-648.574567
-562.791033
-478.716763
-366.835002
-236.269912
-119.386991
-53.369716
0.929322
55.757045
111.224094
298.190264
370.522082
442.064460
-734.976551
-648.560164
-562.779358
-478.707454
-366.828726
-236.266664
-119.385730
-53.368943
0.930011
55.757803
111.225086
298.192934
370.525592
442.069043
-734.959098
-648.545761
-562.767684
-478.698144
-366.822449
-236.263416
-119.384470
-53.368169
0.930700
55.758561
111.226079
298.195603
370.529102
442.073626
-734.941647
-648.531359
-562.756011
-478.688836
-366.816173
-236.260169
-119.383209
-53.367396
0.931390
55.759318
111.227071
298.198273
370.532612
442.078209
-734.924197
-648.516958
-562.744338
-478.679528
-366.809898
-236.256922
-119.381948
-53.366623
0.932079
55.760076
111.228064
298.200942
370.536122
442.082792
-734.906749
-648.502558
-562.732666
-478.670220
-366.803622
-236.253674
-119.380688
-53.365849
0.932768
55.760834
111.229056
298.203612
370.539632
442.087374
-734.889301
-648.488159
-562.720994
-478.660913
-366.797347
-236.250427
-119.379427
-52.904232
0.933458
55.761591
111.230049
298.206281
370.543141
442.091957
-734.871855
-648.473761
-562.709324
-478.651607
-366.791072
-236.247180
-119.378167
-52.903468
0.934147
55.762349
111.231041
298.208950
370.546651
442.096540
-734.854410
-648.459364
-562.697654
-478.642301
-366.784798
-236.243933
-119.376906
-52.902704
0.934836
55.763106
111.232033
298.211619
370.550161
442.101122
-734.836966
-648.444968
-562.685984
-478.632996
-366.778524
-236.240687
-119.375646
-52.901939
0.935525
55.763864
111.233026
298.214288
370.553670
442.105705
-734.819523
-648.430573
-562.674316
-478.623691
-366.772250
-236.237440
-119.374386
-52.901175
0.936215
55.764621
111.234018
298.216957
370.557180
442.110287
-734.802081
-648.416179
-562.662648
-478.614387
-366.765977
-236.234194
-119.373126
-52.900411
0.936904
55.765379
111.235010
298.219626
370.560689
442.114870
-734.784641
-648.401785
-562.650981
-478.605083
-366.759703
-236.230948
-119.371865
-52.899647
0.937593
55.766136
111.236003
298.222295
370.564199
442.119452
-734.767202
-648.387393
-562.639314
-478.595780
-366.753431
-236.227702
-119.370605
-52.898883
0.938282
55.766894
111.597145
298.224964
370.567708
442.124034
-734.749764
-648.373002
-562.627649
-478.586477
-366.747158
-236.224456
-119.369345
-52.898119
0.938971
55.767651
111.598131
298.227633
370.571217
442.128616
-734.732327
-648.358611
-562.615984
-478.577175
-366.740886
-236.221210
-119.368085
-52.897355
0.939660
55.768408
111.599116
298.230301
370.574727
442.133198
-734.714892
-648.344221
-562.604319
-478.567873
-366.734614
-236.217964
-119.366825
-52.896591
0.940349
55.769166
111.600102
298.232970
370.578236
442.137780
-734.697457
-648.329833
-562.592656
-478.558572
-366.728343
-236.214719
-119.365565
-52.895826
0.941038
55.769923
111.601088
298.235639
370.581745
442.142362
-734.680024
-648.315445
-562.580993
-478.549272
-366.722072
-236.211474
-119.364305
-52.895062
0.941727
55.770680
111.602073
298.238307
370.585254
442.146944
-734.662592
-648.301058
-561.628052
-478.539972
-366.715801
-236.208228
-119.363045
-52.894299
0.942416
56.169100
111.603059
298.240976
370.588763
442.151526
-734.645161
-648.286672
-561.616430
-478.530672
-366.709530
-235.567136
-119.361785
-52.893535
0.943105
56.169850
111.604045
298.243644
370.592272
442.156107
-734.627732
-648.272288
-561.604808
-478.521373
-366.703260
-235.563909
-119.360526
-52.892771
0.943794
56.170600
111.605030
298.246312
370.595780
442.160689
-734.610304
-648.257904
-561.593188
-478.512075
-366.696990
-235.560681
-119.359266
-52.892007
0.944483
56.171350
111.606016
298.248981
370.599289
442.165271
-734.592876
-648.243521
-561.581568
-478.502777
-366.690721
-235.557454
-118.850603
-52.891243
0.945172
56.172100
111.607001
298.433597
370.691802
442.169852
-734.575450
-648.229138
-561.569949
-478.493480
-366.684452
-235.554227
-118.849354
-52.890479
0.945861
56.172851
111.607987
298.436260
370.695305
442.174434
-734.558026
-648.214757
-562.499374
-478.484183
-366.678183
-235.551000
-118.848106
-52.889715
0.946549
56.173601
111.608972
298.438923
370.698808
442.179015
-734.540602
-648.200377
-562.487716
-478.474887
-366.671914
-235.547774
-118.846857
-52.888952
0.947238
56.174351
111.609958
298.441585
370.702311
442.183596
-734.523180
-648.185998
-562.476060
-478.465591
-366.665646
-235.544547
-118.845609
-52.888188
0.947927
56.175101
111.610943
298.444248
370.705814
442.188177
-734.505759
-648.171619
-562.464404
-478.456296
-366.659378
-235.541321
-118.844360
-52.887424
0.948616
56.175851
111.611928
298.446910
370.709317
442.185182
-734.488339
-648.157242
-562.452749
-478.447001
-366.653111
-235.538094
-118.843112
-52.886660
0.949305
56.176601
111.612914
298.449573
370.712820
442.189757
-734.470920
-648.142866
-562.441095
-478.437707
-366.646844
-235.534868
-118.841864
-52.885897
0.949993
56.177350
111.613899
298.452235
370.716323
442.194332
-734.453502
-648.128490
-562.429442
-478.428414
-366.640577
-235.531642
-118.840615
-52.885133
0.950682
56.178100
111.614884
298.454898
370.719826
442.198907
-734.436086
-648.114115
-562.417789
-478.419121
-366.634310
-235.528417
-118.839367
-52.884369
0.951371
56.178850
111.615870
298.457560
370.723328
442.203482
-734.418671
-648.099742
-562.406137
-478.409828
-366.628044
-235.525191
-118.838119
-52.883606
0.952059
56.179600
111.616855
298.460222
370.726831
442.208056
-734.401257
-648.085369
-562.394485
-478.400536
-366.621778
-235.521965
-118.836871
-52.882842
0.952748
56.180350
111.977094
298.462884
370.730333
442.212631
-734.383844
-648.070997
-562.382835
-478.391245
-366.615513
-235.518740
-118.835623
-52.882079
0.953436
56.181100
111.978073
298.465546
370.733836
442.217206
-734.366432
-648.056626
-562.371185
-478.381954
-366.609247
-235.515515
-118.834375
-52.881315
0.954125
56.181850
111.979051
298.468208
370.737338
442.221780
-734.349022
-648.042256
-562.359536
-478.372664
-366.602982
-235.512290
-118.833127
-52.880552
0.954814
56.182599
111.980030
298.470870
370.740841
442.226355
-734.331612
-648.027887
-562.347887
-478.363374
-366.596718
-235.509065
-118.831879
-52.879788
0.955502
56.183349
111.981009
298.473532
370.744343
442.230929
-734.314204
-648.013519
-562.336239
-478.354085
-366.590454
-235.505840
-118.830631
-52.879025
0.956191
56.184099
111.981987
298.476194
370.747845
442.235503
-734.296798
-647.999152
-562.324592
-478.344796
-366.584190
-235.502615
-118.829384
-52.878262
0.956879
56.184848
111.982966
298.478856
370.751347
442.240078
-734.279392
-647.984786
-562.312946
-478.335508
-366.577926
-235.499391
-118.828136
-52.877498
0.957568
56.185598
111.983945
298.481518
370.754849
442.244652
-734.261988
-647.970421
-562.301300
-478.326220
-366.571663
-235.496166
-118.826888
-52.876735
0.958256
56.186348
111.984923
298.484179
370.758351
442.249226
-734.244584
-647.956056
-562.289655
-478.316933
-366.565400
-235.492942
-118.825640
-52.875972
0.958944
56.187097
111.985902
298.486841
370.761853
442.253800
-734.227182
-647.941693
-561.337714
-478.307647
-366.559137
-235.489718
-118.824393
-52.875208
0.959633
56.187847
112.345311
298.489503
370.765355
442.258374
-734.209781
-647.927330
-561.326110
-478.298361
-366.552875
-235.486494
-118.823145
-52.414776
0.960321
56.188596
112.346283
298.492164
370.768857
442.262948
-734.192382
-647.912969
-561.314507
-478.289075
-366.546613
-235.483270
-118.821898
-52.414021
0.529277
56.189346
112.347255
298.494826
370.772359
442.267522
-734.174983
-647.898608
-561.302904
-478.279790
-366.540351
-235.480047
-118.820650
-52.413267
0.529974
56.190096
298.497487
370.775860
442.272095
-734.157586
-647.884249
-561.291302
-478.270506
-366.534090
-235.476823
-118.819403
-52.412513
0.098138
56.190845
298.500148
370.779362
442.276669
-734.140190
-647.869890
-561.279700
-478.261222
-366.527829
-235.473600
-118.818156
-52.411759
-0.334500
56.191595
298.502810
370.782863
442.281243
-734.122795
-647.855532
-561.268100
-478.251939
-366.521569
-235.470377
-118.816908
-52.411005
-0.333788
56.192344
298.505471
370.786365
442.285816
-734.105401
-647.841175
-561.256500
-478.242656
-366.515308
-235.467154
-118.815661
-52.410251
-0.767222
56.193093
298.508132
370.789866
442.290390
-734.088009
-647.826819
-561.244900
-478.233373
-366.509048
-235.463931
-118.814414
-52.409497
-1.201464
56.193843
298.510793
370.793368
442.294963
-734.070617
-647.812464
-561.233302
-478.224092
-366.502789
-235.460708
-118.813167
-52.408743
-1.636514
56.194592
298.513454
370.796869
442.299537
-734.053227
-647.798110
-561.221704
-477.321432
-366.496529
-235.457485
-118.811920
-52.407989
-2.072376
56.591965
298.516115
370.800370
442.304110
-734.035838
-647.783757
-561.210107
-477.312186
-366.490270
-235.454263
-118.810673
-52.407235
-2.071631
56.592707
298.518776
370.803871
442.300964
-734.018451
-647.769405
-561.198510
-477.302940
-366.484012
-235.451041
-118.809426
-51.947730
-2.508298
56.593449
298.521437
370.807372
442.305531
-734.001064
-647.755054
-561.186915
-477.293695
-366.477753
-235.447818
-118.808179
-51.946985
-2.945780
56.594192
298.524098
370.810873
442.310098
-733.983679
-647.740703
-561.175320
-477.284450
-366.471495
-235.444596
-118.300791
-51.488324
-3.384081
56.594934
298.526758
370.814374
442.314665
-733.966295
-647.726354
-561.163725
-477.275206
-366.465237
-235.441374
-118.299555
-51.030496
-3.823202
56.595676
298.529419
370.817875
442.319232
-733.948912
-647.712005
-561.152132
-477.265963
-366.458980
-235.438153
-117.793076
-50.573498
-4.263146
56.596418
298.532080
370.821376
442.323799
-733.931530
-647.697658
-561.140539
-478.149857
-366.452723
-235.434931
-117.287491
-49.662687
-4.703915
56.597160
298.534740
370.913445
442.328366
-733.914149
-647.683311
-561.128947
-478.140580
-366.446466
-235.431710
-116.782797
-70.952632
-5.145511
56.597903
298.537401
370.916940
442.332932
-733.896770
-647.668966
-561.117355
-478.131304
-365.653750
-235.428488
-115.777258
-71.444757
-5.144708
56.598645
298.540061
370.920436
442.337499
-733.879392
-647.654621
-561.105765
-478.122028
-365.647520
-235.425267
-111.793175
-71.937774
-5.143906
56.599387
298.542722
370.923931
442.342066
-733.862015
-647.640277
-561.094175
-478.112753
-365.641291
-234.786130
-71.936625
-5.143103
56.600129
298.545382
370.927426
442.346632
-733.844639
-647.625934
-561.082585
-478.103478
-365.635062
-234.782926
-128.581176
-71.935477
-5.142301
56.600871
298.729298
370.930921
442.351198
-733.827264
-647.611592
-561.070997
-478.094204
-365.628833
-234.779723
-137.076250
-72.429369
-4.699150
56.601613
298.731953
370.934416
442.355765
-733.809891
-647.597251
-561.059409
-478.084930
-365.622605
-234.776519
-138.153731
-72.428210
-4.698356
56.602355
298.734607
370.937911
442.360331
-733.792519
-647.582911
-561.047822
-478.075657
-365.616377
-234.773316
-138.693055
-71.932031
-4.256074
56.603097
298.737262
370.941406
442.364897
-733.775148
-647.568572
-561.036235
-477.173556
-365.610149
-234.770113
-139.233324
-71.930882
-4.255289
56.603839
298.739917
370.944900
442.369463
-733.757778
-647.554234
-561.024649
-477.164318
-365.603921
-234.766911
-139.231619
-71.435650
-4.254503
56.604581
298.742571
370.948395
442.374029
-733.740409
-647.539896
-561.013064
-477.155081
-365.597694
-234.763708
-139.772822
-71.434512
-4.253718
56.605322
298.745226
370.951890
442.378595
-733.723042
-647.525560
-561.001480
-477.145844
-365.591468
-234.760505
-139.771105
-71.433374
-4.252932
56.606064
298.747880
370.955384
442.383161
-733.705675
-647.511225
-560.989896
-477.136608
-365.585241
-234.757303
-139.769389
-71.432236
-4.252147
56.606806
298.750535
370.958879
442.387727
-733.688310
-647.496890
-560.978313
-477.127373
-365.579015
-234.754101
-139.767672
-71.431098
-4.251361
56.607548
298.753189
370.962373
442.392293
-733.670946
-647.482557
-560.966731
-477.118138
-365.572789
-234.750899
-139.765956
-71.429960
-4.250576
56.608290
298.755843
370.965868
442.396859
-733.653584
-646.487381
-560.955150
-477.108903
-365.566564
-234.747697
-139.764239
-71.428822
-4.249790
56.609032
298.758497
370.969362
442.401424
-733.636222
-646.473093
-560.943569
-477.099669
-365.560339
-234.744495
-139.762523
-71.427684
-4.249005
56.609773
298.761152
370.972856
442.405990
-733.618862
-646.458806
-560.931989
-477.090436
-365.554114
-234.741293
-139.760806
-71.426546
-4.248219
56.610515
298.763806
370.976350
442.410555
-733.601503
-646.444521
-560.920410
-477.081203
-365.547889
-234.738092
-139.759090
-71.425408
-4.247434
56.611257
298.766460
370.979844
442.415121
-733.584145
-646.430236
-560.908831
-477.071970
-365.541665
-234.734891
-139.757374
-71.424270
-4.246649
56.611998
298.769114
370.983338
442.419686
-733.566788
-646.415952
-560.897253
-477.062738
-365.535441
-234.731689
-139.755658
-71.423133
-4.245864
56.612740
298.771768
370.986832
442.424251
-733.549432
-646.401669
-560.885676
-477.053507
-365.529218
-234.728488
-139.753942
-71.421995
-4.245078
56.613482
298.774422
370.990326
442.428817
-733.532078
-646.387387
-560.874099
-477.044276
-365.522995
-234.725287
-139.752226
-71.420857
-4.244293
56.614223
298.777075
370.993820
442.433382
-733.514725
-646.373106
-560.862523
-477.035046
-365.516772
-234.722087
-139.750510
-71.419720
-4.243508
56.614965
298.779729
370.997314
442.437947
-733.497373
-646.358826
-560.850948
-477.025816
-365.510549
-234.718886
-139.748794
-71.418582
-4.242723
56.615706
298.782383
371.000808
442.442512
-733.480022
-647.324949
-561.777985
-477.016587
-365.504327
-234.715686
-139.747078
-71.417445
-4.241937
56.616448
298.785036
371.004301
442.447077
-733.462672
-647.310627
-561.766372
-477.007358
-365.498105
-234.712485
-139.745363
-71.416307
-4.241152
56.617189
298.787690
371.007795
442.451641
-733.445324
-647.296305
-561.754760
-476.998130
-365.491884
-234.709285
-139.743647
-71.415170
-4.240367
56.617931
298.790344
371.011288
442.456206
-733.427977
-647.281985
-561.743149
-476.988902
-365.485663
-234.706085
-139.741932
-71.414032
-4.239582
56.618672
298.792997
371.014782
442.460771
-733.410631
-647.267665
-561.731538
-476.979675
-365.479442
-234.702885
-139.740216
-71.412895
-4.238797
56.619414
298.795650
371.018275
442.465336
-733.393286
-647.253346
-561.719928
-476.970449
-365.473221
-234.699685
-139.738501
-71.411758
-4.238012
56.620155
298.798304
371.021769
442.469900
-733.375942
-647.239029
-561.708319
-476.961223
-365.467001
-234.696486
-139.736785
-71.410621
-4.237227
56.620897
298.800957
371.025262
442.474465
-733.358599
-647.224712
-560.758373
-476.951997
-365.460781
-234.693286
-139.735070
-71.409483
-4.236442
56.621638
298.803610
371.028755
442.479029
-733.341258
-647.210396
-560.746804
-476.942772
-365.454561
-234.690087
-139.733355
-70.915423
-4.235657
56.622379
298.806263
371.032248
442.483593
-733.323918
-647.196081
-560.735236
-476.933548
-365.448342
-234.686888
-139.731640
-70.914296
-4.234872
56.623121
298.808916
371.035741
442.488158
-733.306579
-647.181767
-560.723669
-476.924324
-365.442123
-234.683689
-139.729925
-70.913169
-4.234087
56.623862
298.811570
371.039234
442.492722
-733.289241
-647.167454
-560.712102
-476.915100
-365.435904
-234.680490
-139.728210
-70.912042
-4.233303
56.624603
298.814223
371.042727
442.489330
-733.271905
-647.153142
-560.700536
-476.905878
-365.429686
-234.677291
-139.726495
-70.910915
-4.232518
56.625344
298.816875
371.046220
442.493888
-733.254569
-647.138830
-560.688971
-476.896655
-365.423468
-234.674093
-139.724780
-70.909789
-4.231733
56.626086
298.819528
371.049713
442.498446
-733.237235
-647.124520
-560.677406
-476.887433
-365.417251
-234.670894
-139.723065
-70.908662
-4.230948
56.626827
298.822181
371.053205
442.503004
-733.219902
-647.110211
-560.665843
-476.878212
-365.411033
-234.667696
-139.721350
-70.907536
-4.230163
56.627568
298.824834
371.056698
442.507562
-733.202570
-646.116205
-560.654279
-476.868991
-365.404816
-234.664498
-139.719636
-70.906409
-4.229379
56.628309
298.827487
371.060191
442.512120
-733.185240
-646.101942
-560.642717
-476.859771
-365.398599
-234.661300
-139.717921
-70.905282
-4.228594
57.024534
298.830139
371.151791
442.516678
-733.167910
-646.087679
-560.631155
-476.850552
-365.392383
-234.658102
-139.716207
-70.904156
-4.227809
57.025268
298.832792
371.155279
442.521235
-733.150582
-646.073418
-560.619594
-476.841332
-365.386167
-234.654904
-139.714492
-70.903030
-4.227025
57.026002
298.835444
371.158766
442.525793
-733.133255
-646.059157
-560.608034
-476.832114
-365.379951
-234.651707
-139.712778
-70.901903
-4.226240
57.026736
298.838097
371.162253
442.530350
-733.115929
-646.044897
-560.596475
-476.822896
-365.373736
-234.648509
-139.711064
-70.900777
-4.225455
57.027470
298.840749
371.165739
442.534908
-733.098605
-646.030638
-560.584916
-476.813678
-365.367521
-234.645312
-139.709349
-70.899651
-4.224671
57.028204
298.843401
371.169226
442.539465
-733.081281
-646.995769
-560.573358
-476.804461
-364.577547
-234.642115
-139.707635
-70.898524
-4.223886
57.028938
299.026615
371.172713
442.544023
-733.063959
-646.981468
-560.561800
-476.795245
-364.571359
-234.638918
-139.705921
-70.897398
-4.223102
57.029672
299.029262
371.176200
442.548580
-733.046638
-646.967168
-560.550244
-476.786029
-364.565171
-234.635721
-139.704207
-70.896272
-3.782028
57.030406
299.031909
371.179686
442.553137
-733.029318
-646.952869
-560.538688
-476.776813
-364.558984
-234.632524
-139.702493
-70.895146
-3.781252
57.031140
299.034556
371.183173
442.557694
-733.011999
-646.938570
-560.527132
-476.767599
-364.552796
-234.629328
-139.700779
-70.894020
-3.780476
57.031874
299.037202
371.186659
442.562251
-732.994681
-646.924273
-560.515578
-476.758384
-364.546610
-234.626131
-139.699065
-70.892894
-3.779700
57.032608
299.039849
371.190146
442.566808
-732.977365
-646.909977
-560.504024
-476.749170
-364.540423
-234.622935
-139.697352
-70.891768
-3.778924
57.033342
299.042495
371.193632
442.571365
-732.960050
-646.895681
-560.492471
-476.739957
-364.534237
-234.619739
-139.695638
-70.890642
-3.778148
57.034076
299.045142
371.197119
442.575922
-732.942736
-646.881387
-560.480918
-476.730744
-364.528051
-234.616543
-139.693924
-70.889516
-3.777372
57.034809
299.047788
371.200605
442.580478
-732.925423
-646.867093
-560.469366
-476.721532
-364.521865
-234.613347
-139.692211
-70.888390
-3.776596
56.640164
299.050435
371.204091
442.585035
-732.908111
-646.852800
-560.457815
-476.712320
-364.515680
-234.610151
-139.690497
-70.887264
-3.775820
56.640905
299.053081
371.207577
442.589592
-732.890801
-646.838509
-560.446265
-476.703109
-364.509495
-234.606956
-139.688784
-70.886138
-3.775044
56.245494
299.055727
371.211063
442.594148
-732.873492
-646.824218
-561.371959
-476.693899
-364.503310
-234.603761
-139.144790
-70.885012
-3.334899
55.849307
299.058374
371.214549
442.598705
-732.856184
-646.809928
-561.360371
-476.684688
-364.497126
-234.600565
-139.143089
-70.883887
-3.334132
50.208818
299.061020
371.218035
442.603261
-732.838877
-646.795639
-561.348784
-476.675479
-364.490942
-234.597370
-139.141389
-70.882761
-2.894847
49.390737
299.063666
371.221521
442.607818
-732.821571
-646.781351
-561.337197
-476.666270
-364.484758
-234.594175
-139.139688
-70.389929
-2.456411
48.569361
299.066312
371.225007
442.612374
-732.804266
-646.767064
-561.325611
-476.657061
-364.478575
-234.590980
-139.137988
-70.388813
-2.018821
48.157879
299.068958
371.228492
442.616930
-732.786963
-646.752778
-561.314026
-476.647853
-364.472392
-234.587786
-139.136287
-69.896918
-1.146899
48.158772
299.071604
371.231978
442.621486
-732.769661
-646.738492
-561.302442
-476.638646
-364.466209
-234.584591
-139.134587
-69.405947
-19.690861
47.746474
299.074250
371.235464
442.626042
-732.752360
-646.724208
-561.290858
-476.629439
-364.460027
-234.581397
-139.132886
-68.915897
-20.632755
47.747375
299.076895
371.238949
442.630598
-732.735060
-646.709925
-560.342343
-476.620232
-364.453845
-234.578203
-139.131186
-67.939617
-20.631651
47.748277
299.079541
371.242435
442.635154
-732.717761
-646.695642
-560.330800
-476.611027
-364.447663
-234.575008
-138.588287
-89.726508
-21.103415
48.162348
299.082187
371.245920
442.639710
-732.700464
-646.681360
-560.319258
-476.601821
-364.441481
-234.571815
-138.586600
-90.252994
-21.102301
48.163241
299.084832
371.249405
442.644266
-732.683168
-646.667080
-560.307716
-476.592616
-364.435300
-234.568621
-138.044705
-90.780468
-21.101188
48.576451
299.087478
371.252891
442.648821
-732.665873
-646.652800
-560.296175
-476.583412
-364.429120
-234.565427
-137.503799
-90.778915
-21.100075
48.577337
299.090123
371.256376
442.653377
-732.648579
-646.638521
-560.284634
-476.574208
-364.422939
-234.562234
-136.426580
-90.777361
-21.098962
48.578223
299.092769
371.259861
442.657932
-732.631286
-646.624243
-560.273094
-476.565005
-364.416759
-234.559040
-90.775808
-21.097848
48.579109
299.095414
371.351056
442.654326
-732.613995
-646.609967
-560.261555
-476.555802
-364.410579
-234.555847
-90.774255
-20.623925
48.579995
299.098060
371.354535
442.658876
-732.596704
-646.595691
-560.250017
-476.546600
-364.404400
-234.552654
-147.908925
-90.772702
-20.622821
48.580881
299.100705
371.358015
442.663425
-732.579415
-646.581415
-560.238479
-476.537399
-364.398220
-234.549461
-156.383740
-90.771149
-20.621717
48.581767
299.103350
371.361494
442.667974
-732.562127
-646.567141
-561.163484
-476.528198
-364.392042
-234.546268
-158.105085
-90.240662
-20.620614
48.582653
299.105995
371.364974
442.672524
-732.544840
-646.552868
-561.151909
-476.518997
-364.385863
-234.543076
-159.257184
-90.239121
-20.619510
48.583539
299.108640
371.368453
442.677073
-732.527555
-646.538596
-561.140334
-476.509797
-364.379685
-234.539883
-159.833719
-90.237580
-20.618407
48.584424
299.111285
371.371933
442.681622
-732.510270
-646.524324
-561.128761
-476.500597
-364.373507
-234.536691
-160.411297
-90.236038
-20.617304
48.585310
299.113930
371.375412
442.686171
-732.492987
-646.510054
-561.117188
-476.491398
-364.367329
-234.533498
-160.409091
-90.234497
-20.616200
48.586196
299.116575
371.378891
442.690720
-732.475705
-646.495784
-561.105615
-476.482200
-364.361152
-234.530306
-160.987701
-90.232956
-20.615097
48.587082
299.119220
371.382370
442.695269
-732.458424
-646.481516
-561.094044
-476.473002
-364.354975
-234.527114
-160.985482
-90.231415
-20.613994
48.587968
299.121865
371.385849
442.699818
-732.441145
-646.467248
-561.082473
-476.463805
-364.348799
-234.523923
-160.983262
-90.229875
-20.612890
48.588853
299.124509
371.389328
442.704366
-732.423866
-646.452981
-560.134672
-476.454608
-364.342622
-234.520731
-160.981043
-90.228334
-20.611787
48.589739
299.127154
371.392807
442.708915
-732.406589
-646.438715
-560.123142
-476.445411
-364.336446
-234.517540
-160.978823
-90.226793
-20.610684
48.590625
299.129799
371.396286
442.713464
-732.389313
-646.424451
-560.111612
-476.436216
-364.330271
-234.514348
-160.976604
-90.225252
-20.609581
48.591510
299.132443
371.399765
442.718012
-732.372038
-646.410187
-560.100082
-476.427020
-364.324095
-234.511157
-160.974385
-90.223712
-20.608478
48.592396
299.135088
371.403244
442.722561
-732.354764
-646.395924
-560.088554
-476.417825
-364.317920
-234.507966
-160.972166
-90.222171
-20.607375
48.593281
299.137732
371.406722
442.727109
-732.337491
-646.381661
-560.077026
-476.408631
-364.311746
-233.871519
-160.969947
-90.220630
-20.606272
48.594167
299.140377
371.410201
442.731657
-732.320220
-646.367400
-560.065499
-476.399438
-364.305571
-233.868345
-160.967728
-90.219090
-20.605169
48.595052
299.143021
371.413679
442.736206
-732.302950
-646.353140
-560.053973
-476.390244
-364.299397
-233.865172
-160.965509
-90.217550
-20.604066
48.595938
299.145665
371.417158
442.740754
-732.285681
-646.338881
-560.042447
-476.381052
-364.293224
-233.861998
-160.963290
-90.216009
-20.602963
48.596823
299.328170
371.420636
442.745302
-732.268413
-646.324622
-560.030922
-476.371860
-364.287050
-233.858825
-160.961072
-90.214469
-20.601860
48.597709
299.330809
371.424115
442.749850
-732.251146
-646.310365
-560.019398
-476.362668
-364.280877
-233.855652
-160.958853
-90.212929
-20.600757
48.598594
299.333447
371.427593
442.754398
-732.233880
-646.296108
-560.007874
-476.353477
-364.274705
-233.852479
-160.956635
-90.211389
-20.599654
48.599480
299.336086
371.431071
442.758946
-732.216616
-646.281852
-560.932115
-476.344286
-364.268532
-233.849307
-160.954417
-90.209848
-20.598551
48.600365
299.338725
371.434549
442.763494
-732.199353
-646.267598
-560.920553
-476.335096
-364.262360
-233.846134
-160.952198
-90.208308
-20.125797
48.601250
299.341363
371.438027
442.768041
-732.182091
-646.253344
-560.908993
-476.325907
-364.256188
-233.842962
-160.949980
-90.206768
-20.124704
48.602136
299.344002
371.441505
442.772589
-732.164830
-646.239091
-560.897433
-476.316718
-364.250017
-233.839789
-160.947762
-90.205228
-20.123611
48.603021
299.346640
371.444983
442.777137
-732.147571
-646.224839
-560.885875
-476.307530
-364.243846
-233.836617
-160.945544
-90.203689
-20.122518
48.603906
299.349279
371.448461
442.781684
-732.130312
-646.210588
-560.874316
-476.298342
-364.237675
-233.833445
-160.943326
-89.674518
-20.121425
48.604791
299.351917
371.451939
442.786232
-732.113055
-646.196338
-560.862759
-476.289154
-364.231504
-233.830273
-160.941109
-89.672990
-20.120332
48.605676
299.354555
371.455417
442.790779
-732.095799
-646.182088
-560.851202
-476.279967
-364.225334
-233.827102
-160.938891
-89.671462
-20.119239
48.606561
299.357194
371.458895
442.795327
-732.078544
-646.167840
-560.839646
-476.270781
-364.219164
-233.823930
-160.936673
-89.669934
-20.118146
48.607447
299.359832
371.462372
442.799874
-732.061290
-646.153593
-560.828090
-476.261595
-364.212995
-233.820759
-160.934456
-89.668406
-20.117053
48.608332
299.362470
371.465850
442.796085
-732.044038
-646.139346
-560.816536
-476.252410
-364.206826
-233.817588
-160.932238
-89.666879
-20.115960
48.609217
299.365108
371.469327
442.800626
-732.026786
-646.125101
-560.804982
-476.243225
-364.200657
-233.814416
-160.930021
-89.665351
-20.114867
48.610102
299.367746
371.472805
442.805167
-732.009536
-646.110856
-560.793429
-476.234041
-364.194488
-233.811245
-160.927804
-89.663823
-20.113774
48.610987
299.370384
371.476282
442.809708
-731.992287
-646.096613
-560.781876
-476.224858
-364.188320
-233.808075
-160.925587
-89.662295
-20.112681
48.611872
299.373022
371.479759
442.814249
-731.975039
-646.082370
-560.770324
-476.215674
-364.182152
-233.804904
-160.923370
-89.660768
-20.111589
49.023927
299.375659
371.570518
442.818790
-731.957793
-646.068128
-559.823593
-476.206492
-364.175984
-233.801733
-160.921153
-89.659240
-20.110496
49.024805
299.378297
371.573989
442.823331
-731.940547
-646.053887
-559.812082
-476.197310
-364.169817
-233.798563
-160.918936
-89.657713
-20.109403
49.436005
105.174996
299.380935
371.577461
442.827872
-731.923303
-646.039647
-559.800571
-476.188128
-364.163650
-233.795393
-160.916719
-89.656185
-20.108310
49.846361
104.802913
299.383573
371.580933
442.832412
-731.906060
-646.025408
-559.789061
-476.178947
-364.157483
-233.792222
-160.914502
-89.654658
-20.107218
35.882197
104.430037
299.386210
371.584405
442.836953
-731.888818
-646.011170
-559.777551
-476.169767
-364.151317
-233.789052
-160.912286
-89.653131
-19.635572
35.005929
104.431150
299.568133
371.587876
442.841494
-731.871577
-645.996933
-559.766042
-476.160587
-364.145151
-233.785883
-160.910069
-89.651603
-19.634489
34.126008
104.432263
299.570765
371.591348
442.846034
-731.854338
-645.982696
-559.754534
-476.151407
-364.138985
-233.782713
-160.907853
-89.650076
-19.163796
33.685255
104.058606
299.573397
371.594819
442.850574
-731.837099
-645.968461
-559.743027
-476.142228
-364.132820
-233.779543
-160.905637
-89.648549
-18.694044
33.686423
104.059726
299.576029
371.598291
442.855115
-731.819862
-645.954227
-559.731520
-476.133050
-364.126655
-233.776374
-160.903421
-89.647022
-18.225230
33.244765
104.060845
299.578661
371.601762
442.859655
-731.802626
-645.939993
-559.720014
-476.123872
-364.120490
-233.773205
-160.901204
-89.645495
33.245942
104.436714
299.581293
371.605233
442.864195
-731.785391
-645.925760
-559.708509
-476.114695
-364.114326
-233.770036
-160.898988
-89.643968
33.247118
104.437827
299.583925
371.608704
442.868735
-731.768157
-645.911529
-559.697004
-476.105518
-364.108162
-233.766867
-160.896773
-89.116062
-37.170102
33.248294
104.812867
299.586557
371.612176
442.873275
-731.750925
-645.897298
-559.685500
-476.096342
-364.101998
-233.763698
-160.894557
-89.114547
-37.674332
33.249470
104.813973
299.589189
371.615647
442.877815
-731.733693
-645.883068
-559.673997
-476.087166
-364.095835
-233.760529
-160.892341
-88.587679
-38.179574
33.693427
104.815079
299.591820
371.619118
442.882355
-731.716463
-645.868839
-559.662495
-476.077991
-364.089672
-233.757361
-160.890125
-88.061835
-38.178108
33.694594
104.816184
299.594452
371.622589
442.886895
-731.699234
-645.854611
-559.650993
-476.068816
-364.083509
-233.754192
-160.307734
-87.014674
-38.176641
34.137596
104.817290
299.597083
371.626060
442.891435
-731.682007
-645.840384
-559.639492
-476.059642
-364.077346
-233.751024
-160.305533
-38.682877
34.138755
104.818396
299.599715
371.629530
442.895975
-731.664780
-645.826158
-559.627992
-476.050468
-364.071184
-233.747856
-159.724256
-38.681400
34.139913
104.819501
299.602346
371.633001
442.900514
-731.647554
-645.811933
-559.616492
-476.041295
-364.065022
-233.744688
-159.144077
-103.123790
-38.679923
34.141072
104.820607
299.604978
371.636472
442.905054
-731.630330
-645.797708
-559.604993
-476.032122
-364.058861
-233.741520
-157.989144
-105.342104
-38.170776
34.142230
104.821713
299.607609
371.639942
442.909594
-731.613107
-645.783485
-559.593495
-476.022950
-364.052700
-233.738352
-106.456821
-38.169310
34.143389
104.822818
299.610240
371.643413
442.914133
-732.607700
-645.769262
-559.581997
-476.013779
-364.046539
-233.735185
-107.014849
-37.661232
34.144547
104.823924
299.612872
371.646883
442.918672
-732.590431
-645.755041
-559.570500
-476.004608
-364.040378
-233.732017
-107.573954
-37.659777
34.145705
104.825029
299.615503
371.650354
442.923212
-732.573162
-645.740820
-559.559004
-475.995437
-364.034218
-233.728850
-169.105291
-108.134141
-37.658322
34.146864
104.826135
299.618134
371.653824
442.927751
-732.555895
-645.726600
-559.547509
-475.986267
-364.028058
-233.725683
-184.358746
-108.695411
-37.656866
34.148022
104.827240
299.620765
371.657295
442.932290
-732.538629
-645.712382
-559.536014
-475.977098
-364.021898
-234.354965
-184.981406
-108.693451
-37.655411
34.149180
104.828346
299.623396
371.660765
442.936829
-732.521365
-645.698164
-559.524520
-475.967929
-364.015739
-234.351781
-185.605237
-109.255796
-37.148432
34.150338
104.829451
299.626027
371.664235
442.941368
-732.504101
-645.683947
-559.513027
-475.958761
-364.009580
-234.982148
-185.602397
-109.253823
-37.146987
34.151497
104.830556
299.628658
371.667705
442.945907
-732.486839
-645.669731
-559.501534
-475.949593
-364.003422
-235.613620
-185.599556
-109.251849
-37.145543
34.152655
104.831662
299.631288
371.671175
442.941930
-731.458152
-645.655516
-559.490042
-475.940425
-363.997263
-236.246200
-184.970109
-109.249876
-37.144099
34.153813
104.832767
299.633919
371.674645
442.946463
-731.440941
-645.641301
-559.478551
-475.931259
-363.991105
-248.543968
-184.967285
-109.247903
-37.142655
34.154971
104.833872
299.636550
371.678115
442.950996
-731.423731
-645.627088
-559.467060
-475.922092
-363.984948
-254.517612
-184.964461
-109.245930
-37.141211
34.596899
104.834977
299.639181
371.681585
442.955529
-731.406522
-645.612876
-559.455571
-475.912927
-363.978790
-255.855613
-184.336283
-109.243957
-37.139767
34.598048
104.836082
299.641811
371.685055
442.960062
-731.389314
-645.598664
-559.444081
-475.903761
-363.972633
-256.524547
-183.709337
-109.241984
-37.138323
34.599198
104.837188
299.644442
371.688524
442.964594
-731.372107
-645.584454
-559.432593
-475.894597
-363.966477
-257.194689
-183.706547
-109.240011
-37.136879
34.600347
105.211257
299.647072
371.691994
442.969127
-731.354902
-645.570244
-559.421105
-475.885432
-363.960320
-257.866042
-183.703756
-109.238038
-37.135435
34.601496
105.212355
299.649702
371.695464
442.973659
-731.337697
-645.556036
-559.409618
-475.876269
-363.954164
-258.538611
-183.078071
-109.236066
-37.133992
34.602645
105.213453
299.652333
371.698933
442.978192
-731.320494
-645.541828
-559.398132
-475.867106
-363.948008
-258.534753
-183.075297
-109.234093
-37.132548
34.603795
105.214552
299.654963
371.702402
442.982724
-731.303292
-645.527621
-559.386646
-475.857943
-363.941853
-259.208520
-183.072523
-109.232121
-37.131104
34.604944
105.215650
299.657593
371.705872
442.987256
-732.297030
-645.513415
-559.375161
-475.848781
-363.935698
-259.204642
-183.069749
-109.230148
-37.129661
34.606093
105.216748
299.660224
371.709341
442.991788
-732.279782
-645.499210
-560.297305
-475.839620
-363.929543
-259.200765
-183.066975
-109.228176
-37.128217
34.607242
105.217846
299.662854
371.799649
442.996320
-732.262535
-645.485006
-560.285782
-475.830458
-363.923389
-259.196888
-183.064201
-109.226203
-37.126773
34.608391
105.218944
299.665484
371.803113
443.000853
-732.245289
-645.470803
-560.274261
-475.821298
-363.917234
-259.193011
-183.061427
-109.224231
-37.125330
34.609540
105.220042
299.668114
371.806577
443.005385
-732.228044
-645.456600
-560.262740
-475.812138
-363.911081
-259.189135
-183.058653
-109.222259
-37.123887
34.610689
105.221140
299.670744
371.810041
443.009916
-732.210801
-645.442399
-560.251220
-475.802979
-363.904927
-259.185258
-183.055880
-109.220287
-37.122443
34.611838
105.222238
299.673373
371.813504
443.014448
-732.193558
-645.428199
-560.239700
-475.793820
-363.898774
-259.181382
-183.053106
-109.218315
-37.121000
34.612987
105.223336
299.676003
371.816968
443.018980
-732.176317
-645.413999
-560.228182
-475.784661
-363.892621
-259.177506
-183.050333
-109.216343
-37.119557
34.614136
105.224434
299.678633
371.820432
443.023512
-732.159077
-645.399801
-559.283307
-475.775503
-363.886469
-259.173630
-183.047560
-109.214371
-37.118114
34.615284
105.225532
299.681263
371.823895
443.028043
-732.141838
-645.385603
-559.271828
-475.766346
-363.880316
-259.169754
-183.044787
-109.212400
-37.116670
34.616433
105.226629
299.683892
371.827359
443.032575
-732.124601
-645.371406
-559.260351
-475.757189
-363.874164
-259.165879
-183.042014
-109.210428
-37.115227
34.617582
105.227727
299.686522
371.830822
443.037106
-732.107364
-645.357210
-559.248873
-475.748033
-363.868013
-259.162003
-183.039241
-109.208456
-37.113784
34.618731
105.228825
299.689151
371.834285
443.041638
-732.090129
-645.343015
-559.237397
-475.738877
-363.861862
-259.158128
-183.036469
-109.206485
-37.112341
34.619879
105.229923
299.691781
371.837749
443.046169
-732.072895
-645.328821
-559.225921
-475.729722
-363.855711
-259.154253
-183.033696
-109.204514
-37.110898
34.621028
105.231020
299.694410
371.841212
443.050701
-732.055662
-645.314628
-559.214446
-475.720567
-363.849560
-259.150378
-183.030924
-109.202542
-37.109455
34.622176
105.232118
299.697040
371.844675
443.046591
-732.038430
-645.300436
-559.202971
-475.711413
-363.843410
-259.146504
-183.028151
-109.200571
-37.108013
34.623325
105.233216
299.699669
371.848138
443.051116
-732.021200
-645.286245
-559.191498
-475.702259
-363.837260
-259.142629
-183.025379
-109.198600
-37.106570
34.624473
105.606332
299.880863
371.851601
443.047012
-730.993858
-645.272055
-559.180025
-475.693106
-363.831110
-259.138755
-183.022607
-109.196629
-37.105127
34.625622
105.607423
165.599819
299.883487
371.855064
443.042918
-730.976678
-645.257865
-559.168552
-475.683954
-363.824961
-259.134881
-183.019835
-109.194658
-37.103685
34.626770
105.979719
164.630831
299.886111
371.858527
443.038835
-730.959499
-645.243677
-559.157081
-475.674802
-363.818812
-259.131007
-183.017063
-109.192687
-37.102242
34.627919
106.351205
164.307342
299.888735
371.861989
443.034763
-730.942322
-645.229489
-559.145610
-475.665650
-363.812663
-259.127133
-183.014291
-109.190716
-37.100799
34.629067
106.721884
164.308818
299.891358
371.865452
-730.925146
-645.215302
-559.134140
-475.656499
-363.806515
-259.123260
-183.011520
-109.188745
-37.099357
34.630215
107.459769
163.984600
299.893982
371.868915
-730.907971
-645.201117
-559.122670
-475.647349
-363.800366
-259.119386
-183.008748
-109.186774
-37.097914
35.070954
163.986082
299.896606
371.958882
-730.890797
-645.186932
-559.111201
-475.638199
-363.794219
-259.115513
-183.005977
-109.184804
-37.096472
35.072094
93.299770
163.987564
299.899229
371.962339
-730.873625
-645.172748
-559.099733
-475.629049
-363.788071
-259.111640
-183.003206
-109.182833
-37.095030
35.511887
92.502250
163.989046
299.901853
372.052068
-730.856453
-645.158565
-559.088266
-475.619900
-363.781924
-258.430648
-183.000435
-109.180863
-37.093587
35.950747
92.102835
163.990527
299.904476
372.141565
-730.839283
-645.144383
-559.076799
-475.610752
-363.775777
-258.426794
-182.997664
-109.178892
-37.092145
36.824571
92.104179
164.317671
299.907099
372.230830
-730.822114
-645.130202
-559.065333
-475.601604
-363.769631
-258.422941
-182.994893
-109.176922
-37.090703
91.703890
164.319146
299.909723
372.490397
-730.804946
-645.116021
-559.053868
-475.592457
-363.763485
-258.419089
-182.992122
-109.174952
-37.089261
91.705242
164.645524
299.912346
-730.787779
-645.101842
-559.042403
-475.583310
-363.757339
-258.415236
-182.989352
-109.172982
-37.087819
91.706595
164.646993
299.914969
-730.770613
-645.087664
-559.030939
-475.574163
-363.751193
-258.411383
-182.986581
-109.171012
-37.086377
18.654818
91.707947
164.648462
300.095635
-730.753449
-645.073486
-559.019476
-475.565018
-363.745048
-258.407531
-182.983811
-109.169042
-37.084935
18.656287
92.110901
164.649931
300.098253
-730.736286
-645.059310
-559.008013
-475.555872
-363.738903
-258.403679
-182.981040
-109.167072
-36.579481
18.183134
92.112246
164.651400
300.278457
-730.719123
-645.045134
-558.996551
-475.546728
-363.732759
-258.399827
-182.978270
-109.165102
-36.578049
18.184612
92.514280
164.652869
300.458206
-730.701962
-645.030959
-558.985090
-475.537583
-363.726614
-258.395975
-182.975500
-109.163132
-36.073652
18.186091
92.515617
164.654338
300.813748
-730.684803
-645.016785
-558.973630
-475.528440
-363.720471
-258.392124
-182.972730
-109.161163
18.187569
92.516953
164.655806
-730.667644
-645.002612
-558.962170
-475.519297
-363.714327
-258.388272
-182.969960
-109.159193
-55.387387
18.189048
92.518289
164.657275
-730.650487
-644.988440
-558.950711
-475.510154
-363.708184
-258.384421
-182.967191
-109.157223
-55.928577
18.665099
92.519626
164.658744
-730.633330
-644.974269
-558.939253
-475.501012
-363.702041
-258.380570
-182.964421
-109.719999
-55.926722
18.666568
92.520962
164.660213
-730.616175
-644.960099
-559.859952
-475.491870
-363.695898
-258.376719
-182.961652
-109.718016
-55.924866
19.141559
92.522298
164.661681
-731.608018
-644.945930
-559.848457
-475.482729
-362.911201
-258.372868
-182.958883
-110.281870
-55.923010
19.143017
92.523634
164.663150
-731.590817
-644.931761
-559.836962
-475.473589
-362.905085
-258.369018
-182.956113
-110.846818
-55.921155
19.616951
92.524970
164.664618
-731.573617
-644.917594
-559.825468
-475.464449
-362.898970
-258.365168
-182.953344
-111.412863
-55.919299
19.618399
92.526306
164.666087
-731.556418
-644.903428
-559.813974
-475.455309
-362.892854
-258.361317
-182.950575
-113.121741
-55.917444
19.619848
92.527642
164.991621
-731.539220
-644.889262
-559.802481
-475.446170
-362.886739
-258.357467
-182.947807
-119.481120
-55.372640
19.621297
92.528978
164.993083
-731.522024
-644.875097
-559.790989
-475.437032
-362.880624
-258.353618
-183.567156
-124.789194
-55.370797
19.622745
92.530314
164.994546
-731.504828
-644.860933
-559.779498
-475.427894
-362.874510
-258.349768
-183.564371
-126.578516
-55.368954
19.624194
92.531650
165.319314
-731.487634
-644.846771
-559.768007
-475.418756
-362.868395
-258.345919
-184.184865
-127.776631
-54.825345
19.625643
92.532986
165.643331
-731.470441
-644.832609
-558.824707
-475.409619
-362.862281
-258.342069
-184.806523
-128.376288
-54.823515
19.627091
92.534322
165.966600
-731.453249
-644.818448
-558.813257
-475.400483
-362.856168
-258.338220
-185.429349
-128.373856
-54.821684
19.628539
92.935331
166.609473
-731.436058
-644.804288
-558.801807
-475.391347
-362.850055
-259.011006
-193.670432
-128.974698
-54.819854
19.629988
92.936659
-731.418869
-644.790128
-558.790357
-475.382212
-362.843942
-259.007138
-196.246019
-128.972251
-54.818024
19.631436
92.937987
-731.401681
-644.775970
-558.778909
-475.373077
-362.837829
-259.681122
-198.841694
-129.574283
-54.816193
19.632884
92.939315
-731.384494
-644.761813
-558.767461
-475.363943
-362.831717
-260.356328
-202.115715
-129.571821
-54.814363
19.634333
92.940643
-731.367308
-644.747656
-558.756014
-475.354809
-362.825605
-261.032758
-203.432344
-129.569358
-54.812533
19.635781
93.340715
-731.350123
-644.733501
-558.744567
-475.345676
-362.819493
-261.710417
-204.090923
-129.566897
-54.810703
19.637229
93.342035
-731.332939
-644.719346
-558.733122
-475.336543
-362.813382
-263.073415
-204.750774
-129.564435
-54.808873
19.638677
93.741197
-731.315757
-644.705192
-558.721676
-475.327411
-362.807271
-265.818597
-205.411903
-129.561973
-54.807043
19.640125
94.139459
-731.298575
-644.691040
-558.710232
-475.318280
-362.801160
-268.584289
-205.408536
-129.559511
-54.805213
19.641573
94.932009
-731.281395
-644.676888
-558.698788
-475.309148
-362.795049
-271.370721
-206.070927
-129.557050
-54.803383
19.643021
-731.264216
-644.662737
-558.687345
-475.300018
-362.788939
-274.178128
-206.067542
-129.554588
-54.801554
19.644469
-731.247038
-644.648587
-558.675903
-475.290888
-362.782830
-279.861299
-206.064156
-129.552127
-54.799724
19.645917
-731.229862
-644.634437
-558.664461
-475.281758
-362.776720
-281.292239
-206.060771
-129.549666
-54.797894
19.647364
-731.212686
-644.620289
-558.653020
-475.272629
-362.770611
-282.007464
-206.057386
-129.547205
-54.796065
20.120049
-731.195512
-644.606142
-558.641580
-475.263501
-362.764502
-282.724025
-206.054002
-129.544744
-54.794236
20.121487
-731.178339
-644.591995
-558.630141
-475.254373
-362.758394
-283.441926
-206.050617
-129.542283
-54.792406
20.593122
-731.161167
-644.577850
-558.618702
-475.245245
-362.752286
-284.161169
-206.047233
-129.539822
-54.790577
21.063720
-730.136307
-644.563705
-558.607264
-475.236118
-362.746178
-284.156560
-206.043848
-129.537361
-54.788748
21.533286
-730.119186
-644.549562
-559.526865
-475.226992
-362.740070
-284.877128
-206.040464
-129.534900
-54.786919
-730.102065
-644.535419
-559.515389
-475.217866
-362.733963
-284.872498
-206.037080
-129.532440
-54.785089
-730.084947
-644.521277
-559.503915
-475.208741
-362.727856
-284.867868
-206.033696
-129.529979
-54.783260
-730.067829
-644.507136
-559.492441
-475.199616
-362.721749
-284.863239
-206.030313
-129.527519
-54.241100
-730.050712
-644.492996
-559.480968
-475.190492
-362.715643
-284.858609
-206.026929
-129.525059
-54.239283
-730.033597
-644.478857
-559.469495
-475.181368
-362.709537
-284.853980
-206.023546
-129.522599
-54.237467
-730.016483
-644.464719
-558.527216
-475.172244
-362.703431
-284.849351
-206.020163
-129.520139
-53.696492
-729.999369
-644.450582
-558.515784
-475.163122
-362.697326
-284.844723
-206.016779
-129.517679
-53.156675
-729.982258
-644.436445
-558.504352
-475.154000
-362.691221
-284.840094
-206.013396
-129.515219
-52.618012
-729.965147
-644.422310
-558.492921
-475.144878
-362.685116
-284.835466
-206.010014
-129.512759
-52.080500
-730.955195
-644.408175
-558.481490
-475.135757
-362.679012
-284.830838
-206.006631
-129.510300
-730.938038
-644.394041
-558.470060
-475.126636
-362.672908
-284.826210
-206.003249
-129.507840
-730.920883
-644.379909
-558.458631
-475.117516
-362.666804
-284.821583
-205.999866
-129.505381
-730.903728
-644.365777
-559.377740
-475.108396
-362.660701
-284.816955
-205.996484
-128.898878
-730.886575
-644.351646
-559.366274
-475.099277
-362.654598
-284.812328
-205.993102
-128.896434
-730.869423
-644.337516
-559.354809
-475.090159
-362.648495
-284.807701
-205.989720
-128.893990
-730.852272
-644.323387
-559.343344
-475.081041
-362.642392
-284.803075
-205.986339
-128.288779
-730.835122
-644.309259
-559.331880
-475.071923
-362.636290
-284.798448
-205.982957
-128.286350
-730.817974
-644.295132
-559.320416
-475.062806
-362.630188
-284.069041
-205.979576
-127.682413
-730.800826
-644.281005
-559.308954
-475.053690
-362.624087
-284.064437
-205.976194
-127.079729
-730.783680
-644.266880
-559.297492
-475.044574
-362.617985
-284.059833
-205.972813
-125.880479
-730.766535
-644.252755
-558.355801
-475.035458
-362.611884
-284.055230
-205.969432
-730.749391
-644.238632
-558.344379
-475.026343
-362.605784
-284.050626
-205.966051
-730.732249
-644.224509
-558.332957
-475.017229
-362.599684
-284.046023
-205.962671
-730.715107
-644.210387
-558.321536
-475.008115
-362.593584
-284.041420
-205.959290
-730.697967
-644.196266
-558.310116
-474.999002
-362.587484
-284.036818
-205.290772
-730.680827
-644.182146
-558.298697
-474.989889
-362.581385
-284.032215
-205.287410
-730.663689
-644.168027
-558.287278
-474.980776
-362.575286
-284.027613
-205.284048
-730.646552
-644.153909
-558.275860
-474.971665
-362.569187
-284.023011
-204.616918
-730.629417
-644.139792
-558.264443
-474.962553
-362.563089
-284.018409
-203.951135
-730.612282
-644.125675
-558.253027
-474.953443
-362.556990
-284.013807
-203.286695
-730.595149
-644.111560
-558.241611
-474.944332
-362.550893
-284.009206
-202.623593
-730.578017
-644.097445
-558.230195
-474.935223
-362.544795
-284.004605
-730.560886
-644.083332
-558.218781
-474.926114
-362.538698
-284.000004
-730.543756
-644.069219
-558.207367
-474.917005
-362.532601
-283.995403
-730.526627
-644.055107
-558.195954
-474.907897
-362.526505
-283.990803
-730.509499
-644.040997
-558.184542
-474.898789
-362.520409
-283.986202
-730.492373
-644.026887
-558.173130
-474.889682
-362.514313
-283.981602
-730.475248
-644.012777
-558.161719
-474.880576
-362.508217
-283.977003
-730.458124
-643.998669
-558.150309
-474.871469
-362.502122
-283.249470
-730.441001
-643.984562
-558.138899
-474.862364
-362.496027
-283.244893
-730.423879
-643.970456
-558.127490
-474.853259
-362.489933
-282.518809
-730.406758
-643.956350
-558.116082
-474.844154
-362.483838
-281.794149
-730.389639
-643.942246
-558.104674
-474.835050
-362.477744
-281.070907
-730.372521
-643.928142
-558.093267
-474.825947
-361.696393
-279.633131
-730.355404
-643.914040
-558.081861
-474.816844
-361.690325
-730.338288
-643.899938
-558.070456
-474.807742
-361.684258
-730.321173
-643.885837
-558.059051
-474.798640
-361.678191
-730.304060
-643.871737
-558.047647
-474.789538
-360.898401
-730.286947
-643.857638
-558.036243
-474.780438
-360.892361
-730.269836
-643.843540
-558.024841
-473.889059
-360.114076
-730.252726
-643.829442
-558.013439
-473.879993
-359.337268
-730.235617
-643.815346
-558.002037
-472.990344
-358.561930
-730.218509
-643.801251
-557.990637
-472.102384
-357.021564
-730.201402
-643.787156
-557.979237
-470.340444
-730.184297
-643.773063
-557.967837
-730.167193
-643.758970
-557.956439
-730.150090
-643.744878
-557.945041
-730.132988
-643.730787
-557.933644
-730.115887
-643.716697
-556.995126
-730.098787
-643.702608
-556.983769
-729.076989
-643.688520
-556.047011
-729.059940
-643.674433
-555.111969
-729.042892
-643.660346
-553.258217
-729.025845
-643.646261
-729.008799
-643.632176
-728.991755
-643.618093
-728.974711
-642.635041
-728.957669
-642.621002
-728.940628
-641.639732
-728.923588
-640.660195
-728.906549
-639.682385
-728.889512
-638.706300
-728.872475
-636.773057
-728.855440
-728.838406
-728.821373
-728.804341
-727.785065
-727.768083
-726.750586
-725.734815
-724.720765
-722.714550
