363.375943
362.278578
366.074493
361.182866
364.613309
360.088802
363.507174
359.340888
362.402716
358.593002
361.648959
357.845146
360.546766
364.758416
357.097318
359.793629
363.289651
356.349519
359.040521
362.177367
355.601749
358.287440
361.066779
354.854008
357.534389
360.308274
354.106296
356.436225
359.199977
363.135109
353.358612
355.683792
358.442097
362.014709
352.271444
354.931387
357.684245
361.250088
351.524373
354.179011
356.926421
360.132015
350.777331
353.426662
356.168625
359.368029
350.030317
352.674342
355.410856
358.604069
349.283332
351.922050
354.653114
357.840137
362.228730
348.536376
351.169786
353.895401
357.076231
361.098850
347.789449
350.417550
353.137714
356.312353
359.970720
347.378187
349.665343
352.380056
355.548502
358.844335
346.630763
348.913164
351.622425
354.784677
358.074114
345.883369
348.161013
350.864822
354.020880
356.950085
345.136003
347.408890
350.107246
353.257110
356.180506
344.388667
346.656796
349.349698
352.493367
355.410952
343.641359
345.904729
348.592177
351.729651
354.641425
354.491160
342.894080
345.152691
347.834684
350.965961
353.871925
353.369685
357.206516
341.815071
344.400681
347.077219
350.202299
353.102450
352.249942
355.717050
341.068404
343.648700
346.319781
349.438664
352.333003
351.480983
354.586488
340.321765
342.896746
345.562371
348.675056
351.563581
350.712049
353.457683
339.575155
342.144821
344.804988
347.911475
350.794186
349.943141
352.683224
338.828574
341.392924
344.047633
347.147921
350.024818
349.174258
351.556792
338.082022
340.641055
343.290306
346.384394
349.255476
348.405401
350.782978
337.335498
339.889214
342.533006
345.620894
348.486160
347.636569
350.009188
336.589004
339.137402
341.775733
344.857420
347.716871
346.867762
349.235422
335.842538
338.385618
341.018489
344.093974
346.947608
346.098981
348.461682
335.096101
337.633862
340.261272
343.330555
346.178371
345.330225
347.687966
334.349693
336.882134
339.504082
342.567163
345.409161
344.561494
346.914275
354.175383
333.603314
336.130434
338.746920
341.803798
344.639977
343.792789
346.140609
353.027925
332.856963
335.378762
337.989786
341.040460
343.870820
343.024109
345.366967
351.882278
332.110642
334.627119
337.232679
340.277149
343.101689
342.255454
344.593350
351.095627
354.967847
331.364349
333.875504
336.475599
339.513865
342.332584
341.486825
343.819758
350.309000
353.447948
330.618085
333.123917
335.718548
338.750608
341.563506
340.718222
343.046190
349.166432
352.293642
329.871849
332.372358
334.961523
337.987378
340.794455
339.949643
342.272647
348.380466
351.141167
329.125643
331.620828
334.204527
337.224175
340.025429
339.181090
341.499129
347.594523
350.349529
328.379465
330.869325
333.447558
336.460999
339.256430
338.412563
340.725636
346.808603
349.199526
353.202203
327.633316
330.117851
332.690616
335.697850
338.487458
337.644060
339.952167
346.022707
348.408555
351.675943
326.887196
329.366405
331.933702
334.934728
337.718511
336.875583
339.178723
345.236835
347.617606
350.878395
326.141105
328.614987
331.176816
334.171633
336.949592
336.107132
338.405304
344.450986
346.826681
349.719274
325.395042
327.863597
330.419957
333.408565
336.180698
335.338705
337.631909
343.665161
346.035778
348.562002
324.649009
327.112236
329.663126
332.645523
335.411831
334.570305
336.858539
342.879359
345.244898
347.765781
350.818828
323.903004
326.360902
328.906322
331.882509
334.642990
333.801929
336.085194
342.093580
344.454041
346.969583
349.652455
323.157028
325.609597
328.149546
331.119522
333.874176
333.033579
335.311873
341.307826
343.309719
346.173406
348.487954
322.411081
324.858320
327.392798
330.356562
333.105388
332.265254
334.538577
340.522094
342.519528
345.377252
347.686808
321.665162
324.107071
326.636077
329.593629
332.336627
331.496955
333.765306
339.736386
341.729359
344.581120
346.885685
350.092253
320.919272
323.355850
325.879383
328.830723
331.567892
330.728681
332.992060
338.950702
340.939214
343.785010
345.724367
348.553520
320.173411
322.604658
325.122717
328.067843
330.799183
329.960432
332.218838
338.165041
340.149091
342.988922
344.923922
347.383142
319.427579
321.853493
324.366079
327.304991
330.030500
329.192208
331.445641
337.379404
339.358991
342.192857
344.123500
346.214652
318.681776
321.102357
323.609468
326.542166
329.261844
328.424010
330.672469
336.593790
338.568914
341.396814
343.323098
345.409618
317.936001
320.351249
322.852885
325.779367
328.493215
327.655838
329.899321
335.808200
337.778859
340.600793
342.522719
344.243672
347.589563
317.190255
319.600169
322.096329
325.016596
327.724611
326.887690
329.126198
335.022633
336.988828
339.804794
341.722360
343.439322
346.412776
316.444538
318.849117
321.339800
324.253852
326.956034
326.119568
328.353100
334.237090
336.198819
339.008817
340.922023
342.634993
345.237897
315.698850
318.098094
320.262991
323.491134
325.857641
325.351472
327.580026
333.451571
335.408833
338.212862
340.121708
341.830684
344.064921
314.953190
317.347098
319.507085
322.728444
325.089702
324.583400
326.806977
332.666074
334.618870
337.416930
339.321414
341.026396
343.255709
346.400663
314.518865
316.596131
318.751207
321.965780
324.321790
323.815354
326.033953
331.880602
333.828930
336.621020
338.521142
340.222129
342.085300
345.218145
313.772711
315.845192
317.995356
321.203144
323.553904
323.047334
325.260953
331.095153
333.039012
335.825132
337.720891
339.417883
341.276777
344.037554
313.337241
315.094281
317.239533
320.440534
322.786045
322.279338
324.487978
330.309727
332.249117
335.029266
336.920661
338.613657
340.468274
342.858884
313.212163
314.343398
316.483737
319.677952
322.018211
321.185147
323.715028
329.524325
331.459246
334.233423
336.120453
337.809452
339.659791
341.682133
313.592543
315.727968
318.915396
321.250404
320.417787
322.942102
328.738946
330.669396
333.437601
335.320267
337.005268
338.851329
340.869090
344.170740
313.154319
315.288566
318.152867
320.482624
319.650452
321.840273
327.953591
329.879570
332.641802
334.520102
336.201105
338.042886
340.056066
342.983854
312.402961
314.532285
317.390366
319.714869
318.883143
321.067989
327.168259
329.089767
331.846025
333.719958
335.396962
337.234463
339.243062
341.798911
311.963574
314.091705
316.627891
318.947141
318.115859
320.295730
326.382951
328.299986
331.050270
332.919836
334.592840
336.426060
338.430077
340.980357
311.523555
313.650485
315.545990
318.179440
317.348600
319.523495
325.597666
327.510228
330.254537
332.119735
333.788739
335.617677
337.617111
340.161822
311.395104
297.051692
313.524568
314.784146
317.735167
316.581367
318.751285
324.812405
326.720493
329.458827
331.319656
332.984658
334.809315
337.163260
339.707014
296.034867
314.022328
316.966933
315.814158
317.979100
324.027168
325.930781
328.663139
330.519598
332.180599
334.000972
336.708690
339.251481
295.019529
313.260538
316.521445
315.046975
317.206939
323.241953
325.141091
327.867472
329.719562
331.376560
333.546726
336.253400
294.005674
312.815921
316.075298
314.279818
316.434803
322.456763
324.351424
327.071828
328.919547
330.572541
332.737774
335.797390
292.993300
296.623491
312.053608
315.628492
313.512686
315.662692
321.671596
323.561780
326.276207
328.119554
329.768544
332.282185
308.064476
292.268961
295.307302
311.924735
297.266976
312.745579
314.890605
320.886452
322.772159
325.480607
327.319582
328.964567
331.825879
308.623755
306.662282
291.544648
294.285436
296.237082
312.297704
314.441550
320.101332
321.982561
324.685030
326.519632
327.813074
331.368855
308.376132
307.535577
305.579378
290.820363
293.265072
295.208711
299.620035
311.849168
313.668920
319.316235
321.192985
323.889474
325.719703
327.009780
331.264756
308.590916
307.288146
306.449073
304.498132
290.096106
292.535236
294.181859
297.979817
311.399969
313.218629
318.531162
320.403432
323.093941
324.919795
326.206506
307.501591
306.201834
305.364239
303.418542
289.371875
291.516926
293.447930
296.940399
299.362132
312.767666
317.746112
319.613902
322.298430
324.119909
325.403253
306.097294
305.117192
304.281071
302.340604
306.216104
288.647671
290.787671
292.714026
295.902531
297.714911
312.638628
316.961086
318.824395
321.502941
323.320044
324.600020
306.764410
305.012391
304.034216
303.199565
301.264313
305.125426
287.923495
290.058443
291.980149
294.866209
296.372764
316.506313
318.034911
320.707475
322.520201
323.796809
305.360452
304.243675
302.952904
302.119717
300.189666
297.806162
287.199346
289.329241
291.246297
294.125943
295.628635
315.720722
317.245449
319.912030
321.720380
322.993617
304.275455
303.161043
301.873250
301.041524
298.807947
296.739890
296.054941
286.475224
288.600065
290.512471
293.385703
294.587837
298.580189
315.264670
316.456010
319.116608
320.920579
322.190447
303.506215
302.080074
300.795252
299.654861
296.817378
295.675236
294.687383
285.751129
287.870916
289.778671
292.645488
293.844306
297.224433
315.137847
315.666594
318.321208
320.120801
321.387297
302.423493
301.000766
299.409034
297.964265
295.446987
294.612196
293.626403
285.027061
287.141794
289.044897
291.905299
293.100800
296.172926
314.877201
317.525830
319.321043
320.242939
301.342438
299.612820
297.104731
296.587503
294.384038
293.550767
292.868922
284.303020
286.412698
288.311149
291.165135
292.357319
295.123005
297.408617
314.418399
317.065717
318.521307
319.440470
299.952134
297.305554
295.731407
295.520048
293.322700
292.792869
291.810128
292.490053
283.579007
285.683629
287.577427
290.424996
291.613863
294.074664
296.351042
313.628433
316.269755
317.721593
318.638022
297.640692
295.930534
294.666213
294.454217
292.564690
292.034986
291.053242
291.128023
282.855020
284.954586
286.843731
289.684883
290.870431
293.325555
295.295069
313.168333
315.808326
316.921900
317.835594
296.263353
294.864061
293.602638
293.390007
291.505544
291.277116
290.296368
290.069901
282.131061
284.225570
286.110061
288.944796
290.127024
292.279373
294.240694
297.533657
313.037781
301.298977
315.346185
316.122228
317.033188
295.195175
293.799213
292.843062
292.629924
290.748132
290.519260
289.539508
289.312622
281.407129
283.496580
285.376417
288.204733
289.383641
291.530868
293.487435
296.163735
299.288711
315.218157
315.322578
316.230801
294.128627
293.038772
291.781691
291.567919
289.990734
289.761417
288.782661
288.256681
288.185776
280.683224
282.767617
284.642798
287.464697
288.640284
290.782387
292.435240
295.100947
297.905593
314.858376
315.428436
293.063705
291.976134
291.022719
290.808440
289.233351
289.003588
288.025826
287.499996
287.130429
279.959346
281.757446
283.909206
286.724685
287.896951
289.738937
291.682591
294.039776
296.220452
314.058134
314.626091
292.302758
291.216300
290.263764
290.048975
288.475983
288.245773
287.269005
286.743323
286.076675
279.235496
281.029063
283.175639
285.984699
287.153642
288.991060
290.929964
293.281631
295.151942
298.695090
313.927808
301.789519
314.159881
291.240049
290.456484
289.504824
289.289527
287.718628
287.487972
286.512196
285.986662
285.320447
286.000518
278.234991
280.300706
282.442099
285.244738
286.410359
288.243207
290.177361
292.222668
294.389219
296.996007
314.133240
299.754123
313.692944
290.479712
289.696684
288.745901
288.230896
286.961289
286.730184
285.755400
285.230013
284.268862
284.353161
277.511714
279.572376
281.708584
284.504803
285.667100
287.495378
289.424782
291.465138
293.322944
295.919298
314.002520
298.354211
289.719393
288.936902
287.986994
287.472049
286.203963
285.972410
284.998618
284.473376
283.513223
283.301646
276.788465
278.844072
280.975095
283.764893
284.923865
286.747573
288.672226
290.707630
292.560842
294.844247
297.269285
288.959091
288.177136
287.228102
286.713218
285.446653
285.214649
284.241848
283.716752
282.757596
282.251717
276.065242
278.115795
280.241632
283.025009
284.180656
285.999792
287.919693
289.950146
291.798762
293.770850
296.186040
299.382987
288.198807
287.417387
286.469227
285.954402
284.689356
284.456903
283.485091
282.960140
282.001980
281.496240
281.738528
275.342046
277.387545
279.508195
282.285150
283.437471
285.252035
287.167184
289.192684
291.036704
293.003971
295.104472
297.974954
287.438541
286.657655
285.710368
285.195602
283.932074
283.699170
282.728347
282.203540
281.246376
280.448470
280.396099
274.618878
276.659320
278.774784
281.545316
282.694310
284.504303
286.414698
288.435245
290.274669
291.932830
294.332547
296.571273
286.678293
285.897940
284.951525
284.436816
283.174806
282.941450
281.971616
281.446952
280.490783
279.693580
279.348871
273.895736
275.931123
278.041399
280.805508
281.951175
283.756594
285.662235
287.677829
289.512655
291.166577
293.560643
295.794034
285.918062
285.138241
284.192698
283.678046
282.417553
282.183745
281.214898
280.690376
279.735202
278.938701
278.303220
273.172622
275.202952
277.308040
280.065725
281.208064
283.008909
284.909796
286.920435
288.750664
290.400346
292.788760
294.706121
296.769064
285.157849
284.378560
283.433887
282.919291
281.660314
281.426053
280.458192
279.641828
278.979632
278.183832
277.548755
277.366680
272.449535
274.474807
276.574706
279.325968
280.464978
282.261248
284.157381
286.163065
287.988695
289.634136
292.016897
293.619901
295.674172
284.397653
283.618896
282.380585
282.160552
280.903090
280.668375
279.701500
278.885845
278.224073
277.428974
276.505252
276.322602
271.726474
273.746689
275.841399
278.586236
279.721916
281.513612
283.404988
285.405717
287.226748
288.867947
291.245056
292.843920
294.580993
283.637476
282.564354
281.622377
281.401827
280.145880
279.910710
278.944821
278.129873
277.468526
276.674127
275.751372
275.280093
271.003441
273.018597
275.108117
277.846529
278.978879
280.765999
282.652620
284.648392
286.464823
288.101780
290.473235
292.067959
293.489521
282.877316
281.805296
280.864184
280.643118
279.097084
279.153059
278.188154
277.373914
276.712990
275.919291
274.997501
274.526321
275.083888
270.280435
272.290532
274.374862
277.106848
278.235867
280.018410
281.900274
283.891090
285.702920
287.335635
289.701436
291.292019
292.399754
282.117174
281.046254
280.106008
279.884424
278.340472
278.395422
277.431501
276.617967
275.957466
275.164465
274.243641
273.485952
273.753026
269.557456
271.562493
273.641632
276.367192
277.492879
279.270846
281.147952
283.133810
284.941040
286.569511
288.929657
290.516098
291.620641
281.357049
280.287229
279.347848
279.125746
277.583873
277.637799
276.674860
275.862032
275.201953
274.409650
273.489790
272.732761
272.712107
268.834504
270.834481
272.908428
275.627561
276.749916
278.523305
280.395653
282.376554
284.179181
285.803408
288.157899
289.740198
290.841549
280.596942
279.528221
278.589704
278.367082
276.827290
276.880189
275.918232
275.106109
274.446452
273.654846
272.735950
271.979580
271.672752
268.111580
270.106495
272.175250
274.887956
276.006978
277.775788
279.643378
281.619320
283.417345
285.037327
287.386162
288.964318
290.062476
279.836853
278.769230
277.831576
277.608434
276.070720
276.122593
275.161617
274.350198
273.690962
272.900052
271.982120
271.226408
270.634958
270.778780
267.388682
269.378536
271.442098
274.148376
275.264065
277.028296
278.891126
280.862109
282.655531
284.271267
286.614446
288.493895
289.283422
279.076782
278.010255
277.073464
276.849801
275.314165
275.365010
274.405015
273.594300
272.935483
272.145269
271.228300
270.473245
269.882143
269.740868
266.665811
268.650603
270.708972
273.408822
274.521176
276.280827
278.138898
280.104920
281.893739
283.505229
285.842751
287.717458
288.504388
278.316728
277.251298
276.315368
276.091184
274.557625
274.607442
273.648426
272.838414
272.180016
271.390497
270.474489
269.720092
268.846477
268.704514
265.942968
267.922697
269.975871
272.390521
273.778311
275.533383
277.386693
279.347755
281.131969
282.739212
285.071076
286.941041
287.725373
277.556692
276.492357
275.557288
275.332581
273.801099
273.562195
272.891850
272.082539
271.424561
270.635736
269.437143
268.966948
268.094241
267.951747
268.260427
265.487488
267.194817
269.242797
271.651559
273.035472
274.785962
276.634511
278.590612
280.370221
281.973217
284.299423
286.164644
286.946378
276.796674
275.733433
274.799224
274.573994
273.044587
272.805223
272.135287
271.326678
270.384379
269.880985
268.683916
268.213813
267.342014
266.917517
267.223959
264.764180
266.466963
268.509748
270.912624
272.292657
274.038566
275.882353
277.833492
279.608496
281.207243
283.527790
285.388268
286.167402
276.036673
274.974526
274.041176
273.815422
272.288090
272.048264
271.378737
270.570828
269.629513
269.126246
267.930699
267.460688
266.589796
266.165328
266.189046
264.040898
265.739137
267.776726
270.173713
271.549867
273.291194
275.130218
277.076395
278.846792
280.441291
282.756178
284.611911
285.388446
275.276691
274.215636
273.283144
273.056866
271.246117
271.291319
270.337223
269.530808
268.874657
268.371516
267.177493
266.707572
265.837586
265.413147
265.155686
265.910969
263.317644
265.011336
267.043729
269.434828
270.807101
272.543845
274.378106
276.319320
278.085111
279.675360
281.984587
283.835575
284.609509
274.516725
273.456763
272.525128
272.011562
270.490216
270.534388
269.581266
268.775549
268.119813
267.616798
266.424296
265.954465
265.085385
264.660974
264.403219
264.594960
262.594418
264.283562
266.310758
268.695968
270.064360
271.796521
273.626018
275.562268
277.323451
278.909451
281.213017
283.059260
283.830592
273.756778
272.697906
271.767128
271.253606
269.734330
269.777470
268.825322
268.020302
267.364981
266.862090
265.671109
265.201368
264.333193
263.908809
263.371976
263.561893
261.871218
263.555815
265.577813
267.957133
269.321644
271.049220
272.873954
274.805239
276.561814
278.143563
280.441468
282.282964
283.051694
272.996848
271.939067
271.009144
270.495666
268.978457
269.020566
268.069391
267.265067
266.610160
266.107393
264.917932
264.448280
263.581009
263.156652
262.620086
262.530374
261.148045
262.828094
264.844894
267.218324
268.578952
270.301944
272.121912
274.048233
275.800199
277.377696
279.669940
281.506688
282.272815
272.236936
271.180244
270.251176
269.737740
268.222599
268.263676
267.313473
266.509845
265.855350
265.352707
264.164766
263.695202
262.828834
262.404503
261.868203
261.777869
261.581048
260.424900
262.100399
264.112001
266.479540
267.836285
269.554692
271.369894
273.291250
275.038606
276.611851
278.898432
280.730433
281.493956
271.477042
270.421438
269.493225
268.979830
267.466756
267.506799
266.557567
265.754634
265.100552
264.598032
263.411609
262.663828
262.076667
261.652362
261.116327
260.748463
260.551192
259.701781
261.372731
263.379134
265.740781
267.093643
268.807463
270.617900
272.534289
273.988304
275.846027
278.126946
279.954198
280.715117
270.717165
269.662649
268.735289
268.221936
266.710927
266.749936
265.801675
264.999436
264.345765
263.843367
262.658462
261.911330
261.324510
260.900229
260.364459
259.996533
259.522878
258.716020
260.645089
262.646292
265.002048
266.351025
268.060259
269.865929
271.777351
273.227330
275.080225
277.060501
279.177984
279.936297
269.957306
268.903877
267.977369
267.464056
265.955112
265.993087
264.765211
264.244250
263.590990
262.809839
261.905325
261.158842
260.572360
259.872101
259.612598
259.244609
258.771119
258.745437
257.993475
259.917474
261.913476
264.263340
265.608432
267.313079
269.113981
271.020436
272.466379
274.314445
276.289646
278.401789
279.157496
269.197465
268.145121
267.219465
266.706192
265.199311
265.236251
264.009911
263.489076
262.836226
262.055760
261.152199
260.406363
259.820220
259.120545
258.860745
258.492692
257.744911
257.718190
257.270956
259.189886
261.180687
263.524657
264.865863
266.565922
268.362056
270.263544
271.705449
273.548685
275.518812
277.625615
278.378715
268.437642
267.103352
266.461577
265.948343
264.443525
264.479429
263.254623
262.733914
262.081473
261.301692
260.399082
259.653893
259.068088
258.368997
258.108899
257.740782
256.993724
256.692479
256.548464
258.462323
260.447923
262.786000
264.123320
265.818790
267.610155
269.506674
270.944542
272.782948
274.747999
276.552988
277.599954
267.677836
266.345201
265.703705
265.190509
263.687754
263.722621
262.499349
261.978765
261.326732
260.547635
259.645975
258.901433
258.315965
257.617457
257.357060
256.988878
256.242544
255.941123
256.086652
255.825999
257.734787
259.715185
262.047368
263.380801
265.071682
266.858278
268.749827
270.183657
272.017231
273.977207
275.777451
276.821212
266.918048
265.587067
264.945849
264.432691
262.931996
262.965827
261.744088
261.223627
260.572003
259.793589
258.892878
258.148982
257.563851
256.865925
256.605229
256.236982
255.491371
254.917511
255.061407
255.103561
257.007278
258.982473
261.308761
262.638306
264.324597
266.106423
267.993003
269.422794
271.251536
273.206435
275.001935
276.042489
266.158277
264.828950
263.907617
263.674887
262.176253
262.209046
260.988839
260.468502
259.817284
259.039553
258.139792
257.396540
256.811745
256.114401
255.853405
255.485092
254.740203
254.166727
254.037694
254.381151
256.279795
258.249787
260.570180
261.895836
263.577537
265.354592
267.236202
268.661952
270.485863
272.435685
274.226439
274.967463
265.116673
264.070849
263.150363
262.917099
261.420525
261.452278
260.233603
259.713389
259.062578
258.285528
257.386715
256.644108
256.059648
255.362885
255.101588
254.733208
253.989041
253.415948
253.015512
253.331850
253.658767
255.552339
257.517126
259.831624
261.153391
262.830501
264.602785
266.479423
267.901133
269.720211
271.664955
273.450963
274.189381
264.357510
263.312766
262.393124
262.159326
260.664811
260.417920
259.478380
258.958287
258.307882
257.531514
256.360087
255.891685
255.307559
254.611377
254.078136
253.981332
252.967195
252.665174
252.264777
252.308963
252.936411
254.824909
256.784492
259.093093
260.410970
262.083489
263.851001
265.722667
267.140337
268.954581
270.894246
272.675507
273.411318
263.598365
262.554699
261.635902
261.401568
259.909111
259.661747
258.723170
258.203199
257.553198
256.777510
255.607592
255.139271
254.555479
253.859877
253.326895
253.229462
252.216605
251.914407
251.244685
251.287605
252.214081
254.097505
256.051883
258.354588
259.668575
261.336500
263.099240
264.965934
266.379562
268.188972
270.123558
271.900071
272.633274
262.839238
261.796649
260.878695
260.643826
259.153425
258.905589
257.967973
257.448122
256.798526
256.023517
254.855108
254.386867
253.803408
253.108385
252.575661
252.477599
251.466022
251.163644
250.494519
250.267772
251.025017
251.491779
253.370128
255.319300
257.616108
258.926203
260.589536
262.347502
264.209224
265.618809
267.423384
269.352891
271.124656
271.855250
262.080128
261.038615
260.121505
259.886099
258.397754
258.149444
257.212789
256.693057
256.043865
255.269535
254.102633
253.634472
253.051345
252.356901
251.824435
251.725743
250.715444
250.412887
249.744358
249.517300
249.734020
250.769503
252.642778
254.586743
256.877653
258.183857
259.570193
261.595788
263.452536
264.858078
266.657818
268.582244
270.349261
271.077245
261.321036
260.280599
259.364330
259.128386
257.642097
257.393313
256.457618
255.938005
255.289215
254.515563
253.350169
252.882086
252.299291
251.605425
251.073215
250.973893
249.964872
249.662136
248.994202
248.499551
248.714400
250.047255
251.915454
253.854212
256.139224
257.441535
258.823829
260.844098
262.695872
264.097370
265.892273
267.811619
269.573885
270.299260
260.561962
259.522599
258.607172
258.370690
256.886455
256.637195
255.702459
255.182964
254.534577
253.761603
252.597714
252.129709
251.547246
250.853956
250.322003
250.222050
249.214307
248.911390
248.244051
247.749646
247.963270
247.552939
249.325034
251.188156
253.121707
255.400820
256.699237
258.077490
260.092430
261.939230
263.336683
265.126750
267.041014
268.798531
269.521294
259.802906
258.764616
257.850029
257.613008
256.130827
255.881091
254.947313
254.427936
253.779950
253.007652
251.845270
251.377342
250.795209
250.102496
249.570799
249.470214
248.463748
247.893823
247.493904
246.999746
246.945735
246.535787
248.602839
250.460885
252.389228
254.662441
255.956964
257.331175
259.340787
261.182610
262.576019
264.361248
266.270430
268.023196
268.743347
259.043867
258.006650
257.092903
256.855342
255.375213
255.125001
254.192181
253.401036
253.025334
252.253713
251.092835
250.624984
250.043181
249.351044
248.819602
248.718385
247.713195
247.143647
246.743763
246.249849
246.195173
245.520152
247.880672
249.733640
251.656774
253.924088
255.214716
256.584884
258.589166
260.426014
261.815376
263.595767
265.499867
267.247881
267.965420
258.008558
257.248701
256.335792
256.097690
254.619614
254.368924
253.437061
252.646598
252.270730
251.499784
250.340411
249.872636
249.291162
248.599600
248.068412
247.966562
246.962648
246.393477
245.993627
245.499957
245.444614
244.770244
245.067720
247.158532
249.006421
250.924347
253.185760
254.472493
255.838617
257.837569
259.669440
261.054756
262.830309
264.729324
266.472587
267.187513
257.250126
256.490769
255.578697
255.340054
253.864029
253.612861
252.681954
251.892171
251.516138
250.745866
249.587996
249.120296
248.539151
247.848164
247.317229
246.948343
246.212107
245.643312
245.243495
244.750070
244.694058
243.756683
244.052014
246.436419
248.279229
250.191945
252.447457
253.730294
255.092373
257.085995
258.912889
260.294158
262.064871
263.958803
265.697313
266.409624
256.491711
255.732853
254.821619
254.582434
253.108459
252.856812
251.926860
251.137757
250.761557
249.991959
248.835592
248.367967
247.787149
247.096736
246.566054
246.197094
245.461572
244.893152
244.493369
244.000187
243.943507
243.007339
243.037824
243.776153
245.714332
247.552064
249.459569
251.709179
252.988120
254.346154
256.334444
258.156361
259.533582
261.299455
263.188302
264.922059
265.631756
255.733314
254.974954
254.064556
253.824828
252.352903
252.100776
251.171778
250.383354
250.006987
249.238063
248.083197
247.615646
247.035156
246.345316
245.814886
245.445853
244.711043
244.142999
243.743247
243.250308
243.192959
242.257998
242.025144
242.233096
244.992273
246.824925
248.727219
250.970927
252.245970
253.599959
255.311884
257.399855
258.773028
260.534060
262.417822
264.146825
264.853906
254.974934
254.217072
253.307509
252.795139
251.597361
251.344754
250.416710
249.628964
249.252429
248.484177
247.330813
246.863335
246.017560
245.593904
245.063726
244.694618
243.960520
243.392850
242.993130
242.500433
242.442415
241.508660
241.275534
241.220109
244.270241
246.097812
247.994895
250.232700
251.503845
252.853787
254.560940
256.643372
258.012496
259.768687
261.647363
263.371611
264.076076
254.216572
253.459207
252.550478
252.038133
250.841834
250.588745
249.661654
248.874586
248.497882
247.730302
246.578438
246.111033
245.266145
244.842500
244.312573
243.943389
243.210004
242.642707
242.243019
241.750563
241.691875
240.759325
240.264922
240.208630
243.548236
245.370726
247.262596
249.494499
250.761745
252.107640
253.810020
255.886912
257.251986
259.003335
260.876925
262.596418
263.298266
253.458228
252.701359
251.793463
251.281142
250.086321
249.832751
248.906612
248.120220
247.743346
246.976437
245.826074
245.358740
244.514738
244.091104
243.561427
243.192168
242.459494
241.892570
241.492912
241.000697
240.941339
240.009993
239.515874
239.458942
239.842320
242.826258
244.643666
246.530324
248.756322
250.019669
251.361516
253.059123
255.130475
256.491498
258.238005
260.106507
261.821244
262.520475
252.699902
251.943527
251.036465
250.524166
249.330822
249.076769
248.151582
247.365867
246.988822
245.956527
245.073719
244.606457
243.763340
243.339715
242.810289
242.440953
241.708989
241.142438
240.742810
240.250835
240.190806
239.260665
238.766828
238.449529
238.830461
242.104307
243.916633
245.798077
248.018171
249.277618
250.881184
252.308249
254.374060
255.731032
257.472696
259.336111
261.046091
261.742703
251.941593
251.185712
250.279482
249.767206
248.575338
248.320802
247.396565
246.611525
245.968070
245.203247
244.321374
243.854183
243.011951
242.588335
242.059158
241.689744
240.697140
240.392312
239.992713
239.500978
239.440277
238.511340
238.017786
237.700402
237.820109
237.601223
241.382383
243.189626
245.065856
247.280046
248.535592
250.134556
251.557398
253.617668
254.970588
256.707409
258.565735
260.270958
260.964951
251.183301
250.427914
249.522515
249.010260
247.819868
247.564848
246.641561
245.857195
245.214134
244.449979
243.569040
242.838623
242.260570
241.574810
241.308034
240.938543
239.947207
239.642191
239.242620
238.751125
238.689752
237.762018
237.268745
236.951277
237.069970
236.592127
240.660486
242.462645
244.333661
246.541945
247.793590
249.387951
250.806571
252.861299
254.210167
255.942143
257.795380
259.495846
260.187218
250.425028
249.670133
248.765564
248.253330
247.064412
246.808908
245.886569
245.102878
244.460208
243.696720
242.816715
242.086928
241.509198
240.824006
240.556918
240.187348
239.197280
238.892076
238.492533
238.001276
237.939231
237.012699
236.519708
236.202154
236.061683
235.584533
239.938616
241.735691
243.601492
245.803870
247.051612
248.641371
250.055767
252.104953
253.449767
255.176898
257.025046
258.720753
259.409504
249.666772
248.912369
248.008629
247.496415
246.308971
246.052981
245.131591
244.348573
243.706294
242.943473
241.801912
241.335243
240.757834
240.073209
239.805809
239.436160
238.447358
238.141966
237.742451
237.251432
237.188713
236.263383
235.770673
235.453034
235.312105
234.835237
235.053266
239.216773
241.008764
242.614705
245.065821
246.309660
247.894814
249.304987
251.348629
252.689389
254.411675
256.254732
257.945680
258.631810
248.908533
248.154621
247.251710
246.739516
245.553544
245.297068
244.376625
243.594279
242.952392
242.190236
241.050169
240.583568
240.006479
239.322421
239.054707
238.684979
237.697443
237.391862
236.992373
236.501592
236.438199
235.514071
235.021641
234.703915
234.562530
233.829699
234.045896
238.494957
240.281863
241.883119
244.327796
245.567732
247.148282
248.554230
250.592328
251.929034
253.646473
255.484440
257.170628
257.854136
248.150312
247.396890
246.494807
245.982631
244.798132
244.541168
243.621673
242.839998
242.198501
241.437010
240.298435
239.831901
239.255133
238.571641
238.303613
237.933805
236.947534
236.641763
236.242301
235.751756
235.687689
234.764761
234.272611
233.954799
233.812955
233.080963
233.040025
233.437017
237.773168
239.554988
241.151559
243.589797
244.825828
246.401773
247.803496
249.836050
251.168701
252.881293
254.714168
256.395596
257.076480
247.392109
246.639176
245.737920
245.225762
244.042733
243.520562
242.866733
242.085729
241.444621
240.683795
239.546712
239.080244
238.503795
237.820868
237.552526
237.182637
236.197631
235.891670
235.234988
235.001925
234.680108
234.015455
233.523584
233.205685
233.063382
232.332227
232.290633
232.174678
237.051406
238.828139
240.420025
242.851823
244.083950
245.655289
247.052785
249.079795
250.408389
252.116134
253.943917
255.620584
256.298845
246.633924
245.614821
244.715284
244.468908
243.287350
242.765256
242.111806
241.331473
240.690753
239.930590
238.794998
238.328597
237.752466
237.070104
236.801447
236.431476
235.447734
235.141582
234.485484
233.995809
233.930164
233.266152
232.774560
232.456572
232.313811
231.583493
231.286815
231.170259
236.329671
238.101317
239.688516
242.113874
243.083574
244.908828
246.302098
248.323562
249.648100
251.077983
253.173687
254.845592
255.521228
245.875756
244.857710
243.958997
243.712069
242.531980
242.009964
241.356892
240.577228
239.936896
239.177396
238.043295
237.576958
237.001146
236.319347
236.050375
235.680321
234.697843
234.391500
233.735984
233.246544
233.180224
232.516853
232.025538
231.707462
231.564241
230.834759
230.537982
230.420942
230.739963
235.607963
237.374522
238.957033
241.375951
242.342290
244.162392
245.551434
247.567352
248.887833
250.313447
252.403478
254.070621
254.743631
245.117606
244.100616
243.202726
242.955245
241.776625
241.254686
240.601991
239.822995
238.922280
238.424213
237.291601
236.825329
236.249834
235.568599
235.299310
234.929174
233.947958
233.641423
232.986489
232.497283
232.430287
231.767556
231.022579
230.958354
230.814673
230.086027
229.789149
229.418572
229.735402
234.886282
236.647753
238.225576
240.638053
241.601030
243.415979
244.800794
246.811165
248.127587
249.548933
251.633289
253.295669
253.966054
244.359473
243.343538
242.446471
242.198436
241.021285
240.499421
239.847103
239.068775
238.169010
237.671040
236.539917
236.073709
235.498531
234.817858
234.548252
234.178033
233.198080
232.891352
232.236999
231.748027
231.680354
231.018263
230.274119
230.209248
230.065107
229.337296
229.040316
228.669811
228.732335
234.164628
235.921010
237.494145
239.900180
240.859796
242.669591
244.050176
246.055000
247.367364
248.784441
250.863121
252.520738
253.188496
243.601358
242.586477
241.690231
241.441643
240.265958
239.744170
239.092227
238.314566
237.415751
236.917878
235.788244
235.322099
234.747237
234.067126
233.797202
233.426899
232.448207
232.141286
231.487514
230.998774
230.930425
230.268973
229.525661
229.460144
229.315542
228.588566
228.291484
227.921051
227.982702
227.722259
233.443001
235.194294
236.762740
239.162333
240.118586
241.923226
243.299582
245.298859
246.607163
248.019969
250.092975
251.745827
252.410957
242.843261
241.829433
240.934008
240.684865
239.510646
238.988932
238.337364
237.560370
236.662503
236.164727
235.036580
234.570497
233.995951
233.316401
233.046159
232.675772
231.698341
231.391226
230.738033
230.249527
230.180500
229.519686
228.777207
228.711043
228.565978
227.839836
227.542653
227.172291
226.981683
226.721194
232.721401
234.467604
236.031360
238.424511
239.377400
241.176885
242.549012
244.542739
245.846984
247.255519
249.322848
250.970936
251.633438
242.085181
241.072406
240.177800
239.928101
238.755349
238.233708
237.582515
236.547121
235.909266
235.411586
234.284926
233.818905
233.244674
232.565685
232.295124
231.924651
230.948481
230.641171
229.988558
229.500283
229.430579
228.770402
228.028754
227.961943
227.816416
227.091108
226.793822
226.423530
226.232606
225.971966
231.999829
233.740941
235.300006
237.686714
238.636239
240.430569
241.798464
243.786643
245.086827
246.491091
248.552743
250.196065
250.855938
241.327119
240.315395
239.421609
239.171354
238.000066
237.478498
236.827678
235.793513
235.156041
234.658456
233.533282
233.067323
232.493405
231.814976
231.289642
230.919280
230.198626
229.891122
229.239087
228.751044
228.680661
228.021121
227.280305
227.212845
227.066856
226.342381
226.044992
225.674770
225.483528
224.972944
225.144017
231.278283
233.014303
234.568678
236.948942
237.895102
239.684276
241.047940
242.767092
244.326692
245.726683
247.782659
249.421214
250.078457
240.569074
239.558401
238.665433
238.414621
237.244797
236.723301
236.072854
235.039917
234.402828
233.905337
232.781649
232.315749
231.742146
231.064276
230.539181
230.168733
229.448778
229.141078
228.489622
228.001809
227.930747
227.271844
226.531858
226.463750
226.317297
225.593655
225.296162
224.926010
224.734450
224.224270
224.144842
230.556764
232.287693
233.837376
236.211196
237.153990
238.938007
240.297440
242.011608
243.566579
244.962298
247.012595
248.646384
249.300996
239.811048
238.801424
237.909274
237.657903
236.230520
235.968118
235.318043
234.286333
233.649625
233.152229
232.030025
231.564185
230.990894
230.313583
229.788727
229.418192
228.698936
228.139116
227.740161
227.252578
227.180837
226.522570
225.783414
225.714656
225.567740
224.844930
224.547332
224.177249
223.985372
223.475595
223.395620
223.249632
229.835272
231.561109
233.106100
235.473475
236.412903
238.191762
239.546962
241.256147
242.806488
244.197933
246.242552
247.871574
248.523555
239.053038
238.044464
237.153130
236.901201
235.475846
235.212949
234.305691
233.532761
232.896434
232.399131
231.278411
230.812631
229.986191
229.562898
229.038280
228.667657
227.949100
227.389641
226.990706
226.503352
226.430931
225.523398
225.034972
224.965565
224.818184
224.096205
223.798504
223.428489
223.236293
222.726919
222.398484
222.252050
229.113807
230.834551
232.374849
234.735779
235.671840
237.189718
238.796508
240.500708
242.046420
243.433590
245.472530
247.096783
247.746132
238.295047
237.287521
236.397002
236.144514
234.721185
234.457793
233.551471
232.779202
232.143255
231.646044
230.526807
230.061085
229.235516
228.812222
228.287841
227.917130
227.199271
226.640171
226.241255
225.754130
225.681028
224.774687
224.286533
223.967708
223.819778
223.347482
223.049675
222.679729
222.487213
221.978243
221.649815
221.502991
222.035199
228.392369
230.108019
231.643624
233.998109
234.930802
236.444073
238.046077
239.745292
241.286373
242.669269
244.702529
246.322013
246.968729
237.537073
236.530594
235.640891
235.387842
233.966540
233.702650
232.797263
232.025654
231.390087
230.892967
229.775213
229.309549
228.484851
227.809850
227.537409
227.166609
226.449447
225.890707
225.491809
225.004913
224.931129
224.025979
223.538096
223.219178
223.070783
222.598760
222.300847
221.930968
221.738133
221.229565
220.901145
220.507444
220.789504
227.670958
229.381514
230.912425
233.260464
234.189788
235.698453
237.295670
238.989899
240.526348
241.904968
243.932548
245.547264
246.191346
236.779116
235.514812
234.884795
234.631185
233.211908
232.947522
232.043068
231.272119
230.636930
230.139902
229.023629
228.558022
227.734193
227.059748
226.786984
226.416095
225.699629
225.141249
224.742368
224.255700
224.181234
223.277274
222.789663
222.470649
222.321789
221.850039
221.552020
221.182208
220.989052
220.480886
220.152473
219.758937
219.793396
226.949574
228.655036
230.181251
232.522844
233.448799
234.952856
236.545285
238.234528
239.766346
241.140689
243.162588
244.772534
245.413982
236.021178
234.758487
234.128715
233.874543
232.457291
231.936564
231.288886
230.518596
229.883785
229.386846
228.272055
227.806504
226.983545
226.309654
226.036567
225.665588
224.949818
224.391796
223.992932
223.506491
223.431343
222.528573
222.041231
221.722123
221.572797
221.101319
220.803193
220.433448
220.239971
219.732206
219.403800
219.010428
219.044093
219.261593
226.228217
227.928583
229.450104
231.785249
232.707835
234.207283
235.794925
237.479180
239.006365
240.376432
242.392649
243.997824
244.636637
235.263257
234.002179
233.372651
233.117917
231.702688
231.182028
230.534717
229.765084
229.130651
228.633802
227.520491
227.054996
226.232905
225.559568
225.286157
224.915087
224.200012
223.642349
223.243501
222.757286
222.681455
221.779874
221.292803
220.973598
220.823806
220.352600
220.054367
219.684687
219.490890
218.983526
218.655125
218.261918
218.050017
218.020733
225.506887
227.202158
228.718982
231.047680
231.966895
233.461734
235.044587
236.723855
238.246406
239.612196
241.622731
243.223135
243.859312
234.505353
233.245887
232.616603
232.361306
230.948100
230.427505
229.780561
229.011585
228.377528
227.628608
226.768937
226.052917
225.482274
224.809490
224.535754
224.164593
223.450213
222.892907
222.494074
222.008086
221.931571
221.031179
220.544377
220.225076
220.074817
219.603882
219.305541
218.935927
218.741808
218.234844
217.906449
217.513405
217.301266
217.271338
217.180915
224.785584
226.475758
227.987886
230.310136
231.225979
232.716209
234.294273
235.968552
237.486470
238.847981
240.852834
242.448466
243.082006
233.747467
232.489612
231.860571
231.604710
230.193525
229.672997
229.026417
228.258098
227.624417
226.876147
226.017392
225.301988
224.731651
224.059420
223.785359
223.414106
222.700420
222.143470
221.744653
221.258890
221.181691
220.282487
219.795954
219.476556
219.325829
218.610421
218.312120
218.187167
217.992725
217.486161
217.157771
216.764890
216.552513
216.278425
216.187379
224.064308
225.749385
227.256816
229.572617
230.485088
231.970707
233.543982
235.213273
236.726555
238.083788
240.082957
241.673817
242.304720
232.989599
231.733354
231.104554
230.848129
229.438966
228.918501
228.019629
227.504623
226.871317
226.123697
225.016085
224.551067
223.981037
223.309358
223.034971
222.663625
221.950633
221.394039
220.995236
220.263809
220.185718
219.533798
219.047533
218.728038
218.576843
217.862261
217.563851
217.194625
217.243642
216.737477
216.409092
216.016374
215.803757
215.529582
215.195316
215.530725
223.343059
225.023038
226.525771
228.588638
229.744222
231.225230
232.793714
234.458015
235.966663
237.319616
239.313102
240.899188
241.527453
232.231748
230.977113
230.348554
230.091563
228.684420
228.164020
227.266076
226.751161
226.118228
225.371258
224.265121
223.800156
223.230432
222.559304
222.284590
221.913152
221.200852
220.644614
220.245825
219.515179
219.436403
218.785113
218.299115
217.979522
217.827859
217.114102
216.815583
216.446421
216.494558
215.988793
215.660412
215.025625
215.054999
214.780735
214.446528
214.537910
222.621837
224.296718
225.794753
227.851709
229.003380
230.479777
232.043469
233.702781
235.206793
236.555465
238.543267
240.124579
240.750205
231.473915
230.220888
229.592570
229.335012
227.929889
227.409551
226.512534
225.997710
225.365151
224.618829
223.514167
223.049254
222.479835
221.809257
221.534217
221.162684
220.451077
219.895194
219.496418
218.766552
218.687092
218.036430
217.550700
217.231008
217.078876
216.365944
216.067315
215.698216
215.502809
215.240107
214.911729
214.277660
214.306238
214.031886
213.456488
213.546567
213.579721
221.900642
223.570424
225.063760
227.114806
228.262563
229.734347
231.293248
232.947569
234.446944
235.791336
237.773453
239.349990
239.972977
230.716100
229.464680
228.836601
228.578477
227.175372
226.655097
225.759006
225.244271
224.612085
223.866411
222.763223
222.298362
221.729247
221.059219
220.783851
220.412224
219.701308
219.145780
218.747016
218.017930
217.937784
217.287751
216.802287
216.482496
216.329894
215.617787
215.319048
214.950012
214.754281
214.491420
214.163046
213.529693
213.557475
213.283033
212.708250
212.556694
212.588775
221.179474
222.844157
224.332792
226.377927
227.521770
228.988942
230.543050
232.192380
233.687118
235.027228
237.003659
238.575422
239.195768
229.958302
228.708489
227.827753
227.569005
226.420870
225.900656
225.005491
224.490845
223.859031
223.114004
222.012289
221.547478
220.978667
220.309189
220.033492
219.661771
218.951545
218.396371
217.753567
217.269313
217.188481
216.539075
216.053877
215.733986
215.580915
214.869631
214.570781
214.201808
214.005753
213.501648
213.414361
212.781724
212.808710
212.534178
211.960009
211.808099
211.599299
211.095264
220.458333
222.117916
223.601851
225.641074
226.781002
228.243560
229.792876
231.437213
232.927314
234.263142
236.233887
237.800873
238.418579
229.200522
227.952314
227.072384
226.813067
225.666381
225.146228
224.251988
223.737430
223.105988
222.361607
221.261364
220.796604
220.228096
219.559167
219.283141
218.911324
218.201789
217.646967
217.004732
216.520699
216.439181
215.790402
215.305469
214.985478
214.831936
214.121476
213.822515
213.453603
213.257223
212.753516
212.665674
212.033753
212.059942
211.785320
211.211764
211.059501
210.850488
210.346935
219.737219
221.391701
222.870935
224.904246
226.040259
227.498202
229.042725
230.682069
232.167531
233.499077
235.464135
236.760702
237.641409
228.189111
227.196156
226.317030
226.057145
224.911908
224.391815
223.498498
222.984028
222.352957
221.609221
220.510450
220.045740
219.477534
218.809152
218.532797
218.160883
217.208360
216.897569
216.255902
215.772090
215.689884
215.041733
214.557065
214.236973
214.082960
213.373322
213.074250
212.705399
212.508694
212.005382
211.916986
211.285780
211.311172
211.036458
210.463516
210.310898
209.863029
209.598601
219.016132
220.665513
222.140046
224.167443
225.299540
226.752869
228.292597
229.926948
231.407771
232.735033
234.694404
235.986788
236.864258
227.431935
226.440015
225.561691
225.301238
223.907846
223.637414
222.745021
222.230638
221.352492
220.856846
220.005398
219.294884
218.726981
218.059146
217.782461
217.410450
216.459173
216.148177
215.507077
215.023485
214.940592
214.293066
213.808662
213.488469
213.333985
212.625170
212.325985
211.957195
211.760164
211.257247
211.168296
210.537806
210.562399
210.287594
209.715265
209.562292
209.114765
208.850262
218.295071
219.939351
221.409181
223.430665
224.558845
226.007559
227.542492
229.171850
230.648033
231.971011
233.924694
235.212895
236.087127
226.674777
225.683891
224.806369
224.545346
223.153965
222.883028
221.991557
221.477260
220.600045
220.104481
219.253943
218.544038
217.976435
217.309148
217.032131
216.660023
215.709992
215.398790
214.758256
214.274885
214.191303
213.544403
213.060263
212.739968
212.585011
211.877018
211.577720
211.208990
211.011633
210.509111
210.419605
209.789829
209.813624
209.538727
208.967010
208.813682
208.366497
208.101919
217.574038
219.213215
220.678343
222.693913
223.818175
225.262273
226.792410
228.416774
229.888317
231.207010
233.155004
234.439022
235.310015
225.917637
224.927784
224.051063
223.789469
222.400098
222.128655
221.238106
220.723894
219.847610
219.352127
218.502499
217.793201
217.225899
216.559157
216.281809
215.909603
214.960817
214.649408
214.009441
213.526288
213.442018
212.795743
212.311866
211.991469
211.836039
211.128867
210.829456
210.460786
210.263102
209.760974
209.670913
209.041850
209.064846
208.789857
208.218752
208.065068
207.618225
207.353571
216.853032
218.487106
219.947531
221.957186
223.077530
224.517011
226.042352
227.661721
228.874144
230.443030
232.124926
233.665169
234.532923
225.160514
224.171693
223.295773
223.033607
221.646246
221.374295
220.484667
219.970540
219.095186
218.599783
217.751064
217.042374
216.475371
215.809175
215.531495
215.159190
214.211649
213.900032
213.260630
212.777697
212.692737
212.047086
211.563472
211.242971
211.087069
210.380718
210.081192
209.712582
209.514570
209.012836
208.922219
208.293870
208.316066
208.040985
207.470491
207.079973
206.869949
206.605218
216.132053
217.761023
219.216744
221.220484
222.336909
223.771772
225.292317
226.906690
228.115044
229.679072
231.355866
232.891337
233.755850
224.403409
223.415619
222.540498
222.277760
220.892408
220.619949
219.731242
219.217198
218.342774
217.847451
216.999640
216.291555
215.724852
215.059200
214.781188
214.408783
213.462486
213.150662
212.511825
212.029109
211.943460
211.298432
210.815080
210.494476
210.338100
209.632569
209.332929
208.964377
208.766038
208.264698
208.173523
207.545887
207.567283
207.292109
206.722226
206.331907
206.121668
205.856860
215.411100
217.034967
218.485983
220.483807
221.596313
223.026558
224.542306
226.151682
227.355967
228.915135
230.586826
232.117524
232.978796
223.396462
222.659561
221.785240
221.521929
220.138585
219.865617
218.977829
218.463868
217.590372
217.095129
216.248225
215.540746
214.974341
214.309234
214.030888
213.658384
212.713330
212.401297
211.763024
211.280526
211.194186
210.549782
210.066691
209.745983
209.589132
208.884421
208.584667
208.216173
208.017505
207.516558
207.424826
206.797902
206.818498
206.543230
205.973958
205.583838
205.373383
205.108498
214.690175
216.308937
217.755247
219.747155
220.855741
222.281368
223.792318
225.396697
226.596911
228.151219
229.817807
231.343731
232.201762
222.639961
221.903521
221.029997
220.766112
219.384776
219.111298
218.224429
217.710551
216.837983
216.342817
215.496820
214.789946
214.223839
213.559275
213.280595
212.907990
211.964179
211.651937
211.014228
210.531947
210.444916
209.801134
209.318304
208.997492
208.840166
208.136275
207.836405
207.467969
207.268972
206.768417
206.676128
206.049916
206.069711
205.794349
205.225686
204.835764
204.625094
204.360131
213.969277
215.582933
217.024538
219.010529
220.115194
221.536201
223.042353
224.641735
225.837877
227.387325
229.048809
230.569959
231.424747
221.883477
221.147497
220.274770
220.010311
218.630981
218.356993
217.471042
216.957245
216.085604
215.590516
214.745426
214.039156
213.473346
212.809325
212.290193
212.157604
211.215035
210.902583
210.265437
209.783372
209.695650
209.052490
208.569921
208.249004
208.091202
207.388129
207.088143
206.719764
206.520438
206.020275
205.927428
205.301928
205.320921
205.045464
204.477411
204.087687
203.876800
203.611760
213.248405
214.856956
216.293854
218.273928
219.374671
220.791059
222.292411
223.886795
225.078865
226.623453
228.279831
229.796207
230.386054
221.127010
220.391490
219.519559
219.254525
217.877200
217.602701
216.717667
216.203952
215.333237
214.838226
213.752668
213.288375
212.722861
212.059382
211.540473
211.407224
210.465896
210.153235
209.516651
209.034802
208.946388
208.303849
207.821540
207.500517
207.342240
206.639985
206.339882
205.971560
205.771904
205.272132
204.943968
204.553937
204.572129
204.296577
203.729133
203.339606
203.128502
202.863383
212.527561
214.131005
215.563196
217.537352
218.634173
220.045940
221.542492
223.131878
224.319875
225.859601
227.510874
229.022475
229.609676
220.370561
219.635499
218.764364
218.498754
217.123434
216.848423
215.964305
215.450670
214.580882
214.085947
213.001853
212.537603
211.972385
211.309448
210.790761
210.656851
209.716764
209.403892
208.767870
208.286236
208.197129
207.555211
207.073161
206.752032
206.593278
205.891841
205.591622
205.223356
205.023370
204.523988
204.195821
203.805945
203.589491
203.313988
202.980851
202.591521
202.380200
202.115002
211.806743
213.405081
214.832564
216.800801
217.893699
219.300846
220.792597
222.376983
223.560907
225.095771
226.741938
228.248762
228.833318
219.614130
218.879525
218.009185
217.742998
216.369682
216.094159
215.210957
214.697401
213.828537
213.333678
212.251048
211.786840
211.221918
210.559521
210.041056
209.906485
208.967638
208.417484
208.019093
207.537674
207.447874
206.806577
206.324785
206.003550
205.844319
205.143699
204.843362
204.475151
204.274834
203.775844
203.447672
203.057950
202.841250
202.565651
202.232566
201.843433
201.631894
201.366617
211.085953
212.679182
214.101957
216.064276
217.153250
218.555775
220.042725
221.374860
222.801962
224.331963
225.973023
227.475070
228.056979
218.857716
218.123568
217.254022
216.987258
215.615944
215.339908
214.457621
213.944144
213.076204
212.581420
211.500253
211.036087
210.471459
209.809602
209.291358
209.156126
208.218518
207.668709
207.270322
206.789117
206.698623
206.057945
205.576412
205.255069
205.095361
204.395557
204.095102
203.726947
203.526299
203.027698
202.699522
202.309954
202.093006
201.817311
201.484278
201.095340
200.883583
200.618226
210.365189
211.953311
213.371376
215.327776
216.412825
217.810728
219.292877
220.620576
222.043038
223.568175
225.204129
226.701399
227.280660
218.101319
217.367628
216.498875
216.231532
214.862221
214.585671
213.704297
213.190899
212.323883
211.829173
210.749467
210.285343
209.721009
209.059691
208.541668
208.405773
207.469404
206.919939
206.521555
206.040564
205.949376
205.309317
204.828041
204.506591
204.346404
203.647417
203.346843
202.978743
202.777763
202.279551
201.951370
201.561956
201.344760
201.068968
200.735986
200.347244
200.135268
199.869831
209.644453
211.227465
212.640821
214.591301
215.672425
217.065705
218.543052
219.866315
221.284136
222.804409
224.435255
225.927747
226.504360
217.344940
216.611705
215.743743
215.475822
214.108512
213.831447
212.950987
212.437665
211.571572
211.076936
209.998692
209.534608
208.970567
208.309789
207.791985
207.655427
206.720296
206.171175
205.772794
205.292015
205.200132
204.560692
203.846107
203.758114
203.597450
202.899277
202.598585
202.230538
202.029226
201.531403
201.203217
200.813955
200.596512
200.320623
199.987691
199.599144
199.386949
199.121431
208.923743
210.501646
211.910292
213.854851
214.932050
216.320706
217.793249
219.112076
220.525256
222.040665
223.666402
225.154115
225.728079
216.833324
215.855798
214.988628
214.720127
213.354817
213.077237
212.197690
211.684445
210.819273
210.324710
209.247927
208.783882
208.220134
207.559894
207.042309
206.905087
205.971195
205.422416
205.024037
204.543471
204.450892
203.812070
203.098297
202.776798
202.848496
202.151139
201.850327
201.250572
201.280689
200.551964
200.455063
200.065953
199.848261
199.572274
199.239392
198.851040
198.638626
198.373027
208.203060
209.775853
211.179788
213.118426
214.191699
215.575730
217.043471
218.357859
219.766398
221.276942
222.897570
224.380504
224.951818
216.076412
215.099908
214.233528
213.964447
212.601137
212.323041
211.444405
210.931236
210.066986
209.572494
208.497172
208.033166
207.469710
206.810007
206.292641
206.154755
205.222099
204.673663
204.275285
203.794931
203.701656
203.063451
202.350490
202.028882
201.867194
201.403002
201.102069
200.502923
200.532151
199.804370
199.706907
199.317949
199.100007
198.823923
198.491090
198.102933
197.890298
197.624617
207.482404
209.050087
210.449311
212.382027
213.451372
214.830779
216.293715
217.603666
219.007562
220.513240
222.128758
223.606912
224.175576
215.319518
214.344034
213.478445
213.208782
211.847470
211.568858
210.691133
210.178039
209.314710
208.582536
207.746426
207.282459
206.483526
206.060128
205.542980
205.404429
204.473009
203.924915
203.526538
203.046395
202.952424
202.314836
201.602685
201.280967
201.118800
200.654865
200.353812
199.755274
199.783613
199.056774
198.958750
198.569943
198.351752
198.075568
197.513555
197.354821
197.141966
196.876203
206.761775
208.324347
209.718858
211.645652
212.711071
214.085852
215.543983
216.849495
218.248748
219.749559
221.359967
222.833341
223.399353
214.562641
213.588178
212.723377
212.453132
211.093819
210.814688
209.937874
209.424854
208.562445
207.830903
206.995691
206.531761
205.733678
205.310257
204.793326
204.654110
203.723926
203.176173
202.777796
202.297863
202.203195
201.566223
200.854883
200.533055
200.370408
199.676225
199.605556
199.007625
199.035074
198.309177
198.210591
197.821935
197.603493
197.327211
196.765801
196.606706
196.165337
196.127785
206.041174
207.598633
208.988432
210.909303
211.970793
213.340948
214.794274
216.095346
217.489956
218.985900
220.591197
222.059789
222.623150
213.805782
212.832338
211.968325
211.456818
210.340181
210.060532
209.184627
208.671682
207.810191
207.079281
206.244965
205.781073
204.983837
204.560394
204.043680
203.903797
202.974849
202.427436
202.029059
201.549336
201.453970
200.586426
200.107083
199.785144
199.622017
198.928646
198.857300
198.259976
198.286535
197.561580
197.462430
197.073925
196.855233
196.578851
196.018045
195.858587
195.417552
195.379361
205.320599
206.872946
208.258032
210.172979
211.230540
212.596068
214.044588
215.341220
216.731186
218.222262
219.822448
221.286258
221.846966
213.048941
212.076515
211.213289
210.701765
209.586558
209.306390
208.431394
207.681230
207.057949
206.327669
205.494250
205.030394
204.234006
203.810539
203.294041
203.153491
202.225777
201.678705
201.280327
200.800813
200.704749
199.838376
199.359287
199.037236
198.873628
198.181068
198.109045
197.512327
197.537995
196.813981
196.714268
196.325913
196.106970
195.830488
195.270285
195.110464
194.669762
194.630933
204.600051
206.147285
207.527657
209.436681
210.490312
211.851213
213.294926
214.587117
215.972438
217.458646
219.053719
220.512747
221.070802
212.292117
211.320708
210.458269
209.946727
208.832949
208.552261
207.678173
206.928644
206.305718
205.576068
204.743544
204.279724
203.484183
203.060692
202.544409
202.403192
201.476712
200.929979
200.531600
200.052295
199.955532
199.090329
198.611492
198.289330
198.125240
197.433490
197.360790
196.764677
196.789455
196.066381
195.966105
195.577899
195.358704
195.082122
194.522521
194.362337
193.921969
193.882500
203.879530
205.421651
206.797308
208.700407
209.750108
211.106381
212.545287
213.833037
215.213712
216.695051
218.285012
219.739256
220.294656
211.535310
210.564918
209.703265
209.191704
208.079354
207.798146
206.924965
206.176070
205.553499
204.824478
203.992849
203.529063
202.734369
202.310853
201.794785
201.652900
200.727653
200.181259
199.782877
199.303781
199.206318
198.342285
197.863701
197.541426
197.376854
196.685914
196.612535
196.017028
195.813057
195.318780
195.217940
194.602992
194.610436
194.333753
193.774755
193.614206
193.174171
193.134063
203.159035
204.696042
206.066984
207.964159
209.009929
210.361573
211.795671
213.078979
214.455008
215.931477
217.516324
218.965785
219.518531
210.778522
209.569931
208.948277
208.436696
207.325774
207.044045
206.171770
205.423508
204.801291
204.072898
203.242163
202.778412
201.984563
201.561022
201.045168
200.671073
199.978600
199.432544
199.034160
198.555271
198.457108
197.594245
197.115912
196.793524
196.628469
195.938339
195.864282
195.269379
195.065071
194.571179
194.469774
193.855529
193.862166
193.585381
193.026985
192.866072
192.426369
192.385621
202.438568
203.970461
205.336686
207.227936
208.269774
209.616789
211.046078
212.324943
213.696326
215.167925
216.747658
218.192335
218.742424
210.021751
208.814742
208.193304
207.681703
206.572208
206.053679
205.418588
204.670958
204.049094
203.321329
202.491487
202.027770
201.234766
200.811198
200.295558
199.921352
199.229553
198.683834
198.285447
197.806765
197.478872
196.846207
196.368126
196.045624
195.880086
195.190765
194.889007
194.521730
194.317085
193.823576
193.721606
193.108064
193.113893
192.837006
192.279211
192.117934
191.678562
191.637174
201.718128
203.244905
204.606415
206.491738
207.529644
208.872028
210.296509
211.570931
212.937666
214.404394
215.979012
217.168504
217.966337
209.264997
208.059568
207.438348
206.926725
205.818656
205.300169
204.665418
203.918421
203.296909
202.569770
201.740822
201.045375
200.484977
199.830690
199.545956
199.171638
198.480512
197.935130
197.308061
196.829966
196.730226
196.098173
195.620342
195.297726
195.131705
194.443192
194.141310
193.774081
193.569098
193.075972
192.973436
192.360597
192.365618
192.088628
191.531434
191.369792
190.930752
190.888722
200.997715
202.519376
203.876168
205.755566
206.789538
208.127292
209.546963
210.816941
212.179028
213.640884
215.210388
216.395686
217.190269
208.508261
207.304412
206.683407
206.171763
205.065119
204.546672
203.912262
203.165895
202.544735
201.818222
200.990166
200.295311
199.735197
199.081440
198.796361
198.421931
197.731477
197.186432
196.559914
196.082025
195.981584
195.350142
194.872561
194.549830
194.383325
193.695620
193.393613
193.026432
192.821111
192.328368
192.225266
191.613129
191.617340
191.340248
190.783654
190.621646
190.182937
190.140266
200.277328
201.793873
203.145948
205.019418
206.049457
207.382580
208.797440
210.062973
211.420412
212.877396
214.441783
215.622889
216.414221
207.513613
206.549272
205.928482
205.416815
204.311595
203.793188
203.159118
202.413382
201.792572
201.066685
200.239520
199.545255
198.985426
198.332199
198.046773
197.672230
196.982449
196.437739
195.811772
195.334088
195.232946
194.602114
194.124782
193.801937
193.634946
192.948049
192.645916
192.278782
192.073124
191.580762
191.477093
190.865658
190.869060
190.591864
190.035871
189.650135
189.435118
189.391805
199.556969
201.068397
202.415753
204.283296
205.309400
206.637891
208.047940
209.309028
210.661818
212.113929
213.673200
214.850112
215.638192
206.757480
205.794149
205.173573
204.661883
203.558087
203.039719
202.405987
201.660880
201.040421
200.315158
199.488884
198.795209
198.235663
197.582965
197.068578
196.922536
196.005691
195.689051
195.063634
194.586155
194.484311
193.854089
193.377007
193.054045
192.886570
192.200479
191.898220
191.531133
191.325136
190.833155
190.728920
190.118185
190.120777
189.843478
189.288084
188.902537
188.687294
188.643339
198.836636
200.342947
201.685584
203.547199
204.569368
205.893226
207.298464
208.555106
209.903246
211.350483
212.904637
214.077355
214.862182
206.001365
205.039042
204.418681
203.906966
202.804592
202.286262
201.652869
200.908391
200.288281
199.563642
198.738258
198.045172
197.485909
196.833739
196.319562
196.172849
195.257231
194.940369
194.315502
193.838227
193.735681
193.106067
192.629233
192.306156
192.138194
191.452910
191.150524
190.783484
190.577147
190.085548
189.757436
189.370710
189.372492
189.095089
188.540294
188.154935
187.939467
187.894868
198.116331
199.617523
200.955441
202.811127
203.829360
205.148585
206.549011
207.801206
209.144695
210.587059
212.136095
213.304617
214.086191
205.245267
204.283952
203.663804
203.152064
202.051112
201.532819
200.899763
200.155914
199.536152
198.812137
197.987642
197.295144
196.736163
196.084521
195.570553
195.423169
194.508777
194.191693
193.567375
193.090302
192.987054
192.358049
191.881463
191.558268
191.389821
190.705342
190.402829
190.035835
189.829158
189.337939
189.009815
188.623233
188.624205
188.124453
187.792500
187.407329
187.191635
187.146393
197.396052
198.892125
200.225323
202.075080
203.089377
204.403968
205.799581
207.047329
208.386167
209.823656
211.367574
212.531900
213.310220
204.489186
203.528879
202.675083
202.397177
201.297646
200.779390
200.146671
199.403449
198.784035
198.060642
197.237035
196.545126
195.986427
195.335311
194.821552
194.673495
193.760329
193.443022
192.819252
192.342383
192.238430
191.610034
191.133695
190.810383
190.641448
189.957775
189.655135
189.288186
189.081169
188.590329
188.262192
187.875755
187.875915
187.376613
187.044703
186.659719
186.443799
186.397913
196.675800
198.166754
199.495231
201.339059
202.349418
203.659375
205.050174
206.293475
207.627661
209.060275
210.599074
211.759203
212.534269
203.733123
202.773823
201.920803
201.642305
200.544194
200.025975
199.393591
198.650995
198.031929
197.309158
196.486439
195.795116
195.236698
194.586109
194.072558
193.923828
193.011887
192.694356
192.071135
191.594467
191.489811
190.862022
190.385930
190.062500
189.893078
189.210210
188.907441
188.540537
188.333179
187.842719
187.514567
187.128274
187.127622
186.628771
186.296903
185.912105
185.695958
185.649429
195.955576
197.441409
198.765165
200.603062
201.609484
202.914806
204.300791
205.539643
206.869177
208.296914
209.830594
210.986526
211.758336
203.211601
202.018783
201.166538
200.887448
199.790757
199.272573
198.640524
197.898554
197.279835
196.557685
195.508250
195.045117
194.486978
193.836915
193.323571
193.174168
192.263451
191.945696
191.323022
190.846556
190.741195
190.114013
189.638167
189.314619
189.144709
188.462645
188.159747
187.792887
187.585188
187.095107
186.766941
186.380791
186.379328
185.880925
185.549099
185.164488
184.948113
184.900940
195.235378
196.716091
198.035125
199.867091
200.869574
202.170261
203.551431
204.785834
206.110714
207.533576
209.062135
210.213869
210.982423
202.455005
201.263760
200.412290
200.132606
199.037334
198.519184
197.887470
197.146125
196.527752
195.806222
194.758233
194.295126
193.737267
193.087729
192.574592
192.424514
191.515021
190.973109
190.574914
190.098649
189.992583
189.366007
188.890407
188.566740
188.396341
187.715081
187.412054
187.045238
186.837197
186.347494
186.019313
185.633307
185.631030
185.133077
184.801292
184.416867
184.200264
184.152446
194.515207
195.990799
197.305110
199.131145
200.129689
201.425739
202.802094
204.032047
205.352274
206.770258
208.293697
209.441232
210.206530
201.698427
200.508754
199.658057
199.377780
198.283925
197.765809
197.134428
196.393708
195.775680
195.054770
194.008225
193.545144
192.987565
192.338550
191.825620
191.674867
190.766598
190.225016
189.826811
189.350746
189.243975
188.618005
188.142650
187.818863
187.647975
186.967518
186.664361
186.297589
186.089205
185.599881
185.271684
184.885820
184.663116
184.385226
184.053482
183.669242
183.452411
183.403947
193.795063
195.265533
196.575121
198.395224
199.389828
200.681242
202.052781
203.278283
204.593856
206.006962
207.525279
208.668616
209.430655
200.941867
199.753764
198.903840
198.622968
197.530530
197.012448
196.381400
195.641303
195.023619
194.303329
193.258227
192.795172
192.237871
191.589380
191.076655
190.701275
190.018180
189.476928
189.078713
188.602848
188.495370
187.870005
187.394895
187.070988
186.899611
186.219956
185.916669
185.549940
185.341213
184.852266
184.524054
184.138332
183.915369
183.637372
183.305668
182.921613
182.704554
182.655443
193.074946
194.540294
195.845158
197.659329
198.649992
199.936768
201.303490
202.524542
203.835459
205.243687
206.756882
207.896019
208.654800
200.185324
198.998791
198.149639
197.868172
196.777150
196.259100
195.628384
194.888911
194.271570
193.551898
192.508239
192.045209
191.488186
190.840218
190.327698
189.952198
189.269769
188.728846
188.330620
187.854954
187.746769
187.122009
186.647143
186.323115
186.151248
185.472396
185.168978
184.802291
184.593221
184.104651
183.776422
183.390841
183.167620
182.889515
182.557851
182.173980
181.739275
181.906935
192.354856
193.815081
195.115220
196.923458
197.910180
199.192318
200.554223
201.770823
203.077085
204.480434
205.988506
207.123442
207.878965
199.428799
198.243835
197.395454
197.113391
196.023784
195.505765
194.875381
194.136530
193.519532
192.800478
191.758261
191.295256
190.738509
190.091063
189.578748
189.203129
188.521363
187.980769
187.582531
187.107064
186.998172
186.374016
185.679482
185.575245
185.402887
184.724836
184.202364
184.054642
183.845228
183.357034
183.028788
182.643349
182.419868
182.141655
181.810030
181.426344
180.991964
181.158423
191.634792
193.089894
194.385309
196.187613
197.170393
198.447892
199.804980
201.017127
202.318732
203.717201
205.220151
206.350885
207.103148
198.672291
197.488895
196.641285
196.358625
195.270433
194.752444
194.122391
193.384161
192.767506
192.049068
191.008293
190.545311
189.988841
189.341917
188.829805
188.454066
187.772964
187.232697
186.834448
186.359179
186.249579
185.626027
184.932289
184.827376
184.654527
183.977277
183.455228
183.306992
183.097234
182.609416
182.281153
181.895854
181.672114
181.393792
180.845516
180.678703
180.244648
180.409905
190.914756
192.148321
193.655423
195.451793
196.430630
197.703490
199.055759
200.263453
201.560402
202.717839
204.451816
205.578349
206.327351
197.915801
196.733973
195.887132
195.603874
194.517096
193.999137
193.369413
192.631805
192.015491
191.297669
190.258335
189.795376
189.016585
188.592779
188.080869
187.705010
187.024570
186.484632
186.086369
185.611298
185.500989
184.658847
184.185099
184.079510
183.906169
183.011749
182.708093
182.341784
182.349240
181.644708
181.533517
181.148358
180.924358
180.645926
180.098244
179.931059
179.497328
179.661383
190.194746
191.423709
192.925562
194.715998
195.690892
196.959112
198.306562
199.509803
200.802093
201.955228
203.683502
204.805832
205.551574
197.159329
195.979066
195.132994
194.849138
193.537068
193.245844
192.390612
191.879460
191.038855
190.546281
189.508387
189.045450
188.267491
187.843648
187.331941
186.955961
186.056007
185.736571
185.338296
184.863421
184.533161
183.911419
183.437912
183.113570
182.939692
182.264746
181.960957
181.594689
181.384268
180.897642
180.785879
180.400860
180.176599
179.898057
179.350968
179.183411
178.750004
178.912856
189.474764
190.699122
192.195727
193.980228
194.951178
196.214758
197.557388
198.756174
200.043807
201.192637
202.915209
204.033336
204.775815
196.402874
195.224177
194.378873
194.094417
192.784322
192.492563
191.638223
191.127128
190.287424
189.794904
188.758449
188.295534
187.518406
187.094526
186.583020
186.206918
185.308181
184.988516
184.590227
183.897019
183.785135
183.163993
182.690728
182.366263
182.191892
181.517745
181.213823
180.847594
180.636827
180.150576
180.038239
179.653359
179.428837
179.150186
178.603688
178.435760
178.002676
178.164324
188.754808
189.974562
191.465918
193.244484
194.211489
195.470427
196.581115
198.002568
199.285542
200.430068
202.146936
203.260859
204.000076
195.646436
194.469304
193.624767
193.339711
192.031591
191.739297
190.885846
190.374807
189.536003
189.043537
188.008520
187.545627
186.769330
186.345411
185.834107
185.457882
184.560362
184.240467
183.842163
183.149706
183.037112
182.416571
181.943546
181.618957
181.444094
180.770745
180.466689
180.100499
179.889387
179.403509
179.290599
178.905857
178.681074
178.402311
177.856406
177.688104
177.255343
177.415788
187.823131
189.250028
190.736135
192.508764
193.471825
194.726121
195.832544
197.248985
198.527300
199.667520
201.378685
202.488403
203.224357
194.890017
193.714448
192.870677
192.358827
191.278873
190.986044
190.133482
189.622499
188.784594
188.292180
187.258602
186.795728
186.020262
185.596304
185.085201
184.708852
183.812548
183.492423
183.094104
182.402397
182.289093
181.669152
181.196366
180.871653
180.696297
180.023745
179.719555
179.353404
179.141945
178.656440
178.542956
178.158353
177.933307
177.654434
177.109120
176.726838
176.508006
176.667247
187.103743
188.525521
190.006378
191.773070
192.732184
193.981838
195.083996
196.495425
197.769079
198.904993
200.610453
201.715967
202.448657
194.133614
192.959608
192.116603
191.604716
190.526170
190.232804
189.157876
188.870203
188.033197
187.540835
186.508693
186.045840
185.271202
184.847206
184.336302
183.959830
183.064740
182.744384
182.346050
181.655092
181.541078
180.921736
180.449190
180.124352
179.948502
179.276747
178.972422
178.606310
178.394504
177.909371
177.795312
177.197037
177.185539
176.906554
176.361830
175.979730
175.760665
175.918701
186.384382
187.801039
189.276646
191.037401
191.992569
193.237579
194.335471
195.741887
197.010880
198.142488
199.842243
200.943550
201.672976
193.377230
192.204786
191.362545
190.850621
189.773481
189.479578
188.406099
188.117918
187.281810
186.789500
185.758795
185.076255
184.522152
184.098115
183.587410
183.210814
182.316939
181.996351
181.598001
180.907791
180.793067
180.174323
179.702016
179.377053
179.200709
178.529750
178.225290
177.859215
177.647061
177.162301
177.047667
176.450083
176.437767
176.158671
175.614538
175.232617
175.013320
175.170150
185.665048
187.076584
188.546940
190.301757
191.252977
192.493344
193.586970
194.988371
196.252703
197.380003
199.074053
200.171154
200.897314
192.394284
191.449979
190.608502
190.096540
189.020806
188.726366
187.654334
187.365646
186.530436
186.038175
185.008906
184.326943
183.773110
183.130925
182.838526
182.461805
181.569144
181.248324
180.849956
180.160495
180.045059
179.426914
178.954844
178.629755
178.452917
177.782753
177.478158
177.112120
176.899619
176.415230
176.300020
175.703127
175.689994
175.410785
174.867242
174.485501
174.265970
174.421595
184.945741
186.352156
187.817259
189.566138
190.513411
191.749133
192.838491
194.234878
195.494549
196.617541
198.305885
199.398778
200.121672
191.638502
190.695190
189.854476
189.342475
188.268146
187.973167
186.902583
186.392167
185.779072
185.286861
184.259027
183.577639
183.024076
182.382407
182.089649
181.712802
180.821354
180.500301
180.101917
179.413203
179.297055
178.679507
178.207675
177.882460
177.705127
177.035758
176.731026
176.365025
176.152176
175.668157
175.552372
174.956169
174.942218
174.450966
174.119942
173.738380
173.518616
173.673035
184.226460
185.627753
187.087604
188.830545
189.773868
191.004945
192.090036
193.481408
194.736416
195.855099
197.537736
198.626422
199.346049
190.882737
189.940417
189.100465
188.588424
187.515500
187.219982
186.150844
185.640480
185.027720
184.316078
183.290817
182.828345
182.275051
181.633896
181.340779
180.963806
180.073571
179.752285
179.138862
178.665915
178.549055
177.932104
177.460509
177.135167
176.957338
176.288764
175.983895
175.617930
175.404732
174.921084
174.804722
174.209209
174.194439
173.703629
173.372639
172.991256
172.771258
172.924471
183.507207
184.903377
186.357975
188.094976
189.034351
190.260782
191.341604
192.727960
193.978305
195.092679
196.769609
197.854086
198.570445
190.126990
189.185661
188.346471
187.834389
186.762868
186.466810
185.399118
184.888805
184.276379
183.565345
182.541516
182.079060
181.526035
180.885394
180.591917
180.214817
179.325794
179.004274
178.391387
177.918632
177.801059
177.184704
176.713346
176.387876
176.209550
175.541771
175.236765
174.870836
174.657288
174.174010
174.057071
173.462247
173.446659
172.956288
172.625333
172.244129
172.023896
172.175901
182.787980
184.179027
185.628372
187.359433
188.294857
189.516642
190.593196
191.974535
193.220216
194.330280
196.001502
197.081770
197.794861
189.147285
188.430922
187.592492
187.080369
186.010251
185.713651
184.647404
184.137142
183.525049
182.814623
181.792225
181.329784
180.777027
180.136899
179.843062
179.465835
178.578023
178.256268
177.643918
177.171353
177.053066
176.437307
175.966185
175.640587
175.461765
174.794779
174.489635
174.123741
173.909843
173.426935
173.309418
172.715284
172.698875
172.208946
171.878024
171.496997
171.276529
171.427327
182.068780
183.454704
184.898794
186.623915
187.338009
188.772527
189.844810
191.221133
192.462149
193.567902
195.233416
196.309474
197.019296
188.392140
187.676199
186.838529
186.326364
185.257647
184.960507
183.895704
183.385492
182.773731
182.063912
181.042943
180.580518
180.028028
179.388413
179.094214
178.716859
177.830258
177.508268
176.896453
176.424078
176.305077
175.689914
175.219026
174.893300
174.713981
174.047787
173.742505
173.376646
173.162398
172.679858
172.561764
171.968318
171.951089
171.461600
171.130711
170.749861
170.529158
170.678749
181.349607
182.730406
184.169242
185.888422
186.599107
188.028435
189.096448
190.467753
191.704104
192.805546
194.465351
195.537198
196.008724
187.637011
186.921493
186.084581
185.572374
184.285432
183.987769
183.144016
182.633853
182.022424
181.313211
180.293672
179.831261
179.279037
178.639934
178.345374
177.967890
177.082499
176.547216
176.148992
175.676807
175.557092
174.942523
174.471871
174.146015
173.966198
173.300797
172.995376
172.629551
172.414952
171.932781
171.604435
171.221350
171.203301
170.714251
170.383395
170.002722
169.781783
169.930165
180.630461
182.006135
183.439716
185.152954
185.860230
187.284367
188.348109
189.714396
190.946081
192.043211
193.697306
194.764942
195.233794
186.881900
186.166804
185.330650
184.818399
183.533419
183.235214
182.392341
181.882226
181.271128
180.562520
179.544410
179.082013
178.530055
177.891463
177.596541
177.218928
176.334746
175.799781
175.401537
174.929541
174.809110
174.195136
173.724718
173.398733
173.218417
172.553808
172.248248
171.882456
171.667506
171.185703
170.857332
170.474380
170.455511
169.966899
169.636075
169.255579
169.034404
169.181577
179.911341
181.281890
182.710215
184.417511
185.121376
186.540322
187.599793
188.961061
190.188080
191.280897
192.929282
193.992706
194.458883
186.126807
185.412131
184.576735
184.064439
182.781420
182.482672
181.640679
181.130612
180.519844
179.811841
178.795158
178.332774
177.781082
177.143000
176.847715
176.469972
175.586999
175.052352
174.654087
174.182279
174.061133
173.447752
172.977567
172.651452
172.470637
171.806820
171.501120
171.135361
170.920059
170.438624
170.110228
169.727409
169.707718
169.219545
168.888752
168.508432
168.287020
168.432984
179.192249
180.557672
181.980740
183.682094
184.382548
185.796302
186.851500
188.207749
189.205671
190.518605
192.161279
193.220490
193.683992
185.371731
184.437267
183.822835
183.310494
182.029436
181.730144
180.889029
180.379009
179.768571
179.061172
178.045916
177.583544
177.032117
176.394545
175.886194
175.721023
174.839258
174.304929
173.906641
173.435022
173.313159
172.700371
172.020798
171.904174
171.722859
171.059833
170.753992
170.388267
170.172612
169.691544
169.363122
168.980435
168.752278
168.472187
167.934472
167.761282
167.539632
167.684387
178.473183
179.833480
181.251291
182.946702
183.643743
185.052306
186.103231
187.454460
188.448283
189.756334
191.393296
192.448294
192.909120
184.616673
183.683193
183.068951
182.556565
181.277465
180.977630
180.137392
179.627418
179.017309
178.310513
177.296684
176.834324
176.283161
175.646098
175.137939
174.972081
174.091523
173.557511
173.159201
172.687769
172.565188
171.952993
171.274207
171.156897
170.766159
170.312847
170.006866
169.433344
169.425164
168.944462
168.616015
168.233460
168.005035
167.724827
167.187696
167.014127
166.586223
166.935784
177.754145
179.109314
180.521868
182.211334
182.904963
184.308333
185.354984
186.701193
187.690918
188.994084
190.625335
191.676119
192.134267
183.861632
182.929135
182.315083
181.802650
180.525509
180.225129
179.385768
178.875840
178.266059
177.559866
176.547462
176.085113
175.534213
174.897659
174.389691
174.223145
173.343795
172.810098
172.411765
171.940520
171.817222
171.205618
170.527618
170.409623
170.018938
169.565862
169.259739
168.686803
168.677716
167.990574
167.868906
167.486482
167.257789
166.977464
166.440917
166.266969
165.839381
166.187177
177.035133
178.385174
179.792470
181.475992
182.166208
183.564384
184.606761
185.947948
186.933574
188.231855
189.857393
190.903963
191.359434
183.106609
182.175093
181.561231
181.048750
179.773567
179.472641
178.634157
178.124274
177.514820
176.809228
175.798250
175.335911
174.785274
174.149228
173.641451
173.474216
172.596072
172.062691
171.664334
171.193275
171.069259
170.458247
169.781032
169.454567
169.271720
168.818878
168.512613
167.940262
167.930267
167.244045
167.121796
166.739503
166.510541
166.230098
165.694135
165.519807
165.092534
165.438566
176.316148
177.661060
179.063098
180.740675
181.427477
182.820459
183.858561
185.194726
186.176252
187.469648
189.089473
190.131827
190.584619
182.351603
181.421069
180.807395
180.294866
179.021640
178.720167
177.882558
177.372719
176.763592
176.058602
175.049048
174.586719
174.036343
173.400804
172.893218
172.725294
171.848356
171.315289
170.916908
170.446035
170.321300
169.503090
169.034448
168.707851
168.524502
168.071895
167.765488
167.193720
167.182818
166.497514
166.374684
165.787328
165.763290
165.482728
164.947349
164.772641
164.345683
164.689949
175.597189
176.936973
178.333751
180.005384
180.688770
182.076558
183.110385
184.441527
185.418952
186.707462
188.321573
189.359712
189.809825
181.596615
180.667061
179.836978
179.540997
178.269726
177.967706
177.130973
176.621177
176.012376
175.307986
174.299856
173.837535
173.287421
172.652389
172.144992
171.976379
171.100645
170.567893
170.169487
169.698798
169.573345
168.756278
168.287867
167.961136
167.777287
167.324913
167.018363
166.447179
166.435368
165.750982
165.627571
165.040898
165.016037
164.735357
164.200560
164.025471
163.598828
163.941328
174.878258
176.212912
177.604430
179.270117
179.950088
181.332681
182.362231
183.688351
184.661674
185.945297
187.553694
188.587616
189.035049
180.841644
179.913069
179.083737
178.787142
177.517827
177.215259
176.379400
175.869646
175.261171
174.557381
173.550673
173.088361
172.538508
171.903982
171.396773
171.227470
170.352941
169.820502
169.422071
168.951567
168.825393
168.009470
167.541288
167.214424
167.030073
166.372458
166.271239
165.700638
165.482896
165.004450
164.880456
164.294466
164.268782
163.987982
163.453767
163.278298
162.851969
163.192702
174.159353
175.488878
176.875135
178.534876
179.211430
180.588827
181.614101
182.935197
183.904418
185.183154
186.785836
187.815541
188.260293
180.086690
179.159095
178.330512
178.033303
176.765942
176.462826
175.627840
175.118128
174.509977
173.806786
172.801501
172.339197
171.789603
171.155582
170.648562
170.478568
169.605242
169.073117
168.674659
168.204339
168.077445
167.262665
166.794712
166.467714
166.282860
165.626032
165.524115
164.954097
164.736000
164.257916
164.133340
163.548032
163.521524
163.240604
162.706971
162.531120
162.105105
162.444072
173.440476
174.764869
176.145866
177.799659
178.472797
179.844998
180.865994
182.182065
183.147184
184.421032
186.017999
187.043485
187.485556
179.331755
178.405136
177.577303
177.279479
176.014072
175.710406
174.664014
174.366622
173.758795
173.056202
172.052338
171.590041
171.040707
170.407191
169.900358
169.521628
168.857550
168.325737
167.927253
167.457116
167.329501
166.515864
166.048139
165.721006
165.535649
164.879606
164.572786
164.207555
163.989102
163.511381
163.386222
162.801597
162.774263
162.493223
161.960172
161.581722
161.358237
161.695437
172.721625
174.040887
175.416622
177.064468
177.734188
179.101192
180.117910
181.428956
182.389972
183.658931
185.250182
186.271450
186.710838
178.576836
177.651195
176.824109
176.525670
175.262215
174.957999
173.913039
173.403760
172.796759
172.305628
171.303185
170.840895
170.083461
169.658807
168.944771
168.773296
167.903321
167.578363
167.179851
166.709897
166.375959
165.769065
165.301568
164.974300
164.788439
164.133182
163.826216
163.461014
163.242205
162.764846
162.639103
162.055159
162.027000
161.745840
161.213369
160.835090
160.611365
160.946797
172.002801
173.316931
174.687404
176.121316
176.995604
178.357410
179.369849
180.675870
181.632781
182.896852
184.482386
185.499434
185.936140
177.821935
176.897270
176.070931
175.771876
174.510373
174.205606
173.162077
172.652838
172.046159
171.555066
170.554042
170.091758
169.335138
168.910432
168.197136
168.024970
167.156196
166.830994
166.432455
165.962683
165.628577
165.022270
164.555000
164.227596
164.041231
163.386758
163.079647
162.714473
162.495306
162.018309
161.891983
161.308719
161.279735
160.998453
160.466563
160.088455
159.864488
160.198152
171.284004
172.593001
173.958212
175.386711
176.257044
177.613652
178.621811
179.922806
180.875613
182.134793
183.714610
184.727439
185.161461
177.067052
176.143362
175.317770
175.018097
173.758545
173.453227
172.411128
171.901928
171.295570
170.804513
169.804910
169.342630
168.586824
168.162064
167.449509
167.276651
166.409076
166.083631
165.685063
165.215472
164.881199
164.275478
163.808435
163.480894
163.294025
162.640336
162.333079
161.967931
161.748408
161.271771
161.144861
160.562277
160.532468
160.251064
159.719754
159.341816
159.117608
159.449503
170.565233
171.869098
173.229045
174.652131
175.518508
176.869918
177.873797
179.169765
180.118466
181.372756
182.946855
183.955463
184.386801
176.312186
175.389471
174.564623
174.264333
173.006731
172.700861
171.660192
171.151030
170.544993
169.845434
169.055787
168.386378
167.838518
167.413704
166.701890
166.528338
165.661962
165.336273
164.937676
164.468266
164.133825
163.528689
163.061872
162.734194
162.546820
161.893914
161.586511
161.221390
161.001509
160.525233
160.397737
159.815833
159.785197
159.503672
158.972942
158.595174
158.370723
158.700849
169.846490
171.145221
172.499904
173.917577
174.779997
176.126207
177.125805
178.416746
179.361342
180.610741
182.179121
183.183508
183.612160
175.557338
174.635596
173.811493
173.510584
172.254932
171.948509
170.909268
170.400143
169.794427
169.095461
168.306674
167.637825
167.090221
166.459790
165.954277
165.780032
164.914855
164.588920
164.190294
163.721065
163.386454
162.781903
162.315312
161.987496
161.799617
161.147494
160.839944
160.474849
160.254609
159.778693
159.650612
159.069388
159.037925
158.756277
158.226126
157.848527
157.623834
157.952190
169.127773
170.421370
171.770788
173.183047
174.041510
175.382521
176.377837
177.663750
178.604239
179.848746
181.411408
182.411573
182.837539
174.802507
173.881738
173.058379
172.756851
171.503147
171.196170
170.158357
169.649269
169.043872
168.345500
167.557570
166.889282
166.341932
165.712001
165.206672
165.031733
164.167753
163.841573
163.239849
162.973867
162.639087
162.035120
161.568754
161.240801
161.052415
160.401075
160.093377
159.728307
159.507709
159.032153
158.703533
158.322940
158.290650
157.809449
157.479306
157.101877
156.876940
157.203527
168.409083
169.697545
171.041699
172.448542
173.303048
174.638858
175.629892
176.910777
177.847158
179.086773
180.422925
181.639657
182.062937
174.047694
173.127896
172.305280
172.003132
170.751376
170.443844
169.407459
168.898407
168.293328
167.595548
166.808477
166.140747
165.593652
164.964220
164.459074
164.283441
163.420658
163.094232
162.493030
162.226674
161.891724
161.288341
160.822199
160.494107
160.305215
159.654656
159.346811
158.981766
158.760808
158.285611
157.956959
157.576491
157.543372
157.062603
156.732484
156.355223
156.130042
156.454858
167.690420
168.973747
170.312635
171.714063
172.564610
173.686506
174.881971
176.157826
177.090099
178.324821
179.655837
180.867762
181.288354
173.292898
172.374071
171.552197
171.249428
169.999619
169.691533
168.656574
168.147557
167.542796
166.845608
166.059394
165.392222
164.845381
164.216448
163.711484
163.535155
162.673568
162.346896
161.746217
161.277891
161.144365
160.541565
160.075647
159.747416
159.558016
158.908239
158.600245
158.235225
158.013907
157.539068
157.210383
156.830039
156.796093
156.315753
155.985658
155.608565
155.383141
155.706185
166.971784
168.249975
169.583596
170.979608
171.826197
172.943440
174.134072
175.404898
176.333062
177.562891
178.888770
180.095887
180.513791
172.326913
171.620263
170.799130
170.495740
169.247876
168.939234
167.905701
167.396719
166.792275
166.095678
165.105661
164.643706
164.097118
163.468683
162.963901
162.786876
161.926485
161.599565
160.999408
160.531261
160.397009
159.794791
159.129183
159.000726
158.810819
158.161823
157.853680
157.488684
157.267005
156.792525
156.463806
156.083586
156.048810
155.568900
155.238828
154.861903
154.636234
154.957508
166.253175
167.526229
168.854584
170.245179
171.087808
172.200397
173.386197
174.651992
175.576047
176.800981
178.121724
179.324032
179.739247
171.572717
170.866471
170.046079
169.742067
168.496148
168.186949
167.154841
166.645893
166.041765
165.345759
164.357154
163.895199
163.348864
162.720926
162.216325
162.038604
161.179408
160.852240
160.252604
159.784634
159.649657
159.048021
158.383189
158.254039
158.063624
157.415407
157.107115
156.742142
156.520103
156.045980
155.717227
155.337130
155.301526
154.822044
154.491995
154.115238
153.889324
154.208826
165.534592
166.802509
168.125596
169.510775
170.349443
171.457377
172.638345
173.899109
174.819054
176.039093
177.354698
178.552197
178.964722
170.818538
170.112696
169.293044
168.988408
167.744434
167.227749
166.403994
165.895079
165.291267
164.595850
163.608656
163.146702
162.600618
161.973177
161.468756
161.290338
160.432336
160.104921
159.505805
159.038012
158.902309
158.301255
157.637197
157.507354
157.316430
156.668993
156.360551
155.995601
155.773200
155.299435
154.970646
154.590673
154.357424
154.075186
153.745159
153.368569
153.142409
153.460138
164.816036
166.078816
167.396635
168.776396
169.611103
170.714382
171.890516
173.146248
174.062082
175.277226
176.587693
177.780382
178.190217
170.064377
169.358938
168.540024
168.234765
166.992734
166.476052
165.653159
165.144277
164.540780
163.845952
162.860169
162.398214
161.852381
161.225436
160.721195
160.542079
159.685271
159.357606
158.759011
158.291394
158.154964
157.554491
156.891208
156.760671
156.569237
155.922580
155.613987
155.249060
155.026297
154.552888
154.224065
153.844213
153.610689
153.328324
152.998320
152.621896
152.395490
152.711447
164.097508
165.355148
166.667699
168.042042
168.872787
169.971410
171.142710
172.393410
173.305133
174.515381
175.820709
177.008586
177.415730
169.310233
168.605196
167.787021
167.481137
166.241049
165.724369
164.902337
164.393487
163.790304
163.096064
162.111692
161.649735
161.104152
160.477703
159.973641
159.793827
158.938212
158.610298
158.012222
157.544780
157.407624
156.807730
156.145221
156.013990
155.822046
155.176168
154.867424
154.306052
154.279393
153.806341
153.477481
153.097752
152.863950
152.581460
152.251477
151.875219
151.648567
151.962750
163.379005
164.631507
165.938789
167.307713
168.134496
169.228463
170.394927
171.640594
172.548205
173.753557
175.053745
176.236811
176.641264
168.556107
167.851471
167.034033
166.520827
165.489377
164.972700
164.151528
163.642709
162.836550
162.346187
161.363224
160.901265
160.355932
159.729978
159.226094
159.045581
158.191159
157.862994
157.265438
156.798171
156.660287
155.863447
155.399237
155.267311
155.074857
154.429756
154.120862
153.560064
153.532489
153.059792
152.730896
152.351289
152.117210
151.834593
151.310152
151.128538
150.707546
151.214049
162.660530
163.907893
165.209905
166.573409
167.396229
168.485539
169.647168
170.887802
171.791300
172.991754
174.286802
175.465056
175.866816
167.801999
167.097763
166.281061
165.767793
164.737720
164.221044
163.400732
162.891944
162.086655
161.596321
160.614766
160.152804
159.607721
158.982260
158.478554
158.297342
157.444112
157.115697
156.518659
156.051566
155.912953
155.117245
154.653256
154.520634
154.327669
153.683346
153.374299
152.814075
152.785584
152.313242
151.984310
151.604824
151.370467
151.087723
150.563856
150.381854
149.961168
150.465343
161.942082
163.184304
164.481046
165.839130
166.657986
167.742638
168.899431
169.926433
171.034416
172.229972
173.519880
174.693321
175.092387
167.047907
166.344071
165.528105
165.014773
163.986077
163.469401
162.649948
162.141190
161.336772
160.846465
159.866318
159.404353
158.859518
158.234551
157.731022
157.549110
156.697071
156.368404
155.771884
155.304965
155.165624
154.371048
153.907277
153.578094
153.580483
152.936937
152.627738
152.068087
152.038679
151.566692
151.237722
150.664519
150.623721
150.340850
149.817556
149.635165
149.214785
149.716633
161.223660
162.460742
163.752213
165.104877
165.919768
166.999762
168.151718
169.174247
170.277554
171.468212
172.752978
173.921606
174.317978
166.293834
165.384605
164.775164
164.261768
163.234449
162.717772
161.899178
161.390448
160.586899
160.096620
159.117880
158.655911
158.111323
157.486850
156.983497
156.800884
155.950036
155.621117
155.025114
154.558368
154.418298
153.624853
153.161301
152.831975
152.637972
151.995857
151.686669
151.322098
151.097567
150.626353
150.491133
149.918602
149.876973
149.593974
149.071253
148.888473
148.468398
148.967917
160.505265
161.737206
163.023406
164.370648
165.181574
166.256909
167.404028
168.422084
169.520714
170.706473
171.986097
173.149911
173.543589
165.539777
164.631510
164.022239
163.508778
162.482834
161.966156
161.148419
160.639718
159.837039
159.346785
158.369452
157.907478
157.363138
156.739156
156.235979
156.052665
155.203007
154.873836
154.278349
153.811776
153.670976
152.878661
152.415328
152.085857
151.891342
151.250002
150.940661
150.576109
150.351214
149.880353
149.744543
149.172684
149.130223
148.847095
148.324947
147.949811
147.722007
148.219197
159.786897
161.013696
162.294624
163.636444
164.443405
165.514080
166.656361
167.669943
168.763896
169.944755
171.219237
172.378236
172.769218
164.785739
163.878431
163.269331
162.755804
161.731234
161.214554
160.397674
159.889000
159.087189
158.596961
157.621034
157.159054
156.614960
155.991470
155.488469
155.304453
154.455985
153.930435
153.531590
153.065188
152.923657
152.132473
151.669357
151.339741
151.144714
150.504148
150.194654
149.830121
149.604860
149.134352
148.997950
148.426763
148.383470
148.100214
147.578637
147.203665
146.975612
147.470473
159.068556
160.290212
161.565868
162.902266
163.705260
164.771275
165.908718
166.917824
168.007100
169.183058
170.452397
171.606581
171.994867
164.031717
163.125369
162.313098
162.002844
160.979648
160.462965
159.646941
159.138294
158.337351
157.847148
156.872626
156.410639
155.866792
155.243793
154.740966
154.359617
153.708968
153.183718
152.784834
152.318605
152.176343
151.386287
150.923389
150.593627
150.398088
149.758296
149.448647
149.084132
148.858507
148.388350
148.251357
147.680841
147.636715
147.353329
146.832324
146.457514
146.229212
146.721743
158.350242
159.566755
160.642068
162.168113
162.967140
164.028494
165.161097
166.165729
167.250325
168.421383
169.685578
170.620407
171.220535
163.277713
162.372324
161.560783
161.249899
160.228077
159.711390
158.896221
158.387601
157.587524
157.097345
156.124228
155.662234
155.118632
154.496123
153.993470
153.611973
152.961957
152.437007
152.038084
151.572025
151.429032
150.640105
150.177423
149.847516
149.651463
149.012444
148.702641
148.338144
148.112152
147.642348
147.504762
146.934917
146.889957
146.606442
146.086007
145.711360
145.482808
145.973009
157.631954
158.843324
159.913890
161.433984
162.229044
163.285736
164.413500
165.413655
166.493573
167.659729
168.918780
169.849383
170.446222
162.523727
161.619295
160.808484
160.496970
159.476519
158.959828
158.145514
157.636919
156.837708
156.347553
155.375839
154.913838
154.370480
153.748461
153.245982
152.864336
152.214953
151.690301
151.291339
150.825450
150.681725
149.893926
149.431460
149.101406
148.904840
148.266594
147.956635
147.592155
147.365797
146.896344
146.758165
146.188990
146.143197
145.669268
145.339688
144.965202
144.736400
145.224270
156.913693
158.119919
159.185737
160.699881
161.490972
162.543003
163.665926
164.661604
165.736843
166.898096
168.152002
169.078378
169.671929
161.769758
160.866283
160.056200
159.744055
158.724976
158.208280
157.394820
156.886249
156.087904
155.597772
154.627460
154.165451
153.622337
153.000807
152.498501
152.116705
151.467954
150.943600
150.544599
150.078880
149.934421
149.147750
148.685500
148.355299
148.158218
147.520744
147.210629
146.846166
146.619442
146.150339
146.011567
145.443062
145.396435
144.922928
144.593364
144.219040
143.989988
144.475527
156.195459
157.396540
158.457610
159.965803
160.752925
161.800293
162.918375
163.909576
164.980134
166.136484
167.385245
168.307394
168.897654
161.015806
160.113287
159.303932
158.991156
157.973447
157.456745
156.644138
156.135591
155.338111
154.848001
153.879092
153.417074
152.874203
152.058437
151.751027
151.369082
150.720962
150.196906
149.797863
149.332313
148.994563
148.401578
147.939542
147.609194
147.411598
146.774896
146.464624
146.100178
145.873086
145.404333
145.264967
144.697132
144.649670
144.176585
143.847038
143.472874
143.243571
143.726779
155.477252
156.673188
157.729508
159.231750
160.014902
161.057607
162.170847
163.157570
164.223447
165.374894
166.618509
167.536429
168.123400
160.261872
159.360308
158.551681
158.238271
157.221932
156.705224
155.893469
155.187307
154.588329
154.098240
153.130733
152.473545
151.931351
151.311353
151.003560
150.621465
149.781021
149.450216
149.051132
148.585751
148.247821
147.655408
147.193587
146.863090
146.664979
146.029048
145.718620
145.354189
145.126729
144.658327
144.518366
143.951200
143.902903
143.430240
143.100708
142.726704
142.497151
142.978026
154.759072
155.949862
157.001432
158.497722
159.276903
160.314944
161.423342
162.405587
163.466782
164.613325
165.851793
166.765484
167.349164
159.507956
158.607346
157.799444
157.485402
156.470432
155.953716
155.142813
154.437232
153.838559
153.348490
152.382384
151.725741
151.183789
150.564277
150.256101
149.873854
149.034594
148.703532
148.304406
147.647847
147.501083
146.909242
146.447634
146.116989
145.918362
145.283202
144.972616
144.608201
144.380372
143.912319
143.771764
143.205266
143.156133
142.683891
142.354375
141.980531
141.750726
142.229268
154.040918
155.226562
156.273382
157.763719
158.538929
159.572305
160.475706
161.653626
162.710139
163.851777
165.085098
165.994560
166.574948
158.754056
157.854400
157.047224
156.732548
155.718946
155.202222
154.392169
153.687169
153.088799
152.598751
151.634045
150.977947
150.436235
149.817209
149.508649
149.126251
148.288173
147.956854
147.557685
146.901846
146.754348
146.163079
145.701684
145.370890
145.171746
144.537357
144.226613
143.862212
143.634015
143.166310
143.025160
142.459329
142.409361
141.937539
141.608039
141.234354
141.004296
141.480506
153.322791
154.503288
155.545358
157.029741
157.800980
158.829691
159.728801
160.901688
161.953518
163.090251
164.318423
165.223655
165.800751
158.000175
157.101471
156.295020
155.781190
154.967473
154.450741
153.641539
152.937118
152.339051
151.849023
150.885716
150.230161
149.688690
149.070149
148.761204
148.378654
147.541758
147.210181
146.810969
146.155850
146.007617
145.416919
144.955737
144.624793
144.425132
143.791512
143.480610
143.116223
142.887657
142.420301
142.091059
141.713391
141.662586
141.191185
140.861699
140.488173
140.257863
140.731739
152.604691
153.780040
154.817359
156.295789
157.063054
158.087099
158.981920
160.149772
161.196919
162.328746
163.551769
164.452771
165.026573
157.246310
156.348558
155.542831
155.028928
154.216016
153.699274
152.890920
152.187079
151.589315
151.099305
150.137396
149.482385
148.941154
148.323097
148.013766
147.631063
146.795349
146.463513
146.064258
145.409857
145.260890
144.670762
144.209792
143.878698
143.678520
143.045669
142.734608
142.370235
142.141298
141.674290
141.345005
140.967452
140.915809
140.444828
140.115356
139.741988
139.511425
139.982967
151.886618
153.056819
154.089385
155.561861
156.325154
157.344532
158.235062
159.397879
160.440342
161.362561
162.785136
163.681906
164.252414
156.492464
155.595662
154.790658
154.276680
153.464572
152.947820
152.140315
151.437052
150.839589
150.155865
149.389087
148.734618
148.193626
147.576053
147.266336
146.883480
146.048946
145.716851
145.128056
144.663869
144.514166
143.924608
143.463850
143.132605
142.931909
142.299827
141.988606
141.624246
141.394939
140.928278
140.598949
140.221510
140.169030
139.698467
139.369009
138.995800
138.764983
139.234190
151.168572
152.333624
153.361437
154.827958
155.587277
156.601989
157.488227
158.646008
159.683786
160.601673
162.018524
162.911061
163.478275
155.738634
154.842783
154.038501
153.524448
152.713143
152.196380
151.389723
150.687037
150.089875
149.406726
148.640787
147.986861
147.446106
146.829016
146.518913
146.135903
145.302549
144.970194
144.381908
143.917886
143.767446
143.178458
142.717911
142.386515
142.185299
141.553985
141.242604
140.878258
140.648580
140.182265
139.852892
139.475566
139.422248
138.952104
138.622659
138.249608
137.834123
138.485409
150.450552
151.610455
152.633515
154.094081
154.849425
155.859469
156.741415
157.894160
158.927253
159.840806
161.251932
162.140237
162.704155
154.984822
154.089920
153.286359
152.772231
151.961728
151.444953
150.639143
149.937034
149.340172
148.657597
147.892498
147.239112
146.698596
146.081988
145.581592
145.388332
144.556158
144.223543
143.635764
143.171906
143.020730
142.432311
141.971974
141.640426
141.438692
140.808145
140.496604
140.132269
139.902220
139.436252
139.106834
138.729620
138.490554
138.205738
137.876306
137.503411
137.088225
137.736623
149.732559
150.887312
151.905618
153.360228
154.111597
155.116973
155.994626
157.142334
158.170741
159.079961
160.485360
161.369432
161.930054
154.231028
153.337074
152.534234
152.020029
151.015682
150.693540
149.695058
149.187043
148.590481
147.908479
147.144218
146.491373
145.951093
145.334967
144.834738
144.640769
143.809774
143.476897
142.889625
142.425931
142.274018
141.686166
141.226040
140.894339
140.692085
140.062306
139.565214
139.201143
139.155859
138.690237
138.360774
137.983672
137.744321
137.459369
136.946254
136.757212
136.342323
136.987833
149.014593
150.164195
151.177747
152.435821
153.373794
154.374501
155.247861
156.390531
157.414251
158.319137
159.718810
160.598647
161.155973
153.477251
152.584245
151.782124
151.267842
150.264855
149.748401
148.945062
148.437064
147.840801
147.159371
146.395948
145.743643
145.203599
144.587955
144.087891
143.893212
143.063395
142.542715
142.143491
141.679960
141.527309
140.940026
140.294285
140.148255
139.945481
139.316467
138.819766
138.455706
138.409498
137.944221
137.614712
137.237722
136.998084
136.712998
136.200446
136.011008
135.596417
136.239037
148.296654
149.441105
150.449902
151.702553
152.636015
153.632052
154.501118
155.638751
156.657783
157.558334
158.952280
159.827883
160.381911
152.723491
151.831432
151.030030
150.515669
149.514042
148.997574
148.195079
147.687097
147.091132
146.410274
145.647688
144.995922
144.456114
143.840950
143.341051
143.145661
142.317022
141.796633
141.397362
140.933994
140.780604
140.193888
139.548908
139.402172
139.198877
138.570630
138.074319
137.710269
137.663137
137.198205
136.868649
136.491771
136.251846
135.966623
135.454635
135.264800
134.850506
135.490237
147.578742
148.718041
149.722082
150.969309
151.898261
152.889627
153.754399
154.886992
155.901337
156.797553
157.982222
159.057138
159.607868
151.969749
150.883832
150.277952
149.763512
148.763244
148.246761
147.445108
146.937142
146.341474
145.661188
144.899438
144.248210
143.708638
143.093953
142.594218
142.398118
141.570656
141.050556
140.651238
140.188031
140.033903
139.447753
138.803533
138.656092
138.452276
137.824794
137.328872
136.964833
136.916775
136.452187
136.122585
135.745817
135.505605
135.220245
134.708821
134.518589
134.104591
134.741432
146.860856
147.995003
148.994288
150.236091
151.160531
152.147226
153.007702
154.135257
155.144913
156.036792
157.216316
158.286413
158.833844
151.216025
150.131615
149.525889
149.011370
148.012460
147.495961
146.695151
146.187199
145.591828
144.912112
144.151198
143.500508
142.961170
142.346964
141.847393
141.650581
140.824295
140.304485
139.905119
139.442073
139.287206
138.701622
138.058161
137.726031
137.705676
137.078959
136.583426
136.219396
136.170413
135.523706
135.376519
134.817898
134.759362
134.473865
133.963004
133.772374
133.358672
133.992623
146.142997
147.271991
148.266519
149.502898
150.422825
151.404849
152.261029
153.383544
154.388510
155.276053
156.450431
157.515708
158.059840
150.462317
149.379413
148.773842
148.259243
147.261690
146.745175
145.945206
145.437268
144.842193
144.163046
143.402967
142.752814
142.213710
141.599983
141.100575
140.903051
140.077941
139.558419
139.159004
138.696120
138.540512
137.955493
137.312792
136.980507
136.775648
136.333125
135.837980
135.473959
135.424050
134.778238
134.630451
134.072493
134.013116
133.727481
133.217183
133.026155
132.612749
133.243809
145.425165
146.549006
147.538776
148.769729
149.685143
150.662496
151.514379
152.631853
153.632130
154.515335
155.684566
156.745023
157.285854
149.708628
148.627229
148.021812
147.507131
146.510934
145.994403
145.195274
144.687349
144.092569
143.413992
142.654747
142.005130
141.466259
140.853010
140.353764
140.155527
139.331592
138.812359
138.412894
137.950170
137.793822
137.209368
136.567425
136.234985
136.029604
135.405044
135.092534
134.728522
134.495921
134.032769
133.884382
133.327085
133.266867
132.981095
132.471359
132.099846
131.866821
132.494990
144.707360
145.826046
146.811058
148.036586
148.947487
149.920166
150.767752
151.880185
152.875771
153.754638
154.918721
155.974359
156.511889
148.954955
147.875061
147.269796
146.755034
145.760192
145.243643
144.445354
143.937442
143.342956
142.664947
141.906536
141.257455
140.718817
140.106045
139.606961
139.408010
138.585250
138.066304
137.666790
137.204225
137.047136
136.280367
135.822061
135.489465
135.283561
134.659763
134.347089
133.983086
133.750109
133.287300
133.138312
132.581675
132.520617
132.234706
131.725531
131.354172
131.120889
131.746166
143.989581
145.103113
146.083366
147.303468
148.209854
149.177860
150.021148
151.128539
152.119435
152.993963
154.152898
155.203714
155.737942
148.008445
147.122909
146.517797
146.002952
145.009465
144.492898
143.695447
143.187547
142.405417
141.915914
140.971751
140.509790
139.971383
139.359087
138.860165
138.475798
137.838914
137.320255
136.920690
136.458284
136.300453
135.534800
135.076699
134.743947
134.537520
133.914484
133.601645
133.237649
133.004297
132.541829
132.392240
131.836264
131.774364
131.488314
130.979700
130.608494
130.374953
130.997338
143.271829
144.380206
145.355700
146.570374
147.472246
148.435578
149.274567
150.376916
151.363120
152.233308
153.387095
154.433089
154.964015
147.255371
146.370774
145.765814
145.250885
144.258752
143.742165
142.945553
142.437664
141.656385
141.166891
140.224115
139.762133
139.223957
138.612138
138.113376
137.728849
137.092583
136.574211
136.174595
135.712348
135.553775
134.789236
134.331340
133.998431
133.791481
133.169205
132.856201
132.492212
132.258484
131.796357
131.646167
131.090850
131.028108
130.562967
130.233866
129.862812
129.629013
130.248505
142.554104
143.657326
144.628059
145.837306
146.734662
147.693320
148.528010
149.625315
150.606827
151.472675
152.621312
153.662484
154.190107
146.502314
145.618656
145.013846
144.498833
143.508053
142.991447
142.195672
141.687793
140.907363
140.417878
139.476489
139.014486
138.476541
137.865197
137.366594
136.981906
136.346259
135.828172
135.428504
134.966415
134.807100
134.043676
133.585984
133.252917
133.045443
132.423928
132.110758
131.746776
131.512671
131.050885
130.900092
130.345435
130.281850
129.817122
129.488028
129.117127
128.883068
129.499667
141.836406
142.934471
143.900444
145.104263
145.997103
146.951085
147.781475
148.873737
149.850556
150.712063
151.855550
152.891899
153.214257
145.749275
144.866554
144.072320
143.746796
142.757368
142.240741
141.445803
140.937934
140.158353
139.668876
138.728873
138.266848
137.729132
137.118263
136.619820
136.234970
135.599941
135.082139
134.682419
134.220487
134.060428
133.298119
132.840630
132.507405
132.299406
131.678651
131.365315
131.001339
130.766858
130.305411
130.154016
129.600018
129.535590
129.071273
128.742187
128.371437
128.137120
128.750825
141.118735
142.211643
143.172855
144.371245
145.259568
146.208874
147.034963
148.122182
149.094306
149.951473
151.089809
152.121334
152.440982
144.996253
144.114469
143.320944
142.994774
142.006697
141.490049
140.695947
140.188086
139.409354
138.919885
137.981267
137.519219
136.981733
136.371337
135.873053
135.488040
134.853629
134.336112
133.936339
133.474564
133.313761
132.552565
132.095279
131.761895
131.553371
130.933376
130.619873
130.255902
130.021044
129.559937
129.407938
128.854598
128.789327
128.325422
127.996343
127.625744
127.391167
128.001978
140.401090
141.488841
142.445291
143.638251
144.522057
145.466687
146.288475
147.370648
148.338079
149.190903
150.324088
151.350789
151.667725
144.243248
143.362400
142.569584
142.242767
141.256041
140.739371
139.946103
139.438251
138.660366
138.170904
137.233671
136.771600
136.234341
135.624419
135.126293
134.741118
134.107322
133.590089
133.190263
132.728644
132.567097
131.807014
131.349931
131.016388
130.807338
130.188102
129.874431
129.510465
129.275229
128.814461
128.661859
128.109177
128.043062
127.579568
127.250496
126.880047
126.645209
127.253126
139.683472
140.766065
141.717752
142.905283
143.784571
144.537443
145.542010
146.619138
147.581874
148.430355
149.558388
150.580264
150.894488
143.490261
142.610348
141.818240
141.490775
140.505399
139.988706
139.196273
138.688428
137.911390
137.421934
136.486084
136.023989
135.486959
134.877510
134.379540
133.994201
133.361022
132.844073
132.444192
131.982729
131.820437
131.061466
130.604585
130.270882
130.061306
129.442828
129.128989
128.765029
128.529414
128.068984
127.915778
127.363754
127.296794
126.833711
126.504645
126.134346
125.899248
126.504269
138.965881
140.043315
140.990239
142.172340
143.047109
143.795850
144.795568
145.867650
146.825690
147.669828
148.792709
149.809759
150.121270
142.737291
141.858313
141.066912
140.738798
139.754771
139.238055
138.446455
137.938617
137.162425
136.672975
135.738508
135.276388
134.739585
134.130608
133.632795
133.247292
132.614728
132.098061
131.698126
131.236818
130.894777
130.315921
129.859242
129.525379
129.315276
128.697556
128.383548
128.019592
127.783599
127.323507
127.169696
126.618328
126.550524
126.087852
125.758790
125.388642
125.153282
125.755408
138.248317
139.320591
140.262752
141.439422
142.309671
143.054280
144.049149
145.116184
146.069528
146.909322
148.027050
149.039274
149.348071
141.984339
141.106294
140.315600
139.986836
138.818743
138.487417
137.696650
137.188818
136.413471
135.924026
134.990941
134.347230
133.992219
133.383714
132.886057
132.500389
131.868440
131.352056
130.773339
130.490912
130.148677
129.570380
129.113901
128.779877
128.569247
127.952285
127.638108
127.274155
127.037783
126.578028
126.247987
125.872901
125.629005
125.341989
125.012933
124.642934
124.407312
125.006542
137.530779
138.597894
139.535290
140.706529
141.572258
142.312734
143.302753
144.364741
145.313388
146.148837
147.261412
148.268808
148.574892
141.231404
140.354292
139.564303
139.234889
138.068702
137.736792
136.946857
136.255628
135.664528
135.175087
134.243384
133.600201
133.244862
132.636827
132.139326
131.753493
130.943299
130.606055
130.027835
129.745009
129.402581
128.824841
128.191830
128.034378
127.823219
127.207014
126.892668
126.528719
126.291966
125.832549
125.502453
125.127472
124.883282
124.596124
124.267072
123.897221
123.661338
124.257671
136.813268
137.875223
138.807854
139.973660
140.834869
141.571212
142.556380
143.613320
144.557270
145.388374
146.495794
147.498363
147.801731
140.478487
139.602306
138.813022
138.482957
137.318676
136.986181
136.197077
135.506410
134.915597
134.426159
133.495837
132.853182
132.497514
131.889949
131.392603
131.006603
130.197576
129.860060
129.282335
128.999111
128.656488
128.079306
127.447045
127.288880
127.077194
126.461745
126.147229
125.783282
125.546149
125.087068
124.756919
124.382041
124.137557
123.850255
123.521208
123.151505
122.915359
123.508796
136.095784
137.152578
138.080444
139.240817
140.097505
140.829713
141.810030
142.861922
143.801174
144.627932
145.730197
146.727938
147.028590
139.725587
138.850337
138.061757
137.731040
136.568663
136.235583
135.447310
134.757205
134.166677
133.677242
132.748300
132.106172
131.750174
130.964135
130.467323
130.259720
129.451858
129.114071
128.536841
128.253218
127.910400
127.333774
126.702263
126.543385
126.331170
125.716477
125.401790
125.037845
124.800332
124.341587
124.011383
123.636608
123.391830
123.104384
122.602397
122.405786
122.169377
122.759916
135.378327
136.429959
137.353059
138.507999
139.360165
140.088238
141.063703
142.110546
143.045100
143.867511
144.964620
145.957533
146.255468
138.972704
138.098384
137.310507
136.979138
135.818665
135.484999
134.697556
134.008011
133.417768
132.928335
132.000773
131.359171
131.002843
130.217826
129.721167
129.512844
128.706147
128.368087
127.791351
127.331164
127.164315
126.588245
125.957484
125.797892
125.585147
124.971210
124.656352
124.292408
124.054514
123.596104
123.265845
122.891173
122.646100
122.358510
121.857078
121.660062
121.423390
122.011031
134.660896
135.707366
136.625699
137.775206
138.622849
139.346787
140.317400
141.359193
142.289047
143.107111
144.199065
144.992372
145.482366
138.219839
137.346448
136.559273
136.227251
135.068681
134.734428
133.947814
133.258829
132.668870
132.179439
131.253256
130.612179
130.255520
129.471525
128.975018
128.765975
127.960441
127.622108
127.045866
126.585830
126.418234
125.842720
125.212707
125.052401
124.839126
124.225944
123.910914
123.546972
123.308695
122.850621
122.520306
122.145736
121.900368
121.612633
121.111756
120.914335
120.677399
121.262141
133.943492
134.984800
135.898365
137.042438
137.885558
138.605359
139.571119
140.607862
141.533016
142.346732
143.433529
144.222595
144.709282
137.466991
136.594529
135.808055
135.475379
134.318711
133.983871
133.198085
132.509659
131.919984
131.430554
130.505748
129.865196
129.508206
128.725231
128.228877
128.019112
127.214742
126.876135
126.300386
125.840501
125.672156
125.097197
124.467933
124.306912
124.093107
123.480678
123.165477
122.801535
122.562876
122.105136
121.774766
121.400298
121.154633
120.866753
120.366430
120.168604
119.760506
120.513247
133.226115
134.262259
135.171057
136.309694
137.148291
137.863956
138.824862
139.856554
140.777008
141.586375
142.668015
143.452838
143.936218
136.530025
135.842626
135.056853
134.723522
133.568755
133.233327
132.448369
131.760501
131.171109
130.681679
129.758251
129.118223
128.583636
127.978945
127.482743
127.272255
126.469048
126.130168
125.554911
125.095176
124.926082
124.351678
123.723162
123.561425
123.347089
122.735414
122.420040
122.056098
121.817057
121.359650
121.029224
120.654857
120.408896
120.120870
119.621100
119.422869
119.015059
119.764348
132.508765
133.539745
134.443774
135.576976
136.411048
137.122575
138.078627
139.105268
140.021021
140.826039
141.902521
142.683101
143.163173
135.777774
135.090740
134.305667
133.789722
132.818813
132.482797
131.518816
131.011356
130.422245
129.754390
129.010763
128.371259
127.836893
127.232668
126.736616
126.525406
125.723361
125.384205
124.809441
124.349856
124.180012
123.606161
122.978393
122.815940
122.428401
121.990151
121.502714
121.139023
121.071237
120.614164
120.283680
119.909414
119.663156
119.374984
118.875768
118.677130
118.269607
119.015444
131.791442
132.817257
133.716517
134.844283
135.673830
136.381219
137.332416
138.354005
139.265056
140.065724
141.137047
141.913384
142.390147
135.025540
134.338870
133.554496
133.038455
132.249272
131.732280
130.769683
130.262222
129.673393
129.006093
128.263285
127.624304
127.090158
126.486398
125.990496
125.778563
124.977679
124.638249
124.063976
123.604539
123.433946
122.860648
122.233626
122.070458
121.682938
121.244889
120.757830
120.394137
120.325416
119.698057
119.538135
119.163969
118.917414
118.629096
118.130432
117.931388
117.524151
118.266536
131.074145
132.094795
132.989286
134.111615
134.936636
135.639886
136.586228
137.602764
138.509112
139.305430
140.371594
141.143687
141.617141
134.273324
133.587017
132.803341
132.287204
131.498801
130.981776
130.020562
129.513100
128.924551
128.257805
127.515817
126.877358
126.343432
125.740136
125.244384
125.031727
124.232004
123.892297
123.318515
122.859227
122.687883
122.115139
121.488863
121.324977
120.937477
120.499628
120.012945
119.649252
119.409131
118.953120
118.792589
118.248952
118.171670
117.883204
117.385092
117.185642
116.778690
117.517623
130.356875
131.372360
132.262080
133.378972
134.199467
134.898577
135.840063
136.851546
137.753191
138.545157
139.606162
140.374009
140.651985
133.521125
132.835180
132.052202
131.535967
130.748343
130.231286
129.271454
128.763990
128.175721
127.509529
126.768359
126.130421
125.596715
124.993882
124.498279
124.284897
123.486335
123.146351
122.573060
122.113920
121.941824
121.369632
120.744102
120.579498
120.192017
119.754368
119.268062
118.904366
118.663861
118.208182
118.047041
117.504054
117.425923
117.137310
116.639750
116.439892
116.033226
116.768705
129.639632
130.649950
131.534899
132.646353
133.462321
134.157292
135.093921
136.100350
136.997292
137.784906
138.840750
139.604352
139.879609
132.768944
132.083360
131.301078
130.784746
129.997900
129.480810
128.522358
128.014892
127.426902
126.761263
126.020911
125.383494
124.850006
124.247636
123.752181
123.538074
122.740672
122.400411
121.827609
121.368616
121.195769
120.624128
119.999343
119.834022
119.446559
119.009109
118.523179
118.159480
117.918591
117.463242
117.301492
116.759155
116.680174
116.391412
115.894404
115.526451
115.287757
116.019782
128.922415
129.927567
130.807744
131.913760
132.725201
133.416031
134.347802
135.349176
136.241414
137.024676
138.075359
138.834715
139.107253
132.016780
131.331556
130.549970
130.033540
129.247470
128.730347
127.773276
127.265806
126.678095
126.013007
125.273472
124.636575
124.103305
123.501397
123.006090
122.791258
121.995014
121.654476
121.082163
120.623317
120.449718
119.878628
119.254587
118.918615
118.701102
118.094541
117.778296
117.414595
117.173320
116.718302
116.555941
116.014253
115.934422
115.645512
115.149055
114.781244
114.542284
115.270855
128.205225
129.205210
130.080615
131.181192
131.988104
132.674793
133.601706
134.598026
135.301768
136.264467
137.309988
138.065097
138.334915
131.264633
130.579769
129.798878
129.282348
128.497055
127.979897
127.024205
126.516732
125.929299
125.264762
124.526044
123.889666
123.356613
122.755167
122.260007
122.044448
121.249363
120.908546
120.336722
119.878022
119.703670
119.133131
118.509834
118.173694
117.955647
117.349834
117.033414
116.669709
116.428048
115.973361
115.810389
115.269350
115.188668
114.732508
114.403702
114.036035
113.796806
114.521923
127.488062
128.482879
129.353511
130.448649
131.251032
131.933578
132.855634
133.846897
134.546500
135.504279
136.544638
137.295500
137.562597
130.512504
129.827999
129.047802
128.531172
127.746655
127.229461
126.275148
125.767670
125.180514
124.516528
123.778625
123.142767
122.437351
122.008944
121.513931
121.297645
120.503718
120.162622
119.591286
119.132731
118.957626
118.387636
117.765083
117.428775
117.210193
116.605129
116.288532
115.924823
115.682777
115.228418
115.064835
114.524445
114.442912
113.987154
113.658346
113.290821
113.051325
113.772987
126.770926
127.760574
128.626433
129.716131
130.513984
131.192388
132.109584
133.095791
133.791255
134.559793
135.779309
136.525922
136.790298
129.760392
129.076245
128.296742
127.780010
126.996268
126.479038
125.526103
125.018620
124.431740
123.768304
123.031216
122.395876
121.691229
121.262730
120.767862
120.550849
119.758079
119.416704
118.845854
118.387445
118.211586
117.642146
117.020335
116.683858
116.464741
115.860425
115.543651
115.179938
114.937504
114.483475
114.319280
113.779537
113.697153
113.241797
112.912987
112.545604
112.305839
113.024045
126.053816
127.038295
127.899380
128.983637
129.776961
130.451221
131.363557
132.344708
133.036031
133.800220
135.014000
135.756365
136.018019
129.008297
128.324508
127.545697
127.028863
126.245896
125.728629
124.777071
124.269582
123.682978
123.020091
122.111362
121.648994
120.945115
120.516523
120.021800
119.633460
119.012446
118.501186
118.100428
117.642163
117.465549
116.728380
116.275590
115.938943
115.719290
115.115722
114.798770
114.435052
114.192231
113.738531
113.573723
113.034628
112.951391
112.496437
112.167624
111.800382
111.560349
112.275099
125.336733
126.147164
127.172353
128.251169
129.039962
129.710078
130.617554
131.593647
132.280829
133.040669
134.248712
134.986827
135.245758
128.256220
127.572787
126.794668
126.277732
125.495537
124.978233
124.028052
123.520555
122.934226
122.271888
121.364527
120.902122
120.199010
119.770324
119.275746
118.887231
118.097598
117.755829
117.355006
116.896885
116.719516
115.983446
115.530847
115.194030
114.973841
114.371020
114.053890
113.690166
113.446958
112.993586
112.828165
112.289717
112.205628
111.751074
111.422258
111.055157
110.814855
111.526148
124.619677
125.425455
126.445351
127.518726
128.302987
128.968959
129.871574
130.842608
131.525649
132.281139
133.483444
134.217309
134.473517
127.504160
126.821083
126.043655
125.526615
124.745193
124.227851
123.279045
122.771541
122.185487
121.523696
120.617701
120.155259
119.452914
119.024133
118.529699
118.141007
117.352528
117.010479
116.609589
116.151612
115.973487
115.238516
114.786107
114.449119
114.228394
113.626319
113.309010
112.945281
112.701684
112.248639
112.082605
111.544804
111.459861
111.005708
110.676889
110.309929
110.069356
110.777193
123.902648
124.703772
125.718375
126.786307
127.566037
128.227863
129.125616
130.091592
130.770490
131.521630
132.718197
133.447811
133.701294
126.752118
126.069396
125.292657
124.775514
123.820619
123.477482
122.530051
122.022539
121.436758
120.775515
119.870886
119.408405
118.706826
118.277950
117.783659
117.394791
116.607464
116.265134
115.864177
115.406342
115.227462
114.493589
114.041369
113.704210
113.482948
112.881619
112.564131
112.200395
111.956410
111.503692
111.337044
110.799889
110.714093
110.260340
109.931516
109.564696
109.323853
110.028233
123.185645
123.982116
124.991425
126.053914
126.656324
127.486791
128.379682
129.340599
130.015354
130.762142
131.952971
132.678333
132.929091
126.000093
125.317725
124.541675
124.024427
123.070862
122.727127
121.781069
121.273549
120.688040
120.027344
119.124080
118.661560
117.960746
117.531775
117.037627
116.648581
115.862407
115.519794
115.118770
114.661077
114.481440
113.748665
113.296634
112.959303
112.737503
112.136920
111.819253
111.455510
111.211135
110.758744
110.591482
110.054972
109.968322
109.514968
109.186140
108.819460
108.578346
109.279268
122.468670
123.260485
124.264500
125.321546
125.919961
126.745743
127.633771
128.589628
129.260239
130.002676
131.187765
131.908875
132.156908
125.248085
124.566070
123.790709
123.273355
122.321119
121.976785
121.032101
120.524570
119.939334
119.279183
118.377284
117.914725
117.214675
116.785608
116.291602
115.902377
115.117355
114.774460
114.373368
113.749828
113.735422
113.003744
112.551902
112.214398
111.992060
111.392221
111.074374
110.710624
110.465860
110.013795
109.845918
109.310053
109.222548
108.769594
108.440761
108.074219
107.671009
108.530298
121.751720
122.538880
123.537601
124.589202
125.183622
126.004718
126.887883
127.838679
128.505146
129.243230
130.422580
131.139437
131.384743
124.496095
123.640102
123.039759
122.522299
121.571390
121.226456
120.283145
119.775604
119.190639
118.531033
117.630499
117.167898
116.468613
115.871814
115.545584
115.156181
114.372310
114.029131
113.627971
113.005122
112.823916
112.258826
111.807172
111.469496
111.246619
110.647524
110.329497
109.965738
109.720584
109.268845
108.937664
108.565132
108.314470
108.024217
107.695378
107.328976
106.926045
107.781324
121.034798
121.817302
122.643230
123.856884
124.447307
125.263717
126.142018
126.911390
127.750075
128.483806
129.657415
130.370019
130.612598
123.918708
122.889041
122.288824
121.771257
120.821675
120.304477
119.534201
119.026650
118.272092
117.782894
116.883722
116.421081
115.722559
115.126214
114.799573
114.409991
113.627270
113.283807
112.882578
112.260421
112.078458
111.513911
111.062445
110.724595
110.501179
109.902828
109.584620
109.220853
108.975307
108.523893
108.192649
107.820209
107.569243
107.278837
106.949992
106.583728
106.181077
107.032345
120.317902
121.095749
121.916905
123.124590
123.711017
124.522740
125.396176
126.161045
126.995025
127.724403
128.892271
129.600621
129.840471
123.166191
122.137997
121.365398
121.020230
120.071974
119.554733
118.785271
118.277707
117.523975
117.034765
116.136956
115.506806
114.976513
114.380623
114.053569
113.663807
112.882237
112.538490
112.137190
111.515723
111.333003
110.769000
110.317720
109.979697
109.755741
109.158133
108.839743
108.475967
108.230031
107.778941
107.447631
107.075285
106.824014
106.533454
106.044037
105.838476
105.436104
106.283361
119.601033
120.374223
121.190606
122.392322
122.974751
123.781786
124.650357
125.410723
126.239998
126.965021
128.127147
128.831242
129.068364
122.413691
121.386969
120.615054
120.269219
119.322288
118.805003
118.036353
117.528777
116.775870
116.286647
115.390200
114.760560
114.230476
113.635039
113.307573
112.917630
112.137209
111.793177
111.391807
110.771031
110.587551
110.024092
109.572998
109.234800
109.010304
108.413439
108.094867
107.731081
107.484753
107.033988
106.702613
106.330358
106.078782
105.788068
105.299195
105.093221
104.691127
105.534372
118.884191
119.652723
120.464333
121.660079
122.238510
123.040856
123.904561
124.660423
125.484992
126.205660
127.362044
128.061884
128.296276
121.661209
120.635957
119.864726
119.518222
118.572615
118.055287
117.287447
116.779858
116.027776
115.538539
114.643453
114.014324
113.484448
112.889463
112.561584
112.171460
111.392188
111.047870
110.646429
110.026342
109.842104
109.279187
108.828279
108.489906
108.264869
107.668746
107.349991
106.986196
106.739475
106.289034
105.957592
105.585429
105.333549
105.042679
104.554350
104.347962
103.946146
104.785379
118.167376
118.931249
119.738085
120.927860
121.502292
122.299950
123.158789
123.910146
124.730008
125.446320
126.596962
127.292545
127.524208
120.908744
119.884962
119.114413
118.767240
117.822957
117.305584
116.538555
116.030952
115.279693
114.790442
113.896717
113.268096
112.738428
112.143895
111.815603
111.425297
110.647172
110.302568
109.738023
109.281658
109.096660
108.534285
108.083562
107.745013
107.519435
106.924055
106.605116
106.241310
105.994197
105.384168
105.212571
104.840499
104.588312
104.297287
103.809501
103.602699
103.201160
104.036381
117.450587
118.209801
119.011862
120.195667
120.766099
121.559067
122.413039
123.159891
123.975046
124.687002
125.831900
126.523227
126.752158
120.156297
119.133984
118.364117
118.016273
116.904343
116.555894
115.789675
115.282057
114.531622
114.042356
113.149990
112.521878
111.992417
111.398335
111.069628
110.679140
109.902163
109.557272
108.993206
108.536978
108.351220
107.789386
107.338848
107.000123
106.774003
106.179364
105.860242
105.336594
105.248918
104.639762
104.467548
104.095566
103.843073
103.551893
103.064650
102.857432
102.456171
103.287379
116.733825
117.488379
118.285665
119.463498
120.029931
120.818208
121.667312
122.409659
123.220105
123.927704
125.066859
125.753928
125.980128
119.403867
118.383022
117.613836
117.265321
116.155271
115.806218
115.040808
114.366179
113.783561
113.294280
112.403273
111.775669
111.246414
110.652783
110.323661
109.932990
109.157159
108.811981
108.248394
107.792302
107.605784
107.044490
106.594137
106.255235
106.028573
105.434674
105.115368
104.592259
104.503639
103.895356
103.722523
103.350632
103.097832
102.806496
102.319795
102.112162
101.711177
102.538371
116.017089
116.766984
117.559494
118.731354
119.293786
120.077373
120.921609
121.659449
122.465187
123.168428
124.301838
124.984649
125.208117
118.651454
117.632076
116.863570
116.514385
115.406212
115.056555
114.291953
113.617865
113.035512
112.546214
111.656566
111.029469
110.500420
109.907239
109.577701
109.186846
108.412162
108.066696
107.503586
107.047631
106.860351
106.299598
105.689456
105.510349
105.283144
104.689985
104.211514
103.847924
103.758359
103.150948
102.977497
102.447931
102.352588
102.061095
101.574936
101.366888
100.966179
101.789359
115.140569
116.045614
116.833348
117.999236
118.557666
119.336562
120.175928
120.909261
121.710290
122.409173
123.536838
124.215390
124.436125
117.899059
116.881147
116.281915
115.763463
114.657168
114.306906
113.543111
112.869562
112.287474
111.633322
110.909868
110.283278
109.754434
109.161702
108.669455
108.440709
107.667171
107.321416
106.758783
106.302963
106.114922
105.554708
104.945300
104.606239
104.378526
103.945297
103.467191
103.103588
103.013079
102.406539
102.232470
101.703543
101.607342
101.315692
100.830075
100.465186
100.221177
101.040342
114.424397
115.324270
116.107228
117.267142
117.821570
118.595774
119.260786
120.159096
120.955415
121.649939
122.771858
123.446151
123.664152
117.146681
116.130235
115.531122
115.012556
113.908138
113.557270
112.794282
112.121271
111.539448
110.885832
110.163181
109.537097
109.008457
108.416174
107.924062
107.694579
106.922185
106.576141
106.013985
105.558301
105.369497
104.809822
104.201146
103.861907
103.633651
103.042549
102.722869
102.359253
102.110254
101.662129
101.487441
100.959153
100.862094
100.570286
100.085210
99.720455
99.476170
100.291321
113.708251
114.602953
115.381133
116.535073
117.085499
117.855010
118.515703
119.408954
120.200562
120.890726
122.006899
122.676932
122.892198
116.394320
115.379339
114.780345
114.261664
113.159122
112.807647
112.045465
111.372993
110.791432
110.138353
109.416503
108.790925
108.262488
107.670653
107.178675
106.948456
106.177206
105.830872
105.269192
104.813642
104.624076
104.064939
103.456995
103.117578
102.888778
102.298413
101.978547
101.614918
101.365524
100.917719
100.742410
100.214761
100.116843
99.824877
99.340341
98.975720
98.731160
99.542295
112.992132
113.881662
114.655063
115.803030
116.349452
117.114269
117.770643
118.658833
119.445731
120.131535
121.241961
121.907733
122.120263
115.641977
114.628460
114.029583
113.510787
112.410120
112.058038
111.296661
110.624726
110.043428
109.390885
108.669835
108.044761
107.516528
106.925141
106.433296
106.202339
105.432233
105.085609
104.524404
104.068988
103.878658
103.320059
102.712846
102.373250
102.143906
101.554278
101.234226
100.870582
100.620793
100.173307
99.997378
99.470367
99.371590
99.079466
98.595470
98.230982
97.986145
98.793264
112.276039
113.160397
113.929019
115.071011
115.613429
116.373553
117.025606
117.908735
118.690921
119.372364
120.477043
121.138554
121.348348
114.889652
113.877597
113.278838
112.759925
111.661132
111.143720
110.547870
109.876471
109.295435
108.643427
107.923177
107.298607
106.770576
106.179636
105.687924
105.456229
104.687265
104.181463
103.779620
103.324337
103.133244
102.575183
101.968700
101.628925
101.399036
100.810145
100.489905
100.126247
99.876061
99.428894
99.252345
98.725971
98.626334
98.334051
97.850595
97.486240
97.241125
98.044228
111.559973
112.439157
113.203001
114.339017
114.877430
115.632859
116.280592
117.158660
117.936133
118.613215
119.712146
120.369395
120.576452
114.137343
113.126751
112.528108
112.009078
110.912159
110.394695
109.635640
109.128229
108.547454
107.895980
107.176529
106.552462
106.024633
105.434139
104.942560
104.710125
103.942304
103.436761
103.034842
102.579692
102.387833
101.830309
101.224557
100.884601
100.654167
100.066012
99.745584
99.381911
99.131330
98.684481
98.507310
97.981573
97.881076
97.588633
97.105716
96.741493
96.496102
97.295188
110.843934
111.717944
112.477008
113.607048
114.141456
114.892190
115.535601
116.408607
117.181367
117.854086
118.947269
119.600255
119.804575
113.385052
112.375921
111.777394
111.258246
110.163199
109.645684
108.887430
108.379998
107.799483
107.148543
106.429891
105.806327
105.278699
104.688649
104.197202
103.964028
103.197349
102.692064
102.290068
101.835050
101.642427
101.085439
100.480416
100.140280
99.909300
99.321880
99.001265
98.637576
98.386597
97.940066
97.762274
97.237173
97.135815
96.843213
96.360835
95.996744
95.751074
96.546143
110.127922
110.996758
111.751040
112.875104
113.405506
114.151544
114.790633
115.658577
116.426623
117.094979
118.182413
118.831136
119.032717
112.632779
111.625108
111.026695
110.343080
109.414254
108.896685
108.139233
107.631779
107.051524
106.401117
105.683263
105.060200
104.532773
103.943168
103.451852
103.217938
102.452400
101.947373
101.545299
101.090413
100.897024
100.184648
99.736278
99.395960
99.164434
98.577749
98.256945
97.893241
97.641864
97.195651
97.017236
96.492772
96.390552
95.944710
95.615950
95.251990
95.006043
95.797093
109.411936
110.275597
111.025098
112.143185
112.669580
113.410922
114.045688
114.908568
115.671901
116.335893
117.417577
117.888104
118.260879
111.880523
110.874311
110.276012
109.592837
108.665323
108.147701
107.391048
106.883572
106.303576
105.653701
104.777161
104.314083
103.628329
103.197695
102.706510
102.471854
101.707457
101.202687
100.800535
100.345780
99.995745
99.440334
98.992143
98.651643
98.419570
97.833619
97.512626
97.148905
96.897131
96.451234
96.119107
95.748368
95.492587
95.199835
94.871061
94.507233
94.261007
95.048039
108.695977
109.554462
110.299182
111.411291
111.933679
112.670324
113.300766
114.158583
114.917200
115.576829
116.652762
117.119610
117.489059
111.128284
110.123531
109.525346
108.842609
107.916406
107.398729
106.642877
106.135377
105.555639
104.906296
104.031105
103.567975
102.882972
102.452229
101.961174
101.725777
100.962520
100.458007
100.055776
99.601151
99.250901
98.696023
98.248010
97.907328
97.674708
97.089491
96.768308
96.404570
96.152397
95.706816
95.374617
95.003963
94.747870
94.454957
94.126170
93.762471
93.515966
94.298980
107.980044
108.833353
109.573291
110.679422
111.197802
111.929749
112.555867
113.408619
114.162521
114.817785
115.887968
116.351137
116.717259
110.376063
109.372767
108.774694
108.092395
107.167503
106.649771
105.894717
105.387194
104.807714
104.158902
103.285059
102.821876
102.137623
101.706772
101.215846
100.979707
100.217589
99.713332
99.311022
98.856527
98.506060
97.951715
97.503880
97.163015
96.929847
96.345363
96.023990
95.660234
95.407662
94.962398
94.630125
94.259555
94.003151
93.710076
93.381275
93.017706
92.770922
107.264138
108.112271
108.847425
109.947578
110.461949
111.189198
111.810991
112.658678
113.407864
114.058762
115.123194
115.582684
115.945478
109.623859
108.622020
108.024059
107.342197
106.418614
105.900826
105.146571
104.639023
104.059800
103.411517
102.539023
102.075786
101.392283
100.961322
100.470524
100.233643
99.472663
98.968663
98.566272
98.111906
97.761223
97.207411
96.759752
96.418704
96.184987
95.601236
95.279673
94.915899
94.662927
94.217978
93.885632
93.515146
93.258429
92.965192
92.485952
92.272938
92.025873
106.548259
107.391214
108.121585
109.215759
109.726120
110.448670
111.066139
111.908760
112.653229
113.299761
114.358441
114.814250
115.173716
108.871672
107.871290
107.111551
106.592014
105.669740
105.151895
104.398437
103.890863
103.311897
102.664144
101.792997
101.329705
100.646951
100.215880
99.725211
99.487586
98.727744
98.223999
97.821528
97.367290
97.016390
96.463110
96.015627
95.674395
95.440129
94.857110
94.535356
94.171564
93.918192
93.473558
93.141137
92.770734
92.513705
92.220305
91.741600
91.528165
91.131343
105.832406
106.670184
107.395770
108.483965
108.990316
109.708166
110.321309
111.158864
111.898616
112.540781
113.593708
114.045836
114.401973
108.119503
107.120576
106.361506
105.841845
104.920879
104.402977
103.650315
103.142716
102.564005
101.916781
101.046980
100.583634
99.901628
99.470446
98.979904
98.741535
97.982831
97.479340
97.076788
96.622679
96.271560
95.718811
95.271504
94.930088
94.695273
94.112986
93.791040
93.427228
93.173456
92.729136
92.396641
92.026321
91.768978
91.475416
90.997245
90.783389
90.386836
105.116581
105.949180
106.669981
107.752196
108.254536
108.967686
109.576502
110.408990
111.144024
111.781822
112.828996
113.277443
113.630249
107.367351
106.369878
105.611476
105.091692
104.172033
103.654073
102.902206
102.394581
101.816124
101.169428
100.300973
99.837571
99.156313
98.725020
98.234605
97.995492
97.237924
96.734687
96.332053
95.878071
95.526734
94.974516
94.527384
94.185783
93.950418
93.368862
93.046724
92.682893
92.428719
91.984714
91.652143
91.281906
91.024249
90.730524
90.252887
90.038609
89.642325
104.400781
105.228201
105.944218
107.020451
107.518780
108.227230
108.831718
109.659139
110.389454
111.022884
112.064304
112.509069
112.858545
106.615217
105.619197
104.861462
104.341553
103.423201
102.905182
102.154110
101.646457
101.068255
100.422087
99.554976
99.091518
98.411007
97.979602
97.489313
97.249454
96.493023
95.990040
95.587323
95.133468
94.781912
94.230225
93.783267
93.441480
93.205565
92.624739
92.302409
91.938558
91.683982
91.240290
90.907644
90.537488
90.279518
89.985628
89.508526
89.293825
88.897810
103.685009
104.507249
105.218479
106.288732
106.783049
107.486797
108.086958
108.909310
109.634906
110.263967
111.299633
111.740715
112.086859
105.701984
104.868533
104.111464
103.591430
102.674383
102.156304
101.406027
100.898346
100.320397
99.674755
98.808989
98.345474
97.665709
97.234191
96.744028
96.503424
95.748128
95.245397
94.690807
94.388869
94.037093
93.485936
93.039152
92.697179
92.460713
91.880618
91.558094
91.194222
90.939245
90.495866
90.163143
89.793069
89.534784
89.240730
88.764161
88.549037
88.153291
102.969263
103.786323
104.492767
105.557038
106.047341
106.746388
107.342220
108.159504
108.880380
109.505071
110.534983
110.972380
111.315193
104.950445
103.958349
103.361481
102.841321
101.925579
101.407440
100.657956
100.150246
99.572550
98.927434
98.063012
97.445470
96.920419
96.488789
95.998750
95.604719
95.003239
94.500761
93.946636
93.644275
93.292279
92.741650
92.295040
91.952881
91.715863
91.136497
90.813780
90.301281
90.194507
89.751440
89.418641
89.048648
88.790047
88.495829
88.019793
87.804246
87.408767
102.253544
103.065423
103.767079
104.825368
105.311659
106.006002
106.597505
107.409720
107.962702
108.746197
109.770353
110.204066
110.543546
104.198924
103.208277
102.453213
102.091228
101.176789
100.658589
99.909898
99.402159
98.824714
98.180124
97.317044
96.699996
96.175139
95.743394
95.253480
94.859254
94.258357
93.756129
93.202471
92.899685
92.547468
91.997368
91.550931
91.208584
90.971014
90.392377
90.069466
89.557495
89.449769
88.859429
88.674138
88.304225
88.045309
87.750925
87.275422
87.059451
86.664239
101.537851
102.344549
103.041418
104.093724
104.576000
105.265641
105.852814
106.659958
107.208783
107.987343
108.839668
109.435772
109.771919
103.447420
102.458220
101.703820
101.341149
100.428013
99.909752
99.161853
98.498992
98.076890
97.432824
96.571087
95.954532
95.429866
94.998007
94.508217
94.113796
93.362670
93.011503
92.458310
92.155098
91.802660
91.253089
90.806824
90.464290
90.226167
89.648259
89.325153
88.813709
88.705030
88.115551
87.929633
87.559800
87.300567
87.006018
86.531047
86.314652
85.919707
100.822185
101.623702
102.315781
103.362104
103.840366
104.525302
105.108145
105.910219
106.454887
107.228511
108.075658
108.667497
109.000310
102.695934
101.708181
100.954442
100.591085
99.679252
99.160928
98.413820
97.751484
97.329077
96.685535
95.825139
95.209076
94.684603
94.252628
93.762961
93.368343
92.618350
92.266883
91.714154
91.410517
91.057857
90.508813
89.914516
89.719997
89.481321
88.904141
88.580840
88.069923
87.960290
87.371672
87.185127
86.669382
86.555824
86.261109
85.786669
85.569849
85.175171
100.106546
100.902880
101.590171
102.630510
103.104756
103.784988
104.363499
105.160502
105.701012
106.469700
107.311670
107.899242
108.228720
101.944464
100.958158
100.205080
99.841036
98.930505
98.412117
97.665800
97.003987
96.581275
95.938256
95.079201
94.463630
93.939348
93.507257
93.017712
92.622898
91.874035
91.522268
90.970003
90.517241
90.313057
89.764540
89.170963
88.975707
88.736477
88.160025
87.836528
87.326138
87.215550
86.627792
86.440619
85.925503
85.811078
85.516196
85.042288
84.825042
84.430631
99.390933
100.182084
100.864585
101.898940
102.369170
103.044697
103.618877
104.410808
104.947159
105.710910
106.547702
107.131007
107.457150
101.193012
100.208151
99.455734
99.091002
98.181771
97.663320
96.917792
96.256502
95.833484
95.190988
94.333272
93.718193
93.194101
92.761894
92.272471
91.877459
91.129726
90.777658
90.225857
89.773218
89.568260
89.020270
88.427413
88.231419
87.991635
87.415909
87.092216
86.582352
86.470810
85.883912
85.696109
85.181622
85.066330
84.771281
84.297903
83.936141
83.686086
98.675347
99.461315
100.139025
101.167395
101.633608
102.304430
102.874277
103.661136
104.193328
104.952141
105.783754
106.362792
106.685599
100.441578
99.458161
98.706403
98.340983
97.278793
96.914536
96.169797
95.509029
94.933290
94.443730
93.587354
92.972765
92.448863
92.016539
91.527237
91.132027
90.385424
90.033054
89.481715
89.029199
88.823468
88.276003
87.683866
87.487132
87.246794
86.671795
86.202345
85.838566
85.580859
85.140030
84.951598
84.437738
84.321579
84.026362
83.553515
83.191877
82.941537
97.959788
98.740571
99.413491
100.435875
100.898071
101.564186
102.129700
102.911486
103.439518
104.193393
105.019827
105.594597
105.914067
99.690161
98.708187
97.957088
97.590979
96.530644
96.165766
95.421815
94.761568
94.186076
93.696483
92.841446
92.227346
91.703633
91.121991
90.782010
90.386602
89.641127
89.288455
88.737579
88.285184
88.078679
87.531740
86.940321
86.742848
86.501954
85.782483
85.458584
85.094780
84.836667
84.396147
84.207086
83.693853
83.576825
83.281441
82.809124
82.447609
82.196984
97.244255
98.019854
98.687982
99.704380
100.162558
100.823966
101.385147
102.161859
102.685730
103.434667
104.255921
104.826422
105.142554
99.094829
97.958230
97.207789
96.686929
95.782509
95.417009
94.673846
94.014119
93.438874
92.949247
92.095547
91.481937
90.958412
90.377202
90.036790
89.641183
88.896837
88.543861
87.993447
87.541173
87.333894
86.641674
86.196779
85.998566
85.611916
85.038920
84.714823
84.350994
84.092475
83.652263
83.462572
82.949966
82.832070
82.393569
82.064729
81.703338
81.452427
96.528749
97.299162
97.962498
98.972910
99.274404
100.083770
100.640616
101.412254
101.931964
102.675961
103.492035
104.058267
104.371060
98.342886
97.208289
96.458505
95.937513
95.034388
94.668265
93.925889
93.266681
92.691683
92.202021
91.200344
90.736536
90.213199
89.632421
89.291578
88.895771
88.152552
87.799273
87.249320
86.797167
86.589112
85.897966
85.453239
85.254286
84.867630
84.295357
83.971063
83.607208
83.348283
82.908378
82.718057
82.206077
82.087312
81.649192
81.320331
80.959062
80.707865
95.813269
96.578497
97.237040
98.241465
98.539476
99.343597
99.896108
100.662672
101.178220
101.917277
102.728169
103.290131
103.599586
97.590961
96.458364
95.709237
95.188111
94.286282
93.919535
93.177945
92.519256
91.944503
91.454805
90.455016
89.991145
89.467995
88.887648
88.546372
88.150365
87.408274
87.054691
86.505198
86.053165
85.844335
85.154261
84.709702
84.510008
84.123346
83.551796
83.227303
82.863422
82.604090
82.164493
81.973540
81.462186
81.342551
80.904813
80.575930
80.214783
79.963299
95.097817
95.857858
96.511608
97.510045
97.804572
98.603448
99.151624
99.913112
100.424497
101.158613
101.964324
102.522015
102.828130
96.839052
95.708457
94.959985
94.438724
93.538189
93.170818
92.430013
91.771843
91.197334
90.707600
89.709699
89.245763
88.722799
88.142883
87.801175
87.404966
86.664001
86.310114
85.761081
85.309167
85.099561
84.410560
83.966168
83.622124
83.379062
82.808236
82.483544
82.119636
81.859897
81.420606
81.229022
80.718293
80.597788
80.160430
79.831525
79.470501
79.218729
94.382391
95.137244
95.786201
96.778650
97.069692
97.863323
98.407162
99.163574
99.670797
100.399971
101.200500
101.753920
102.056694
96.087161
94.958565
94.210749
93.689353
92.790111
92.422115
91.682094
91.024441
90.450176
89.960406
88.964391
88.500390
87.977612
87.398126
86.909904
86.659574
85.919735
85.565542
85.016969
84.565173
84.354790
83.666861
83.222636
82.878399
82.634781
82.064676
81.739785
81.375850
81.115703
80.676718
80.484502
79.974398
79.853023
79.416045
79.087117
78.726214
78.474155
93.666991
94.416657
95.060819
96.047280
96.334837
97.123221
97.662723
98.414059
98.917118
99.641350
100.436696
100.985844
101.285277
95.335287
94.208691
93.461528
92.939996
92.042046
91.673425
90.934188
90.277052
89.703030
89.213222
88.219093
87.755026
87.232433
86.653377
86.165272
85.914188
85.175474
84.676619
84.272861
83.821184
83.610024
82.923166
82.479107
82.134677
81.890501
81.321118
80.996026
80.632064
80.371508
79.932829
79.739981
79.230502
79.108255
78.671657
78.342706
77.981923
77.729577
92.951618
93.696096
94.335463
95.315935
95.600006
96.383143
96.918308
97.664566
98.163460
98.882750
99.672912
100.217787
100.513879
94.583431
93.458832
92.712322
92.190654
91.293996
90.924748
90.186294
89.529674
88.955895
88.466048
87.473805
87.009671
86.487263
85.908635
85.420646
85.168809
84.431220
83.932608
83.528759
83.077199
82.865261
82.179474
81.735580
81.390957
81.146222
80.577561
80.252269
79.888278
79.627313
79.188940
78.995459
78.486603
78.223662
77.927266
77.598291
77.237629
76.984994
92.236272
92.975561
93.610132
94.584614
94.865199
95.643089
96.173915
96.915096
97.409825
98.124172
98.909149
99.449751
99.742500
93.679448
92.708990
91.963133
91.441327
90.545960
90.176085
89.290186
88.782308
88.208771
87.718886
86.728527
86.264326
85.742101
85.163902
84.676028
84.279247
83.686971
83.188602
82.784661
82.333218
82.120502
81.435785
80.992056
80.647238
80.401945
79.834005
79.508511
79.144492
78.883118
78.445049
78.111264
77.742702
77.479440
77.182872
76.853873
76.493331
76.102146
91.520952
92.255052
92.884827
93.853319
94.130416
94.903058
95.429546
96.165648
96.656211
97.365614
98.145407
98.681735
98.971141
92.928187
91.959165
91.213959
90.692015
89.797938
89.427435
88.542872
88.034955
87.461658
86.971733
85.983258
85.518989
84.996948
84.419176
83.931417
83.534432
82.942729
82.444602
82.040568
81.589241
81.375746
80.692099
80.248534
79.903522
79.657670
79.090449
78.764755
78.400706
78.138922
77.701157
77.367288
76.998800
76.735215
76.438475
75.971338
75.749030
75.358104
90.805659
91.534569
92.159547
93.122048
93.395658
94.163051
94.685199
95.416222
95.902619
96.607077
97.381685
97.913738
98.199800
92.176943
91.209356
90.464801
89.942718
89.049930
88.531003
87.795571
87.287613
86.714556
86.078828
85.238000
84.773662
84.251803
83.674458
83.186813
82.789624
82.198492
81.700607
81.296480
80.845269
80.630994
79.948416
79.505016
79.159808
78.913396
78.346895
78.020998
77.656920
77.394726
76.957265
76.623310
76.254895
75.990988
75.694076
75.227463
75.004724
74.614059
90.090393
90.814112
91.434292
92.390803
92.660923
93.423068
93.940875
94.666819
95.149048
95.848562
96.617984
97.145762
97.428479
91.425717
90.459564
89.715658
89.193436
88.301936
87.782936
87.048283
86.540283
85.967466
85.332250
84.492751
84.028344
83.506667
82.929748
82.442216
82.044823
81.454262
80.956617
80.552396
80.101301
79.886246
79.204737
78.761499
78.416096
78.169124
77.603342
77.277242
76.913134
76.650529
76.213371
75.879332
75.510989
75.246758
74.949673
74.483585
74.260415
73.870009
89.375153
90.093682
90.709063
91.659582
91.926213
92.683108
93.196575
93.917438
94.395499
95.090068
95.854303
96.377805
96.657177
90.674508
89.709788
88.966531
88.444169
87.553956
87.034882
86.301007
85.792965
85.220387
84.585683
83.747512
83.283035
82.761540
82.185046
81.697627
81.300028
80.710037
80.212633
79.808318
79.357337
79.141502
78.461060
78.017986
77.672386
77.424853
76.859790
76.533487
76.169348
75.906332
75.469476
75.135351
74.767080
74.502526
74.205268
73.739703
73.516102
73.125955
88.659940
89.373277
89.983860
90.928386
91.191528
91.943172
92.452297
93.168080
93.641973
94.331595
95.090643
95.609868
95.885894
89.923317
88.960028
88.217420
87.694917
86.805991
86.286841
85.553744
85.045659
84.473319
83.839126
83.002282
82.537735
82.016420
81.440351
80.953045
80.555239
79.965819
79.468655
79.064244
78.473682
78.396761
77.717387
77.274475
76.928678
76.680584
76.116238
75.789732
75.425562
75.162134
74.725581
74.391370
74.023170
73.758291
73.460859
72.995818
72.771785
72.381897
87.944754
88.652898
89.258682
90.197215
90.456866
91.203259
91.708042
92.418744
92.888467
93.573143
94.327003
94.841951
94.957606
89.023582
88.210286
87.468325
86.945679
86.058039
85.538814
84.806493
84.298364
83.726262
83.092580
82.257063
81.792445
81.271310
80.695665
80.208470
79.810458
79.221607
78.724682
78.320175
77.730276
77.652025
76.973717
76.530966
76.184972
75.936316
75.372688
75.045978
74.681777
74.417936
73.981684
73.647387
73.279257
73.014054
72.716448
72.251930
72.027464
71.637835
87.229594
87.932546
88.533529
89.466070
89.722229
90.463370
90.963811
91.669430
92.134984
92.814712
93.563383
94.074053
94.186951
88.272984
87.460559
86.719245
86.196457
85.310102
84.790800
84.059255
83.551082
82.979217
82.346044
81.511853
81.047163
80.526208
79.950986
79.463903
79.065683
78.477400
77.980714
77.576111
76.986873
76.907291
76.230050
75.787460
75.441268
75.192050
74.629139
74.302224
73.937991
73.673737
73.237787
72.903402
72.535343
72.269815
71.972034
71.508038
71.283140
70.893768
86.514460
87.212219
87.808402
88.734949
88.987615
89.723505
90.219602
90.920139
91.381522
92.056302
92.799785
93.306176
93.416315
87.522404
86.710849
85.970181
85.447249
84.562179
84.042800
83.312030
82.803812
82.232183
81.599519
80.766653
80.301891
79.781114
79.206316
78.719342
78.320914
77.594148
77.236752
76.832052
76.243476
76.024516
75.486386
75.043957
74.697566
74.447785
73.885591
73.558471
73.058437
72.929537
72.358594
72.159416
71.791427
71.525573
71.227617
70.764143
70.404823
70.149697
85.799354
86.491918
87.083300
88.003852
88.253027
88.983663
89.475416
90.170870
90.628082
91.146429
92.036206
92.538318
92.645698
86.771841
85.961156
85.221132
84.698056
83.814270
83.294813
82.564817
82.056553
81.342934
80.853005
80.021463
79.556628
79.036029
78.461653
77.974789
77.576152
76.850503
76.492795
76.087998
75.500082
75.280340
74.742725
74.300457
73.953866
73.703522
73.142044
72.814718
72.315199
72.185337
71.615243
71.415428
71.047509
70.781329
70.483198
70.020245
69.661040
69.405622
85.084274
85.771644
86.358224
87.272781
87.518462
88.243845
88.731253
89.421624
89.874664
90.388632
91.272649
91.770481
91.875101
86.021296
85.211479
84.472099
83.948879
83.066375
82.546839
81.817617
81.309307
80.596475
80.106500
79.276283
78.811374
78.290952
77.716998
77.230243
76.831397
76.106864
75.748843
75.343949
74.756693
74.536168
73.999068
73.556959
73.210168
72.959260
72.398498
72.070966
71.571962
71.441137
70.871892
70.671439
70.169887
70.037083
69.738775
69.276343
68.917254
68.661543
84.369220
85.051396
85.633173
86.541735
86.783921
87.504051
87.987114
88.672399
89.121267
89.630856
90.509111
91.002663
91.104522
85.125221
84.461818
83.723082
83.199716
82.318494
81.798879
81.070429
80.562072
79.850028
79.360007
78.531113
78.066129
77.545884
76.972351
76.485704
76.086649
75.363231
75.004897
74.599904
74.013308
73.791999
73.255413
72.813463
72.466473
72.215000
71.654953
71.327214
70.828725
70.696936
70.128539
69.927449
69.426513
69.292834
68.994350
68.532438
68.173464
67.917460
83.654194
84.331173
84.908147
85.810714
86.049405
86.764280
87.242997
87.923198
88.367892
88.873101
89.745594
90.234865
90.333963
84.375269
83.712174
82.974081
82.450568
81.570627
81.050932
80.323254
79.814849
79.103592
78.613524
77.785952
77.320893
76.800824
76.227711
75.741173
75.341907
74.619604
74.260957
73.855864
73.269927
73.047835
72.511762
72.069970
71.722779
71.470742
70.911408
70.583463
70.085487
69.819273
69.385185
69.183457
68.683138
68.548582
68.249921
67.788530
67.429670
67.173372
82.939193
83.610977
84.183147
85.079717
85.314913
86.024533
86.498903
87.174018
87.614539
88.115367
88.982098
89.467086
89.563423
83.625334
82.962546
82.225095
81.701435
80.822774
80.302999
79.576092
79.067639
78.357167
77.867051
77.040801
76.575667
76.055773
75.483080
74.996649
74.597171
73.875983
73.517021
73.111829
72.526550
72.303674
71.768114
71.326480
70.979088
70.726485
70.167865
69.839712
69.342250
69.075620
68.641831
68.439463
67.939761
67.804328
67.505490
67.044618
66.685872
66.429280
82.224220
82.890806
83.458173
84.207871
84.580445
85.284809
85.754832
86.424861
86.861208
87.357654
88.218622
88.699328
88.792902
82.875416
82.212935
81.476125
80.952317
80.074936
79.555079
78.828942
78.320440
77.610753
77.120589
76.295660
75.830449
75.173365
74.601575
74.252132
73.852443
73.132368
72.773091
72.367799
71.783178
71.559516
71.024469
70.582992
70.235398
69.982229
69.424323
69.095962
68.599013
68.331967
67.898475
67.695468
67.196382
67.060072
66.629859
66.300703
65.942071
65.685184
81.509273
82.170662
82.733224
83.477454
83.846001
84.545109
85.010784
85.675727
86.107898
86.599962
87.455167
87.931590
88.022400
82.125516
81.463341
80.727170
80.203213
79.327111
78.807172
78.081805
77.573253
76.864351
76.374138
75.550529
74.948026
74.428881
73.857509
73.507622
73.107721
72.388759
72.029167
71.623774
71.039810
70.815363
70.280827
69.839507
69.491711
69.237975
68.680782
68.352212
67.855775
67.588314
67.155118
66.951472
66.453001
66.315814
65.885971
65.556785
65.198266
64.941084
80.794353
81.450544
82.008300
82.747062
83.111582
83.805433
84.266760
84.781726
85.354610
85.842291
86.691732
87.163871
87.251917
81.375633
80.713763
79.978232
79.454125
78.579301
78.059278
77.195532
76.687278
76.117959
75.627697
74.805408
74.203378
73.684406
73.113451
72.763119
72.363005
71.645155
71.285248
70.745756
70.296446
70.071213
69.537188
68.963390
68.748026
68.361372
67.805417
67.476833
67.112538
66.844659
66.411761
66.207474
65.709618
65.571552
65.142081
64.812864
64.454457
64.196979
80.079459
80.730452
81.283402
82.016695
82.377187
83.065780
83.522758
84.033192
84.601344
85.084641
85.928318
86.396172
86.481453
80.625767
79.964201
79.229308
78.705052
77.831504
77.311398
76.448974
75.940669
75.371579
74.881266
74.060296
73.458738
72.939939
72.369401
72.018624
71.618296
70.901558
70.541335
70.002290
69.553087
69.327067
68.661125
68.220458
68.004342
67.617670
67.062426
66.733632
66.369301
66.101005
65.668402
65.463475
64.966233
64.827289
64.398188
64.068939
63.710644
63.452871
79.364592
80.010385
80.558529
81.147798
81.642816
82.326151
82.778779
83.284681
83.848099
84.327012
85.164924
85.628493
85.711009
79.875918
79.214656
78.340144
77.955993
77.083722
76.563532
75.702428
75.194071
74.625210
73.998139
73.315194
72.714108
72.195481
71.625358
71.274136
70.873594
70.157967
69.664259
69.258828
68.809731
68.582924
67.918041
67.477529
67.260661
66.873970
66.319436
65.990433
65.626064
65.357350
64.925042
64.719474
64.222847
64.083023
63.654292
63.325010
62.966828
62.708758
78.649751
79.290345
79.833681
80.418009
80.908469
81.445970
82.034823
82.536193
83.094877
83.569405
84.401551
84.860834
84.940583
79.126087
78.465127
77.591808
77.206949
76.197457
75.815678
74.955895
74.447485
73.878853
73.252282
72.570103
71.969487
71.451031
70.881324
70.529655
70.128899
69.414382
68.920905
68.515371
68.066380
67.838786
67.174960
66.734603
66.516982
66.130272
65.576448
65.247234
64.882826
64.613694
64.181682
63.975472
63.479458
63.210125
62.910393
62.581079
62.223008
61.964641
77.934937
78.570331
79.108859
79.688246
80.174146
80.706930
81.290890
81.787726
82.341676
82.811818
83.638198
84.093195
84.170177
78.376273
77.715615
76.843488
76.457921
75.450257
75.067838
74.209375
73.700911
73.132506
72.506436
71.825020
71.224875
70.706590
70.137297
69.785182
69.384210
68.670803
68.177557
67.771919
67.323034
67.094651
66.431882
65.991679
65.773305
65.386575
64.833460
64.504035
64.139589
63.870038
63.438320
63.231468
62.736067
62.466403
62.166491
61.709662
61.479184
61.220519
77.220150
77.850343
78.384063
78.958507
79.439848
79.967915
80.546980
81.039282
81.588496
82.054253
82.874866
83.325575
83.399789
77.626477
76.966119
76.095184
75.708907
74.703072
74.320012
73.462867
72.954349
72.386171
71.760600
71.079948
70.480273
69.962157
69.393278
69.040715
68.639527
67.927230
67.434214
67.028472
66.579691
66.350519
65.688808
65.248757
64.899946
64.642880
64.090473
63.760837
63.396352
63.126382
62.694958
62.487463
61.992675
61.722679
61.422587
60.966272
60.735356
60.349867
76.505389
77.130381
77.659292
78.228793
78.705573
79.228922
79.803093
80.290861
80.835339
81.296708
82.111554
82.557976
82.629421
76.876697
76.216640
75.346895
74.959908
73.955900
73.572199
72.716372
72.207799
71.639847
71.014774
70.334886
69.735679
69.217733
68.649267
68.296256
67.894852
67.183663
66.690876
66.285029
65.836353
65.606392
64.945736
64.505839
64.156822
63.899186
63.347488
63.017639
62.653114
62.382725
61.951594
61.743456
61.249280
60.978953
60.678679
60.222880
59.991524
59.606286
75.790655
76.410445
76.934546
77.499104
77.971323
78.489954
79.059229
79.542461
80.082203
80.539185
81.348263
81.790396
81.859072
76.126935
75.467177
74.598622
74.210924
73.208743
72.824399
71.969889
71.461261
70.893534
70.268959
69.589833
68.991095
68.473317
67.905264
67.551804
67.150183
66.440102
65.947544
65.541591
65.093019
64.862268
64.202668
63.762923
63.413699
63.155494
62.604503
62.274442
61.909877
61.639067
61.208230
60.872609
60.505884
60.235225
59.934769
59.479484
59.247689
58.862701
75.075948
75.690535
76.209826
76.769440
77.237098
77.751009
78.315388
78.794084
79.329088
79.781683
80.584992
81.022836
81.088742
75.377191
74.717731
73.850364
73.461955
72.461600
72.076613
71.223419
70.714735
70.147232
69.523155
68.844790
68.246519
67.728910
67.161269
66.676338
66.405520
65.696547
65.204217
64.798159
64.349689
64.118147
63.459603
63.020009
62.670579
62.411803
61.861519
61.531245
61.166640
60.895409
60.464864
60.129148
59.762485
59.491494
59.190856
58.736084
58.503850
58.119112
74.361267
74.970651
75.485131
76.039800
76.502896
77.012087
77.571570
78.045730
78.575996
79.024202
79.821742
80.110288
80.318431
74.627463
73.968301
73.102123
72.713001
71.714471
71.328839
70.476962
69.968221
69.400941
68.777361
67.967733
67.501953
66.984511
66.417282
65.932450
65.660864
64.952998
64.460895
64.054731
63.606364
63.245524
62.716541
62.277098
61.927461
61.668114
61.118537
60.788049
60.423402
60.151751
59.721498
59.385686
59.019085
58.747760
58.446940
57.992682
57.760007
57.375519
73.646613
74.250793
74.760461
75.310185
75.768718
76.273189
76.827775
77.297397
77.822925
78.266742
79.058512
79.343352
79.548139
73.877753
73.218888
72.353896
71.964061
70.967356
70.581080
69.730517
69.221718
68.654662
68.031577
67.223260
66.757396
66.240121
65.673302
65.188569
64.916215
64.209455
63.717579
63.311307
62.863043
62.501960
61.973482
61.534190
61.184344
60.924426
60.375555
60.044854
59.680165
59.408092
58.978130
58.642222
58.275683
58.004025
57.703021
57.249276
57.016161
56.631921
72.931985
73.530961
74.035817
74.580595
75.034565
75.534315
76.084003
76.549087
77.069876
77.509302
78.295303
78.576435
78.777866
73.128060
72.469491
71.605686
71.215137
70.220255
69.833333
68.984085
68.475227
67.908394
67.285804
66.478797
66.012848
65.495739
64.929330
64.444696
64.171573
63.465917
62.974269
62.567889
62.119726
61.758400
61.230426
60.791284
60.441230
60.180740
59.632574
59.301659
58.936928
58.664432
58.234762
57.898757
57.532278
57.260286
56.959099
56.505866
56.272310
55.888320
72.217384
72.811155
73.311199
73.851030
74.300436
74.795464
75.340254
75.800800
76.316849
76.751884
77.532114
77.809539
78.007613
72.378384
71.720110
70.857491
70.466228
69.473168
69.085600
68.237665
67.728749
67.162137
66.540042
65.734344
65.268309
64.751366
64.185366
63.700830
63.426937
62.722386
62.230963
61.824476
61.376413
61.014844
60.487373
60.048381
59.698118
59.437055
58.889595
58.558464
58.069079
57.920772
57.491392
57.155291
56.788872
56.516546
56.215174
55.762454
55.528456
55.144714
71.502809
72.091375
72.586605
73.121490
73.566331
74.056637
74.596528
75.052534
75.563843
75.994488
76.768946
77.042662
77.237378
71.628726
70.970746
70.109312
69.717333
68.726095
68.205280
67.491258
66.982282
66.415891
65.794290
64.989900
64.523780
64.007001
63.441410
62.956971
62.682307
61.978861
61.487664
61.081067
60.633105
60.271291
59.744324
59.305480
58.955008
58.693372
58.146616
57.815270
57.326389
57.177111
56.748022
56.411823
56.045464
55.772803
55.471247
55.019038
54.784598
54.401104
70.788261
71.371621
71.862038
72.391975
72.832251
73.317833
73.852824
74.304291
74.810859
75.237112
76.005798
76.275805
76.467163
70.879085
70.221399
69.361148
68.968453
67.979037
67.458128
66.744864
66.235827
65.669656
65.048548
64.245467
63.779259
63.262644
62.697462
62.213119
61.937685
61.235342
60.744369
60.337663
59.889800
59.527742
59.001278
58.562582
58.211900
57.949690
57.403639
57.072076
56.583700
56.433450
56.004650
55.668354
55.179510
55.029057
54.727316
54.275619
54.040736
53.657489
70.073740
70.651893
71.137495
71.662484
72.098194
72.579053
73.109144
73.556071
74.057897
74.479757
75.242670
75.508968
75.696967
70.129461
69.472068
68.613000
68.219589
67.231992
66.710989
65.998482
65.489384
64.923433
64.302817
63.501043
63.034748
62.518297
61.953522
61.469274
61.193069
60.491829
60.001080
59.594264
59.146500
58.784197
58.258234
57.819687
57.468794
57.206010
56.660662
56.328883
55.841010
55.689789
55.261278
54.924883
54.436646
54.285309
53.983383
53.532196
53.175699
52.913871
69.359245
69.932191
70.412978
70.933018
71.364162
71.840297
72.365487
72.807872
73.304956
73.722423
74.479564
74.742151
74.926790
69.379855
68.722753
67.864868
67.470739
66.484961
65.963864
65.252112
64.742953
64.177221
63.557096
62.756629
62.290246
61.773957
61.209589
60.725437
60.322081
59.748322
59.257796
58.850870
58.403205
58.040655
57.515194
56.953112
56.725690
56.462332
55.917687
55.463018
55.098321
54.946127
54.395962
54.181410
53.693780
53.541559
53.239447
52.788770
52.432379
52.170248
68.644777
69.212516
69.688487
70.203577
70.630154
71.101564
71.621852
72.059696
72.552038
72.965110
73.716477
73.975354
74.156631
68.630265
67.973455
67.116751
66.721904
65.737945
65.216752
64.505756
63.996534
63.431020
62.811386
62.012224
61.545753
61.029626
60.465665
59.981607
59.578028
58.879682
58.514518
57.982998
57.659913
57.297117
56.772157
56.210769
55.982588
55.718655
55.174712
54.720374
54.355631
54.202464
53.653136
53.437937
52.950912
52.797807
52.374932
52.045341
51.689055
51.426621
67.930335
68.492866
68.964021
69.474161
69.896170
70.362855
70.878241
71.311543
71.799140
72.207819
72.814757
73.208576
73.386492
67.880694
67.224174
66.368650
65.973084
64.990943
64.469654
63.759412
63.250126
62.684830
62.065687
61.267830
60.801269
60.285304
59.721748
59.237784
58.833982
58.136735
57.771245
57.240162
56.916626
56.553583
56.029124
55.468429
55.239489
54.974980
54.431739
53.977730
53.612942
53.337602
52.910308
52.694461
52.208043
52.054051
51.631539
51.301909
50.945727
50.682990
67.215920
67.773242
68.239580
68.744770
69.162210
69.624169
70.134653
70.563411
71.046265
71.450548
72.052289
72.441818
72.616373
67.131139
66.343475
65.620565
65.093818
64.243954
63.722569
63.013080
62.503731
61.938651
61.319998
60.523445
60.056794
59.540990
58.977839
58.493969
58.089942
57.393794
57.027978
56.497330
56.173343
55.810053
55.286093
54.726091
54.496391
54.231306
53.567536
53.235086
52.870252
52.594487
52.167480
51.950985
51.465171
51.310294
50.888143
50.558473
50.202395
49.939355
66.501532
67.053644
67.515164
68.015403
68.428274
68.885507
69.391087
69.815302
70.293411
70.693299
71.289841
71.675080
71.846272
66.381602
65.594783
64.872495
64.345583
63.496980
62.975497
62.266762
61.757347
61.192484
60.574319
59.779070
59.312328
58.796684
58.233938
57.750160
57.345909
56.650859
56.284716
55.754503
55.430065
55.066526
54.543066
53.983756
53.753295
53.487633
52.825112
52.492443
52.127563
51.851371
51.424651
51.207506
50.722298
50.566534
50.144744
49.815034
49.459059
49.195715
65.787170
66.334072
66.790774
67.286062
67.694363
68.146868
68.647545
69.067216
69.540579
69.936070
70.527414
70.908362
71.076190
65.632081
64.846107
64.124441
63.597364
62.750020
62.228439
61.520455
61.010976
60.446328
59.828651
59.034705
58.567872
58.052388
57.490044
57.006359
56.601882
55.907930
55.541459
55.011681
54.686790
54.323003
53.800041
53.241423
53.010202
52.743962
52.082689
51.749801
51.384873
51.108255
50.681820
50.464027
49.979422
49.822772
49.401342
49.071591
48.715720
48.452071
65.072835
65.614526
66.066410
66.556745
66.960476
67.408253
67.904025
68.319151
68.787769
69.178863
69.765008
70.141663
70.306127
64.882579
64.097448
63.376402
62.849159
62.003074
61.481394
60.774162
60.264616
59.700182
59.082993
58.290349
57.823424
57.308099
56.746159
56.262565
55.857862
55.165008
54.798208
54.268864
53.943520
53.579484
53.057020
52.499093
52.267110
52.000293
51.340267
51.007159
50.642184
50.365138
49.938989
49.720546
49.236545
49.079007
48.657938
48.328145
47.972377
47.708423
64.358526
64.895007
65.342071
65.827453
66.226613
66.669662
67.160529
67.571109
68.034980
68.421677
69.002621
69.374985
69.536084
64.133093
63.348806
62.628380
62.100970
61.256142
60.734362
60.027881
59.518268
58.954049
58.337346
57.546004
57.078986
56.563819
56.002281
55.518778
55.113849
54.422091
54.054963
53.526052
53.079394
52.835968
52.314002
51.756766
51.524021
51.256625
50.597846
50.264518
49.899495
49.622021
49.196157
48.977063
48.493665
48.335240
47.914530
47.584696
47.229030
46.964771
63.644244
64.175513
64.617757
65.098185
65.492774
65.931094
66.286819
66.823089
67.282214
67.664511
68.240256
68.608326
68.766060
63.383625
62.600179
61.880372
61.352795
60.382553
59.987344
59.281612
58.771932
58.207926
57.591710
56.801668
56.334557
55.819548
55.258411
54.774999
54.369842
53.679180
53.311722
52.783244
52.336681
52.092456
51.451347
51.014441
50.780933
50.393967
49.855426
49.521877
49.156805
48.878904
48.453324
48.233579
47.750784
47.591470
47.171120
46.841244
46.485679
46.221115
62.929988
63.456045
63.893469
64.368943
64.758959
65.192549
65.543917
66.075092
66.529468
66.907367
67.477910
67.841687
67.996054
62.634174
61.851570
61.132381
60.604635
59.636203
59.240339
58.535356
58.025608
57.461814
56.846083
56.057342
55.590137
55.075285
54.514550
54.031226
53.625842
52.936275
52.568487
52.040441
51.593971
51.348948
50.708883
50.272119
50.037848
49.650851
49.113007
48.779237
48.414116
48.135786
47.710490
47.490093
47.007901
46.847699
46.427707
46.097788
45.742325
45.477454
62.215759
62.736603
63.169206
63.639725
64.025169
64.454028
64.801037
65.327117
65.776745
66.150244
66.715585
67.075067
67.226068
61.884740
61.102976
60.384405
59.856490
58.889866
58.493347
57.789113
57.279296
56.715714
56.100468
55.313026
54.845726
54.331030
53.770696
53.287461
52.881849
52.193376
51.825258
51.297643
50.851266
50.605443
49.966422
49.529800
49.294765
48.907736
48.370589
48.036597
47.671426
47.392667
46.967654
46.746606
46.265015
46.103924
45.684291
45.354329
44.998967
44.618965
61.501557
62.017187
62.444968
62.910532
63.291403
63.715531
64.058180
64.579164
65.024043
65.393142
65.953281
66.308468
66.456101
61.135324
60.354399
59.636444
59.108360
58.143544
57.746368
57.042882
56.532995
55.969625
55.354863
54.568719
54.101324
53.586784
52.906086
52.543703
52.137862
51.450483
51.082034
50.554850
50.108565
49.861942
49.223964
48.787483
48.551684
48.164623
47.628172
47.293958
46.928737
46.649548
46.224818
46.003118
45.522128
45.360147
44.940872
44.610866
44.255605
43.875844
60.787381
61.297797
61.720756
62.181364
62.557660
62.977057
63.315347
63.831234
64.271363
64.636061
65.190997
65.541888
65.686153
60.385924
59.605839
58.888500
58.360245
57.397235
56.999403
56.296664
55.786707
55.223547
54.609268
53.824422
53.356932
52.842546
52.162797
51.799953
51.393882
50.707596
50.338815
49.812062
49.365868
49.118445
48.481509
48.045168
47.808605
47.421511
46.885756
46.551319
46.186047
45.906429
45.481981
45.259628
44.779239
44.616368
44.197450
43.867401
43.512239
43.132720
60.073232
60.578434
60.996569
61.452221
61.823942
62.238607
62.572536
63.083326
63.518704
63.879001
64.428734
64.775328
64.916224
59.636543
58.857295
58.140571
57.612144
56.650941
56.252452
55.550459
55.040430
54.477480
53.863684
53.080136
52.612548
52.098317
51.419515
51.056209
50.649908
49.964715
49.595602
49.069278
48.623176
48.374951
47.739057
47.302856
46.949177
46.678401
46.143341
45.808681
45.443358
45.163309
44.739143
44.516137
44.036348
43.758409
43.454026
43.123932
42.768870
42.389591
59.359109
59.859096
60.272408
60.723102
61.090249
61.500181
61.829748
62.335440
62.766068
63.121962
63.666490
64.008788
64.146314
58.887178
58.108767
57.392657
56.864059
55.904660
55.505513
54.804266
54.294166
53.731424
53.118110
52.335858
51.868174
51.354097
50.676241
50.312473
49.905941
49.221840
48.852394
48.326500
47.880487
47.631462
46.996608
46.560547
46.206650
45.935292
45.400927
45.066043
44.700668
44.420188
43.996304
43.658599
43.293455
43.015174
42.710598
42.380459
42.025497
41.646457
58.645013
59.019021
59.548272
59.994008
60.356579
60.761778
61.086983
61.587576
62.013453
62.364944
62.904268
63.242268
63.376423
58.137831
57.360256
56.644759
56.115988
55.158394
54.758588
54.058086
53.547913
52.985380
52.372547
51.591591
51.004385
50.490853
49.932975
49.568744
49.161980
48.478971
48.109191
47.583726
47.137803
46.887975
46.254163
45.818241
45.464124
45.192185
44.658514
44.323405
43.957979
43.677067
43.253464
42.915653
42.550560
42.271936
41.967168
41.636984
41.282120
40.903320
57.930943
58.300248
58.824161
59.264939
59.622934
60.023398
60.344240
60.839735
61.260859
61.607947
62.142066
62.475767
62.606552
57.388501
56.611762
55.896877
55.367932
54.412142
54.011677
53.311918
52.801672
52.239347
51.626994
50.847334
50.260579
49.747199
49.189716
48.707361
48.418027
47.736108
47.365994
46.840957
46.395124
46.144493
45.511720
45.075937
44.721601
44.449080
43.916102
43.580769
43.215289
42.933946
42.510623
42.172705
41.807664
41.528696
41.223735
40.781558
40.538739
40.160178
57.098389
57.581501
57.979233
58.535895
58.889312
59.285042
59.601521
60.091916
60.508288
60.850971
61.379884
61.709287
61.836699
56.639188
55.863283
55.149011
54.619891
53.665903
53.264779
52.565763
52.055443
51.493325
50.881452
50.103086
49.516781
49.003553
48.446466
47.964195
47.674079
46.993251
46.622802
46.098193
45.652448
45.401014
44.769281
44.333635
43.979080
43.705976
43.173691
42.838132
42.472600
42.190824
41.767780
41.429756
41.064765
40.785453
40.480299
40.038623
39.795355
39.417033
56.384878
56.862780
57.255694
57.806876
58.155715
58.546710
58.858825
59.344120
59.755738
60.094016
60.617723
60.942826
61.066866
55.889892
55.114821
54.278869
53.871865
52.919679
52.517894
51.819620
51.309226
50.747314
50.135920
49.358848
48.772993
48.259915
47.703223
47.221036
46.930139
46.250400
45.879616
45.355433
44.909777
44.657539
44.026845
43.591336
43.236560
42.962873
42.431282
42.095497
41.729910
41.447702
40.913025
40.686806
40.321864
40.042208
39.736860
39.295686
38.941385
38.673883
55.671394
56.144085
56.532179
57.077881
57.422142
57.808401
58.116151
58.596345
59.003210
59.337083
59.855582
60.176385
60.297051
55.140614
54.366376
53.531588
53.123854
52.173469
51.771022
51.073490
50.563021
50.001314
49.390399
48.614620
48.029214
47.516286
46.959988
46.477884
46.186205
45.507555
45.136435
44.612679
44.167110
43.914068
43.284412
42.849040
42.494043
42.219773
41.688873
41.352861
40.987221
40.704579
40.170728
39.943854
39.578961
39.298961
38.993418
38.552745
38.198541
37.930728
54.957936
55.425416
55.808690
56.348911
56.688593
57.070116
57.373501
57.848593
58.250703
58.580170
59.093461
59.409963
59.527256
54.391353
53.617947
52.784323
52.375858
51.427273
51.024164
50.327373
49.816828
49.255326
48.644888
47.870401
47.285443
46.772666
46.216761
45.734740
45.442277
44.764716
44.393260
43.869929
43.424447
43.170600
42.541982
42.106746
41.751528
41.476673
40.946465
40.610227
40.244531
39.961455
39.428430
39.200900
38.836057
38.555711
38.249973
37.809801
37.455693
37.187570
54.244505
54.706773
55.085226
55.619966
55.955069
56.331854
56.630873
57.100864
57.498218
57.823278
58.331361
58.643562
58.757480
53.642109
52.869535
52.037074
51.627876
50.681091
50.277319
49.581268
49.070646
48.509349
47.899388
47.126193
46.541682
46.029054
45.473542
44.991603
44.698357
44.021883
43.650090
43.127184
42.681789
42.427137
41.799555
41.364455
41.009015
40.733575
40.204058
39.867592
39.501842
39.218331
38.686131
38.457945
37.983375
37.812459
37.506526
37.066854
36.712842
36.444407
53.531100
53.988156
54.361787
54.891046
55.221568
55.593616
55.888268
56.353156
56.745755
57.066408
57.569282
57.877180
57.987722
52.892883
52.121138
51.289840
50.879910
49.934923
49.530487
48.835176
48.324477
47.763382
47.153898
46.381994
45.797931
45.285450
44.730331
44.248473
43.840327
43.279056
42.793676
42.384444
41.939134
41.683676
41.057132
40.622167
40.266504
39.990479
39.461652
39.124958
38.759152
38.475207
37.943832
37.714989
37.241014
37.069205
36.763076
36.323903
35.969987
35.701241
52.817721
53.269565
53.638374
54.162151
54.488092
54.855401
55.145687
55.605471
55.993313
56.309558
56.807223
57.110818
57.217984
52.143674
51.252632
50.542621
50.131958
49.188769
48.783669
48.089097
47.578319
47.017428
46.408419
45.637805
45.054188
44.541855
43.987127
43.505350
43.096968
42.536235
42.051065
41.641709
41.196484
40.828348
40.314711
39.879881
39.523995
39.247384
38.719247
38.382325
37.906804
37.732082
37.201531
36.972031
36.498650
36.325948
36.019622
35.580949
35.227128
34.958069
52.104370
52.667147
52.914986
53.433280
53.754640
53.996856
54.403128
54.857809
55.240893
55.552730
56.045184
56.344476
56.448265
51.394482
50.504824
49.795419
49.384021
48.442629
48.036864
47.343030
46.832173
46.271484
45.662950
44.893625
44.310454
43.798268
43.243931
42.762234
42.353616
41.793420
41.308459
40.898978
40.453838
40.085444
39.572294
39.137598
38.781488
38.504291
37.976843
37.639692
37.164661
36.988956
36.459229
36.229072
35.756286
35.582688
35.168374
34.837992
34.484265
34.214894
51.391044
51.948095
52.191624
52.704434
53.021212
53.259228
53.660592
54.110168
54.488495
54.795922
55.283166
55.578153
55.678565
50.645307
49.757033
49.048232
48.636099
47.696503
47.290072
46.596975
46.086039
45.525551
44.917492
44.149456
43.566730
43.054690
42.500743
42.019126
41.610270
41.050611
40.565858
40.156253
39.711197
39.342543
38.829880
38.395317
38.038983
37.651692
37.234441
36.788241
36.422519
36.245830
35.716926
35.486111
35.013919
34.839426
34.425463
34.095031
33.741398
33.471715
50.677745
51.229069
51.468286
51.975613
52.287808
52.521625
52.918079
53.362550
53.736119
54.039136
54.521168
54.811851
54.908885
49.896150
49.009258
48.301060
47.888192
46.950392
46.543294
45.850933
45.224524
44.779630
44.172044
43.405296
42.823014
42.311121
41.757563
41.276024
40.866931
40.307808
39.823263
39.413532
38.858270
38.599645
38.087469
37.653039
37.296481
36.909149
36.492039
36.046156
35.680376
35.394826
34.974623
34.743149
34.271550
34.096162
33.682550
33.352067
32.998528
32.728531
49.964473
50.510069
50.744974
51.246817
51.554428
51.784045
52.175588
52.614954
52.861893
53.282370
53.759191
54.045568
54.139223
49.028420
48.261499
47.553904
47.140300
46.204294
45.796529
45.104904
44.478966
44.033720
43.426607
42.661146
42.079308
41.567559
41.014391
40.532930
40.123599
39.565011
39.080673
38.670816
38.116184
37.856752
37.345061
36.910763
36.553980
36.166608
35.749638
35.304072
34.938234
34.652247
34.232318
34.000185
33.529179
33.352896
32.939633
32.609100
32.255654
31.985343
49.251227
49.791095
50.021688
50.518045
50.821073
51.046488
51.433121
51.867381
52.110121
52.525626
52.997234
53.279305
53.369580
48.279854
47.513757
46.806764
46.392422
45.458210
45.049778
44.358888
43.733420
43.287821
42.681180
41.917006
41.335611
40.824007
40.271227
39.789844
39.380273
38.822220
38.338088
37.928105
37.374102
37.113862
36.602656
36.168491
35.703503
35.424069
34.899852
34.561988
34.196092
33.909667
33.490013
33.257220
32.786806
32.609627
32.196714
31.866129
31.512776
31.242151
48.538008
49.072147
49.298427
49.789299
50.087741
50.308955
50.690677
51.119830
51.358371
51.768902
52.235297
52.513061
52.599957
47.531305
46.766031
46.059639
45.644560
44.712141
44.303039
43.612884
42.987885
42.541933
41.822966
41.172876
40.591922
40.080462
39.528070
39.046764
38.636954
38.079435
37.595509
37.185399
36.632025
36.370975
35.860254
35.426220
34.961553
34.681531
34.158000
33.819905
33.453949
33.167087
32.747706
32.514254
32.044432
31.866355
31.453791
31.018489
30.769895
30.394707
47.824815
48.353225
48.575191
49.060577
49.354434
49.571445
49.948255
50.372301
50.606642
51.012200
51.473381
51.746838
51.830352
46.782773
46.018322
45.312530
44.896712
43.966085
43.556314
42.866892
42.242363
41.796056
41.078111
40.428755
39.848243
39.336926
38.784921
38.303692
37.893642
37.336656
36.852935
36.442697
35.889951
35.628093
35.117856
34.683952
34.219606
33.938994
33.416148
33.077822
32.711807
32.424506
32.005398
31.771286
31.302055
31.123081
30.710866
30.276060
30.027009
29.652054
47.111649
47.634328
47.851980
48.331879
48.621151
48.833959
49.205856
49.624794
49.854935
50.255519
50.711486
50.980634
51.060767
46.034258
45.270629
44.565437
44.148880
43.220044
42.809603
42.120913
41.496852
41.050191
40.333267
39.573691
39.104574
38.593399
38.041780
37.560627
37.150336
36.593883
36.110367
35.592115
35.147882
34.885214
34.375461
33.835126
33.477660
33.196459
32.674298
32.335740
31.969664
31.681925
31.263090
30.923745
30.559677
30.275657
29.967938
29.533626
29.284120
28.909397
46.398509
46.915458
47.128795
47.603207
47.887892
48.096496
48.463481
48.877310
49.103250
49.498859
49.949610
50.214450
50.291200
45.285761
44.522952
43.818359
43.401062
42.474016
42.062905
41.262512
40.751353
40.304336
39.588433
38.830139
38.360913
37.849880
37.298647
36.817569
36.407036
35.743125
35.367804
34.849970
34.405817
34.142339
33.633068
33.093410
32.735716
32.453926
31.932449
31.593658
31.227522
30.939343
30.520780
30.181322
29.817296
29.532926
29.225007
28.791190
28.541227
28.166736
45.685396
46.196614
46.405635
46.874559
47.154658
47.359057
47.721128
48.129848
48.351586
48.742219
49.187756
49.448286
49.521653
44.537280
43.775292
43.071297
42.539637
41.728003
41.316220
40.517110
40.005866
39.558493
38.843609
38.086597
37.617261
37.106370
36.555522
36.074518
35.663744
35.000911
34.625246
34.107830
33.663757
33.399467
32.890679
32.351696
31.993774
31.711394
31.190601
30.851577
30.485379
30.196761
29.778470
29.438897
29.074914
28.790193
28.482074
28.048750
27.798331
27.424071
44.972309
45.477796
45.682501
46.145936
46.421447
46.621641
46.978798
47.382408
47.599944
47.985601
48.425921
48.682141
48.752125
43.788817
43.027648
42.324250
41.792403
40.982003
40.569548
39.771721
39.260391
38.812661
38.098796
37.343065
36.873619
36.362868
35.812405
35.331474
34.920457
34.258703
33.882694
33.365695
32.921700
32.656599
32.148293
31.609985
31.251835
30.968864
30.448754
30.109496
29.743237
29.454178
29.036158
28.696470
28.332530
28.047458
27.739137
27.306307
27.055430
26.681401
44.259249
44.759003
44.959392
45.417338
45.688260
45.884249
46.236491
46.634991
46.848324
47.229004
47.664107
47.916017
47.982616
43.040372
42.280021
41.577219
41.045184
40.236018
39.822890
39.026344
38.514928
38.066841
37.353994
36.599542
36.129985
35.619374
35.069295
34.588438
34.177178
33.516501
33.140147
32.623564
32.179648
31.913735
31.405910
30.868277
30.509897
30.226335
29.706908
29.367415
29.001094
28.711595
28.293846
27.954042
27.590143
27.304720
26.996198
26.563861
26.211412
25.938727
43.546215
44.040237
44.236308
44.688765
44.955098
45.146880
45.494207
45.887596
46.096725
46.472428
46.902314
47.149912
47.213126
42.291943
41.532410
40.830203
40.297980
39.490046
39.076245
38.280980
37.769477
37.321031
36.609202
35.856029
35.386361
34.875889
34.219302
33.845409
33.433905
32.774305
32.397606
31.881439
31.437600
31.170875
30.663531
30.126571
29.767962
29.483808
28.965063
28.625336
28.258952
27.969011
27.551532
27.211613
26.847755
26.561979
26.253255
25.821411
25.469051
25.196050
42.833208
43.321497
43.513249
43.960216
44.221960
44.409535
44.751946
45.140223
45.345148
45.715873
46.140541
46.383827
46.443655
41.543532
40.784815
40.083203
39.550791
38.744089
38.219336
37.535629
37.024037
36.575233
35.864420
35.112526
34.642746
34.132413
33.476755
33.102387
32.690639
32.032115
31.655070
31.139318
30.695557
30.428018
29.921154
29.384868
29.026028
28.741282
28.223219
27.883256
27.414959
27.226427
26.809218
26.469182
26.105365
25.819237
25.510310
25.078958
24.726687
24.453367
42.120227
42.602782
42.790216
43.231693
43.488846
43.672213
44.009707
44.392872
44.593593
44.959339
45.378788
45.617762
45.674203
40.795138
40.037237
39.336219
38.803617
37.998146
37.473270
36.790289
36.278610
35.721105
35.119649
34.369033
33.899140
33.388945
32.734217
32.359372
31.947379
31.289931
30.912539
30.397202
29.953517
29.685165
29.178781
28.643167
28.284097
27.998758
27.481376
27.141177
26.673362
26.483842
26.066902
25.726750
25.262650
25.076491
24.767362
24.336502
23.984319
23.710681
41.407273
41.884094
42.067208
42.503194
42.755756
42.934915
43.267492
43.645544
43.842059
44.086815
44.617056
44.851716
44.904770
40.046761
39.289675
38.589250
38.056457
37.252217
36.727218
36.044963
35.533194
34.975881
34.374889
33.625549
33.049459
32.645485
31.991686
31.511471
31.204126
30.547753
30.170014
29.655091
29.211482
28.942316
28.333891
27.901469
27.542168
27.256235
26.739534
26.399099
25.931766
25.741257
25.324586
24.984316
24.520803
24.333744
24.024411
23.594042
23.241947
22.967991
40.694345
41.057483
41.344225
41.774719
42.022690
42.197640
42.525299
42.898238
43.090547
43.330890
43.855344
44.085690
44.135356
39.298402
38.542130
37.842297
37.309313
36.506302
35.981179
35.299649
34.787790
34.230667
33.630138
32.882075
32.306420
31.902034
31.249163
30.769018
30.460879
29.805581
29.324255
28.912984
28.469451
28.097067
27.592071
27.159774
26.800240
26.513714
25.997692
25.657021
25.190170
24.998671
24.582269
24.241880
23.778953
23.590994
23.281457
22.851580
22.499571
22.225296
39.981443
40.339359
40.621268
41.046270
41.289649
41.460389
41.783129
42.150955
42.339057
42.574987
43.093653
43.319684
43.365962
38.550059
37.794601
37.095360
36.562183
35.760400
35.235154
34.554348
34.042398
33.485465
32.885399
32.138611
31.563389
31.158592
30.506648
30.026572
29.717639
29.063415
28.582287
28.170883
27.727424
27.354772
26.850253
26.418081
26.058315
25.771194
25.255852
24.914944
24.448574
24.256085
23.839950
23.499444
23.037102
22.848242
22.538501
22.109113
21.757192
21.482597
39.268569
39.621260
39.898336
40.317845
40.446923
40.723161
41.040983
41.403693
41.587588
41.819104
42.331982
42.553698
42.596586
37.801734
37.047088
36.348438
35.815068
35.014513
34.489142
33.809059
33.297018
32.634297
32.140669
31.395157
30.820368
30.311104
29.764141
29.284134
28.974406
28.321255
27.840325
27.428786
26.985402
26.612481
26.108439
25.676390
25.316392
25.028676
24.514013
24.172867
23.706977
23.414529
22.998997
22.757006
22.295249
22.105487
21.795541
21.366644
21.014809
20.739894
38.555720
38.903188
39.175430
39.589445
39.714463
39.985957
40.298859
40.656454
40.836140
41.063243
41.570332
41.787731
41.827229
37.053426
36.299592
35.601531
35.067968
34.268640
33.743143
33.063783
32.551650
31.889668
31.395951
30.651713
30.077356
29.568226
29.021641
28.541703
28.231179
27.579101
27.098368
26.686694
26.243384
25.870194
25.366628
24.934703
24.574471
24.286160
23.772175
23.430791
22.965381
22.672489
22.257224
22.014566
21.553394
21.362730
21.052579
20.624171
20.272422
19.997187
37.842898
38.185141
38.452548
38.861070
38.982026
39.248776
39.556757
39.909237
40.084715
40.307402
40.808702
41.021785
41.057892
36.305136
35.552112
34.854641
34.320882
33.522781
32.997157
32.318519
31.806293
31.145050
30.651242
29.908278
29.334353
28.825357
28.279150
27.799279
27.487959
26.836952
26.356417
25.944607
25.501370
25.127910
24.624820
24.193017
23.832552
23.543645
23.030338
22.688715
22.223785
21.930448
21.515449
21.272125
20.811537
20.619970
20.212928
19.881695
19.530031
19.254475
37.130103
37.467120
37.729692
38.132719
38.249614
38.511619
38.814679
39.162043
39.333311
39.551583
40.047092
40.255858
40.288574
35.556862
34.804648
34.107766
33.573812
32.776936
32.251185
31.573268
31.060949
30.400443
29.906545
29.164853
28.591359
28.082496
27.536666
27.056862
26.744746
26.094810
25.614471
25.202525
24.759360
24.385630
23.883015
23.451335
23.090635
22.801131
22.288502
21.946640
21.482189
21.188407
20.773673
20.529682
20.069678
19.877208
19.470507
19.139215
18.787637
18.511760
36.417334
36.749125
37.006861
37.404393
37.517226
37.774485
38.072624
38.414871
38.581929
38.795784
39.285503
39.489951
39.519274
34.808606
34.057201
33.360906
32.826756
32.031105
31.505226
30.828030
30.315616
29.655847
29.058577
28.421438
27.848374
27.339644
26.794190
26.314452
26.001539
25.352674
24.872530
24.460447
24.017354
23.643354
23.141213
22.611434
22.348720
22.058619
21.546667
21.204565
20.740592
20.446365
20.031896
19.787238
19.327817
19.134444
18.728084
18.301514
18.045239
17.769040
35.704592
36.031156
36.284056
36.676092
36.784861
37.037375
37.330592
37.667721
37.830568
38.040006
38.523934
38.724063
38.749994
34.060367
33.309771
32.614062
32.079716
31.285289
30.759280
30.082804
29.570295
28.911262
28.314450
27.678033
27.105398
26.596800
26.051722
25.572050
25.258338
24.610544
24.130595
23.718375
23.275353
22.901081
22.399414
21.870302
21.606807
21.316109
20.804833
20.462491
19.998996
19.704322
19.290118
19.044793
18.585954
18.391677
17.985658
17.559575
17.302837
17.026316
34.991876
35.417066
35.561276
35.947816
36.052521
36.300288
36.588582
36.920593
37.079229
37.284250
37.762386
37.958196
37.980733
33.205395
32.562357
31.867234
31.332690
30.435082
30.013348
29.337590
28.824986
28.166689
27.570334
26.934637
26.362431
25.853965
25.309261
24.829654
24.515144
23.868419
23.388665
22.877864
22.435242
22.158812
21.657618
21.129172
20.864896
20.573600
20.063000
19.624319
19.257400
18.962280
18.548340
18.302346
17.844089
17.554214
17.243228
16.817632
16.560431
16.283587
34.279186
34.698637
34.838521
35.219565
35.320205
35.563225
35.846595
36.173488
36.327911
36.528514
37.000858
37.192348
37.211491
32.457746
31.709420
31.120421
30.585678
29.689844
29.267429
28.592390
28.079689
27.422127
26.826228
26.191251
25.619474
25.111138
24.566809
24.087266
23.672802
23.027755
22.646740
22.136347
21.693795
21.416547
20.915826
20.388046
20.122987
19.734868
19.321168
18.882791
18.515803
18.220236
17.806560
17.559897
17.102223
16.811989
16.500796
16.075686
15.818022
15.540855
33.566523
33.980234
34.115792
34.491338
34.587913
34.826185
35.104632
35.426405
35.576615
35.772800
36.239350
36.426520
36.442268
31.710114
30.962593
30.373624
29.838682
28.944621
28.521523
27.847201
27.232406
26.677576
26.082132
25.447875
24.876525
24.368320
23.824364
23.344885
22.930169
22.286189
21.904821
21.394835
20.952353
20.674285
20.174036
19.646922
19.381081
18.992909
18.484116
18.141265
17.774207
17.478193
17.064779
16.817448
16.360354
16.069763
15.758361
15.333737
15.075609
14.798118
32.853887
33.261857
33.393088
33.763136
33.855646
34.089169
34.362691
34.679344
34.825341
35.017106
35.477863
35.660711
35.673064
30.962499
30.215781
29.626842
29.091701
28.199412
27.775631
27.102026
26.487683
25.933036
25.338047
24.704508
24.133586
23.625510
23.081927
22.602512
22.187543
21.544629
21.162908
20.653328
20.210914
19.932028
19.432250
18.905800
18.639176
18.250952
17.742831
17.399738
17.032611
16.736148
16.322997
16.074996
15.618484
15.327533
15.015923
14.591784
14.333192
13.963317
32.141276
32.543506
32.670409
33.034959
33.123402
33.352176
33.620773
33.932305
34.074089
34.261433
34.716396
34.894923
34.903879
30.214901
29.468987
28.880076
28.344734
27.454217
27.029752
26.356863
25.742972
25.188507
24.593972
23.961152
23.390656
22.882708
22.339498
21.860145
21.444923
20.803075
20.420999
19.911825
19.469480
19.189773
18.690467
18.164681
17.802555
17.508996
17.001548
16.658213
16.291015
15.994104
15.581215
15.239606
14.876611
14.585302
14.273483
13.849828
13.590771
13.221119
31.428693
31.825181
31.947755
32.306806
32.391182
32.615206
32.878877
33.185289
33.322858
33.505782
33.954950
34.129154
34.134713
29.467321
28.722208
28.030583
27.597782
26.709036
26.283886
25.611712
24.998274
24.443989
23.849908
23.217805
22.647734
22.139915
21.597077
21.117786
20.702310
20.061527
19.679096
19.170328
18.728050
18.447523
17.948687
17.423565
17.061200
16.767041
16.260266
15.916688
15.549418
15.252058
14.839431
14.497698
14.134737
13.843068
13.531039
13.107869
12.848347
12.478917
30.716136
31.106882
31.225127
31.578679
31.658987
31.878260
32.137005
32.438295
32.571648
32.750151
33.193524
33.363405
33.365566
28.719757
27.975446
27.284402
26.850845
25.963868
25.538033
24.866574
24.253586
23.699482
23.105854
22.474468
21.904822
21.397130
20.854663
20.375434
19.959704
19.319984
18.937199
18.428835
17.986625
17.705276
17.206910
16.682451
16.319848
16.025088
15.518985
15.175163
14.807822
14.510013
14.097646
13.755789
13.392860
13.100831
12.788593
12.365907
12.015338
11.736711
30.003605
30.288338
30.502524
30.850576
30.926815
31.141338
31.395156
31.691323
31.820461
31.994541
32.432119
32.597676
32.596438
27.972211
27.228700
26.538235
26.103923
25.218715
24.692012
24.121449
23.508911
22.954987
22.361811
21.731141
21.161919
20.654354
20.112258
19.537094
19.217104
18.578448
18.195307
17.687346
17.245203
16.963033
16.465137
15.941340
15.578497
15.283137
14.777705
14.433639
14.066226
13.767966
13.355861
13.013879
12.650982
12.358592
12.046144
11.623941
11.273453
10.994500
29.291101
29.570602
29.779946
30.122497
30.194668
30.404439
30.653329
30.944374
31.069295
31.238953
31.670733
31.723864
31.827330
27.326992
26.481971
25.792085
25.357016
24.473576
23.946738
23.376336
22.764248
22.210503
21.617778
20.890735
20.419025
19.911586
19.369860
18.795303
18.474510
17.836918
17.453420
16.945863
16.503786
16.220793
15.723366
15.200231
14.837149
14.541187
14.036426
13.692115
13.324630
13.025920
12.614074
12.271967
11.909102
11.616351
11.303692
10.881972
10.531564
10.252285
28.578623
28.852892
29.057394
29.394444
29.462545
29.667563
29.911525
30.197447
30.318150
30.483385
30.909369
30.958756
31.058240
26.578925
25.735258
25.045949
24.610124
23.728451
23.201477
22.631236
22.019596
21.466030
20.873755
20.147976
19.676141
19.073135
18.532215
18.053519
17.731924
17.095393
16.711538
16.204385
15.762373
15.478558
14.981599
14.459125
14.095802
13.799239
13.295148
12.950592
12.583033
12.283872
11.872287
11.530053
11.167220
10.874108
10.561237
10.139999
9.789671
9.510066
27.866172
28.135208
28.334867
28.666415
28.730446
28.930711
29.169745
29.450542
29.567027
29.727838
30.148025
30.193667
30.289169
25.830876
24.988562
24.299830
23.863246
22.983340
22.456229
21.886148
21.274957
20.721568
20.129743
19.405225
18.933265
18.330931
17.790380
17.311742
16.989344
16.353875
15.969662
15.462911
15.020965
14.736326
14.239834
13.718021
13.354458
13.057292
12.553870
12.209069
11.841437
11.541825
11.130498
10.788139
10.425336
10.131862
9.818779
9.398024
9.047774
8.767843
27.153747
27.417550
27.612365
27.938411
27.998371
28.193883
28.427987
28.703659
28.815926
28.972312
29.281066
29.428598
29.520118
25.082843
24.241881
23.553726
23.116383
22.238243
21.710995
21.141073
20.530329
19.977117
19.385742
18.662485
18.190398
17.588736
17.048552
16.569972
16.246770
15.612363
15.227792
14.721442
14.279560
13.994097
13.406619
12.976920
12.613115
12.315346
11.812594
11.467547
11.099841
10.799776
10.299497
10.046222
9.683450
9.389613
9.076318
8.656045
8.305874
8.025616
26.441349
26.699918
26.889889
27.210432
27.266320
27.457078
27.686252
27.956799
28.064847
28.216808
28.520337
28.663549
28.751085
24.334828
23.495217
22.807637
22.369535
21.493160
20.965773
20.396010
19.785713
19.232677
18.641751
17.919754
17.353108
16.846549
16.306732
15.828210
15.504203
14.870856
14.485927
13.979978
13.538160
13.251872
12.665406
12.235822
11.871775
11.573403
11.071319
10.726025
10.358245
10.057728
9.558252
9.304304
8.853394
8.647362
8.333855
7.914062
7.563970
7.283385
25.728977
25.982311
26.167438
26.482477
26.534293
26.720296
26.944539
27.209961
27.313789
27.461324
27.759629
27.898519
27.982072
23.586831
22.748570
22.061564
21.622702
20.748091
20.220566
19.650960
19.041109
18.488249
17.897770
17.177034
16.610807
16.104370
15.564919
15.086455
14.761643
14.129356
13.744067
13.238519
12.796764
12.509651
11.924197
11.494726
11.130436
10.831460
10.330045
9.984504
9.616648
9.315678
8.817006
8.562385
8.112050
7.905109
7.591388
7.172077
6.822062
6.541149
25.016631
25.264731
25.445012
25.754547
25.802290
25.983538
26.202850
26.463145
26.562752
26.705861
26.998941
27.133510
27.213078
22.838850
22.001939
21.315507
20.875884
20.003036
19.475371
18.905922
18.296516
17.743831
17.153800
16.434322
15.868515
15.362200
14.823115
14.344706
14.019089
13.387861
13.002212
12.497064
12.055372
11.767434
11.182991
10.753633
10.389100
10.089520
9.588772
9.242983
8.875052
8.573629
8.075759
7.820464
7.370704
7.162854
6.762215
6.430088
6.080151
5.798909
24.304312
24.547176
24.722611
25.026642
25.070311
25.246803
25.461184
25.716351
25.811737
25.950419
26.238273
26.368520
26.444102
22.090887
21.255324
20.569465
20.129080
19.257995
18.730190
18.160897
17.551936
16.999425
16.409840
15.691621
15.126232
14.620039
14.081318
13.602965
13.276542
12.646373
12.260363
11.755614
11.313985
11.025220
10.441788
10.012543
9.647766
9.347580
8.847500
8.501463
8.133456
7.831579
7.334511
7.078542
6.629356
6.420596
6.020290
5.688095
5.338235
5.056665
23.592020
23.829648
24.000236
24.298762
24.338356
24.510092
24.719540
24.969580
25.060744
25.194998
25.477626
25.603549
25.675146
21.342940
20.508726
19.823439
19.285992
18.417527
17.985022
17.321239
16.807367
16.255030
15.665891
14.948929
14.383958
13.877886
13.339529
12.861232
12.534001
11.904890
11.518520
11.014170
10.572602
10.283010
9.700588
9.271455
8.906434
8.605643
8.106229
7.759943
7.304884
7.002717
6.593263
6.336619
5.888006
5.678335
5.278362
4.946100
4.596316
4.229594
22.879754
23.112145
23.277886
23.570906
23.606426
23.773404
23.977919
24.123053
24.309773
24.439598
24.716999
24.838599
24.906209
20.595012
19.762144
19.077428
18.539771
17.673064
17.239867
16.576789
16.062810
15.510646
14.921952
14.206248
13.641693
13.135741
12.597748
12.119505
11.791467
11.163414
10.687240
10.272729
9.831223
9.452210
8.959391
8.530369
8.165104
7.863706
7.364959
6.931737
6.563834
6.261212
5.852013
5.594694
5.146655
4.850806
4.536431
4.204101
3.854393
3.487888
22.167514
22.394668
22.555561
22.843075
22.874519
23.036740
23.236321
23.376880
23.558823
23.684219
23.956393
24.073668
24.137291
19.847100
19.015578
18.331433
17.793565
16.928616
16.494726
15.832352
15.318265
14.766273
14.178023
13.463575
12.899437
12.393605
11.855975
11.377785
11.048940
10.421943
9.945952
9.531294
9.001690
8.710554
8.218197
7.702103
7.423776
7.121772
6.623690
6.190764
5.822783
5.519707
5.110762
4.852767
4.405301
4.109087
3.794497
3.462099
3.112467
2.746178
21.455301
21.677217
21.833262
22.115269
22.142637
22.300099
22.494746
22.630728
22.807895
22.928861
23.195807
23.308757
23.368392
19.099205
18.269029
17.585453
17.047374
16.184181
15.749597
15.087928
14.573732
14.021911
13.434105
12.720913
12.157191
11.651477
11.114210
10.636073
10.306419
9.680478
9.204671
8.789864
8.260865
7.968901
7.477007
6.961567
6.682449
6.379839
5.882422
5.449791
5.081732
4.778201
4.369510
4.110839
3.663945
3.367366
3.052560
2.636480
2.370537
2.004463
20.743114
20.959792
21.110988
21.387488
21.410778
21.563481
21.753194
21.884599
22.056988
22.173524
22.435241
22.543865
22.599512
18.351328
17.522496
16.839489
16.301198
15.439760
15.004483
14.343516
13.829211
13.277561
12.690198
11.978260
11.414953
10.909358
10.372452
9.894368
9.563905
8.939020
8.463394
8.048438
7.520043
7.227252
6.735819
6.221034
5.941126
5.637907
5.141155
4.708819
4.340681
4.036694
3.628258
3.368910
2.922588
2.625642
2.310620
1.895017
1.628603
1.262745
20.030954
20.242393
20.388739
20.659731
20.678944
20.826887
21.011665
21.138491
21.306103
21.418208
21.674696
21.778994
21.830651
17.603468
16.775979
16.093541
15.555036
14.695354
14.259381
13.599117
13.084702
12.533221
11.946301
11.235617
10.672725
10.167247
9.630702
9.152670
8.821397
8.197567
7.722123
7.307017
6.779226
6.485607
5.994635
5.480504
5.199804
4.895977
4.315160
3.967847
3.599630
3.295187
2.887004
2.626979
2.181228
1.883916
1.568678
1.153551
0.886665
0.521022
19.318820
19.525019
19.666515
19.931999
19.947134
20.090317
20.270158
20.392407
20.555239
20.662913
20.914171
21.014142
21.061809
16.855625
16.029479
15.347608
14.808889
13.950961
13.514293
12.854730
12.340204
11.698461
11.112461
10.492984
9.930505
9.425144
8.888960
8.410980
7.991370
7.456120
6.980858
6.565601
6.038413
5.743965
5.253454
4.739976
4.458484
4.154049
3.574440
3.226875
2.858579
2.553679
2.145750
1.885046
1.439867
1.142188
0.826732
0.412082
0.063010
-0.220705
18.606713
18.807672
18.944317
19.204292
19.215347
19.353770
19.528675
19.646344
19.804398
19.907639
20.153666
20.249309
20.292986
16.107799
15.282995
14.601691
14.062757
13.206582
12.769218
12.110356
11.595718
10.954693
10.369133
9.750361
9.188295
8.683050
8.147226
7.669296
7.249422
6.714680
6.239597
5.824190
5.297605
5.002328
4.512276
3.999451
3.717166
3.412122
2.833721
2.485904
2.117528
1.812171
1.404494
1.060683
0.698504
0.400457
0.084784
-0.329391
-0.678390
-0.962437
17.894632
18.090350
18.222144
18.476609
18.483585
18.617246
18.787214
18.900303
19.053577
19.152386
19.393182
19.484497
19.524182
15.359991
14.536527
13.855789
13.316640
12.462218
12.024156
11.365994
10.851244
10.210937
9.625816
9.007747
8.446094
7.940965
7.405499
6.927620
6.507481
5.887385
5.498343
5.082783
4.556801
4.260693
3.771101
3.258928
2.892172
2.586669
2.093003
1.744934
1.376478
1.070663
0.663237
0.319294
-0.042862
-0.341276
-0.657167
-1.070867
-1.419793
-1.704172
17.182577
17.373055
17.499996
17.748951
17.751847
17.880746
18.045776
18.154285
18.302779
18.397154
18.632718
18.719704
18.755397
14.612200
13.790076
13.109903
12.570538
11.717867
11.279108
10.532084
10.106782
9.467191
8.882510
8.265143
7.703901
7.198888
6.663781
6.185950
5.765546
5.146501
4.757093
4.341382
3.816000
3.519063
3.029929
2.518408
2.151403
1.845291
1.352286
1.003964
0.635427
0.329154
-0.078020
-0.422097
-0.784229
-1.083012
-1.399121
-1.812346
-2.161200
-2.445912
16.470549
16.655785
16.777873
17.021318
17.020133
17.144270
17.304361
17.408289
17.552002
17.641943
17.872274
17.954931
17.986632
13.864426
13.043641
12.364032
11.824450
10.973530
10.534072
9.788297
9.362332
8.723457
8.139214
7.522549
6.961718
6.456819
5.922070
5.444289
5.023618
4.405623
4.015849
3.515862
3.075205
2.777436
2.288760
1.777890
1.410636
1.103915
0.611570
0.262995
-0.105624
-0.412356
-0.819279
-1.163489
-1.525598
-1.824750
-2.141078
-2.553829
-2.902610
-3.187655
15.758547
15.938541
16.055776
16.293710
16.288443
16.407816
16.562969
16.662315
16.801246
16.886752
17.111851
17.190177
17.217885
13.116669
12.297223
11.618177
11.078377
10.229208
9.789050
9.044522
8.617893
7.979733
7.395928
6.779965
6.219544
5.714759
5.180367
4.702634
4.281697
3.664752
3.274610
2.775015
2.334413
2.035813
1.547595
1.037375
0.669871
0.362540
-0.129145
-0.477974
-0.846675
-1.153866
-1.560538
-1.904883
-2.266969
-2.566490
-2.883038
-3.295315
-3.644025
-3.929403
15.046572
15.221323
15.333704
15.566126
15.556777
15.671387
15.821599
15.916364
16.050512
16.131583
16.351448
16.425444
16.449157
12.368929
11.550821
10.872337
10.332319
9.484899
9.044042
8.300760
7.873467
7.236021
6.652653
6.037390
5.477379
4.972707
4.438672
3.960986
3.539782
2.923886
2.533377
2.034173
1.593625
1.294193
0.806432
0.296863
-0.070891
-0.378834
-0.869859
-1.218943
-1.587726
-1.895376
-2.301799
-2.646278
-3.008342
-3.308233
-3.625000
-4.036804
-4.385443
-4.671155
14.334623
14.504130
14.611658
14.838567
14.825136
14.934980
15.080253
15.170435
15.299800
15.376435
15.591066
15.660730
15.680449
11.621207
10.804435
10.126513
9.586276
8.740604
8.299047
7.557010
7.042047
6.492320
5.909388
5.209366
4.735224
4.230664
3.696984
3.219346
2.797874
2.183026
1.792149
1.293336
0.852842
0.552577
-0.016241
-0.443647
-0.811652
-1.120206
-1.610572
-1.959910
-2.328777
-2.636887
-3.043060
-3.387675
-3.749717
-4.049978
-4.366965
-4.778296
-5.126865
-5.412912
13.622701
13.786964
13.889636
14.111033
14.093518
14.198597
14.338929
14.424527
14.549110
14.621308
14.830704
14.896035
14.911759
10.873502
10.058066
9.380705
8.840248
7.996323
7.554065
6.813273
6.298194
5.748630
5.166133
4.467358
3.993077
3.488629
2.955304
2.477712
2.055972
1.442172
1.050926
0.552503
0.112063
-0.189035
-0.756853
-1.184154
-1.552410
-1.861576
-2.351284
-2.700878
-3.069827
-3.378399
-3.784323
-4.129073
-4.491094
-4.791726
-5.108934
-5.519792
-5.868290
-6.154672
12.910805
13.069823
13.167640
13.383523
13.361924
13.462238
13.597628
13.678643
13.798441
13.866201
14.070362
14.131361
14.143089
10.125814
9.311712
8.634912
8.094234
7.252057
6.809096
6.069549
5.554352
5.004952
4.422889
3.725359
3.250939
2.663065
2.213633
1.736086
1.314077
0.701324
0.309709
-0.188325
-0.628711
-0.930644
-1.497461
-1.924659
-2.293167
-2.602945
-3.091995
-3.441845
-3.810878
-4.119911
-4.525586
-4.870473
-5.310154
-5.533476
-5.850905
-6.261291
-6.609720
-6.896437
12.198936
12.352709
12.445669
12.656039
12.630355
12.725902
12.856350
12.932780
13.047793
13.111116
13.310041
13.366706
13.374437
9.378143
8.565376
7.889134
7.348236
6.507804
6.064140
5.325836
4.810523
4.261284
3.679656
2.983370
2.508811
1.921593
1.389403
0.912253
0.572188
-0.039518
-0.431503
-0.929148
-1.369482
-1.672248
-2.238066
-2.665161
-3.033921
-3.344312
-3.832705
-4.182811
-4.630063
-4.861424
-5.266850
-5.611874
-6.050990
-6.275228
-6.592879
-7.002794
-7.351153
-7.638206
11.487093
11.548761
11.723724
11.928578
11.898809
11.989590
12.024914
12.186939
12.297167
12.356051
12.549740
12.602071
12.605805
8.542045
7.819055
7.143373
6.602252
5.763565
5.319198
4.582137
4.066705
3.517627
2.936433
2.241391
1.766691
1.180130
0.648293
0.171187
-0.169694
-0.780354
-1.253301
-1.669966
-2.110248
-2.493586
-2.978668
-3.405660
-3.774673
-4.085678
-4.573414
-4.923777
-5.370569
-5.602937
-6.085209
-6.353276
-6.791827
-7.016983
-7.411059
-7.744299
-8.092589
-8.379979
10.775276
10.832208
11.001803
11.201143
11.167288
11.253301
11.284226
11.441121
11.546563
11.601008
11.789459
11.837456
11.837191
7.794963
7.072751
6.397626
5.856282
5.019340
4.574269
3.838450
3.322899
2.773982
2.193220
1.499422
1.024581
0.438675
-0.092810
-0.569873
-0.911569
-1.521184
-1.993958
-2.410779
-2.851010
-3.234638
-3.719267
-4.146157
-4.515424
-4.827043
-5.314122
-5.664742
-6.111076
-6.344450
-6.825930
-7.094680
-7.532667
-7.758740
-8.152493
-8.485808
-8.834030
-9.121756
10.063486
10.115681
10.279908
10.473732
10.435790
10.517035
10.543562
10.695325
10.795980
10.845985
11.029199
11.072860
11.068597
7.047898
6.326464
5.651896
5.110328
4.275129
3.829353
3.094775
2.579104
2.030348
1.450018
0.757462
0.282479
-0.302772
-0.833906
-1.310925
-1.653438
-2.262008
-2.734609
-3.151588
-3.591768
-3.975686
-4.459863
-4.886652
-5.256172
-5.568405
-6.054829
-6.482466
-6.851582
-7.085964
-7.566653
-7.836086
-8.273508
-8.500499
-8.893929
-9.227321
-9.575474
-9.863538
9.351722
9.399180
9.558038
9.746346
9.704317
9.780793
9.802920
9.949551
10.045419
10.090984
10.268959
10.308284
10.300022
6.300850
5.580193
4.820696
4.364388
3.530933
3.084451
2.351113
1.835322
1.286724
0.706826
0.015512
-0.459613
-1.044211
-1.574993
-2.051969
-2.395300
-3.002826
-3.475254
-3.892392
-4.332522
-4.716731
-5.200456
-5.627144
-5.996918
-6.309767
-6.795535
-7.222886
-7.592088
-7.827478
-8.307376
-8.577493
-9.014351
-9.242261
-9.635368
-10.043057
-10.316922
-10.605323
8.639985
8.682704
8.836194
9.018985
8.972867
9.044574
9.062301
9.203800
9.294880
9.336003
9.508740
9.543728
9.531466
5.553820
4.833938
4.075547
3.618464
2.786750
2.339562
1.607464
1.091551
0.543112
-0.036356
-0.726428
-1.282334
-1.785641
-2.316073
-2.793007
-3.137156
-3.743638
-4.215894
-4.633191
-5.073271
-5.457772
-5.941046
-6.367633
-6.737662
-7.051126
-7.536240
-7.963306
-8.332594
-8.644226
-9.048100
-9.318901
-9.755197
-9.984026
-10.376811
-10.784031
-11.058374
-11.347113
7.928274
7.966254
8.114375
8.291649
8.241442
8.308379
8.321704
8.458070
8.544362
8.581043
8.748541
8.779191
8.762928
4.806806
4.087699
3.330415
2.872554
2.042581
1.594686
0.863827
0.347792
-0.282012
-0.779527
-1.468359
-2.023862
-2.527062
-3.057144
-3.534038
-3.879005
-4.484444
-4.956529
-5.373985
-5.814016
-6.198810
-6.681632
-7.108119
-7.478405
-7.792485
-8.276944
-8.703725
-9.073100
-9.385196
-9.788826
-10.060311
-10.496044
-10.725792
-11.118256
-11.525008
-11.799830
-12.088907
7.216589
7.249830
7.392581
7.564337
7.510041
7.572207
7.581131
7.712363
7.705744
7.826105
7.988362
8.014674
7.994410
4.144929
3.341477
2.585298
2.126658
1.298426
0.849824
0.120203
-0.395955
-1.025054
-1.522687
-2.210280
-2.765381
-3.268475
-3.798209
-4.275061
-4.620848
-5.225244
-5.697158
-6.114774
-6.554757
-6.939843
-7.422215
-7.848603
-8.219145
-8.533841
-9.017647
-9.444143
-9.813607
-10.126166
-10.529552
-10.801722
-11.236893
-11.467561
-11.859704
-12.265988
-12.541289
-12.830706
6.422338
6.616723
6.670812
6.752379
6.778664
6.836058
6.840580
6.966678
6.955828
6.983077
7.228203
7.250177
7.225911
3.397396
2.511441
1.840196
1.297867
0.636522
0.104974
-0.623409
-1.139690
-1.768084
-2.265837
-2.952191
-3.506890
-4.009880
-4.539265
-5.016077
-5.362684
-5.966038
-6.437782
-6.855559
-7.295494
-7.680873
-8.162796
-8.664177
-8.959883
-9.275196
-9.758349
-10.184561
-10.554113
-10.867138
-11.270279
-11.543135
-11.977744
-12.281925
-12.601154
-13.006972
-13.282752
-13.572508
5.711208
5.899841
5.949068
6.025641
6.047310
6.099933
6.100052
6.221015
6.205934
6.228745
6.468065
6.485699
6.546816
2.649880
1.765804
1.095110
0.552553
-0.108155
-0.639862
-1.367009
-1.883414
-2.511103
-3.008977
-3.694092
-4.248391
-4.751276
-5.280313
-5.757086
-6.104513
-6.706827
-7.178401
-7.596338
-8.036226
-8.421900
-8.903373
-9.404112
-9.700619
-10.016550
-10.499050
-10.924978
-11.294619
-11.608109
-12.011008
-12.284549
-12.718597
-13.023153
-13.342608
-13.747958
-14.024219
-14.385371
5.000105
5.182984
5.227350
5.298928
5.315981
5.363832
5.359547
5.475375
5.456061
5.474435
5.707948
5.721242
5.777768
1.902382
1.020182
0.350039
-0.192746
-0.852818
-1.465453
-2.110596
-2.627125
-3.254111
-3.752106
-4.435984
-4.989883
-5.492664
-6.021354
-6.498088
-6.846336
-7.447609
-7.919014
-8.337113
-8.776954
-9.162922
-9.643947
-10.144044
-10.441353
-10.757902
-11.239750
-11.665395
-12.035125
-12.349081
-12.751737
-13.025965
-13.459452
-13.764384
-14.084065
-14.488948
-14.765690
-15.126636
4.289028
4.466154
4.505657
4.572239
4.584676
4.627754
4.619065
4.729756
4.706209
4.720145
4.947850
4.956804
5.008740
1.154900
0.274578
-0.395016
-0.938030
-1.597467
-2.209712
-2.854170
-3.370825
-3.997109
-4.495225
-5.177866
-5.731366
-6.234043
-6.762387
-7.239082
-7.588152
-8.188385
-8.659622
-9.077884
-9.517678
-9.903941
-10.384518
-10.883974
-11.182084
-11.499253
-11.980449
-12.405812
-12.775632
-13.090054
-13.492467
-13.838787
-14.200308
-14.505617
-14.825524
-15.229942
-15.507164
-15.867906
3.577978
3.749350
3.783989
3.845575
3.853395
3.891699
3.878606
3.984160
3.956379
3.965876
4.187773
4.192385
4.239731
0.325087
-0.471011
-1.140055
-1.683300
-2.342102
-2.953958
-3.597732
-4.114513
-4.740095
-5.238334
-5.919738
-6.472839
-6.975414
-7.503412
-7.980070
-8.405352
-8.929156
-9.400225
-9.818649
-10.258398
-10.644957
-11.125086
-11.623902
-11.922814
-12.240602
-12.721147
-13.146228
-13.516138
-13.831027
-14.233198
-14.579661
-14.941167
-15.246852
-15.566986
-15.970939
-16.248642
-16.609179
2.866954
3.032571
2.981027
3.118936
3.122138
3.155668
3.138169
3.238586
3.206571
3.211628
3.427716
3.427987
3.470740
-0.421806
-1.216583
-1.885079
-2.428555
-3.086723
-3.698191
-4.341281
-4.858189
-5.483070
-5.981432
-6.661600
-7.214304
-7.716777
-8.244429
-8.721050
-9.146609
-9.669920
-10.140822
-10.559410
-10.999114
-11.385969
-11.865650
-12.363827
-12.663542
-12.981949
-13.533390
-13.886643
-14.256644
-14.572001
-14.973930
-15.320535
-15.682028
-15.988090
-16.308451
-16.711939
-16.990124
-17.350457
2.155956
2.315819
2.259927
2.392321
2.390905
2.419660
2.397755
2.493035
2.456784
2.457401
2.667680
2.663608
2.701769
-1.168682
-1.962139
-2.630088
-3.173795
-3.831330
-4.442410
-5.084818
-5.601854
-6.226033
-6.801194
-7.403453
-7.955759
-8.458131
-8.985439
-9.462023
-9.887860
-10.410679
-10.881414
-11.300165
-11.739825
-12.126977
-12.606212
-13.103749
-13.404268
-13.723295
-14.273542
-14.627058
-14.997150
-15.312975
-15.714664
-16.061412
-16.422890
-16.729330
-17.049919
-17.452942
-17.731609
-18.091738
1.444985
1.599092
1.538851
1.665731
1.659696
1.683676
1.657364
1.747505
1.707019
1.703194
1.907664
1.899248
1.846950
-1.915541
-2.707678
-3.375081
-3.919020
-4.654310
-5.186617
-5.905707
-6.345506
-6.968986
-7.543724
-8.145296
-8.697206
-9.199477
-9.726441
-10.202989
-10.629104
-11.151431
-11.622000
-12.040916
-12.552779
-12.867981
-13.346770
-13.843669
-14.216032
-14.535508
-15.013692
-15.367472
-15.737657
-16.053950
-16.455398
-16.802290
-17.163755
-17.470573
-17.791390
-18.193948
-18.473099
-18.833024
0.734040
0.803177
0.817800
1.019641
0.928511
0.947715
0.916996
1.001998
0.957275
0.949009
1.147668
1.134909
1.078603
-2.742397
-3.453201
-4.120058
-4.664230
-5.398339
-5.930810
-6.648671
-7.165601
-7.711928
-8.286243
-8.887129
-9.438643
-9.940814
-10.467434
-10.943948
-11.370342
-11.892178
-12.362581
-12.781663
-13.292938
-13.608982
-14.158386
-14.583586
-14.956209
-15.276306
-15.753842
-16.107886
-16.478163
-16.794925
-17.196133
-17.543169
-17.904621
-18.211818
-18.532863
-18.934958
-19.214592
-19.574315
0.023122
0.087011
0.096775
0.292576
0.197351
0.211777
0.176650
0.256513
0.207553
0.194845
0.387693
0.370589
0.310276
-3.488668
-4.198708
-4.865020
-5.409426
-6.142354
-6.674990
-7.391622
-7.908681
-8.454858
-9.028752
-9.628953
-10.180071
-10.682143
-11.208421
-11.684899
-12.111573
-12.632918
-13.103157
-13.593887
-14.033093
-14.349979
-14.898394
-15.323500
-15.696385
-16.017102
-16.493991
-16.848300
-17.218669
-17.535900
-17.936869
-18.284049
-18.645489
-18.953065
-19.274340
-19.675972
-20.022962
-20.315609
-0.687770
-0.629129
-0.624225
-0.434464
-0.533786
-0.524137
-0.563672
-0.488950
-0.542148
-0.559299
-0.372262
-0.393711
-0.458033
-4.234922
-4.944198
-5.609966
-6.154607
-6.886355
-7.419156
-8.134560
-8.651750
-9.197778
-9.771250
-10.370766
-10.921491
-11.423463
-11.949399
-12.425844
-12.852798
-13.373653
-13.843727
-14.334079
-14.773243
-15.090972
-15.638399
-16.063412
-16.436558
-16.757897
-17.234139
-17.588713
-17.959175
-18.276876
-18.677606
-19.024932
-19.453585
-19.694315
-20.015819
-20.416988
-20.763917
-21.056907
-1.398636
-1.345244
-1.345200
-1.161479
-1.264899
-1.260028
-1.303972
-1.234391
-1.291827
-1.313421
-1.132196
-1.157992
-1.226323
-4.981159
-5.689673
-6.354897
-6.899773
-7.630343
-8.163309
-8.877486
-9.394807
-9.940686
-10.513738
-11.112571
-11.662901
-12.164775
-12.690370
-13.166781
-13.594016
-14.114382
-14.584292
-15.074267
-15.513389
-15.831961
-16.378401
-16.803322
-17.176730
-17.498690
-17.974286
-18.329125
-18.699682
-19.017853
-19.418344
-19.765815
-20.193913
-20.435567
-20.757301
-21.158008
-21.504876
-21.798210
-2.109475
-2.061332
-2.066149
-1.888470
-1.995988
-1.995895
-2.044249
-1.979810
-2.041484
-2.067523
-1.892111
-1.922252
-1.994594
-5.805066
-6.435130
-7.099812
-7.644925
-8.374316
-8.907450
-9.620400
-10.137852
-10.683583
-11.256216
-11.854365
-12.404302
-12.906079
-13.431332
-13.907711
-14.335227
-14.855104
-15.324852
-15.814450
-16.253531
-16.572947
-17.118400
-17.543229
-17.916899
-18.239482
-18.714431
-19.069537
-19.440188
-19.758830
-20.159083
-20.506700
-20.934243
-21.176821
-21.498786
-21.899031
-22.245839
-22.539517
-2.820288
-2.777395
-2.787074
-2.615436
-2.727052
-2.731739
-2.784504
-2.725206
-2.791120
-2.821604
-2.652005
-2.686494
-2.762845
-6.550717
-7.180572
-7.844712
-8.390062
-9.118275
-9.651576
-10.363301
-10.880886
-11.426469
-11.998683
-12.596150
-13.145694
-13.647374
-14.172287
-14.648634
-15.076432
-15.595821
-16.065406
-16.554628
-16.993669
-17.313930
-17.858396
-18.283133
-18.657066
-18.980272
-19.454576
-19.809948
-20.180694
-20.499808
-20.899823
-21.247587
-21.674575
-21.918078
-22.240274
-22.640057
-22.986805
-23.280828
-3.531075
-3.493431
-3.507973
-3.342378
-3.458093
-3.467559
-3.524735
-3.470580
-3.540735
-3.575664
-3.411878
-3.450715
-3.531078
-7.296350
-7.925997
-8.589597
-9.135184
-9.862220
-10.395690
-11.106190
-11.623907
-12.169344
-12.741139
-13.337924
-13.887077
-14.388661
-14.913235
-15.389550
-15.817630
-16.336532
-16.805955
-17.294801
-17.733802
-18.054908
-18.598389
-19.023035
-19.397232
-19.721061
-20.194720
-20.550359
-20.921200
-21.240786
-21.706117
-21.988475
-22.414908
-22.659338
-22.981765
-23.381087
-23.727775
-24.022143
-4.241835
-4.209443
-4.228847
-4.069294
-4.189110
-4.203356
-4.264944
-4.215932
-4.290327
-4.329703
-4.171731
-4.214917
-4.299292
-8.041967
-8.671406
-9.334465
-9.880291
-10.606151
-11.139790
-11.849066
-12.366917
-12.912208
-13.483586
-14.079690
-14.628451
-15.129939
-15.654174
-16.130459
-16.558822
-17.077237
-17.546498
-18.034970
-18.473931
-18.795883
-19.338379
-19.762934
-20.137395
-20.461848
-20.934863
-21.290770
-21.727218
-21.981764
-22.446315
-22.729364
-23.155244
-23.400599
-23.787355
-24.122120
-24.468749
-24.763463
-4.952569
-4.925428
-4.949696
-4.872470
-4.920102
-4.939130
-5.005130
-4.961262
-5.039899
-5.083721
-4.931564
-5.059207
-5.067486
-8.787566
-9.416799
-10.079319
-10.625383
-11.350069
-11.883877
-12.591930
-13.109915
-13.655061
-14.226022
-14.821445
-15.369816
-15.871209
-16.395106
-16.940386
-17.300007
-17.886255
-18.287036
-18.775133
-19.214056
-19.536855
-20.078365
-20.502830
-20.877556
-21.202634
-21.675005
-22.031180
-22.467181
-22.722743
-23.186514
-23.470255
-23.895581
-24.141863
-24.528306
-24.863156
-25.209727
-25.504786
-5.663277
-5.641387
-5.670519
-5.598813
-5.651071
-5.751467
-5.745293
-5.706569
-5.789449
-5.837718
-5.691377
-5.822791
-5.835662
-9.533148
-10.162175
-10.824156
-11.370461
-12.093972
-12.627951
-13.334781
-13.852901
-14.397903
-14.968447
-15.563191
-16.111171
-16.612470
-17.136030
-17.680736
-18.041186
-18.626404
-19.027569
-19.515292
-19.954177
-20.277822
-20.818348
-21.242724
-21.617715
-21.943418
-22.415145
-22.771589
-23.207143
-23.527955
-23.926713
-24.211147
-24.635921
-24.883130
-25.269260
-25.604196
-25.950708
-26.246114
-6.373958
-6.357321
-6.391318
-6.325132
-6.382015
-6.486657
-6.485433
-6.451855
-6.538977
-6.591694
-6.451169
-6.586354
-6.603818
-10.278713
-10.907535
-11.568979
-12.115524
-12.837861
-13.372012
-14.077620
-14.595876
-15.140733
-15.710862
-16.304927
-16.852518
-17.353723
-17.945232
-18.421079
-18.782358
-19.366547
-19.768096
-20.255447
-20.694294
-21.018786
-21.558329
-21.982615
-22.357872
-22.684201
-23.155285
-23.511998
-23.947106
-24.268390
-24.666914
-24.952041
-25.376262
-25.624399
-26.010217
-26.345239
-26.691694
-26.987446
-7.084613
-7.073229
-7.112091
-7.051426
-7.112936
-7.221824
-7.225551
-7.197118
-7.288483
-7.345649
-7.210941
-7.349898
-7.371956
-11.024261
-11.652879
-12.313785
-12.860572
-13.581737
-14.116059
-14.820446
-15.338838
-15.883553
-16.453267
-17.046653
-17.593856
-18.094968
-18.685596
-19.161414
-19.523523
-20.106684
-20.508618
-20.995596
-21.434406
-21.759746
-22.298306
-22.722504
-23.098027
-23.424982
-23.895424
-24.252406
-24.687068
-25.008826
-25.407116
-25.692936
-26.116605
-26.365670
-26.751177
-27.086285
-27.432682
-27.728782
-7.795242
-7.789111
-7.832839
-7.777696
-7.843832
-7.956967
-7.965646
-7.942359
-8.037969
-8.099584
-7.970692
-8.113422
-8.140074
-11.769792
-12.398206
-13.058577
-13.605605
-14.325598
-14.860093
-15.563260
-16.081789
-16.626361
-17.195661
-17.788370
-18.335184
-18.836204
-19.425952
-19.901743
-20.264682
-20.846815
-21.249135
-21.735741
-22.174514
-22.500703
-23.038280
-23.462391
-23.838180
-24.165762
-24.635562
-25.055869
-25.427031
-25.749263
-26.147319
-26.433833
-26.856950
-27.106944
-27.492139
-27.888377
-28.173675
-28.530720
-8.505844
-8.504967
-8.553562
-8.503941
-8.574705
-8.692087
-8.705718
-8.687578
-8.787432
-8.853497
-8.730424
-8.876927
-8.908174
-12.515305
-13.143517
-13.803352
-14.350624
-15.069445
-15.604114
-16.306061
-16.824728
-17.369158
-17.938045
-18.530076
-19.076504
-19.577432
-20.166300
-20.642064
-21.005834
-21.586940
-21.989646
-22.475880
-22.914618
-23.241656
-23.778251
-24.202274
-24.578331
-24.906540
-25.375698
-25.795733
-26.166993
-26.489700
-26.887522
-27.174731
-27.597297
-27.909262
-28.233104
-28.628885
-28.914672
-29.271520
-9.216420
-9.220798
-9.274260
-9.230161
-9.305553
-9.427183
-9.445767
-9.432774
-9.536874
-9.607390
-9.490134
-9.640412
-9.676254
-13.260802
-13.960394
-14.548112
-15.095627
-15.813279
-16.348121
-17.048850
-17.567656
-18.111945
-18.680419
-19.271773
-19.817814
-20.318651
-20.906641
-21.382378
-21.746980
-22.327059
-22.730152
-23.216015
-23.654718
-23.982605
-24.518219
-24.942155
-25.318480
-25.647317
-26.115834
-26.535596
-26.906956
-27.230137
-27.627727
-27.915631
-28.337646
-28.649996
-28.974073
-29.369397
-29.655672
-30.012323
-9.926969
-9.936602
-9.994932
-9.956357
-10.036378
-10.162257
-10.185794
-10.177949
-10.286295
-10.361261
-10.249825
-10.403877
-10.444316
-14.006281
-14.705122
-15.363357
-15.840616
-16.557098
-17.092116
-17.791626
-18.310571
-18.854720
-19.422782
-20.080239
-20.559116
-21.059862
-21.646974
-22.122685
-22.488119
-23.067172
-23.470653
-23.956146
-24.394813
-24.723551
-25.258184
-25.682034
-26.058627
-26.388092
-26.917631
-27.275459
-27.646918
-27.970575
-28.367932
-28.716945
-29.077997
-29.390732
-29.715044
-30.109912
-30.396676
-30.753131
-10.637492
-10.652381
-10.715579
-10.682528
-10.767178
-10.897306
-10.925797
-10.996818
-11.035694
-11.115112
-11.009495
-11.167323
-11.212358
-14.751744
-15.449833
-16.107537
-16.655165
-17.300904
-17.836097
-18.466342
-19.053475
-19.597484
-20.165134
-20.821371
-21.366209
-21.866494
-22.387299
-22.862985
-23.229252
-23.807279
-24.211148
-24.696271
-25.134904
-25.527232
-25.998145
-26.421910
-26.798772
-27.128865
-27.657221
-28.015321
-28.386880
-28.711014
-29.108139
-29.457303
-29.818350
-30.131470
-30.456018
-30.850430
-31.137683
-31.493943
-11.347989
-11.368135
-11.436201
-11.408674
-11.497954
-11.632333
-11.665778
-11.741397
-11.785071
-11.868942
-11.769145
-11.930749
-11.980382
-15.497189
-16.194528
-16.851700
-17.399574
-18.044695
-18.580065
-19.209641
-19.796367
-20.340237
-20.907476
-21.562493
-22.106947
-22.607143
-23.127616
-23.603278
-23.970378
-24.547381
-25.014707
-25.436392
-25.937355
-26.267626
-26.738104
-27.161783
-27.538915
-27.869637
-28.396811
-28.755183
-29.126843
-29.451453
-29.848347
-30.197663
-30.558705
-30.872211
-31.196994
-31.590951
-31.936757
-32.234759
-12.058460
-12.083862
-12.156798
-12.134796
-12.228707
-12.367335
-12.405736
-12.485954
-12.534427
-12.622751
-12.528774
-12.694155
-12.748386
-16.242617
-16.939207
-17.595848
-18.143968
-18.788473
-19.324019
-19.952928
-20.539247
-21.082979
-21.649808
-22.303606
-22.847677
-23.347784
-23.867926
-24.343563
-24.711497
-25.287476
-25.754648
-26.176508
-26.676894
-27.008016
-27.478059
-27.901654
-28.279055
-28.610408
-29.136399
-29.495044
-29.866805
-30.191892
-30.588555
-30.938024
-31.299061
-31.612954
-31.937974
-32.331476
-32.677228
-32.975580
-12.768904
-12.799564
-12.877370
-12.860893
-12.959435
-13.102315
-13.145672
-13.230490
-13.283762
-13.376539
-13.288384
-13.457542
-13.516371
-16.988028
-17.683869
-18.339981
-18.888348
-19.532236
-20.067960
-20.696202
-21.282115
-21.825709
-22.392130
-23.044709
-23.588397
-24.088416
-24.608228
-25.083842
-25.452610
-26.027565
-26.494583
-26.916619
-27.416430
-27.748402
-28.218011
-28.641522
-29.019194
-29.351177
-29.875987
-30.234905
-30.606768
-30.932332
-31.328765
-31.678386
-32.039420
-32.353699
-32.678956
-33.072003
-33.417702
-33.716404
-13.479322
-13.515239
-13.597917
-13.586965
-13.690139
-13.837271
-13.956612
-13.975003
-14.033074
-14.130306
-14.047972
-14.220909
-14.284338
-17.733422
-18.428515
-19.084098
-19.632713
-20.275986
-20.811889
-21.439463
-22.024972
-22.568429
-23.134441
-23.785802
-24.329108
-24.829040
-25.348522
-25.824113
-26.193717
-26.767649
-27.234513
-27.656725
-28.155961
-28.488785
-28.957960
-29.381388
-29.818858
-30.151280
-30.615573
-30.974765
-31.346730
-31.672773
-32.068975
-32.418750
-32.779780
-33.094447
-33.419942
-33.812535
-34.158180
-34.457233
-14.189713
-14.230889
-14.318438
-14.313013
-14.420820
-14.572204
-14.695959
-14.719494
-14.782366
-14.884052
-14.807541
-14.984256
-15.052285
-18.478798
-19.173145
-19.828200
-20.377063
-21.019722
-21.555803
-22.182713
-22.767816
-23.311138
-23.876741
-24.526886
-25.069810
-25.569656
-26.088808
-26.564377
-26.934817
-27.507726
-27.974437
-28.396826
-28.895488
-29.229164
-29.697907
-30.180488
-30.558449
-30.891502
-31.355159
-31.714625
-32.086693
-32.413213
-32.809187
-33.159116
-33.520143
-33.835197
-34.160930
-34.553069
-34.898662
-35.198066
-14.900078
-14.946514
-15.038934
-15.039036
-15.151476
-15.307113
-15.435284
-15.463962
-15.531635
-15.637778
-15.638760
-15.747584
-15.820213
-19.224158
-19.917759
-20.572286
-21.121399
-21.763443
-22.299705
-22.925949
-23.510649
-24.053835
-24.619032
-25.267960
-25.810503
-26.310263
-26.829086
-27.304634
-27.675910
-28.247797
-28.714356
-29.136923
-29.635011
-29.969540
-30.437849
-30.919806
-31.298039
-31.631722
-32.094743
-32.454484
-32.826655
-33.153655
-33.549399
-33.899483
-34.260507
-34.575950
-34.901921
-35.293607
-35.639148
-35.938903
-15.610417
-15.662112
-15.759405
-15.765035
-15.882108
-15.972924
-16.174585
-16.208409
-16.280884
-16.391482
-16.397716
-16.510892
-16.588123
-19.969501
-20.662356
-21.316357
-21.865719
-22.507151
-23.108321
-23.669173
-24.253470
-24.796521
-25.361311
-26.009024
-26.551187
-27.050862
-27.569357
-28.044883
-28.477567
-28.987863
-29.454270
-29.877015
-30.374529
-30.709912
-31.177789
-31.659121
-32.037626
-32.371941
-32.834327
-33.194343
-33.566617
-33.894097
-34.289612
-34.639851
-35.056586
-35.316705
-35.642915
-36.034148
-36.379637
-36.679744
-16.320729
-16.377685
-16.479851
-16.491009
-16.612717
-16.708323
-16.913864
-16.952833
-17.030110
-17.145166
-17.156651
-17.274180
-17.356013
-20.714826
-21.406937
-22.060412
-22.610025
-23.250845
-23.851647
-24.476050
-24.996280
-25.601994
-26.103581
-26.750078
-27.291862
-27.791453
-28.309620
-28.785126
-29.218103
-29.727923
-30.194179
-30.617102
-31.114044
-31.450280
-31.917726
-32.398434
-32.777211
-33.112158
-33.573909
-33.934201
-34.306580
-34.634539
-35.085503
-35.380221
-35.796411
-36.057462
-36.383911
-36.774692
-37.120130
-37.420590
-17.031016
-17.093232
-17.200271
-17.216958
-17.343301
-17.443698
-17.653120
-17.697236
-17.779316
-17.898829
-17.915567
-18.037449
-18.123884
-21.460134
-22.151502
-22.804452
-23.354317
-23.994525
-24.594960
-25.218701
-25.739077
-26.344111
-26.845840
-27.491123
-28.032528
-28.592472
-29.049875
-29.525361
-29.958632
-30.467976
-30.934082
-31.357185
-31.853554
-32.190644
-32.657660
-33.137744
-33.516794
-33.852373
-34.313490
-34.674059
-35.046542
-35.374982
-35.825175
-36.120592
-36.536237
-36.798222
-37.124911
-37.515240
-37.860627
-38.214873
-17.741275
-17.808753
-17.920667
-17.942883
-18.140960
-18.179050
-18.392353
-18.441616
-18.528499
-18.652471
-18.674461
-18.800698
-18.891736
-22.205426
-22.896050
-23.548476
-24.034522
-24.738190
-25.338260
-25.961340
-26.481863
-27.086217
-27.588088
-28.232158
-28.773185
-29.332502
-29.790122
-30.265590
-30.699154
-31.208024
-31.673980
-32.097262
-32.593060
-32.931005
-33.397590
-33.877051
-34.256376
-34.592587
-35.053071
-35.413917
-35.786505
-36.115426
-36.564848
-36.860964
-37.276065
-37.538984
-37.919571
-38.255791
-38.601127
-38.955182
-18.451509
-18.524248
-18.641037
-18.668783
-18.870967
-18.914379
-19.131564
-19.185974
-19.277661
-19.406091
-19.433336
-19.563928
-19.659570
-22.950700
-23.640582
-24.292485
-24.779334
-25.481842
-26.081547
-26.703967
-27.224637
-27.828312
-28.330327
-28.973183
-29.513833
-30.072523
-30.530362
-31.005811
-31.439670
-31.948066
-32.413872
-32.837335
-33.332561
-33.671362
-34.137517
-34.616356
-34.995955
-35.332800
-35.792650
-36.153773
-36.526467
-36.855869
-37.304522
-37.601338
-38.015896
-38.279749
-38.660031
-38.996345
-39.341631
-39.695496
-19.161716
-19.239718
-19.361382
-19.394659
-19.600950
-19.649685
-19.870752
-19.930310
-20.026802
-20.159691
-20.192190
-20.327137
-20.427384
-23.695957
-24.385098
-25.036478
-25.524131
-26.225480
-26.824820
-27.446581
-27.967399
-28.570396
-29.072554
-29.714199
-30.254472
-30.812536
-31.270594
-31.746025
-32.180179
-32.688101
-33.153759
-33.577403
-34.072059
-34.411716
-34.877442
-35.355658
-35.735532
-36.073011
-36.532229
-36.893630
-37.266430
-37.596314
-38.044197
-38.341714
-38.755728
-39.020516
-39.400495
-39.736903
-40.082139
-40.435814
-19.871897
-19.955162
-20.081702
-20.120509
-20.330909
-20.384967
-20.609917
-20.674624
-20.775921
-20.913271
-20.951024
-21.090328
-21.195179
-24.441197
-25.129598
-25.780456
-26.268913
-26.969104
-27.568080
-28.189182
-28.710150
-29.312469
-29.814772
-30.455205
-30.995102
-31.552541
-32.010818
-32.486232
-32.920682
-33.428131
-33.893641
-34.317466
-34.811552
-35.152066
-35.617363
-36.094958
-36.475107
-36.813221
-37.271806
-37.633485
-38.006392
-38.336759
-38.783873
-39.082091
-39.495562
-39.761285
-40.140961
-40.477464
-40.822651
-41.176135
-20.582051
-20.670580
-20.801997
-20.846336
-21.060844
-21.120225
-21.349059
-21.418915
-21.525019
-21.666829
-21.709838
-21.853498
-21.962955
-25.186419
-25.874081
-26.524418
-27.013681
-27.773978
-28.311327
-28.931771
-29.452888
-30.054531
-30.556979
-31.196201
-31.735722
-32.292537
-32.751034
-33.226431
-33.661178
-34.168155
-34.633517
-35.057524
-35.551041
-35.892412
-36.357281
-36.834255
-37.214680
-37.553429
-38.011382
-38.373341
-38.746354
-39.077204
-39.523550
-39.822470
-40.235398
-40.502057
-40.881430
-41.218028
-41.563166
-41.916462
-21.292179
-21.385973
-21.522267
-21.572137
-21.790755
-21.855460
-22.088179
-22.163185
-22.274095
-22.420366
-22.468632
-22.616649
-22.730713
-25.931625
-26.618548
-27.268365
-27.758434
-28.517025
-29.054561
-29.674348
-30.195615
-30.796582
-31.299175
-31.937188
-32.476334
-33.032525
-33.491242
-33.966624
-34.401668
-34.908173
-35.373388
-35.852659
-36.290526
-36.632754
-37.097196
-37.573549
-37.954251
-38.293635
-38.750958
-39.113195
-39.538701
-39.817650
-40.263228
-40.562849
-40.975236
-41.242831
-41.621902
-41.958595
-42.303685
-42.656792
-22.002281
-22.101339
-22.242511
-22.297914
-22.520643
-22.654923
-22.827276
-22.907432
-23.023149
-23.173883
-23.227405
-23.379780
-23.498451
-26.676814
-27.362999
-28.012297
-28.503172
-29.260059
-29.797782
-30.416911
-30.997158
-31.538622
-32.041361
-32.678164
-33.216937
-33.772504
-34.231443
-34.706809
-35.142151
-35.703369
-36.113253
-36.592165
-37.030006
-37.373093
-37.890688
-38.312841
-38.693820
-39.033840
-39.490532
-39.905155
-40.278120
-40.609729
-41.002906
-41.303231
-41.715076
-41.983607
-42.362377
-42.749242
-43.044208
-43.397126
-22.712357
-22.816680
-22.962730
-23.023667
-23.250506
-23.389575
-23.566350
-23.651657
-23.772182
-23.927378
-23.986158
-24.142892
-24.266170
-27.421985
-28.107433
-28.756212
-29.308116
-30.003079
-30.540989
-31.159463
-31.739314
-32.280650
-32.840972
-33.419132
-33.957530
-34.512475
-34.971636
-35.446987
-35.882627
-36.442832
-36.853114
-37.331666
-37.769483
-38.113428
-38.630053
-39.052131
-39.433386
-39.774044
-40.230106
-40.644466
-41.017540
-41.349632
-41.742586
-42.043614
-42.454918
-42.774456
-43.102855
-43.489272
-43.784735
-44.137465
-23.422406
-23.531995
-23.682924
-23.749394
-23.980345
-24.124204
-24.305401
-24.395860
-24.521194
-24.680853
-24.744890
-24.905984
-25.033870
-28.167139
-28.851852
-29.500113
-30.052275
-30.805068
-31.284183
-31.902002
-32.481459
-33.022668
-33.582591
-34.160089
-34.698115
-35.252438
-35.711821
-36.187158
-36.623097
-37.182289
-37.592968
-38.071162
-38.508955
-38.853760
-39.369416
-39.791417
-40.172951
-40.514246
-40.969678
-41.383777
-41.756959
-42.089535
-42.482267
-42.783998
-43.194762
-43.514693
-43.843336
-44.229306
-44.525265
-44.877808
-24.132429
-24.247284
-24.403093
-24.475098
-24.710160
-24.858810
-25.044430
-25.140041
-25.333667
-25.498050
-25.503602
-25.669056
-25.801551
-28.912277
-29.596253
-30.243998
-30.796419
-31.547513
-32.027364
-32.644529
-33.223592
-33.764674
-34.324200
-34.901037
-35.438690
-35.992392
-36.451999
-36.927322
-37.363561
-37.921740
-38.332818
-38.810653
-39.248423
-39.594087
-40.108776
-40.530702
-40.912514
-41.254446
-41.709249
-42.123087
-42.496378
-42.829440
-43.221949
-43.524384
-43.934608
-44.254932
-44.583819
-44.969342
-45.313988
-45.618155
-24.842425
-24.962548
-25.123237
-25.200776
-25.439952
-25.593392
-25.783436
-25.884200
-26.082079
-26.250920
-26.262294
-26.432108
-26.569213
-29.657397
-30.340639
-30.987867
-31.540548
-32.289943
-32.770532
-33.387043
-33.965713
-34.506670
-35.065798
-35.641975
-36.179257
-36.732338
-37.192168
-37.721188
-38.104017
-38.661185
-39.072662
-39.550140
-39.987887
-40.334412
-40.848132
-41.269983
-41.652075
-41.994645
-42.448820
-42.862396
-43.235798
-43.569344
-43.961631
-44.264771
-44.674455
-44.995174
-45.324305
-45.709382
-46.053982
-46.358506
-25.552395
-25.677786
-25.843356
-25.926430
-26.169719
-26.327951
-26.522419
-26.628337
-26.830470
-27.003770
-27.020966
-27.195141
-27.336857
-30.402500
-31.085008
-31.731721
-32.284662
-33.032360
-33.513686
-34.129544
-34.707822
-35.248654
-35.807386
-36.382903
-36.919814
-37.472275
-37.932330
-38.460794
-38.844468
-39.400624
-39.812501
-40.289621
-40.727346
-41.074732
-41.587485
-42.009262
-42.391634
-42.734843
-43.188389
-43.601705
-43.975217
-44.309249
-44.701315
-45.005159
-45.414305
-45.735418
-46.064794
-46.449426
-46.793980
-47.098861
-26.262339
-26.392998
-26.563449
-26.652059
-26.899463
-27.062487
-27.261380
-27.372451
-27.578839
-27.756598
-27.779618
-27.958155
-28.104481
-31.147586
-31.829362
-32.475560
-33.028762
-33.774763
-34.256828
-34.872033
-35.449919
-35.990627
-36.548964
-37.123821
-37.660362
-38.212204
-38.672484
-39.200393
-39.584911
-40.140057
-40.552334
-41.029099
-41.466802
-41.865738
-42.326836
-42.748539
-43.131190
-43.475038
-43.927957
-44.341013
-44.714637
-45.049155
-45.441000
-45.745549
-46.154156
-46.475665
-46.805286
-47.189472
-47.533981
-47.839221
-26.972257
-27.108184
-27.283517
-27.377664
-27.629182
-27.796999
-28.000318
-28.116543
-28.327187
-28.509405
-28.538249
-28.721149
-28.872086
-31.892655
-32.573698
-33.219383
-33.772847
-34.517151
-34.999956
-35.614510
-36.192005
-36.732589
-37.290531
-37.864730
-38.400902
-38.952125
-39.412630
-39.939985
-40.325349
-40.879485
-41.292162
-41.768571
-42.206253
-42.605507
-43.066183
-43.487813
-43.870745
-44.215233
-44.667525
-45.080321
-45.454056
-45.789061
-46.180685
-46.485941
-46.894010
-47.215914
-47.545781
-47.929522
-48.273987
-48.579585
-27.682148
-27.823345
-28.003561
-28.103244
-28.358878
-28.531488
-28.739233
-28.860614
-29.075513
-29.262192
-29.296860
-29.484123
-29.639672
-32.637707
-33.318019
-33.963190
-34.516917
-35.259526
-35.743071
-36.356974
-36.934079
-37.474540
-38.032088
-38.658696
-39.141432
-39.692037
-40.204653
-40.679570
-41.065779
-41.618906
-42.082476
-42.508038
-42.945699
-43.345273
-43.805527
-44.275937
-44.610297
-45.003807
-45.407091
-45.819629
-46.193476
-46.528967
-46.920372
-47.226334
-47.633865
-47.956165
-48.286279
-48.669575
-49.013995
-49.319952
-28.392013
-28.538480
-28.723579
-28.828800
-29.088549
-29.265954
-29.478125
-29.604662
-29.823818
-30.014958
-30.055450
-30.247077
-30.407239
-33.382741
-34.062323
-34.706982
-35.260973
-36.001887
-36.486172
-37.099426
-37.676141
-38.216480
-38.773634
-39.399041
-39.881953
-40.431941
-40.944240
-41.419148
-41.806203
-42.358322
-42.821750
-43.247501
-43.685142
-44.085036
-44.544868
-45.014664
-45.349848
-45.743455
-46.146657
-46.558936
-46.932895
-47.268874
-47.660059
-47.966728
-48.373722
-48.696419
-49.026779
-49.409632
-49.754008
-50.060324
-29.101852
-29.253589
-29.443571
-29.554331
-29.818197
-30.000396
-30.216995
-30.348688
-30.572101
-30.767703
-30.814020
-31.010012
-31.174787
-34.127759
-34.806611
-35.450759
-36.005014
-36.744234
-37.229261
-37.895594
-38.418191
-38.958409
-39.515170
-40.139376
-40.622465
-41.171836
-41.683820
-42.158719
-42.546621
-43.097731
-43.561020
-43.986959
-44.424581
-44.824794
-45.284205
-45.753388
-46.089396
-46.483102
-46.886221
-47.298242
-47.672314
-48.008782
-48.399748
-48.752772
-49.113582
-49.436675
-49.767283
-50.149691
-50.494024
-50.800701
-29.811664
-29.968672
-30.163539
-30.279837
-30.547820
-30.734815
-30.955842
-31.092692
-31.320363
-31.520427
-31.572570
-31.772927
-31.942316
-34.872759
-35.550883
-36.194520
-36.749040
-37.486567
-37.972336
-38.637474
-39.160230
-39.700327
-40.256696
-40.879702
-41.362968
-41.911723
-42.423392
-42.898282
-43.287032
-43.837135
-44.300283
-44.726412
-45.164015
-45.564549
-46.023540
-46.492110
-46.828943
-47.222747
-47.672168
-48.037548
-48.411734
-48.748690
-49.139437
-49.492625
-49.853443
-50.176934
-50.507789
-50.889754
-51.234044
-51.541081
-30.521450
-30.683730
-30.883482
-31.005319
-31.277420
-31.469211
-31.694666
-31.836674
-32.068603
-32.273130
-32.331100
-32.535823
-32.709826
-35.617743
-36.295138
-36.938265
-37.493051
-38.228886
-38.715398
-39.379342
-39.902257
-40.442234
-40.998211
-41.620018
-42.103462
-42.651602
-43.162956
-43.637838
-44.027436
-44.576532
-45.039542
-45.465860
-45.903445
-46.304300
-46.762872
-47.230829
-47.568487
-47.962390
-48.411188
-48.776854
-49.151153
-49.488599
-49.879128
-50.232481
-50.593306
-50.917195
-51.248298
-51.629821
-51.974068
-52.281465
-31.231210
-31.398761
-31.603399
-31.730776
-32.006996
-32.203583
-32.433468
-32.580633
-32.816822
-33.025813
-33.089609
-33.298698
-33.477318
-36.362709
-37.039377
-37.681996
-38.237048
-38.971191
-39.458446
-40.121197
-40.644272
-41.184130
-41.739716
-42.360324
-42.843947
-43.391472
-43.902513
-44.377388
-44.767834
-45.315924
-45.778795
-46.205304
-46.689959
-47.044048
-47.502200
-47.969545
-48.308030
-48.702032
-49.150207
-49.516159
-49.890573
-50.228508
-50.663020
-50.972337
-51.333171
-51.657458
-51.988810
-52.369890
-52.714096
-53.021854
-31.940944
-32.113768
-32.323291
-32.456208
-32.736548
-32.937932
-33.172247
-33.324571
-33.565019
-33.778474
-33.848099
-34.061555
-34.244790
-37.107658
-37.783600
-38.425710
-38.981030
-39.713483
-40.201482
-40.863040
-41.386275
-41.926014
-42.481210
-43.100621
-43.633810
-44.131334
-44.642061
-45.116930
-45.508225
-46.055310
-46.518043
-46.944743
-47.428838
-47.783792
-48.241525
-48.708259
-49.047570
-49.441672
-49.889225
-50.255463
-50.629992
-50.968417
-51.402170
-51.712195
-52.116183
-52.397724
-52.729324
-53.109963
-53.454127
-53.762247
-32.650651
-32.828748
-33.043158
-33.181616
-33.466075
-33.672257
-33.911003
-34.068486
-34.313195
-34.531115
-34.606567
-34.824391
-35.012243
-37.852590
-38.527807
-39.222243
-39.724997
-40.455760
-40.944504
-41.604870
-42.128267
-42.667888
-43.222695
-43.840908
-44.373733
-44.871188
-45.381602
-45.856464
-46.248610
-46.794690
-47.257285
-47.684177
-48.167713
-48.523533
-48.980848
-49.446971
-49.831903
-50.181311
-50.628241
-50.994767
-51.369412
-51.708327
-52.141320
-52.452055
-52.855509
-53.137992
-53.512001
-53.850039
-54.194162
-54.502644
-33.360332
-33.543703
-33.763000
-33.906999
-34.195579
-34.406560
-34.649736
-34.812379
-35.061350
-35.283735
-35.365016
-35.587208
-35.779677
-38.650842
-39.271997
-39.965379
-40.468949
-41.198023
-41.687513
-42.296238
-42.870246
-43.409751
-43.964168
-44.581185
-45.113647
-45.611033
-46.121136
-46.595992
-47.035877
-47.534064
-47.996522
-48.469388
-48.906584
-49.263269
-49.720167
-50.185680
-50.570897
-50.920948
-51.367257
-51.734070
-52.108831
-52.448238
-52.880472
-53.191916
-53.594837
-53.878262
-54.251978
-54.590119
-54.934201
-55.243045
-34.069986
-34.258631
-34.482817
-34.632358
-34.925059
-35.140839
-35.388447
-35.611734
-35.809483
-36.036334
-36.123444
-36.350006
-36.547092
-39.395190
-40.016171
-40.708498
-41.212887
-41.940273
-42.430509
-43.038590
-43.612215
-44.151602
-44.705632
-45.321453
-45.853552
-46.350869
-46.860661
-47.335513
-47.775706
-48.273431
-48.735754
-49.208270
-49.645451
-50.003002
-50.459483
-50.924386
-51.309889
-51.660584
-52.106272
-52.473373
-52.848250
-53.188149
-53.619625
-53.931778
-54.334167
-54.618535
-54.991957
-55.330201
-55.674243
-55.983451
-34.779614
-34.973535
-35.202609
-35.357692
-35.654515
-35.875094
-36.127135
-36.355034
-36.557594
-36.788912
-36.881852
-37.112783
-37.314488
-40.139521
-40.760329
-41.451603
-41.956810
-42.682509
-43.173492
-43.780929
-44.354171
-44.893442
-45.447085
-46.061711
-46.593448
-47.090698
-47.600179
-48.075026
-48.515527
-49.012793
-49.474980
-49.947147
-50.384314
-50.742732
-51.198796
-51.663090
-52.048879
-52.400219
-52.845286
-53.212676
-53.629675
-53.928060
-54.358779
-54.671642
-55.073498
-55.358810
-55.731939
-56.070287
-56.414289
-56.723860
-35.489216
-35.688412
-35.922375
-36.083002
-36.383947
-36.609326
-36.865800
-37.098312
-37.305684
-37.541469
-37.640240
-37.875541
-38.081865
-40.883834
-41.504471
-42.194692
-42.700718
-43.424730
-43.916461
-44.523256
-45.096115
-45.635272
-46.188527
-46.801959
-47.333336
-47.830518
-48.339689
-48.814532
-49.255342
-49.752150
-50.214201
-50.686020
-51.123172
-51.482457
-51.938106
-52.401791
-52.787866
-53.139851
-53.584299
-53.951978
-54.368552
-54.667972
-55.097933
-55.411507
-55.812832
-56.099088
-56.471924
-56.850060
-57.154339
-57.464274
-36.198792
-36.403264
-36.642116
-36.808287
-37.113356
-37.343535
-37.604443
-37.841568
-38.053752
-38.294006
-38.398608
-38.638280
-38.849223
-41.628131
-42.248596
-42.937765
-43.444612
-44.166938
-44.708167
-45.265570
-45.838048
-46.377090
-46.929959
-47.542197
-48.073214
-48.570329
-49.079191
-49.554032
-49.995150
-50.491500
-50.953417
-51.424888
-51.862026
-52.222179
-52.677412
-53.140490
-53.526852
-53.879483
-54.323311
-54.691279
-55.107429
-55.407884
-55.837089
-56.151374
-56.552167
-56.839368
-57.211912
-57.589609
-57.894393
-58.204692
-36.908341
-37.118090
-37.361833
-37.533547
-37.842740
-38.077721
-38.343063
-38.584802
-38.801799
-39.046521
-39.156955
-39.400999
-39.616563
-42.372410
-42.992705
-43.680823
-44.188491
-44.909132
-45.450563
-46.007872
-46.579969
-47.118897
-47.671381
-48.282426
-48.813083
-49.310132
-49.818685
-50.293524
-50.734952
-51.230844
-51.692627
-52.163751
-52.600876
-52.961898
-53.416716
-53.879186
-54.265836
-54.619112
-55.062322
-55.430580
-55.846307
-56.147797
-56.576246
-56.891242
-57.291505
-57.579650
-57.951903
-58.329162
-58.634450
-58.945114
-37.617865
-37.832890
-38.081524
-38.258783
-38.572100
-38.811883
-39.081660
-39.328014
-39.549825
-39.799016
-39.915282
-40.163698
-40.383883
-43.116672
-43.736798
-44.423866
-44.932355
-45.651312
-46.192945
-46.750161
-47.321878
-47.860693
-48.412793
-49.022645
-49.552943
-50.049927
-50.558172
-51.033009
-51.474748
-51.970182
-52.431832
-52.902609
-53.339722
-53.701612
-54.197592
-54.617879
-55.004817
-55.358741
-55.801332
-56.169881
-56.585184
-56.927323
-57.315403
-57.631112
-58.030844
-58.319935
-58.691897
-59.068718
-59.374511
-59.685540
-38.327361
-38.547664
-38.801190
-38.983994
-39.301436
-39.546022
-39.820234
-40.071204
-40.297829
-40.551490
-40.673588
-40.926378
-41.151184
-43.860918
-44.529821
-45.166893
-45.676204
-46.393478
-46.935315
-47.492438
-48.063776
-48.602478
-49.154194
-49.762855
-50.292794
-50.789714
-51.297651
-51.772486
-52.214537
-52.709514
-53.171032
-53.641463
-54.078563
-54.441324
-54.936348
-55.356570
-55.743797
-56.098367
-56.540341
-56.909181
-57.324061
-57.666694
-58.054562
-58.370983
-58.770185
-59.060222
-59.431893
-59.808277
-60.114576
-60.425971
-39.036832
-39.262413
-39.520830
-39.709181
-40.030749
-40.331459
-40.558786
-40.814372
-41.045812
-41.303943
-41.431875
-41.689037
-41.918466
-44.605146
-45.273333
-45.909904
-46.420039
-47.135630
-47.677671
-48.280782
-48.805661
-49.389488
-49.940394
-50.503055
-51.032635
-51.529492
-52.037122
-52.511957
-52.954319
-53.490932
-53.910226
-54.380312
-54.817401
-55.181031
-55.675100
-56.095258
-56.482775
-56.837993
-57.279349
-57.687501
-58.062938
-58.406066
-58.793722
-59.110856
-59.509528
-59.838009
-60.171892
-60.547840
-60.854645
-61.166405
-39.746276
-39.977136
-40.240446
-40.434343
-40.760037
-41.065017
-41.297315
-41.557518
-41.793773
-42.056376
-42.190141
-42.451678
-42.685729
-45.349357
-46.016828
-46.652901
-47.163859
-47.877768
-48.420014
-49.022487
-49.547535
-50.130706
-50.681229
-51.243245
-51.772468
-52.269261
-52.776586
-53.251420
-53.694095
-54.229710
-54.649415
-55.119156
-55.556234
-55.961039
-56.413849
-56.833944
-57.221750
-57.577616
-58.018355
-58.426258
-58.801816
-59.145438
-59.532882
-59.850730
-60.248873
-60.577757
-60.911894
-61.287405
-61.630887
-61.906844
-40.455694
-40.691833
-40.960037
-41.159480
-41.489301
-41.798551
-42.035822
-42.300642
-42.541712
-42.808787
-42.948387
-43.214299
-43.452973
-46.093551
-46.760306
-47.395881
-47.907664
-48.619893
-49.162343
-49.764180
-50.289397
-50.871912
-51.422054
-51.983425
-52.512292
-53.009022
-53.516041
-53.990877
-54.433864
-54.968482
-55.388598
-55.857995
-56.295063
-56.700196
-57.152595
-57.572628
-57.960724
-58.317238
-58.757361
-59.165014
-59.540693
-59.884810
-60.272044
-60.590605
-60.988220
-61.317508
-61.651899
-62.026975
-62.370420
-62.647287
-41.165086
-41.406505
-41.679602
-41.884593
-42.218542
-42.532062
-42.774305
-43.043743
-43.289631
-43.561178
-43.706612
-43.976900
-44.220199
-46.837728
-47.503769
-48.138847
-48.651454
-49.362003
-49.904660
-50.505861
-51.031248
-51.613107
-52.162868
-52.723596
-53.252107
-53.748775
-54.255489
-54.730326
-55.173626
-55.707249
-56.127777
-56.596830
-57.033887
-57.439350
-57.891338
-58.311308
-58.699695
-59.056859
-59.496366
-59.903770
-60.279570
-60.624183
-61.011206
-61.330482
-61.727569
-62.057261
-62.391907
-62.766547
-63.109957
-63.387734
-41.874451
-42.121151
-42.399142
-42.609681
-42.947759
-43.265550
-43.512766
-43.786823
-44.037527
-44.313548
-44.464818
-44.739481
-44.987405
-47.581888
-48.247215
-48.881796
-49.440543
-50.104099
-50.646963
-51.247529
-51.773086
-52.354291
-52.903672
-53.463757
-53.991913
-54.488520
-54.994929
-55.469768
-55.913383
-56.446010
-56.866949
-57.335659
-57.772708
-58.178500
-58.630078
-59.049986
-59.438664
-59.796478
-60.235370
-60.642526
-61.018447
-61.363557
-61.750369
-62.070360
-62.466920
-62.797017
-63.131918
-63.506123
-63.849497
-64.128185
-42.583790
-42.835771
-43.118657
-43.334745
-43.676951
-43.999015
-44.251204
-44.529880
-44.785403
-45.065897
-45.223003
-45.502043
-45.754592
-48.326031
-48.990645
-49.624731
-50.183755
-50.846182
-51.389253
-51.989185
-52.514913
-53.095464
-53.644466
-54.203908
-54.731710
-55.228256
-55.734362
-56.209203
-56.653132
-57.184764
-57.606117
-58.074484
-58.511524
-58.917647
-59.368815
-59.788662
-60.177632
-60.536096
-60.974373
-61.381280
-61.757324
-62.102931
-62.489534
-62.845506
-63.206273
-63.536775
-63.871931
-64.245702
-64.589041
-64.868641
-43.293103
-43.550365
-43.838147
-44.059784
-44.406120
-44.732456
-44.989620
-45.272916
-45.533257
-45.818225
-45.981168
-46.264585
-46.521760
-49.070157
-49.734059
-50.367650
-50.926953
-51.588251
-52.131530
-52.730829
-53.256728
-53.836626
-54.385250
-54.944050
-55.471497
-55.967983
-56.473786
-56.948630
-57.392875
-57.923513
-58.345279
-58.813305
-59.250336
-59.656789
-60.107548
-60.527335
-60.916597
-61.312087
-61.713375
-62.120035
-62.496202
-62.842305
-63.228699
-63.584845
-63.945627
-64.276535
-64.611947
-64.985284
-65.328589
-65.609100
-44.002390
-44.264934
-44.557612
-44.784798
-45.135265
-45.465874
-45.728013
-46.015929
-46.281089
-46.570532
-46.739312
-47.027108
-47.288909
-49.814266
-50.477456
-51.110553
-51.670136
-52.373359
-52.873794
-53.472459
-54.040349
-54.577777
-55.126023
-55.684182
-56.211276
-56.707703
-57.213203
-57.688051
-58.132612
-58.662256
-59.122389
-59.552120
-59.989144
-60.395929
-60.846279
-61.266005
-61.655561
-62.051159
-62.452376
-62.858789
-63.235079
-63.581680
-63.967866
-64.324184
-64.684984
-65.016298
-65.351967
-65.724869
-66.068140
-66.349564
-44.711650
-44.979477
-45.323787
-45.509788
-45.864386
-46.199269
-46.466383
-46.758920
-47.028900
-47.322819
-47.545036
-47.837266
-48.056040
-50.602828
-51.220838
-51.853441
-52.413305
-53.114853
-53.616044
-54.214078
-54.781595
-55.318917
-55.866785
-56.424304
-56.951046
-57.447413
-57.952612
-58.427464
-58.872342
-59.400993
-59.860999
-60.290931
-60.764681
-61.135064
-61.585006
-62.040467
-62.394522
-62.790230
-63.226318
-63.597542
-63.973956
-64.321055
-64.707033
-65.063526
-65.424342
-65.756063
-66.091989
-66.464458
-66.807696
-67.090032
-45.420884
-45.693994
-46.042688
-46.234754
-46.593483
-46.932640
-47.204731
-47.501889
-47.776689
-48.075085
-48.302570
-48.599173
-48.823151
-51.346354
-51.964203
-52.596314
-53.156458
-53.856334
-54.358281
-54.955684
-55.522829
-56.060046
-56.607537
-57.164416
-57.690807
-58.187116
-58.692014
-59.166871
-59.612065
-60.139724
-60.599603
-61.029736
-61.502939
-61.874196
-62.323731
-62.778591
-63.133481
-63.529299
-63.964775
-64.336295
-64.712833
-65.060431
-65.446201
-65.802868
-66.163703
-66.495830
-66.832013
-67.204050
-67.547255
-67.830504
-46.130092
-46.408486
-46.761565
-46.959694
-47.322556
-47.665989
-47.943055
-48.244836
-48.524457
-48.827329
-49.060084
-49.361060
-49.590243
-52.089862
-52.707551
-53.339171
-53.899597
-54.597801
-55.100506
-55.697277
-56.264051
-56.801163
-57.348279
-57.904519
-58.430558
-58.926810
-59.431407
-59.906270
-60.351782
-60.878449
-61.338202
-61.768538
-62.241193
-62.613324
-63.062452
-63.516712
-63.872438
-64.268366
-64.703231
-65.075048
-65.451710
-65.799808
-66.185371
-66.542213
-66.935306
-67.235600
-67.572041
-67.943646
-68.286817
-68.570980
-46.839273
-47.122952
-47.480416
-47.684611
-48.051605
-48.399313
-48.681358
-48.987761
-49.272204
-49.579553
-49.817577
-50.122928
-50.357316
-52.833354
-53.450884
-54.082013
-54.642721
-55.339254
-55.842717
-56.438859
-57.005262
-57.542270
-58.089011
-58.644612
-59.170301
-59.666496
-60.170793
-60.645662
-61.091492
-61.617168
-62.076796
-62.507334
-62.979443
-63.352449
-63.801170
-64.254831
-64.611393
-65.007432
-65.441686
-65.813800
-66.190588
-66.539184
-66.924541
-67.281558
-67.674128
-67.975372
-68.343308
-68.683244
-69.026384
-69.311461
-47.548428
-47.837392
-48.199242
-48.409502
-48.780630
-49.132615
-49.419637
-49.730664
-50.019929
-50.331757
-50.575051
-50.884776
-51.124371
-53.576828
-54.194200
-54.824839
-55.385831
-56.080693
-56.584914
-57.180427
-57.746461
-58.283366
-58.829732
-59.422471
-59.947407
-60.406173
-60.946795
-61.385047
-61.831196
-62.355881
-62.815384
-63.246125
-63.717688
-64.091570
-64.539885
-64.992948
-65.383703
-65.746497
-66.180141
-66.552551
-66.929465
-67.278562
-67.663712
-68.020905
-68.412952
-68.715147
-69.082798
-69.422846
-69.765954
-70.051945
-48.257557
-48.551806
-48.918043
-49.134369
-49.509631
-49.865893
-50.157894
-50.473545
-50.767632
-51.083939
-51.332504
-51.646605
-51.891406
-54.320286
-54.937500
-55.567650
-56.128926
-56.822119
-57.327099
-57.921983
-58.487648
-59.024450
-59.570443
-60.162001
-60.686589
-61.182306
-61.685623
-62.124425
-62.570893
-63.094588
-63.553967
-63.984912
-64.455930
-64.830687
-65.278597
-65.731062
-66.122113
-66.485560
-66.918594
-67.291302
-67.668342
-68.017940
-68.402884
-68.760254
-69.151778
-69.454924
-69.822291
-70.162451
-70.505528
-70.792434
-48.966660
-49.266195
-49.636819
-49.859212
-50.238609
-50.599148
-50.896128
-51.216404
-51.515314
-51.836101
-52.089937
-52.408413
-52.658422
-55.063726
-55.680784
-56.310446
-56.872006
-57.563530
-58.069270
-58.663527
-59.228824
-59.765524
-60.311143
-60.901522
-61.425762
-61.921424
-62.424444
-62.863795
-63.310584
-63.833289
-64.292544
-64.723694
-65.194167
-65.569801
-66.017305
-66.469173
-66.860520
-67.224621
-67.657046
-68.030053
-68.407219
-68.757318
-69.142057
-69.499604
-69.890606
-70.194703
-70.561787
-70.902060
-71.245105
-71.532927
-49.675736
-49.980558
-50.355570
-50.584030
-50.967562
-51.332380
-51.634339
-51.959241
-52.262975
-52.588241
-52.847349
-53.170203
-53.425420
-55.807150
-56.424052
-57.053226
-57.615072
-58.304928
-58.811428
-59.405058
-59.969987
-60.506586
-61.051833
-61.641034
-62.164926
-62.660534
-63.163256
-63.603159
-64.050268
-64.571985
-65.031117
-65.462472
-65.932400
-66.308911
-66.756011
-67.207282
-67.598926
-67.963681
-68.395497
-68.768803
-69.146097
-69.496697
-69.911280
-70.238955
-70.629435
-70.934485
-71.301286
-71.641672
-71.984686
-72.273424
-50.384786
-50.694895
-51.074296
-51.308823
-51.696492
-52.065589
-52.372528
-52.702055
-53.010614
-53.340361
-53.604742
-53.931972
-54.192398
-56.510477
-57.167303
-57.795990
-58.358122
-59.046311
-59.553573
-60.183862
-60.711139
-61.247638
-61.792513
-62.380535
-62.904081
-63.399635
-63.902061
-64.342515
-64.789946
-65.310674
-65.769683
-66.201244
-66.670629
-67.048017
-67.494714
-67.945388
-68.337329
-68.702740
-69.133948
-69.507552
-69.884974
-70.236076
-70.649913
-70.978308
-71.368267
-71.674269
-72.040787
-72.381287
-72.724272
-73.013926
-51.093810
-51.409207
-51.792996
-52.033592
-52.467599
-52.798774
-53.110694
-53.444848
-53.758232
-54.092460
-54.362114
-54.693723
-54.959357
-57.254416
-57.910538
-58.538739
-59.101158
-59.787681
-60.295705
-60.924823
-61.452280
-61.988678
-62.533183
-63.120027
-63.643227
-64.138728
-64.640859
-65.115431
-65.529617
-66.049358
-66.508245
-66.940012
-67.408853
-67.787120
-68.233413
-68.683492
-69.075731
-69.441797
-69.872397
-70.246301
-70.653342
-70.975456
-71.388547
-71.717663
-72.107101
-72.414056
-72.780292
-73.120905
-73.463860
-73.754431
-51.802808
-52.123493
-52.511672
-52.758336
-53.195954
-53.531936
-53.848837
-54.187619
-54.505828
-54.844539
-55.119466
-55.455453
-55.726298
-57.998337
-58.653757
-59.281473
-59.844180
-60.529037
-61.037824
-61.665772
-62.193408
-62.729708
-63.273842
-63.859510
-64.382363
-64.877813
-65.379648
-65.854231
-66.269281
-66.788035
-67.246801
-67.678775
-68.147074
-68.526219
-68.972110
-69.421593
-69.814130
-70.180852
-70.610845
-70.985050
-71.391678
-71.714836
-72.127183
-72.457018
-72.845936
-73.153845
-73.519799
-73.860527
-74.203453
-74.494941
-52.511779
-52.837753
-53.230323
-53.483056
-53.924285
-54.265074
-54.586958
-54.930367
-55.253403
-55.596596
-55.876798
-56.217164
-56.493219
-58.742241
-59.396960
-60.061622
-60.587187
-61.270379
-61.779929
-62.406708
-62.934525
-63.470726
-64.014490
-64.598982
-65.121491
-65.616889
-66.118430
-66.593023
-67.041108
-67.526707
-67.985352
-68.417533
-68.885290
-69.265314
-69.710803
-70.159692
-70.552527
-70.919906
-71.349292
-71.723798
-72.130014
-72.454217
-72.865819
-73.196376
-73.584774
-73.893636
-74.259309
-74.626758
-74.943049
-75.235455
-53.220724
-53.551988
-53.948948
-54.207751
-54.652592
-54.998190
-55.325056
-55.673094
-56.000957
-56.348633
-56.634109
-56.978855
-57.260122
-59.486128
-60.140146
-60.803778
-61.330179
-62.011707
-62.522021
-63.147632
-63.675630
-64.211733
-64.755128
-65.338445
-65.860610
-66.355956
-66.857204
-67.331809
-67.780216
-68.265373
-68.723898
-69.156286
-69.623502
-70.004406
-70.449493
-70.897788
-71.290923
-71.658958
-72.087739
-72.462545
-72.868350
-73.193598
-73.604456
-73.935734
-74.323613
-74.660017
-74.998822
-75.365843
-75.682649
-75.975973
-53.929643
-54.266197
-54.667549
-54.932421
-55.380875
-55.731282
-56.063131
-56.415798
-56.748489
-57.100649
-57.391401
-57.740527
-58.027005
-60.229998
-60.883317
-61.545918
-62.073156
-62.753021
-63.264100
-63.888543
-64.416723
-64.952730
-65.495756
-66.077899
-66.599720
-67.095016
-67.595970
-68.070588
-68.519319
-69.004032
-69.462438
-69.925051
-70.361710
-70.743494
-71.188180
-71.635881
-72.029316
-72.398009
-72.826184
-73.201292
-73.606685
-73.932980
-74.343094
-74.675094
-75.062454
-75.399271
-75.738338
-76.104932
-76.422252
-76.716495
-54.638536
-54.980380
-55.386124
-55.657067
-56.109135
-56.464351
-56.801184
-57.158480
-57.495999
-57.852644
-58.148672
-58.502179
-58.793870
-60.973851
-61.626471
-62.288043
-62.816119
-63.494322
-64.006166
-64.629442
-65.157805
-65.693715
-66.236374
-66.817342
-67.338821
-67.834067
-68.334729
-68.809359
-69.258415
-69.742686
-70.200973
-70.663254
-71.099913
-71.482578
-71.926864
-72.373972
-72.767707
-73.137058
-73.564628
-73.940039
-74.345021
-74.672362
-75.081733
-75.414456
-75.801297
-76.138526
-76.477856
-76.844025
-77.161860
-77.457021
-55.347402
-55.694537
-56.104674
-56.381689
-56.837370
-57.197396
-57.539214
-57.901141
-58.243488
-58.604618
-58.905923
-59.263812
-59.560715
-61.717687
-62.369608
-63.030152
-63.559067
-64.235608
-64.748219
-65.370329
-65.898874
-66.434689
-66.976981
-67.556776
-68.077912
-68.573109
-69.073479
-69.548124
-69.997504
-70.481334
-70.939502
-71.401452
-71.838112
-72.221659
-72.693531
-73.112060
-73.506097
-73.876106
-74.303071
-74.678785
-75.083357
-75.437746
-75.820373
-76.153819
-76.540143
-76.877784
-77.217378
-77.583120
-77.901471
-78.197552
-56.056242
-56.447198
-56.823199
-57.106286
-57.565582
-57.930418
-58.277221
-58.643779
-58.990956
-59.356571
-59.663153
-60.025425
-60.327542
-62.461506
-63.112730
-63.772247
-64.302000
-64.976881
-65.490258
-66.111203
-66.639933
-67.175652
-67.717578
-68.296200
-68.816995
-69.312144
-69.812223
-70.286881
-70.736587
-71.219976
-71.678026
-72.139645
-72.576308
-72.960736
-73.431668
-73.850146
-74.244484
-74.615152
-75.041514
-75.443504
-75.821693
-76.176587
-76.559014
-76.893183
-77.278990
-77.617045
-77.956902
-78.322219
-78.664727
-78.938086
-56.803047
-57.160798
-57.541700
-57.830858
-58.293769
-58.663417
-59.015205
-59.386395
-59.738402
-60.108504
-60.420364
-60.787019
-61.094349
-63.205307
-63.855835
-64.514325
-65.078666
-65.718139
-66.232285
-66.852064
-67.380979
-67.916604
-68.458164
-69.035615
-69.556069
-70.051170
-70.550958
-71.025631
-71.475663
-71.958612
-72.416545
-72.877833
-73.314499
-73.727052
-74.169801
-74.588229
-74.982869
-75.354197
-75.779955
-76.181708
-76.560029
-76.915429
-77.297656
-77.632549
-78.017839
-78.356308
-78.696429
-79.061321
-79.403803
-79.678625
-57.511336
-57.874373
-58.260175
-58.555406
-59.021933
-59.396393
-59.753167
-60.128989
-60.485827
-60.860416
-61.177554
-61.548593
-61.861138
-63.983684
-64.598924
-65.256389
-65.821023
-66.459384
-66.974298
-67.592914
-68.122013
-68.657545
-69.198740
-69.775020
-70.295134
-70.790187
-71.289685
-71.764374
-72.214733
-72.697242
-73.155058
-73.616017
-74.052685
-74.465580
-74.907932
-75.326310
-75.721252
-76.093240
-76.518395
-76.919911
-77.298364
-77.654271
-78.036299
-78.371917
-78.756689
-79.095573
-79.435959
-79.800427
-80.142883
-80.419168
-58.219599
-58.587922
-58.978625
-59.279929
-59.750073
-60.129345
-60.491106
-60.871561
-61.233230
-61.612306
-61.934724
-62.310147
-62.627908
-64.726903
-65.341997
-65.998436
-66.563365
-67.200615
-67.716298
-68.333750
-68.863036
-69.398475
-69.939306
-70.514415
-71.034190
-71.529196
-72.028405
-72.503110
-72.953796
-73.435867
-73.893566
-74.354196
-74.790868
-75.204105
-75.646059
-76.064388
-76.459633
-76.832282
-77.256834
-77.658114
-78.036700
-78.393113
-78.774943
-79.134573
-79.495542
-79.834840
-80.175492
-80.539535
-80.881966
-81.159716
-58.927836
-59.301445
-59.697050
-60.004428
-60.478189
-60.862275
-61.229023
-61.614111
-61.980612
-62.364177
-62.691874
-63.071682
-63.394658
-65.470105
-66.085054
-66.740469
-67.305692
-67.941832
-68.458285
-69.074575
-69.604047
-70.139394
-70.679862
-71.253801
-71.773236
-72.268197
-72.767117
-73.241838
-73.692853
-74.174485
-74.632069
-75.092370
-75.529046
-75.942625
-76.384183
-76.802463
-77.198012
-77.571322
-77.995273
-78.396316
-78.775036
-79.131956
-79.513588
-79.873402
-80.234397
-80.574110
-80.915027
-81.278647
-81.621054
-81.900267
-59.636047
-60.014943
-60.415450
-60.728902
-61.206281
-61.595181
-61.966917
-62.356639
-62.727972
-63.116026
-63.449003
-63.833197
-64.161390
-66.213291
-66.828094
-67.482486
-68.048004
-68.683035
-69.200258
-69.815387
-70.345047
-70.880302
-71.420407
-71.993177
-72.512274
-73.007189
-73.533191
-73.980560
-74.431903
-74.939434
-75.370567
-75.830539
-76.267220
-76.681143
-77.122304
-77.540536
-77.936389
-78.310361
-78.733710
-79.134518
-79.513372
-79.870800
-80.252234
-80.612231
-80.973253
-81.313383
-81.654566
-82.017762
-82.360145
-82.640823
-60.344231
-60.728415
-61.133824
-61.453351
-61.934350
-62.328063
-62.704788
-63.099145
-63.475311
-63.867854
-64.206112
-64.594692
-64.928103
-66.956459
-67.571118
-68.224488
-68.790302
-69.424225
-69.972325
-70.556186
-71.086035
-71.621198
-72.160941
-72.732543
-73.251303
-73.746173
-74.271346
-74.719274
-75.170947
-75.677499
-76.109059
-76.568704
-77.005390
-77.419656
-77.860422
-78.302462
-78.674764
-79.049398
-79.472146
-79.872719
-80.251708
-80.609644
-80.990881
-81.351062
-81.733478
-82.052657
-82.414993
-82.756881
-83.099239
-83.381382
-61.052390
-61.441861
-61.852174
-62.177776
-62.627565
-63.060923
-63.442637
-63.841629
-64.222629
-64.619662
-64.963202
-65.356168
-65.694796
-67.699610
-68.314126
-68.966474
-69.502121
-70.165400
-70.713726
-71.296973
-71.827010
-72.362084
-72.901465
-73.471900
-73.990322
-74.485149
-75.009494
-75.457982
-75.909984
-76.415559
-76.872461
-77.306863
-77.743556
-78.158166
-78.598537
-79.039990
-79.413137
-79.811214
-80.210581
-80.610920
-80.990043
-81.348489
-81.729529
-82.089895
-82.471797
-82.791935
-83.153994
-83.496003
-83.838338
-84.121946
-61.760522
-62.155282
-62.570499
-62.902177
-63.356112
-63.793759
-64.180462
-64.584090
-64.969925
-65.371449
-65.720270
-66.117625
-66.461471
-68.442744
-69.057118
-69.708445
-70.244937
-70.935927
-71.455114
-72.037748
-72.567975
-73.102959
-73.641979
-74.211247
-74.729333
-75.250236
-75.747634
-76.196682
-76.649014
-77.153612
-77.610402
-78.045018
-78.481718
-78.896672
-79.336649
-79.777515
-80.174002
-80.549707
-80.970928
-81.349121
-81.728379
-82.087334
-82.468177
-82.828729
-83.210118
-83.531214
-83.892999
-84.235128
-84.577440
-84.862514
-62.468628
-62.868677
-63.288799
-63.626553
-64.084635
-64.526572
-64.918266
-65.326530
-65.717200
-66.123215
-66.477319
-66.879062
-67.228127
-69.185861
-69.800093
-70.450400
-70.987738
-71.676530
-72.196489
-72.778510
-73.336522
-73.871022
-74.382483
-74.950584
-75.468335
-75.988653
-76.485766
-76.935375
-77.388038
-77.891660
-78.348337
-78.783169
-79.219875
-79.635175
-80.074758
-80.515037
-80.911830
-81.288198
-81.708820
-82.087320
-82.466715
-82.826179
-83.227092
-83.567564
-83.948441
-84.270496
-84.632006
-84.974256
-85.316546
-85.603086
-63.176707
-63.582047
-64.007073
-64.350904
-64.813134
-65.259361
-65.656046
-66.068948
-66.464453
-66.874960
-67.234348
-67.640479
-67.994764
-69.928961
-70.543053
-71.192340
-71.730524
-72.417119
-72.937851
-73.519260
-74.076918
-74.611330
-75.122976
-75.689912
-76.207327
-76.727062
-77.223891
-77.674061
-78.127056
-78.629702
-79.086267
-79.521314
-79.958028
-80.373673
-80.812863
-81.252557
-81.649656
-82.026687
-82.446712
-82.825520
-83.205051
-83.565025
-83.965202
-84.306401
-84.686766
-85.009780
-85.371016
-85.713388
-86.055655
-86.343663
-63.884761
-64.295391
-64.725323
-65.108102
-65.541610
-65.992128
-66.393804
-66.811343
-67.211685
-67.626685
-67.991356
-68.401877
-68.761381
-70.672044
-71.285996
-71.934264
-72.473296
-73.157694
-73.679200
-74.259997
-74.817303
-75.351627
-75.863459
-76.454478
-76.946311
-77.465463
-77.962007
-78.412740
-78.866067
-79.367738
-79.824192
-80.259455
-80.696177
-81.112169
-81.550966
-81.990075
-82.387481
-82.765175
-83.184602
-83.563719
-83.943387
-84.303872
-84.703313
-85.045239
-85.425092
-85.749067
-86.110029
-86.452523
-86.794768
-87.084244
-64.592788
-65.008709
-65.443547
-65.831884
-66.270061
-66.724871
-67.131539
-67.553717
-67.990676
-68.378389
-68.748344
-69.163255
-69.527980
-71.415110
-72.028922
-72.676174
-73.216053
-73.898255
-74.420535
-75.000722
-75.557676
-76.091914
-76.603931
-77.193245
-77.685286
-78.203855
-78.700117
-79.151411
-79.605071
-80.105767
-80.562111
-80.997591
-81.434322
-81.850660
-82.289065
-82.727589
-83.125303
-83.503662
-83.922492
-84.301917
-84.681722
-85.042718
-85.441424
-85.784079
-86.163421
-86.488356
-86.849045
-87.191661
-87.533885
-87.824828
-65.300789
-65.722001
-66.161747
-66.555642
-66.998488
-67.457590
-67.869252
-68.296069
-68.737311
-69.130071
-69.505312
-69.924614
-70.294560
-72.158159
-72.771833
-73.418067
-73.958795
-74.638803
-75.161858
-75.741435
-76.298037
-76.832189
-77.344394
-77.932001
-78.424251
-78.942239
-79.438218
-79.890076
-80.344069
-80.843791
-81.300025
-81.735722
-82.193470
-82.589148
-83.047543
-83.465102
-83.863123
-84.242147
-84.660380
-85.040115
-85.438694
-85.781566
-86.179537
-86.522920
-86.901751
-87.227647
-87.588064
-87.947618
-88.273006
-88.565417
-66.008764
-66.435268
-66.879921
-67.279375
-67.726892
-68.190287
-68.606942
-69.038398
-69.483925
-69.881734
-70.262259
-70.685953
-71.061121
-72.901191
-73.542241
-74.159946
-74.728158
-75.379336
-75.903167
-76.482135
-77.038386
-77.572453
-78.108918
-78.670748
-79.163208
-79.680615
-80.176312
-80.628733
-81.083061
-81.581810
-82.037933
-82.473848
-82.931066
-83.327633
-83.785096
-84.202611
-84.600941
-84.980630
-85.398268
-85.778312
-86.176489
-86.520414
-86.917650
-87.261762
-87.640084
-87.983733
-88.327085
-88.686221
-89.012131
-89.306010
-66.716713
-67.148510
-67.598070
-68.003083
-68.485891
-68.922960
-69.344609
-69.780705
-70.230517
-70.633375
-71.019187
-71.447272
-71.827663
-73.644205
-74.284572
-74.901809
-75.470323
-76.119856
-76.644463
-77.222822
-77.778724
-78.312706
-78.848815
-79.409486
-79.902155
-80.418982
-80.914397
-81.388995
-81.822045
-82.319822
-82.775836
-83.211970
-83.668658
-84.066113
-84.522646
-84.940118
-85.338757
-85.719112
-86.136154
-86.516509
-86.914284
-87.276563
-87.655765
-88.000606
-88.378418
-88.722488
-89.066110
-89.424827
-89.751259
-90.046608
-67.424636
-67.861725
-68.316195
-68.726768
-69.213721
-69.655610
-70.082253
-70.522991
-70.977088
-71.384995
-71.776094
-72.208572
-72.594186
-74.387203
-75.026886
-75.643656
-76.212475
-76.860362
-77.385746
-77.963498
-78.519050
-79.052948
-79.588703
-80.148213
-80.641094
-81.157341
-81.652476
-82.127097
-82.561024
-83.057828
-83.513734
-83.969793
-84.406246
-84.804590
-85.260193
-85.677623
-86.076571
-86.457592
-86.874040
-87.254705
-87.652080
-88.014871
-88.393880
-88.739452
-89.116754
-89.461244
-89.805137
-90.163436
-90.490391
-90.787209
-68.132532
-68.574915
-69.034294
-69.450427
-69.941527
-70.388237
-70.819875
-71.265254
-71.723638
-72.136595
-72.532981
-72.969852
-73.360690
-75.130184
-75.769185
-76.385488
-76.954611
-77.600854
-78.127015
-78.704160
-79.259364
-79.793180
-80.328580
-80.886931
-81.380024
-81.895691
-82.390546
-82.865192
-83.299996
-83.795828
-84.251627
-84.707365
-85.143829
-85.543064
-85.997736
-86.415125
-86.814383
-87.196071
-87.611924
-87.992901
-88.389875
-88.753179
-89.131997
-89.478299
-89.855092
-90.200003
-90.544167
-90.902049
-91.243923
-91.527815
-68.840402
-69.288080
-69.752368
-70.174062
-70.669309
-71.120841
-71.557475
-72.007496
-72.470166
-72.888174
-73.289848
-73.731113
-74.127175
-75.873148
-76.511467
-77.127305
-77.696733
-78.341332
-78.868272
-79.444811
-79.999667
-80.533400
-81.068447
-81.625640
-82.118944
-82.634033
-83.128609
-83.603280
-84.038961
-84.533823
-84.989514
-85.444932
-85.881408
-86.281533
-86.735277
-87.152625
-87.552193
-87.934549
-88.349807
-88.731096
-89.127670
-89.491488
-89.870114
-90.217147
-90.593432
-90.938764
-91.283200
-91.640665
-91.982521
-92.268424
-69.548246
-70.001218
-70.470417
-70.897673
-71.397067
-71.853421
-72.295051
-72.749715
-73.216673
-73.639732
-74.046694
-74.492354
-74.893642
-76.616095
-77.253733
-77.869106
-78.438840
-79.081796
-79.609515
-80.185449
-80.739958
-81.295334
-81.808303
-82.364338
-82.857856
-83.372367
-83.866664
-84.341361
-84.777920
-85.271811
-85.727396
-86.182494
-86.618983
-87.019999
-87.472814
-87.890121
-88.290001
-88.673025
-89.087690
-89.469291
-89.865465
-90.229797
-90.608233
-90.955997
-91.331774
-91.677528
-92.022236
-92.379284
-92.721122
-93.009038
-70.256064
-70.714331
-71.188441
-71.621259
-72.124801
-72.585978
-73.032605
-73.491912
-73.963159
-74.391269
-74.803521
-75.253576
-75.660089
-77.359025
-77.995983
-78.634620
-79.180933
-79.822247
-80.350745
-80.926074
-81.480237
-82.034989
-82.548149
-83.103027
-83.596758
-84.110693
-84.604711
-85.079434
-85.516872
-86.009794
-86.465273
-86.920052
-87.356554
-87.758462
-88.210349
-88.627616
-89.027806
-89.411499
-89.825571
-90.207486
-90.603260
-90.968106
-91.346352
-91.694848
-92.070118
-92.416294
-92.761274
-93.117907
-93.459727
-93.749657
-70.963856
-71.427419
-71.906440
-72.344820
-72.852512
-73.318512
-73.797261
-74.234087
-74.709623
-75.142786
-75.560327
-76.014778
-76.426517
-78.101938
-78.738217
-79.375845
-79.923011
-80.562683
-81.091962
-81.666687
-82.220504
-82.774632
-83.287985
-83.841707
-84.335652
-84.849010
-85.342750
-85.817501
-86.255818
-86.747770
-87.203144
-87.657604
-88.094121
-88.496920
-88.947880
-89.365108
-89.765610
-90.149972
-90.563452
-90.960267
-91.341055
-91.706416
-92.084472
-92.447211
-92.808464
-93.155062
-93.500315
-93.856533
-94.198335
-94.490279
-71.671621
-72.140481
-72.624415
-73.068357
-73.580198
-74.051022
-74.534230
-74.976241
-75.456065
-75.894281
-76.317113
-76.775960
-77.192926
-78.844833
-79.480434
-80.117054
-80.665074
-81.303106
-81.833166
-82.407288
-82.960760
-83.514265
-84.027810
-84.580376
-85.093439
-85.587318
-86.080782
-86.555560
-86.994757
-87.485741
-87.941010
-88.395152
-88.831683
-89.235376
-89.685408
-90.102597
-90.503412
-90.888443
-91.301331
-91.697920
-92.078851
-92.444727
-92.822594
-93.185523
-93.546812
-93.893833
-94.239360
-94.595162
-94.936948
-95.230905
-72.379360
-72.853517
-73.342364
-73.791870
-74.307861
-74.783510
-75.271177
-75.718372
-76.202487
-76.645756
-77.073879
-77.537123
-77.959316
-79.587712
-80.222636
-80.858249
-81.407123
-82.043515
-82.574357
-83.147876
-83.701004
-84.253887
-84.767625
-85.319036
-85.831773
-86.325619
-86.818806
-87.293613
-87.733689
-88.223706
-88.678870
-89.132696
-89.569242
-89.973827
-90.422934
-90.840083
-91.241212
-91.626913
-92.039210
-92.435572
-92.816646
-93.183038
-93.560716
-93.923838
-94.285161
-94.632606
-94.978407
-95.333794
-95.675564
-95.971536
-73.087073
-73.566528
-74.060287
-74.515358
-75.035500
-75.515974
-76.008101
-76.460481
-76.948887
-77.397210
-77.830624
-78.298267
-78.725688
-80.330574
-80.964821
-81.599427
-82.149157
-82.783910
-83.315535
-83.888452
-84.441236
-84.993497
-85.507429
-86.057687
-86.570099
-87.063911
-87.556823
-88.031658
-88.489030
-88.961665
-89.416725
-89.870234
-90.306796
-90.712275
-91.160456
-91.577568
-91.979010
-92.378934
-92.777087
-93.173224
-93.554441
-93.921349
-94.298839
-94.662153
-95.023513
-95.371381
-95.717456
-96.072430
-96.414184
-96.712171
-73.794760
-74.279513
-74.778186
-75.238822
-75.763115
-76.248415
-76.745002
-77.202568
-77.695265
-78.148644
-78.587349
-79.059391
-79.492040
-81.073419
-81.706990
-82.340591
-82.891176
-83.524291
-84.056699
-84.629016
-85.181457
-85.733097
-86.247224
-86.796328
-87.308415
-87.802194
-88.294831
-88.785873
-89.227408
-89.699618
-90.154575
-90.607768
-91.044346
-91.464942
-91.897975
-92.315049
-92.716805
-93.116860
-93.514964
-93.910876
-94.292236
-94.659661
-95.036963
-95.400470
-95.761866
-96.110159
-96.467073
-96.811069
-97.152807
-97.452810
-74.502421
-74.992472
-75.496060
-75.962261
-76.490706
-76.980832
-77.481881
-77.944633
-78.441622
-78.900056
-79.344055
-79.820495
-80.258374
-81.816247
-82.449142
-83.081739
-83.633181
-84.264659
-84.797850
-85.369567
-85.921665
-86.472686
-86.987008
-87.534959
-88.046722
-88.540469
-89.032832
-89.523364
-89.965780
-90.437565
-90.892420
-91.345297
-91.781891
-92.202842
-92.635490
-93.052528
-93.454599
-93.854785
-94.252839
-94.648527
-95.030031
-95.397973
-95.775089
-96.138789
-96.510744
-96.848939
-97.205587
-97.549711
-97.891435
-98.193453
-75.210055
-75.705406
-76.213909
-76.685675
-77.218274
-77.713226
-78.218737
-78.686676
-79.187958
-79.651448
-80.100740
-80.581580
-81.024688
-82.559057
-83.191279
-83.822871
-84.375171
-85.005012
-85.538988
-86.110105
-86.661863
-87.212263
-87.726781
-88.273580
-88.785020
-89.278736
-89.770825
-90.260848
-90.704145
-91.175506
-91.630259
-92.082821
-92.519433
-92.940738
-93.373003
-93.790005
-94.192391
-94.592708
-95.002335
-95.386177
-95.767827
-96.136286
-96.513215
-96.877109
-97.248561
-97.587722
-97.944104
-98.288357
-98.630065
-98.934100
-75.917664
-76.418314
-76.931733
-77.409065
-77.945817
-78.445598
-78.955571
-79.428697
-79.934272
-80.402819
-80.857404
-81.342645
-81.790984
-83.301851
-83.933399
-84.563988
-85.117146
-85.745352
-86.280113
-86.850631
-87.402048
-87.951830
-88.466545
-89.012192
-89.523309
-90.016995
-90.508811
-90.998324
-91.442503
-91.913441
-92.368093
-92.820341
-93.256970
-93.678630
-94.110513
-94.527478
-94.930180
-95.330629
-95.739668
-96.123827
-96.505622
-96.874600
-97.251342
-97.615431
-97.986379
-98.326507
-98.682623
-99.027006
-99.368700
-99.674752
-76.625246
-77.131197
-77.649532
-78.132431
-78.673337
-79.177945
-79.692382
-80.170696
-80.680565
-81.154169
-81.614049
-82.103690
-82.557260
-84.044628
-84.675503
-85.305090
-85.859107
-86.485677
-87.021225
-87.591145
-88.142222
-88.691386
-89.206297
-89.750794
-90.261589
-90.755245
-91.246788
-91.735794
-92.180855
-92.664706
-93.105922
-93.557856
-93.994503
-94.416519
-94.848019
-95.264950
-95.667968
-96.068549
-96.477001
-96.861477
-97.243417
-97.612914
-97.989470
-98.353753
-98.724200
-99.065294
-99.421146
-99.765658
-100.107339
-100.415408
-77.332802
-77.844053
-78.367306
-78.855772
-79.400833
-79.910270
-80.429170
-80.912673
-81.426837
-81.905498
-82.370673
-82.864716
-83.323518
-84.787388
-85.417591
-86.046177
-86.601053
-87.225989
-87.762324
-88.331646
-88.882384
-89.430930
-89.946040
-90.489387
-90.999860
-91.493487
-91.984758
-92.473256
-92.919201
-93.402089
-93.843745
-94.295366
-94.732032
-95.154404
-95.585523
-96.002419
-96.405753
-96.806467
-97.214332
-97.599126
-97.981212
-98.351228
-98.727599
-99.092078
-99.462022
-99.804084
-100.159671
-100.504313
-100.845981
-101.156068
-78.040332
-78.556885
-79.085054
-79.579089
-80.128305
-80.642571
-81.165936
-81.654628
-82.173087
-82.656807
-83.127277
-83.625723
-84.069376
-85.530130
-86.159663
-86.787248
-87.342984
-87.966287
-88.503409
-89.072135
-89.622534
-90.170464
-90.700582
-91.227970
-91.738123
-92.231720
-92.722720
-93.210712
-93.657540
-94.139467
-94.581563
-95.032871
-95.480824
-95.892286
-96.323023
-96.739885
-97.143537
-97.544384
-97.951663
-98.336774
-98.719007
-99.089543
-99.474078
-99.830404
-100.199846
-100.542876
-100.898199
-101.250024
-101.584626
-101.896732
-78.747836
-79.269690
-79.802778
-80.302381
-80.855753
-81.374849
-81.902679
-82.396561
-82.919316
-83.428555
-83.883861
-84.386710
-84.836178
-86.272856
-86.901719
-87.528304
-88.084901
-88.706571
-89.244481
-89.812611
-90.362672
-90.909987
-91.439762
-91.966543
-92.476376
-92.969945
-93.460675
-93.948160
-94.395872
-94.876838
-95.330756
-95.770371
-96.217805
-96.630164
-97.060521
-97.477348
-97.881318
-98.282300
-98.688992
-99.074422
-99.465154
-99.827858
-100.211669
-100.568731
-100.937673
-101.281671
-101.636729
-101.988144
-102.323276
-102.637400
-79.455313
-79.982470
-80.520477
-81.025649
-81.583178
-82.107104
-82.639399
-83.138472
-83.665523
-84.179262
-84.640425
-85.147677
-85.602962
-87.015565
-87.643758
-88.269344
-88.826803
-89.446842
-89.985541
-90.553076
-91.102799
-91.649498
-92.178931
-92.705106
-93.214620
-93.708162
-94.198622
-94.685601
-95.134198
-95.614204
-96.068024
-96.507867
-96.954782
-97.368038
-97.798015
-98.214810
-98.619098
-99.020213
-99.426321
-99.812070
-100.202410
-100.566174
-100.949260
-101.307059
-101.675501
-102.020468
-102.375263
-102.726268
-103.061929
-103.378072
-80.162764
-80.695225
-81.238150
-81.748892
-82.310578
-82.839336
-83.376097
-83.880360
-84.411709
-84.929949
-85.396969
-85.908625
-86.369727
-87.758257
-88.385781
-89.010369
-89.568690
-90.187098
-90.726587
-91.293527
-91.842914
-92.388999
-92.918089
-93.443660
-93.952855
-94.446370
-94.936561
-95.423035
-95.872518
-96.351564
-96.805286
-97.245358
-97.691754
-98.105909
-98.535506
-98.960986
-99.365301
-99.758126
-100.163649
-100.549717
-100.939665
-101.304491
-101.686853
-102.045390
-102.413331
-102.759267
-103.113799
-103.464396
-103.800586
-104.118749
-80.870190
-81.407954
-81.955799
-82.472111
-83.037955
-83.571544
-84.112772
-84.622227
-85.157874
-85.680614
-86.153492
-86.669553
-87.136473
-88.500931
-89.127788
-89.751378
-90.310563
-90.927341
-91.467619
-92.033966
-92.583018
-93.128488
-93.657237
-94.182205
-94.691081
-95.184570
-95.674492
-96.160462
-96.610831
-97.088917
-97.542542
-97.982844
-98.428723
-98.843776
-99.272994
-99.697903
-100.102536
-100.496037
-100.900975
-101.287363
-101.676920
-102.042807
-102.424447
-102.783721
-103.151163
-103.503470
-103.852339
-104.202526
-104.539247
-104.859430
-81.577589
-82.120657
-82.673423
-83.195305
-83.765308
-84.303730
-84.849425
-85.364072
-85.904017
-86.431260
-86.909995
-87.430462
-87.903200
-89.243589
-89.869779
-90.492373
-91.052421
-91.667570
-92.208639
-92.774393
-93.323110
-93.867967
-94.396375
-94.920739
-95.429299
-95.922762
-96.412416
-96.897881
-97.349137
-97.826265
-98.279794
-98.720326
-99.165687
-99.581639
-100.010479
-100.434817
-100.839770
-101.233946
-101.638301
-102.025009
-102.414176
-102.781125
-103.162041
-103.522054
-103.888996
-104.241732
-104.590881
-104.940660
-105.277911
-105.600114
-82.284961
-82.833335
-83.391021
-83.918475
-84.492637
-85.035892
-85.586055
-86.105895
-86.650139
-87.181884
-87.666478
-88.191351
-88.669907
-89.986230
-90.611754
-91.233351
-91.794264
-92.407785
-92.949646
-93.514807
-94.063190
-94.607435
-95.135503
-95.659264
-96.167507
-96.660945
-97.150331
-97.635294
-98.087437
-98.563607
-99.017040
-99.457802
-99.902648
-100.319499
-100.747961
-101.171728
-101.577002
-101.971854
-102.375625
-102.762655
-103.151431
-103.519442
-103.899637
-104.265229
-104.626832
-104.979998
-105.329426
-105.678797
-106.020134
-106.340804
-82.992308
-83.545987
-84.108595
-84.641620
-85.219942
-85.768030
-86.322663
-86.847695
-87.396240
-87.932487
-88.422941
-88.952221
-89.436596
-90.728853
-91.353712
-91.974315
-92.536093
-93.147986
-93.690639
-94.255209
-94.803258
-95.346891
-95.874620
-96.397780
-96.905706
-97.408986
-97.888240
-98.372700
-98.825731
-99.300943
-99.754281
-100.195274
-100.639604
-101.057355
-101.485439
-101.908637
-102.314231
-102.709760
-103.112949
-103.500300
-103.888686
-104.257761
-104.637233
-105.003024
-105.364670
-105.718265
-106.067974
-106.416938
-106.758265
-107.081497
-83.699629
-84.258613
-84.826143
-85.346423
-85.947223
-86.500146
-87.059247
-87.589474
-88.142319
-88.683070
-89.179384
-89.713071
-90.203266
-91.471460
-92.095655
-92.715263
-93.277907
-93.888173
-94.431619
-94.995599
-95.543314
-96.086337
-96.613727
-97.136285
-97.643896
-98.146612
-98.626140
-99.110098
-99.564017
-100.038274
-100.491516
-100.932742
-101.376555
-101.795207
-102.229242
-102.645544
-103.051459
-103.447665
-103.850271
-104.237944
-104.625942
-105.000381
-105.374831
-105.740821
-106.102509
-106.456535
-106.806524
-107.155081
-107.496400
-107.822194
-84.406923
-84.971214
-85.543667
-86.070039
-86.674481
-87.232238
-87.795810
-88.331231
-88.888376
-89.433632
-89.935806
-90.473901
-90.969917
-92.227793
-92.837581
-93.456196
-94.019707
-94.628346
-95.172586
-95.735976
-96.294070
-96.825771
-97.352824
-97.874781
-98.382078
-98.884230
-99.372457
-99.847489
-100.310039
-100.782983
-101.228746
-101.670204
-102.113503
-102.533056
-102.966175
-103.382448
-103.788684
-104.185568
-104.587593
-104.979902
-105.363197
-105.738160
-106.112429
-106.478619
-106.840351
-107.194807
-107.545077
-107.893228
-108.234538
-108.562896
-85.114191
-85.683789
-86.261165
-86.793630
-87.401715
-87.964307
-88.532349
-89.072966
-89.634413
-90.184174
-90.692208
-91.234712
-91.736549
-92.969819
-93.579491
-94.197113
-94.761492
-95.368506
-95.913540
-96.486914
-97.033560
-97.565195
-98.091910
-98.622249
-99.120250
-99.621839
-100.109802
-100.584874
-101.047772
-101.519762
-101.965971
-102.413854
-102.850447
-103.270901
-103.703105
-104.119349
-104.525907
-104.927823
-105.324913
-105.717005
-106.100452
-106.475939
-106.850028
-107.216419
-107.578194
-107.933081
-108.283634
-108.631379
-108.972680
-109.303602
-85.821433
-86.396339
-86.978639
-87.517196
-88.128924
-88.696353
-89.268866
-89.814678
-90.380428
-90.934694
-91.448590
-91.995503
-92.503162
-93.711828
-94.321384
-94.938015
-95.503262
-96.108652
-96.664932
-97.226723
-97.773038
-98.304607
-98.830986
-99.360185
-99.858413
-100.359441
-100.847139
-101.322251
-101.785499
-102.256535
-102.703190
-103.150767
-103.587386
-104.008742
-104.440032
-104.856248
-105.263129
-105.665184
-106.062233
-106.454109
-106.837708
-107.213719
-107.587629
-107.954220
-108.316039
-108.671358
-109.023546
-109.369532
-109.710825
-110.044312
-86.528649
-87.108863
-87.696087
-88.240739
-88.856110
-89.428376
-90.005361
-90.556369
-91.126421
-91.685194
-92.204952
-92.756275
-93.269756
-94.453820
-95.063262
-95.678902
-96.255781
-96.848783
-97.405315
-97.966519
-98.512505
-99.044009
-99.570052
-100.098111
-100.596567
-101.097034
-101.584468
-102.059621
-102.523219
-102.993303
-103.440405
-103.887676
-104.324321
-104.746580
-105.176956
-105.593144
-106.000348
-106.402542
-106.802529
-107.191212
-107.574963
-107.951499
-108.325230
-108.692022
-109.055216
-109.409638
-109.761567
-110.107689
-110.448974
-110.785026
-87.235839
-87.821361
-88.413511
-88.964256
-89.583273
-90.160375
-90.741833
-91.298038
-91.872394
-92.435673
-92.961294
-93.517028
-94.036331
-95.195795
-95.805123
-96.419773
-96.996977
-97.588901
-98.145685
-98.706303
-99.251960
-99.783399
-100.309108
-100.836028
-101.334713
-101.834618
-102.321790
-102.796984
-103.260933
-103.730064
-104.177613
-104.624580
-105.061252
-105.484414
-105.913877
-106.330038
-106.737565
-107.139900
-107.539308
-107.928314
-108.312218
-108.689280
-109.062833
-109.429826
-109.792525
-110.147919
-110.499591
-110.845849
-111.187127
-111.525744
-87.943003
-88.533834
-89.130909
-89.687749
-90.310411
-90.892351
-91.478282
-92.039684
-92.618345
-93.186131
-93.717615
-94.277760
-94.802887
-95.937753
-96.546968
-97.160629
-97.738157
-98.329006
-98.886042
-99.446074
-99.991403
-100.522779
-101.048153
-101.573935
-102.079294
-102.572194
-103.059105
-103.534339
-103.998640
-104.466820
-104.914817
-105.361480
-105.798179
-106.225649
-106.650795
-107.066929
-107.474781
-107.877255
-108.276085
-108.665416
-109.049474
-109.427061
-109.800436
-110.167632
-110.529836
-110.886203
-111.237617
-111.584012
-111.925284
-112.266467
-88.650140
-89.246281
-89.848283
-90.411218
-91.037526
-91.624304
-92.214709
-92.781309
-93.364274
-93.936569
-94.473917
-95.038474
-95.569424
-96.679694
-97.288797
-97.901469
-98.479323
-99.069096
-99.626386
-100.185833
-100.730835
-101.262147
-101.787187
-102.311832
-102.816881
-103.309762
-103.796411
-104.271688
-104.736341
-105.203570
-105.652015
-106.098374
-106.535101
-106.962936
-107.387709
-107.803818
-108.211994
-108.614610
-109.012862
-109.402518
-109.786729
-110.164843
-110.538040
-110.905438
-111.267149
-111.624490
-111.975647
-112.322179
-112.663444
-113.007193
-89.357251
-89.958703
-90.565631
-91.148827
-91.764617
-92.356234
-92.951113
-93.522911
-94.110182
-94.686986
-95.230198
-95.799167
-96.335942
-97.421618
-98.030610
-98.642294
-99.220475
-99.809172
-100.366717
-100.932882
-101.470255
-102.001505
-102.526212
-103.049720
-103.554459
-104.047321
-104.533710
-105.009030
-105.474035
-105.940314
-106.389208
-106.835264
-107.272019
-107.700219
-108.124621
-108.540704
-108.949205
-109.351962
-109.749637
-110.139619
-110.523985
-110.902625
-111.275645
-111.643247
-112.004464
-112.362778
-112.713679
-113.060349
-113.401609
-113.747924
-90.064337
-90.671099
-91.282955
-91.871728
-92.491683
-93.088140
-93.687494
-94.264492
-94.856069
-95.437382
-95.986459
-96.570644
-97.102441
-98.163525
-98.772407
-99.383104
-99.961611
-100.556816
-101.107035
-101.672073
-102.209663
-102.740852
-103.265226
-103.787598
-104.292028
-104.784873
-105.271001
-105.746364
-106.211723
-106.677052
-107.126395
-107.572149
-108.008934
-108.437499
-108.861529
-109.278753
-109.686415
-110.089314
-110.486412
-110.876719
-111.261240
-111.640407
-112.012416
-112.381056
-112.741781
-113.101070
-113.451714
-113.796378
-114.139776
-114.488659
-90.771396
-91.383469
-92.000253
-92.594604
-93.218727
-93.820024
-94.423853
-95.006051
-95.601934
-96.187757
-96.742699
-97.330725
-97.868921
-98.905415
-99.514187
-100.123898
-100.702734
-101.296322
-101.847339
-102.411253
-102.949059
-103.485611
-104.004230
-104.525467
-105.029588
-105.522415
-106.008284
-106.483692
-106.949404
-107.413784
-107.865779
-108.309030
-108.745843
-109.174775
-109.598435
-110.015096
-110.423622
-110.826663
-111.223185
-111.613819
-111.998495
-112.378190
-112.749484
-113.118868
-113.479099
-113.839363
-114.189752
-114.534014
-114.877948
-115.229398
-91.478428
-92.095814
-92.717527
-93.317456
-93.945746
-94.551884
-95.160189
-95.747587
-96.347778
-96.938112
-97.498920
-98.090786
-98.635383
-99.647289
-100.255952
-100.864677
-101.443841
-102.035814
-102.587630
-103.150419
-103.688444
-104.224394
-104.743223
-105.263326
-105.767139
-106.259950
-106.745560
-107.221012
-107.687079
-108.150510
-108.602417
-109.045905
-109.482749
-109.912048
-110.335337
-110.751436
-111.160827
-111.564012
-111.959957
-112.350918
-112.735751
-113.115974
-113.486552
-113.856680
-114.216420
-114.577659
-114.927793
-115.271653
-115.616123
-115.970141
-92.185435
-92.808133
-93.434775
-94.040283
-94.672741
-95.283721
-95.896503
-96.489102
-97.093601
-97.688446
-98.255120
-98.850828
-99.401825
-100.389145
-101.004970
-101.605441
-102.184934
-102.775292
-103.327908
-103.889574
-104.427817
-104.963165
-105.482206
-106.001175
-106.504681
-106.997476
-107.482827
-107.958325
-108.424748
-108.887230
-109.339050
-109.782776
-110.219651
-110.649316
-111.072236
-111.487773
-111.897281
-112.301358
-112.696729
-113.088017
-113.473006
-113.853758
-114.223622
-114.594494
-114.953742
-115.312702
-115.665836
-116.009296
-116.354302
-116.710889
-92.892416
-93.520427
-94.151998
-94.763086
-95.399713
-96.015534
-96.632794
-97.230594
-97.839402
-98.438759
-99.020202
-99.610850
-100.168248
-101.130984
-101.746156
-102.346189
-102.926012
-103.514756
-104.068174
-104.628716
-105.167179
-105.701926
-106.221179
-106.739014
-107.242214
-107.734994
-108.220088
-108.695631
-109.162409
-109.623945
-110.075677
-110.519642
-110.956548
-111.386582
-111.809132
-112.224108
-112.633943
-113.038703
-113.433499
-113.825116
-114.210261
-114.591542
-114.960692
-115.332310
-115.691067
-116.050462
-116.403883
-116.746941
-117.092485
-117.451641
-93.599370
-94.232695
-94.869197
-95.485864
-96.126661
-96.747325
-97.369063
-97.972065
-98.585182
-99.189051
-99.775795
-100.370853
-100.934652
-101.872806
-102.487326
-103.086922
-103.667076
-104.254206
-104.808425
-105.367846
-105.906529
-106.440675
-106.960141
-107.476844
-107.979738
-108.472503
-108.957340
-109.432930
-109.900064
-110.360653
-110.812299
-111.256504
-111.693441
-112.123843
-112.546025
-112.960440
-113.370603
-113.776047
-114.170269
-114.562214
-114.947517
-115.329328
-115.697764
-116.070127
-116.428393
-116.788225
-117.141932
-117.484590
-117.825575
-118.192397
-94.306299
-94.944938
-95.586370
-96.208618
-96.853585
-97.479092
-98.105308
-98.713514
-99.330941
-99.939323
-100.531368
-101.130836
-101.701038
-102.614611
-103.228480
-103.827640
-104.408125
-104.993643
-105.548664
-106.106963
-106.645867
-107.179414
-107.699094
-108.214665
-108.717253
-109.210004
-109.694585
-110.170222
-110.637713
-111.097356
-111.548916
-111.993360
-112.430330
-112.861101
-113.282915
-113.696770
-114.107261
-114.513389
-114.907037
-115.299311
-115.681253
-116.067113
-116.434836
-116.807945
-117.165721
-117.525990
-117.879984
-118.222243
-118.563225
-118.933157
-95.013201
-95.657155
-96.303519
-96.931348
-97.580485
-98.210836
-98.841532
-99.454940
-100.076678
-100.689574
-101.286921
-101.890800
-102.467404
-103.356400
-103.969618
-104.568342
-105.149159
-105.733066
-106.288890
-106.846068
-107.385193
-107.918141
-108.438035
-108.952475
-109.454759
-109.947497
-110.431822
-110.907507
-111.375355
-111.834052
-112.285527
-112.730212
-113.167215
-113.598355
-114.019802
-114.433097
-114.843917
-115.250730
-115.643805
-116.036408
-116.417969
-116.804899
-117.171910
-117.545765
-117.903051
-118.263757
-118.618038
-118.959898
-119.300878
-119.673921
-95.720077
-96.369346
-97.030502
-97.654053
-98.307362
-98.942557
-99.577733
-100.196345
-100.822394
-101.439804
-102.042453
-102.644531
-103.233751
-104.098171
-104.710740
-105.309029
-105.890179
-106.472474
-107.029102
-107.585161
-108.124508
-108.656858
-109.176967
-109.690277
-110.192257
-110.684981
-111.168838
-111.644785
-112.112991
-112.570743
-113.022133
-113.465165
-113.901882
-114.335606
-114.756686
-115.169421
-115.580571
-115.988069
-116.380571
-116.773505
-117.154686
-117.542686
-117.908984
-118.283586
-118.640383
-119.001526
-119.356096
-119.697557
-120.038535
-120.414689
-96.426927
-97.081512
-97.747090
-98.376733
-99.034214
-99.674254
-100.313911
-100.937727
-101.568088
-102.190013
-102.797966
-103.405029
-104.000080
-104.839925
-105.451845
-106.049700
-106.631184
-107.211869
-107.771586
-108.324241
-108.863811
-109.395564
-109.915888
-110.428068
-110.929745
-111.422457
-111.905520
-112.382055
-112.850620
-113.307428
-113.758734
-114.201469
-114.638220
-115.072853
-115.493567
-115.905743
-116.317223
-116.725407
-117.117337
-117.505748
-117.891402
-118.275052
-118.646059
-119.015445
-119.377717
-119.739298
-120.094157
-120.435219
-120.776196
-121.155462
-97.133751
-97.793652
-98.463654
-99.099389
-99.761043
-100.405929
-101.050066
-101.679088
-102.313761
-102.940202
-103.553458
-104.165508
-104.766389
-105.581663
-106.192935
-106.790356
-107.372175
-107.951251
-108.511229
-109.063309
-109.603102
-110.134258
-110.654799
-111.165850
-111.667224
-112.159925
-112.642195
-113.119319
-113.588243
-114.044107
-114.495329
-114.937768
-115.374554
-115.810097
-116.230444
-116.642063
-117.053873
-117.462743
-117.854101
-118.242305
-118.628118
-119.012299
-119.383136
-119.752729
-120.115053
-120.477072
-120.832220
-121.172885
-121.513861
-121.896239
-97.840548
-98.505767
-99.180192
-99.822021
-100.487848
-101.137580
-101.786199
-102.420426
-103.059413
-103.690370
-104.308930
-104.925967
-105.532680
-106.323383
-106.934008
-107.530997
-108.113150
-108.690618
-109.250858
-109.802364
-110.342382
-110.872942
-111.393700
-111.903622
-112.404694
-112.897385
-113.378862
-113.856575
-114.325859
-114.780780
-115.231920
-115.674063
-116.110884
-116.547336
-116.967319
-117.378380
-117.790521
-118.200077
-118.590864
-118.978861
-119.364834
-119.749547
-120.120213
-120.490015
-120.852391
-121.214849
-121.570286
-121.910554
-122.251529
-122.637019
-98.547320
-99.217856
-99.896706
-100.544628
-101.214629
-101.869208
-102.522310
-103.161743
-103.805043
-104.440517
-105.064382
-105.686407
-106.298951
-107.065087
-107.675065
-108.271623
-108.854112
-109.429972
-109.990475
-110.541407
-111.081650
-111.611614
-112.132590
-112.641385
-113.142156
-113.634836
-114.115522
-114.593824
-115.063469
-115.517447
-115.968504
-116.410353
-116.847209
-117.284572
-117.704190
-118.114694
-118.527167
-118.937410
-119.327627
-119.715417
-120.101551
-120.486796
-120.857291
-121.227302
-121.589731
-121.952628
-122.308355
-122.648225
-122.989201
-123.377805
-99.254065
-99.929919
-100.613195
-101.267211
-101.941387
-102.600812
-103.258398
-103.903037
-104.550652
-105.190644
-105.819814
-106.446827
-107.065204
-107.806773
-108.416106
-109.012233
-109.595058
-110.169311
-110.730079
-111.280438
-111.820906
-112.350276
-112.871470
-113.379138
-113.879608
-114.372278
-114.852174
-115.331067
-115.801072
-116.254109
-116.705084
-117.146638
-117.583530
-118.021805
-118.435529
-118.851006
-119.263811
-119.674742
-120.064388
-120.451972
-120.838267
-121.224045
-121.594370
-121.964591
-122.327072
-122.690409
-123.046427
-123.385901
-123.726877
-124.118594
-99.960784
-100.641957
-101.329658
-101.989769
-102.668121
-103.332394
-103.994463
-104.644310
-105.296240
-105.940750
-106.575226
-107.207228
-107.831437
-108.548443
-109.157131
-109.752827
-110.335990
-110.908637
-111.469669
-112.019456
-112.560151
-113.088927
-113.610339
-114.116881
-114.617051
-115.109713
-115.588818
-116.068302
-116.538669
-116.990764
-117.441658
-117.882918
-118.319847
-118.759034
-119.171856
-119.587315
-120.000453
-120.412072
-120.801149
-121.188527
-121.574983
-121.961295
-122.331450
-122.701881
-123.064416
-123.428193
-123.775049
-124.123579
-124.464556
-124.859387
-100.667478
-101.353969
-102.046097
-102.712303
-103.394830
-104.068902
-104.730505
-105.385561
-106.041806
-106.690835
-107.330617
-107.967609
-108.597652
-109.290095
-109.898140
-110.493406
-111.076908
-111.647950
-112.209247
-112.758462
-113.299384
-113.827566
-114.349199
-114.851705
-115.354486
-115.847139
-116.325454
-116.801195
-117.276259
-117.727414
-118.178227
-118.619193
-119.056160
-119.496259
-119.908179
-120.323622
-120.737093
-121.149401
-121.537908
-121.925081
-122.311700
-122.698545
-123.068532
-123.439172
-123.801761
-124.165979
-124.512586
-124.861261
-125.202239
-125.600185
-101.374145
-102.072185
-102.762511
-103.434813
-104.121516
-104.799906
-105.466526
-106.126789
-106.787351
-107.440899
-108.085989
-108.729596
-109.363848
-110.031731
-110.639132
-111.233970
-111.817811
-112.386144
-112.948811
-113.497456
-114.038605
-114.566195
-115.088048
-115.588890
-116.088098
-116.584556
-117.062083
-117.537877
-118.013843
-118.458514
-118.914790
-119.355464
-119.792469
-120.233481
-120.644500
-121.059926
-121.473731
-121.886728
-122.274667
-122.661635
-123.048416
-123.435796
-123.805614
-124.176465
-124.529114
-124.903768
-125.250126
-125.598946
-125.939926
-126.340987
-102.080786
-102.783644
-103.478900
-104.157298
-104.848179
-105.530888
-106.202523
-106.867996
-107.532875
-108.190943
-108.841340
-109.489365
-110.130025
-110.773350
-111.380108
-111.974519
-112.558699
-113.124886
-113.688363
-114.236437
-114.777815
-115.304813
-115.826886
-116.326065
-116.824975
-117.321966
-117.798704
-118.274552
-118.745659
-119.194613
-119.651349
-120.091730
-120.528774
-120.970698
-121.380817
-121.796228
-122.210367
-122.624053
-123.002555
-123.398188
-123.785132
-124.173047
-124.542697
-124.913759
-125.265924
-125.641559
-125.987669
-126.336634
-126.677616
-127.081793
-102.787400
-103.495077
-104.195264
-104.879758
-105.574817
-106.261846
-106.938498
-107.609180
-108.278377
-108.940966
-109.596671
-110.249114
-110.896182
-111.514951
-112.121069
-112.715052
-113.299572
-113.863615
-114.427901
-114.975406
-115.517013
-116.043419
-116.565715
-117.063230
-117.561844
-118.059367
-118.535317
-119.011219
-119.482691
-119.930707
-120.387901
-120.827991
-121.265074
-121.707913
-122.117132
-122.532527
-122.947000
-123.361377
-123.738773
-124.134741
-124.521849
-124.910298
-125.279781
-125.651055
-126.002736
-126.379352
-126.725214
-127.074326
-127.415310
-127.822603
-103.493989
-104.206484
-104.911603
-105.602194
-106.301432
-106.992781
-107.674450
-108.350343
-109.023858
-109.690968
-110.351982
-111.008844
-111.662321
-112.256536
-112.862013
-113.455570
-114.040431
-114.602330
-115.167426
-115.714363
-116.256199
-116.782015
-117.304533
-117.800385
-118.298703
-118.796759
-119.271923
-119.747880
-120.219715
-120.666795
-121.124449
-121.564248
-122.001370
-122.445123
-122.853443
-123.268823
-123.683632
-124.098700
-124.474990
-124.871293
-125.258565
-125.647550
-126.016866
-126.388353
-126.739550
-127.117147
-127.462763
-127.812021
-128.153008
-128.563417
-104.200552
-104.917866
-105.627917
-106.324606
-107.028022
-107.723693
-108.410380
-109.091483
-109.769317
-110.440949
-111.107273
-111.768554
-112.428441
-112.998104
-113.602941
-114.196072
-114.781275
-115.341031
-115.906938
-116.453307
-116.995373
-117.520600
-118.043340
-118.537531
-119.035553
-119.534143
-120.008521
-120.484534
-120.956733
-121.402877
-121.860991
-122.300500
-122.737662
-123.182330
-123.589751
-124.005117
-124.420262
-124.836021
-125.211207
-125.607845
-125.995281
-126.384803
-126.753952
-127.125651
-127.476365
-127.854945
-128.200314
-128.536785
-128.890710
-129.304235
-104.907088
-105.629223
-106.344206
-107.046993
-107.754589
-108.454581
-109.146287
-109.832602
-110.514756
-111.190910
-111.862544
-112.528245
-113.194542
-113.739655
-114.341309
-114.936560
-115.522105
-116.079718
-116.646436
-117.192238
-117.734536
-118.259174
-118.776347
-119.274667
-119.772394
-120.271519
-120.745111
-121.221180
-121.693745
-122.138953
-122.597528
-123.036747
-123.473950
-123.919534
-124.326057
-124.741409
-125.156890
-125.573340
-125.947422
-126.344396
-126.731997
-127.122056
-127.491039
-127.862951
-128.213183
-128.592746
-128.937868
-129.273947
-129.628415
-130.045058
-105.613598
-106.340554
-107.060470
-107.769356
-108.481133
-109.185447
-109.882172
-110.573699
-111.260172
-111.940850
-112.617794
-113.287916
-113.960624
-114.481188
-115.081661
-115.677031
-116.262920
-116.818392
-117.385922
-117.931158
-118.473687
-118.997736
-119.514593
-120.011794
-120.509227
-121.008887
-121.481693
-121.957819
-122.430750
-122.875023
-123.334060
-123.772989
-124.210234
-124.656734
-125.062359
-125.477698
-125.893515
-126.299370
-126.683636
-127.080947
-127.468714
-127.859309
-128.215439
-128.600253
-128.950003
-129.330548
-129.675425
-130.011111
-130.351861
-130.785885
-106.320083
-107.051859
-107.776710
-108.491695
-109.207652
-109.916289
-110.618034
-111.314773
-112.005568
-112.690769
-113.373025
-114.047568
-114.726687
-115.222705
-115.821996
-116.417488
-117.003721
-117.557051
-118.125395
-118.670065
-119.212827
-119.736288
-120.252828
-120.748911
-121.246050
-121.746246
-122.218268
-122.694452
-123.167749
-123.611087
-124.070586
-124.509227
-124.946513
-125.393930
-125.798658
-126.202782
-126.630139
-127.036147
-127.419849
-127.817497
-128.205430
-128.596563
-128.951989
-129.337556
-129.686824
-130.054307
-130.412985
-130.748280
-131.089034
-131.526716
-107.026541
-107.760930
-108.492924
-109.214008
-109.934148
-110.647108
-111.353874
-112.055826
-112.750942
-113.440668
-114.128235
-114.807200
-115.492731
-115.964205
-116.562315
-117.153320
-117.744506
-118.301137
-118.864854
-119.408959
-119.951954
-120.474829
-120.991054
-121.478264
-121.982865
-122.475110
-122.954835
-123.431077
-123.904741
-124.347145
-124.807107
-125.245460
-125.682788
-126.119968
-126.534954
-126.938529
-127.354712
-127.772923
-128.156061
-128.554047
-128.928944
-129.333818
-129.688541
-130.074860
-130.423647
-130.791575
-131.150547
-131.485451
-131.826211
-132.267551
-107.732973
-108.472687
-109.209113
-109.936298
-110.660620
-111.377904
-112.089691
-112.796857
-113.496295
-114.190546
-114.883425
-115.566813
-116.258756
-116.705688
-117.302618
-117.893202
-118.485278
-119.040311
-119.604301
-120.147842
-120.691070
-121.213359
-121.729269
-122.214823
-122.719670
-123.211913
-123.691395
-124.167695
-124.641727
-125.083198
-125.543623
-125.981688
-126.419060
-126.856618
-127.271247
-127.674272
-128.090793
-128.509698
-128.892273
-129.290596
-129.665122
-130.057035
-130.425093
-130.812166
-131.160473
-131.528845
-131.888113
-132.222626
-132.563391
-133.008390
-108.439379
-109.184418
-109.925278
-110.658563
-111.387068
-112.108677
-112.825485
-113.537865
-114.241626
-114.940403
-115.638595
-116.326406
-117.024762
-117.447154
-118.042905
-118.633069
-119.226034
-119.779471
-120.343734
-120.886711
-121.430175
-121.951878
-122.467473
-122.951372
-123.456467
-123.948709
-124.427946
-124.904306
-125.378706
-125.819245
-126.268881
-126.717911
-127.155327
-127.593264
-128.007536
-128.410013
-128.826873
-129.246470
-129.628483
-130.027145
-130.401300
-130.793752
-131.161646
-131.549473
-131.897300
-132.266117
-132.625681
-132.959804
-133.300576
-133.749234
-109.145758
-109.896123
-110.641417
-111.380804
-112.113492
-112.839427
-113.561257
-114.278852
-114.986936
-115.690239
-116.393745
-117.085980
-117.790749
-118.188603
-118.783175
-119.372920
-119.966776
-120.518617
-121.083154
-121.625569
-122.169268
-122.690386
-123.205667
-123.687912
-124.193254
-124.685495
-125.164490
-125.640910
-126.115679
-126.555285
-127.004848
-127.454130
-127.891589
-128.329907
-128.743823
-129.145752
-129.562950
-129.983242
-130.364692
-130.749164
-131.137478
-131.530469
-131.898199
-132.286782
-132.634129
-133.003392
-133.363252
-133.696985
-134.037763
-134.490082
-109.852112
-110.607804
-111.357532
-112.103020
-112.839892
-113.570153
-114.297006
-115.016780
-115.732225
-116.440055
-117.148875
-117.845534
-118.556717
-118.930035
-119.523430
-120.112756
-120.707504
-121.257750
-121.822561
-122.364414
-122.908349
-123.428883
-123.943851
-124.424442
-124.930033
-125.422274
-125.901027
-126.377507
-126.852645
-127.291320
-127.740810
-128.190344
-128.627848
-129.066546
-129.480107
-129.881488
-130.299026
-130.720012
-131.100900
-131.485174
-131.873656
-132.267186
-132.634754
-133.024092
-133.370960
-133.740669
-134.100826
-134.434169
-134.774955
-135.230934
-110.558440
-111.319458
-112.073621
-112.825212
-113.566269
-114.300857
-115.032733
-115.757178
-116.477492
-117.189850
-117.903985
-118.605069
-119.322667
-119.671450
-120.263668
-120.852577
-121.448216
-121.996868
-122.561955
-123.103247
-123.647418
-124.167368
-124.682025
-125.160963
-125.666802
-126.159044
-126.637555
-127.114096
-127.589605
-128.027349
-128.476766
-128.926553
-129.364102
-129.803181
-130.216387
-130.617221
-131.035099
-131.456780
-131.837107
-132.221183
-132.609834
-133.003904
-133.371310
-133.761404
-134.107793
-134.477948
-134.838402
-135.171357
-135.512150
-135.971790
-111.264741
-112.031087
-112.789686
-113.547379
-114.292622
-115.031537
-115.768437
-116.497554
-117.222738
-117.939624
-118.659074
-119.364584
-120.088597
-120.412849
-121.003891
-121.592382
-122.188915
-122.735973
-123.301336
-123.842067
-124.376575
-124.905843
-125.420189
-125.897474
-126.403563
-126.895806
-127.374076
-127.850679
-128.326558
-128.763372
-129.212718
-129.662757
-130.100352
-130.539813
-130.952665
-131.352952
-131.771171
-132.193547
-132.573314
-132.957192
-133.346012
-133.740622
-134.107867
-134.498717
-134.844627
-135.215230
-135.575982
-135.908548
-136.249349
-136.712650
-111.971016
-112.742690
-113.505726
-114.269522
-115.018951
-115.762194
-116.504119
-117.237909
-117.967963
-118.689377
-119.414144
-120.124080
-120.854508
-121.154230
-121.744097
-122.332173
-122.929598
-123.475064
-124.040704
-124.580875
-125.115080
-125.644307
-126.158342
-126.633976
-127.140315
-127.632559
-128.110589
-128.587255
-129.063505
-129.499389
-129.948664
-130.398957
-130.822023
-131.276441
-131.673740
-132.088680
-132.507240
-132.930312
-133.309519
-133.693200
-134.082190
-134.477341
-134.844425
-135.236032
-135.581464
-135.952514
-136.313564
-136.645742
-136.986552
-137.453514
-112.677266
-113.452459
-114.221741
-114.991641
-115.745257
-116.492828
-117.239778
-117.978241
-118.713166
-119.439110
-120.169193
-120.883556
-121.620401
-121.895594
-122.484287
-123.071947
-123.670267
-124.214142
-124.780059
-125.319671
-125.853572
-126.382760
-126.896484
-127.370467
-127.877058
-128.356523
-128.847095
-129.323823
-129.800445
-130.235400
-130.684604
-131.135152
-131.557727
-132.013066
-132.409473
-132.824406
-133.243307
-133.667076
-134.045723
-134.429208
-134.818368
-135.214060
-135.580984
-135.954993
-136.299708
-136.689801
-137.051149
-137.382940
-137.723758
-138.194383
-113.383489
-114.163509
-114.937730
-115.713735
-116.471538
-117.223439
-117.975414
-118.718552
-119.458349
-120.188822
-120.924222
-121.643013
-122.386274
-122.636942
-123.224461
-123.811707
-124.400983
-124.942890
-125.519400
-126.058454
-126.592053
-127.121202
-127.622350
-128.106950
-128.613791
-129.092722
-129.583593
-130.046370
-130.537379
-130.971406
-131.420539
-131.871342
-132.293427
-132.749686
-133.145204
-133.560130
-133.979373
-134.403838
-134.781926
-135.165215
-135.554547
-135.950780
-136.317543
-136.691772
-137.036010
-137.427089
-137.788737
-138.120141
-138.460968
-138.935256
-114.089686
-114.874534
-115.653695
-116.435805
-117.197796
-117.954026
-118.711028
-119.458840
-120.203509
-120.938514
-121.679231
-122.402451
-123.152129
-123.378272
-123.964619
-124.551451
-125.141078
-125.681398
-126.258729
-126.797225
-127.330523
-127.859633
-128.359932
-128.843422
-129.350516
-129.828912
-130.320083
-130.782387
-131.274306
-131.707405
-132.156469
-132.607527
-133.029123
-133.486304
-133.880932
-134.295850
-134.715436
-135.140599
-135.518129
-135.901222
-136.290725
-136.687501
-137.054104
-137.428551
-137.772314
-138.164381
-138.526328
-138.857345
-139.198182
-139.676132
-114.795857
-115.585533
-116.369635
-117.157850
-117.924030
-118.684591
-119.446619
-120.199107
-120.948649
-121.688184
-122.434220
-123.161868
-123.917964
-124.119585
-124.704761
-125.291179
-125.881159
-126.419892
-126.998044
-127.535983
-128.068980
-128.598053
-129.097504
-129.579885
-130.087232
-130.565094
-131.056565
-131.518396
-132.011227
-132.443399
-132.892394
-133.343708
-133.764815
-134.222917
-134.616656
-135.031568
-135.451497
-135.877358
-136.254330
-136.637228
-137.026903
-137.424221
-137.790666
-138.165332
-138.508620
-138.901674
-139.243153
-139.594552
-139.935399
-140.417014
-115.502002
-116.296507
-117.085551
-117.879871
-118.650240
-119.415132
-120.182188
-120.939352
-121.693767
-122.437834
-123.189189
-123.921267
-124.683781
-124.860882
-125.444886
-126.030893
-126.621226
-127.158372
-127.737347
-128.274730
-128.807426
-129.336462
-129.835065
-130.316339
-130.823939
-131.301267
-131.777762
-132.254398
-132.748141
-133.179386
-133.628313
-134.079884
-134.500503
-134.959527
-135.352377
-135.767284
-136.187557
-136.614116
-136.990530
-137.373234
-137.763081
-138.160943
-138.527228
-138.902115
-139.244928
-139.638970
-139.980210
-140.331763
-140.672620
-141.157899
-116.208121
-117.007455
-117.801441
-118.601867
-119.370313
-120.145650
-120.917734
-121.679575
-122.438863
-123.187464
-123.944138
-124.680646
-125.449579
-125.591339
-126.184996
-126.770591
-127.361278
-127.896839
-128.476636
-129.013463
-129.545861
-130.074861
-130.572616
-131.052783
-131.560637
-132.037433
-132.513691
-132.990393
-133.485049
-133.915368
-134.364227
-134.816055
-135.236186
-135.696134
-136.088096
-136.502997
-136.923614
-137.350872
-137.707123
-138.109240
-138.499259
-138.897664
-139.263792
-139.638899
-139.981238
-140.376269
-140.717270
-141.068977
-141.409845
-141.898788
-116.914213
-117.718378
-118.517306
-119.323839
-120.095953
-120.876146
-121.653258
-122.419775
-123.183939
-123.937072
-124.699066
-125.440005
-126.215357
-126.332057
-126.925089
-127.510274
-128.101315
-128.635292
-129.215912
-129.752185
-130.284283
-130.813248
-131.310157
-131.789217
-132.297326
-132.773590
-133.249612
-133.726381
-134.221950
-134.651344
-135.100136
-135.552222
-135.971865
-136.432736
-136.823811
-137.238708
-137.659669
-138.087627
-138.442784
-138.845244
-139.235437
-139.634387
-140.000357
-140.375685
-140.717549
-141.113569
-141.454332
-141.806194
-142.147073
-142.639682
-117.620280
-118.429275
-119.233146
-120.045787
-120.821569
-121.606617
-122.388759
-123.159954
-123.928993
-124.686660
-125.453975
-126.199345
-126.981117
-127.072758
-127.665167
-128.249941
-128.841338
-129.373731
-129.955175
-130.490894
-131.022694
-131.551624
-132.047687
-132.525642
-133.034006
-133.509738
-133.985526
-134.462362
-134.941244
-135.387314
-135.836040
-136.269829
-136.707540
-137.169335
-137.559523
-137.974416
-138.395722
-138.803957
-139.178443
-139.581249
-139.971615
-140.371109
-140.715107
-141.112471
-141.453863
-141.850872
-142.191398
-142.543414
-142.884306
-143.380580
-118.326320
-119.140147
-119.948962
-120.767710
-121.547162
-122.337066
-123.124238
-123.900111
-124.674025
-125.436227
-126.208863
-126.958665
-127.746858
-127.813442
-128.405228
-128.976308
-129.581346
-130.112156
-130.679896
-131.214680
-131.745800
-132.289989
-132.785208
-133.262057
-133.770677
-134.245879
-134.721432
-135.198336
-135.677594
-136.104849
-136.571938
-137.005448
-137.443211
-137.905931
-138.295232
-138.689810
-139.131773
-139.540170
-139.914102
-140.317253
-140.707793
-141.107833
-141.451136
-141.849260
-142.190178
-142.588178
-142.928466
-143.256944
-143.621542
-144.121482
-119.032335
-119.850993
-120.664752
-121.489609
-122.272730
-123.067492
-123.859694
-124.640246
-125.419037
-126.185773
-126.963731
-127.717966
-128.512580
-128.554109
-129.145273
-129.715403
-130.321340
-130.850568
-131.418591
-131.952824
-132.483647
-133.028343
-133.522717
-133.998462
-134.507339
-134.982011
-135.457330
-135.934303
-136.413937
-136.840270
-137.307831
-137.741063
-138.178878
-138.642523
-139.030938
-139.424977
-139.867823
-140.276382
-140.649760
-141.053256
-141.443971
-141.844556
-142.187165
-142.586050
-142.926495
-143.325486
-143.665537
-143.993632
-144.358781
-144.862388
-119.738323
-120.561813
-121.380518
-122.211483
-122.998275
-123.797894
-124.585127
-125.380359
-126.164027
-126.935299
-127.718579
-128.477248
-129.278283
-129.294759
-129.885302
-130.454482
-131.061319
-131.588965
-132.157273
-132.690955
-133.221483
-133.766686
-134.260217
-134.734858
-135.243992
-135.718135
-136.193221
-136.670262
-137.150274
-137.575686
-138.043718
-138.476673
-138.914541
-139.379111
-139.766641
-140.160140
-140.603870
-141.012593
-141.385417
-141.789259
-142.180149
-142.581281
-142.923195
-143.322841
-143.662814
-144.062796
-144.402610
-144.730323
-145.071003
-145.603298
-120.444285
-121.272609
-122.096259
-122.933333
-123.723796
-124.528274
-125.320002
-126.120450
-126.908995
-127.684804
-128.473407
-129.236510
-130.043967
-130.035392
-130.625315
-131.193545
-131.785929
-132.327349
-132.895942
-133.429073
-133.959306
-134.505019
-134.997706
-135.471244
-135.980636
-136.454250
-136.929104
-137.406215
-137.886604
-138.311095
-138.779600
-139.212279
-139.650199
-140.115695
-140.502341
-140.895301
-141.339915
-141.748802
-142.121073
-142.525261
-142.916327
-143.318005
-143.659227
-144.059633
-144.399136
-144.775301
-145.139687
-145.467018
-145.807711
-146.344213
-121.150222
-121.983378
-122.811975
-123.655159
-124.449294
-125.258630
-126.054854
-126.860520
-127.653943
-128.434288
-129.228215
-129.995752
-130.809632
-130.776008
-131.365312
-131.932594
-132.525335
-133.065719
-133.634597
-134.167179
-134.697118
-135.225497
-135.735186
-136.207621
-136.717272
-137.190357
-137.664979
-138.142160
-138.622928
-139.046498
-139.515477
-139.947879
-140.385853
-140.830376
-141.238037
-141.630460
-142.075958
-142.485009
-142.856727
-143.261263
-143.652505
-144.054730
-144.395259
-144.796428
-145.135459
-145.512076
-145.876766
-146.203715
-146.544423
-147.085131
-121.856132
-122.694123
-123.527665
-124.376960
-125.174767
-125.988963
-126.789684
-127.600567
-128.398869
-129.170148
-129.983003
-130.754975
-131.575278
-131.516607
-132.105292
-132.671627
-133.264728
-133.804075
-134.373240
-134.905273
-135.434919
-135.963267
-136.472654
-136.943988
-137.453898
-137.926456
-138.400847
-138.878099
-139.359245
-139.781896
-140.251349
-140.683475
-141.121503
-141.566416
-141.973731
-142.365616
-142.811999
-143.221215
-143.592381
-143.997265
-144.388683
-144.791456
-145.131292
-145.533223
-145.871783
-146.248855
-146.613848
-146.940416
-147.281138
-147.826054
-122.562016
-123.404841
-124.243331
-125.098737
-125.900217
-126.719273
-127.524491
-128.340592
-129.143773
-129.919034
-130.737771
-131.514179
-132.340905
-132.257189
-132.845257
-133.410644
-134.004105
-134.542418
-135.111870
-135.625225
-136.172708
-136.701025
-137.210113
-137.680346
-138.190515
-138.662546
-139.136707
-139.614030
-140.095556
-140.517288
-140.987215
-141.419066
-141.857149
-142.302451
-142.709422
-143.100769
-143.548038
-143.957419
-144.328034
-144.733265
-145.099854
-145.502862
-145.867327
-146.270020
-146.608110
-146.985635
-147.350933
-147.677120
-148.017857
-148.566981
-123.267874
-124.115534
-124.958972
-125.820489
-126.625643
-127.449560
-128.259275
-129.080596
-129.888657
-130.667900
-131.492518
-132.273363
-133.106514
-132.997755
-133.585205
-134.149647
-134.743469
-135.280747
-135.850486
-136.362754
-136.910485
-137.438773
-137.947561
-138.416693
-138.927124
-139.398629
-139.872559
-140.349954
-140.831861
-141.252674
-141.723076
-142.154653
-142.592791
-143.038483
-143.445109
-143.835920
-144.259686
-144.693622
-145.063686
-145.469266
-145.835495
-146.239050
-146.603362
-147.006819
-147.344439
-147.722418
-148.088021
-148.413828
-148.754580
-149.307912
-123.973706
-124.826202
-125.674589
-126.542217
-127.351046
-128.179824
-129.007254
-129.820577
-130.633519
-131.416744
-132.247245
-133.032527
-133.872103
-133.738303
-134.325138
-134.888634
-135.482817
-136.019062
-136.589089
-137.100270
-137.648250
-138.176510
-138.684999
-139.153032
-139.642691
-140.134703
-140.608404
-141.085872
-141.568159
-141.988054
-142.458932
-142.890234
-143.328428
-143.774512
-144.180793
-144.571068
-144.995184
-145.429824
-145.799337
-146.205266
-146.571135
-146.975239
-147.339398
-147.716677
-148.080769
-148.459203
-148.825112
-149.150538
-149.491307
-150.048848
-124.679511
-125.536844
-126.390180
-127.263921
-128.076424
-128.910064
-129.742530
-130.560537
-131.378359
-132.165568
-133.001953
-133.791673
-134.637674
-134.478835
-135.065054
-135.627606
-136.222151
-136.757363
-137.327680
-137.837774
-138.386004
-138.914236
-139.422427
-139.889360
-140.378744
-140.870768
-141.344241
-141.821782
-142.304450
-142.723428
-143.194782
-143.625811
-144.039847
-144.510536
-144.916475
-145.306214
-145.730680
-146.166024
-146.534987
-146.941265
-147.306776
-147.711429
-148.075435
-148.452940
-148.817102
-149.195991
-149.562205
-149.887252
-150.228037
-150.789787
-125.385291
-126.247461
-127.105746
-127.985600
-128.801779
-129.640281
-130.477783
-131.300474
-132.123179
-132.914371
-133.756640
-134.550798
-135.403225
-135.219350
-135.804954
-136.366562
-136.961471
-137.495650
-138.066257
-138.575266
-139.123747
-139.651951
-140.159844
-140.625680
-141.114787
-141.606825
-142.080070
-142.557685
-143.040735
-143.458796
-143.906502
-144.361384
-144.774939
-145.246558
-145.652153
-146.041357
-146.466174
-146.902222
-147.270635
-147.677264
-148.042416
-148.447618
-148.811473
-149.189205
-149.553436
-149.932781
-150.299302
-150.623970
-150.964771
-151.530731
-126.091045
-126.958052
-127.821288
-128.707255
-129.527111
-130.370476
-131.213014
-132.040390
-132.867977
-133.663154
-134.511307
-135.309904
-136.168758
-135.959847
-136.526002
-137.105503
-137.700776
-138.233924
-138.804821
-139.312746
-139.861477
-140.389655
-140.897251
-141.361989
-141.850822
-142.342874
-142.815892
-143.293581
-143.777013
-144.194158
-144.641805
-145.096951
-145.510027
-145.982575
-146.387828
-146.776498
-147.201665
-147.638419
-148.006283
-148.413263
-148.778057
-149.183809
-149.547512
-149.925470
-150.289773
-150.669573
-151.036401
-151.360690
-151.701508
-152.271679
-126.796772
-127.668618
-128.536804
-129.428885
-130.252418
-131.100647
-131.948222
-132.780284
-133.612753
-134.411916
-135.265954
-136.068991
-136.934271
-136.700328
-137.265328
-137.844429
-138.440066
-138.972183
-139.543372
-140.050213
-140.599196
-141.127348
-141.634648
-142.098289
-142.586847
-143.078915
-143.551705
-144.029470
-144.513285
-144.929515
-145.377102
-145.832514
-146.245112
-146.718589
-147.123500
-147.511636
-147.937155
-148.374614
-148.741930
-149.149260
-149.513698
-149.920000
-150.283552
-150.661738
-150.996790
-151.406368
-151.773502
-152.097414
-152.438249
-153.012631
-127.502474
-128.379159
-129.252296
-130.150491
-130.977702
-131.830795
-132.683407
-133.520155
-134.357509
-135.160657
-136.020581
-136.828058
-137.699766
-137.440792
-138.004637
-138.583340
-139.179342
-139.710429
-140.281910
-140.787668
-141.336904
-141.865030
-142.372035
-142.834579
-143.322864
-143.814947
-144.287511
-144.765351
-145.249551
-145.664865
-146.112395
-146.568072
-146.980192
-147.454599
-147.859169
-148.246772
-148.672643
-149.110808
-149.477576
-149.885258
-150.249338
-150.656191
-151.019593
-151.398006
-151.732592
-152.143165
-152.480172
-152.834141
-153.174994
-153.753587
-128.208149
-129.089673
-129.967762
-130.872073
-131.702962
-132.560920
-133.418570
-134.260005
-135.084351
-135.909378
-136.775187
-137.587106
-138.465242
-138.181239
-138.743929
-139.322235
-139.918603
-140.448662
-141.020435
-141.525111
-142.074599
-142.602701
-143.109411
-143.570860
-144.058871
-144.550971
-145.023310
-145.501226
-145.985810
-146.400210
-146.847681
-147.303625
-147.715268
-148.190606
-148.594835
-148.981905
-149.408128
-149.847001
-150.213221
-150.621255
-150.984979
-151.392383
-151.755635
-152.134276
-152.468397
-152.879964
-153.216740
-153.570871
-153.911743
-154.494548
-128.913799
-129.800163
-130.683204
-131.593630
-132.428199
-133.291022
-134.136741
-134.999833
-135.828514
-136.658078
-137.529774
-138.346134
-139.230698
-138.921669
-139.483206
-140.061115
-140.657850
-141.186880
-141.758947
-142.262541
-142.812283
-143.340361
-143.846777
-144.307131
-144.794870
-145.286987
-145.759101
-146.211284
-146.722062
-147.135549
-147.582963
-148.012061
-148.450339
-148.926609
-149.302439
-149.717035
-150.143612
-150.583191
-150.948865
-151.327701
-151.720619
-152.128575
-152.491678
-152.870548
-153.204203
-153.616766
-153.953312
-154.275872
-154.648495
-155.235512
-129.619422
-130.510627
-131.398621
-132.315162
-133.153411
-134.021100
-134.871323
-135.739639
-136.572655
-137.406757
-138.284340
-139.105143
-139.996136
-139.662082
-140.222467
-140.799980
-141.397082
-141.925085
-142.497446
-142.999959
-143.549956
-144.078010
-144.584133
-145.043393
-145.530860
-146.022994
-146.468888
-146.946607
-147.458309
-147.870882
-148.318239
-148.747068
-149.185407
-149.662608
-150.037562
-150.452163
-150.879093
-151.319381
-151.684507
-152.063160
-152.456260
-152.864768
-153.196806
-153.606821
-153.940011
-154.353570
-154.689886
-155.012070
-155.385251
-155.976481
-130.325019
-131.221065
-132.114013
-133.036671
-133.878600
-134.751156
-135.605883
-136.479424
-137.316776
-138.155415
-139.038887
-139.864132
-140.761555
-140.402478
-140.961712
-141.538830
-142.136299
-142.663275
-143.235931
-143.737365
-144.287616
-144.790816
-145.321478
-145.754155
-146.266841
-146.758993
-147.204127
-147.681924
-148.194548
-148.606209
-149.053510
-149.482071
-149.920470
-150.398604
-150.772682
-151.187289
-151.614573
-152.025500
-152.420149
-152.798618
-153.191900
-153.600961
-153.932313
-154.343095
-154.675821
-155.090376
-155.426463
-155.748272
-156.122011
-156.717454
-131.030590
-131.931478
-132.829380
-133.758155
-134.603765
-135.481188
-136.340420
-137.219186
-138.060875
-138.904053
-139.793413
-140.623102
-141.526955
-141.142858
-141.700940
-142.277664
-142.875502
-143.401453
-143.974404
-144.474758
-145.025266
-145.527903
-146.058813
-146.489860
-147.002813
-147.494984
-147.939358
-148.417233
-148.930781
-149.341530
-149.788776
-150.217069
-150.655529
-151.134596
-151.507799
-151.922412
-152.350051
-152.761149
-153.155790
-153.534076
-153.927541
-154.337155
-154.667822
-155.079371
-155.411633
-155.827185
-156.163043
-156.484477
-156.858775
-157.458431
-131.736136
-132.641865
-133.544723
-134.479615
-135.328907
-136.211198
-137.074934
-137.958926
-138.804952
-139.652671
-140.547919
-141.382053
-142.292336
-141.883220
-142.440153
-143.016483
-143.614691
-144.139616
-144.712864
-145.212139
-145.762903
-146.264980
-146.796138
-147.225555
-147.738776
-148.230967
-148.674581
-149.152536
-149.667008
-150.076845
-150.524037
-150.952062
-151.390585
-151.870585
-152.242913
-152.657532
-153.085526
-153.496797
-153.860045
-154.269533
-154.663182
-155.073349
-155.403332
-155.815648
-156.147447
-156.563996
-156.899626
-157.220685
-157.561406
-158.199413
-132.441655
-133.352227
-134.260040
-135.201050
-136.054025
-136.941184
-137.809426
-138.698644
-139.549009
-140.401267
-141.302405
-142.140983
-142.016730
-142.623566
-143.179349
-143.755286
-144.353865
-144.877765
-145.451310
-145.949507
-146.500529
-147.002046
-147.533453
-147.961240
-148.474730
-148.966941
-149.409797
-149.887831
-150.403228
-150.812155
-151.259292
-151.687050
-152.125635
-152.606570
-152.978024
-153.392650
-153.821000
-154.232443
-154.595147
-155.004990
-155.398822
-155.809543
-156.138842
-156.551927
-156.883262
-157.266887
-157.636211
-157.956897
-158.297639
-158.940398
-133.147148
-134.062564
-134.975332
-135.922461
-136.779119
-137.671147
-138.543896
-139.438341
-140.293044
-141.149843
-142.056871
-142.899895
-142.757324
-143.363894
-143.918529
-144.494074
-145.093024
-145.615901
-146.189743
-146.686864
-147.238143
-147.739101
-148.270757
-148.696917
-149.210675
-149.702907
-150.145004
-150.623119
-151.110039
-151.547458
-151.994541
-152.422034
-152.860682
-153.342551
-153.713131
-154.127765
-154.556471
-154.968087
-155.330249
-155.740447
-156.134463
-156.545739
-156.874353
-157.288207
-157.619080
-158.003164
-158.372800
-158.693112
-159.033875
-159.681388
-133.852615
-134.772875
-135.690600
-136.643847
-137.504189
-138.401087
-139.278343
-140.178015
-141.037057
-141.898399
-142.811317
-143.658787
-143.497900
-144.104206
-144.657694
-145.232847
-145.832169
-146.354023
-146.928164
-147.424208
-147.975746
-148.476145
-149.008051
-149.432583
-149.946611
-150.438864
-150.880205
-151.358401
-151.845709
-152.282756
-152.729786
-153.157013
-153.595725
-154.078528
-154.448236
-154.862878
-155.291941
-155.703730
-156.065349
-156.475902
-156.870103
-157.281934
-157.609866
-158.024489
-158.354899
-158.739444
-159.109391
-159.429330
-159.770115
-160.422382
-134.558056
-135.483160
-136.405843
-137.365209
-138.229236
-139.131004
-140.012767
-140.917668
-141.781050
-142.646933
-143.565743
-144.417659
-144.263002
-144.844501
-145.396842
-145.971605
-146.571299
-147.092131
-147.666571
-148.161539
-148.713337
-149.213178
-149.745335
-150.168240
-150.682538
-151.174813
-151.615397
-152.093675
-152.581372
-153.018048
-153.465025
-153.891987
-154.330763
-154.782428
-155.183337
-155.597988
-156.027408
-156.439371
-156.800448
-157.211358
-157.571650
-158.018130
-158.345379
-158.760772
-159.090721
-159.475726
-159.845985
-160.165551
-160.506359
-161.163380
-135.263470
-136.193420
-137.121060
-138.067080
-138.954259
-139.839914
-140.747169
-141.657299
-142.525021
-143.395447
-144.320148
-145.176512
-146.118958
-145.584779
-146.135974
-146.710347
-147.310415
-147.830226
-148.377477
-148.898859
-149.450916
-149.950200
-150.482608
-150.903887
-151.418457
-151.880798
-152.350582
-152.828942
-153.317029
-153.753334
-154.200259
-154.626957
-155.065797
-155.517861
-155.918436
-156.299953
-156.729401
-157.175011
-157.535546
-157.946813
-158.306754
-158.719369
-159.080894
-159.461553
-159.826544
-160.212011
-160.582582
-160.901775
-161.242606
-161.904382
-135.968859
-136.903655
-137.836253
-138.787878
-139.679258
-140.569256
-141.481549
-142.396908
-143.268971
-144.143940
-145.074534
-145.935346
-146.884225
-146.325039
-146.875090
-147.449074
-148.049516
-148.568306
-149.115317
-149.636166
-150.188483
-150.687211
-151.219871
-151.639525
-152.124233
-152.616194
-153.085759
-153.564202
-154.052679
-154.488614
-154.935488
-155.361922
-155.800827
-156.253291
-156.653531
-157.034522
-157.464328
-157.910649
-158.270644
-158.682267
-159.041858
-159.455029
-159.816409
-160.197301
-160.562369
-160.948298
-161.319182
-161.638003
-161.978857
-162.645388
-136.674222
-137.613864
-138.551421
-139.508651
-140.404234
-141.298576
-142.215906
-143.136494
-144.012900
-144.892413
-145.828899
-146.694160
-147.649474
-147.065284
-147.614190
-148.187786
-148.788602
-149.278236
-149.853144
-150.373460
-150.896737
-151.424211
-151.957124
-152.375153
-152.859596
-153.351581
-153.820929
-154.299455
-154.788323
-155.191544
-155.670711
-156.096882
-156.535853
-156.988717
-157.388624
-157.769088
-158.199253
-158.646286
-159.005740
-159.417721
-159.776962
-160.190689
-160.551925
-160.933051
-161.298196
-161.684587
-162.055784
-162.374234
-162.715111
-163.386399
-137.379559
-138.324048
-139.266565
-140.229399
-141.129186
-142.027872
-142.950240
-143.876059
-144.756807
-145.640865
-146.583245
-147.452955
-148.414703
-147.805511
-148.353274
-148.926483
-149.527674
-150.015749
-150.590959
-151.110743
-151.633742
-152.161200
-152.694367
-153.110772
-153.594951
-154.086960
-154.556090
-155.034701
-155.523960
-155.926276
-156.405929
-156.831837
-157.270875
-157.724139
-158.123713
-158.503653
-158.934176
-159.381922
-159.740835
-160.153174
-160.512065
-160.926350
-161.287442
-161.668802
-162.034025
-162.420879
-162.792389
-163.110468
-163.451370
-164.127413
-138.084869
-139.034206
-139.981683
-140.950124
-141.854114
-142.757145
-143.684552
-144.615602
-145.500693
-146.389297
-147.337570
-148.211730
-149.179914
-148.545721
-149.092342
-149.665164
-150.266732
-150.753248
-151.328760
-151.848013
-152.370735
-152.898178
-153.400477
-153.846381
-154.330296
-154.822330
-155.291245
-155.769940
-156.259591
-156.661002
-157.141142
-157.566788
-158.005893
-158.459558
-158.858799
-159.238214
-159.669097
-160.117555
-160.475929
-160.888627
-161.247169
-161.662011
-162.022961
-162.404555
-162.731987
-163.157173
-163.528997
-163.846706
-164.187632
-138.790154
-139.744339
-140.696776
-141.670824
-142.579018
-143.486395
-144.418842
-145.355124
-146.244558
-147.137707
-148.091875
-148.970486
-149.945106
-149.257710
-149.831393
-150.403830
-151.005774
-151.490733
-152.066548
-152.585271
-153.107717
-153.635146
-154.137160
-154.581980
-155.065633
-155.557693
-156.026391
-156.505171
-156.995215
-157.395722
-157.876349
-158.301734
-158.706010
-159.194973
-159.593882
-159.972773
-160.404016
-160.853188
-161.211023
-161.624079
-161.982273
-162.397672
-162.758480
-163.140309
-163.467283
-163.893469
-164.226608
-164.582947
-164.923897
-139.495412
-140.454446
-141.411845
-142.391499
-143.303899
-144.215622
-145.153109
-146.094623
-146.988402
-147.886097
-148.846160
-149.729222
-149.450226
-149.997343
-150.570429
-151.142480
-151.744803
-152.228205
-152.804324
-153.322516
-153.844687
-154.372102
-154.873833
-155.317570
-155.800960
-156.293047
-156.761530
-157.240396
-157.730833
-158.130437
-158.611551
-159.036675
-159.440483
-159.930384
-160.328962
-160.707330
-161.138933
-161.588819
-161.946115
-162.359531
-162.717377
-163.133334
-163.494000
-163.876064
-164.202581
-164.629768
-164.962684
-165.319191
-165.660167
-140.200645
-141.164528
-142.126888
-143.112151
-144.028756
-144.944826
-145.887353
-146.834100
-147.732224
-148.634467
-149.600425
-150.487939
-150.162287
-150.736959
-151.309449
-151.851068
-152.483816
-152.965662
-153.542086
-154.059749
-154.581645
-155.109048
-155.610496
-156.053151
-156.536279
-157.028392
-157.496661
-157.975614
-158.466444
-158.865146
-159.311400
-159.771611
-160.174952
-160.665792
-161.064039
-161.441884
-161.873848
-162.324448
-162.681206
-163.056893
-163.452481
-163.868997
-164.229521
-164.611821
-164.937880
-165.366069
-165.698762
-166.055438
-166.396440
-140.905851
-141.874584
-142.841907
-143.832778
-144.753589
-145.674007
-146.621575
-147.546635
-148.476025
-149.382815
-150.354670
-151.246636
-150.902686
-151.476558
-152.048452
-152.589147
-153.222816
-153.703106
-154.279835
-154.764848
-155.318592
-155.813106
-156.347148
-156.788721
-157.271589
-157.763730
-158.231784
-158.710824
-159.202049
-159.599849
-160.046056
-160.506543
-160.909418
-161.401197
-161.761985
-162.176435
-162.608761
-163.060076
-163.416297
-163.791808
-164.187585
-164.604660
-164.965043
-165.347579
-165.673182
-166.102373
-166.434843
-166.750864
-167.132717
-141.611032
-142.584615
-143.556901
-144.553380
-145.478399
-146.403164
-147.355775
-148.285526
-149.219805
-150.131144
-151.108895
-152.005314
-151.643067
-152.216141
-152.787440
-153.327211
-153.961800
-154.440537
-155.017571
-155.501517
-156.055527
-156.549491
-157.083790
-157.524282
-158.006890
-158.499059
-158.966900
-159.446028
-159.937648
-160.334546
-160.780706
-161.241470
-161.643879
-162.136597
-162.496520
-162.910984
-163.343671
-163.795702
-164.151386
-164.526722
-164.922689
-165.340323
-165.700566
-166.083339
-166.408485
-166.838678
-167.170927
-167.486580
-167.868997
-142.316186
-143.294621
-144.271870
-145.273958
-146.203185
-147.132299
-148.089952
-149.024395
-149.963563
-150.879451
-151.863100
-152.763972
-152.383430
-152.955707
-153.526411
-154.065260
-154.700770
-155.177953
-155.755294
-156.238174
-156.792451
-157.285865
-157.820422
-158.259834
-158.742182
-159.234380
-159.702008
-160.181224
-160.673240
-161.069237
-161.515351
-161.976392
-162.378335
-162.871994
-163.231052
-163.645531
-164.078580
-164.531327
-164.886474
-165.261635
-165.657793
-166.075987
-166.436090
-166.819100
-167.143791
-167.574987
-167.907014
-168.222300
-168.605281
-143.021315
-144.004601
-144.986814
-145.994512
-146.927947
-147.861411
-148.824107
-149.763243
-150.707301
-151.627738
-152.617284
-153.522611
-153.123776
-153.695255
-154.265366
-154.803293
-155.439726
-155.915356
-156.493004
-156.974819
-157.529363
-158.022229
-158.557043
-158.995376
-159.477465
-159.969692
-160.437109
-160.916413
-161.408825
-161.803922
-162.249991
-162.711310
-163.112788
-163.607388
-163.965581
-164.380075
-164.813487
-165.266950
-165.621562
-165.996548
-166.392897
-166.811652
-167.130550
-167.554863
-167.879098
-168.311297
-168.643104
-168.958023
-169.341569
-143.726417
-144.714556
-145.701733
-146.715042
-147.652685
-148.590499
-149.558239
-150.502069
-151.451017
-152.376004
-153.371449
-154.281231
-153.864104
-154.434787
-155.004306
-155.541311
-156.178667
-156.652745
-157.230701
-157.711452
-158.266263
-158.758581
-159.293655
-159.730908
-160.212739
-160.704996
-161.172202
-161.614565
-162.144404
-162.538601
-162.984625
-163.446223
-163.847237
-164.342777
-164.700106
-165.114616
-165.548392
-166.002572
-166.356648
-166.731461
-167.128000
-167.547317
-167.865539
-168.290627
-168.614407
-169.047610
-169.379196
-169.693749
-170.077861
-144.431493
-145.424485
-146.416628
-147.435547
-148.377400
-149.319565
-150.292349
-151.240872
-152.194711
-153.124250
-154.093232
-155.039831
-154.604414
-155.174302
-155.743229
-156.279314
-156.917593
-157.390120
-157.968385
-158.448072
-159.003152
-159.494922
-160.030256
-160.466431
-160.948004
-161.440292
-161.907287
-162.349205
-162.879977
-163.273275
-163.719254
-164.142272
-164.581681
-165.078164
-165.434629
-165.849155
-166.283295
-166.738192
-167.091733
-167.466373
-167.863104
-168.282982
-168.600530
-169.026393
-169.349718
-169.740912
-170.115291
-170.429478
-170.770394
-145.136544
-146.134388
-147.131497
-148.156028
-149.102091
-150.048607
-151.026436
-151.979654
-152.938385
-153.872474
-154.846792
-155.798411
-155.344706
-155.913800
-156.482136
-157.017301
-157.656505
-158.127482
-158.706056
-159.184680
-159.740029
-160.231253
-160.766847
-161.201945
-161.683260
-162.175580
-162.642364
-163.083837
-163.577061
-163.969221
-164.453878
-164.876640
-165.316121
-165.813546
-166.169149
-166.583691
-167.018196
-167.473811
-167.785297
-168.201284
-168.598208
-169.018648
-169.335521
-169.762159
-170.085031
-170.476692
-170.851389
-171.165210
-171.506155
-145.841568
-146.844267
-147.846342
-148.876485
-149.826759
-150.777626
-151.760500
-152.718415
-153.682037
-154.620679
-155.600333
-156.556973
-156.084981
-156.653281
-157.221027
-157.755273
-158.395403
-158.829723
-159.443714
-159.921276
-160.476895
-160.967572
-161.503427
-161.937448
-162.418507
-162.910859
-163.339149
-163.818462
-164.312084
-164.703348
-165.188496
-165.611003
-166.050557
-166.548925
-166.903665
-167.318225
-167.753094
-168.209428
-168.519844
-168.936195
-169.333312
-169.754315
-170.070513
-170.497928
-170.820345
-171.212474
-171.587490
-171.900946
-172.241920
-146.546566
-147.554119
-148.561162
-149.596917
-150.551403
-151.506623
-152.494543
-153.457153
-154.425668
-155.368862
-156.353853
-157.315514
-156.825238
-157.392746
-157.959902
-158.493230
-159.134285
-159.566518
-160.181358
-160.657859
-161.213749
-161.703881
-162.239997
-162.635148
-163.153746
-163.646130
-164.073676
-164.553080
-165.047100
-165.437469
-165.923110
-166.345362
-166.784989
-167.243155
-167.638179
-168.011099
-168.487991
-168.902677
-169.254391
-169.671106
-170.025262
-170.446487
-170.805507
-171.233698
-171.555662
-171.948259
-172.323594
-172.636685
-172.977689
-147.251538
-148.263947
-149.275956
-150.317325
-151.276023
-152.235596
-153.228562
-154.195869
-155.169277
-156.117025
-157.107353
-158.074037
-157.565478
-158.132193
-158.698761
-159.231172
-159.873154
-160.303299
-160.918990
-161.394430
-161.950591
-162.440178
-162.976557
-163.370096
-163.888975
-164.381393
-164.808194
-165.287691
-165.782110
-166.171583
-166.657718
-167.079715
-167.519417
-167.977990
-168.372689
-168.745093
-169.222886
-169.637754
-169.988936
-170.406016
-170.759830
-171.181618
-171.540501
-171.969469
-172.290981
-172.684046
-173.059700
-173.372427
-173.713461
-147.956484
-148.973749
-149.990727
-151.037709
-152.000619
-152.964546
-153.962560
-154.934564
-155.912866
-156.865168
-157.860833
-158.832539
-159.890878
-158.906889
-159.437604
-159.969098
-160.612007
-161.040067
-161.656609
-162.130989
-162.687422
-163.176465
-163.713107
-164.105035
-164.624196
-165.116648
-165.542705
-166.022295
-166.517114
-166.905692
-167.392320
-167.814064
-168.253840
-168.712822
-169.107196
-169.479084
-169.957779
-170.372831
-170.723481
-171.140925
-171.494398
-171.916749
-172.275496
-172.705242
-173.026301
-173.419835
-173.795810
-174.108173
-174.449237
-148.661404
-149.683525
-150.705472
-151.758068
-152.725192
-153.693473
-154.696534
-155.673236
-156.656433
-157.613289
-158.614293
-159.591023
-160.655805
-159.646846
-160.176430
-160.707009
-161.350846
-161.776820
-162.394214
-162.867535
-163.424241
-163.912741
-164.449647
-164.839964
-165.359407
-165.851894
-166.277209
-166.756892
-167.252111
-167.639795
-168.126918
-168.548408
-168.988260
-169.447651
-169.841701
-170.213072
-170.692670
-171.107905
-171.458024
-171.875834
-172.228966
-172.651881
-173.010492
-173.441016
-173.761624
-174.155627
-174.531922
-174.843921
-175.185017
-149.366298
-150.393276
-151.420192
-152.478403
-153.449741
-154.422377
-155.430487
-156.411887
-157.399978
-158.361390
-159.367733
-160.349487
-161.420713
-160.386786
-160.915241
-161.444905
-162.052128
-162.513560
-163.131807
-163.604070
-164.161048
-164.649006
-165.146490
-165.574883
-166.094610
-166.587132
-167.011704
-167.491482
-167.987102
-168.373893
-168.861510
-169.282748
-169.722675
-170.182475
-170.576202
-170.947058
-171.427558
-171.842978
-172.192567
-172.610743
-172.963534
-173.387013
-173.745489
-174.130603
-174.496948
-174.891421
-175.268037
-175.579673
-175.920800
-150.071167
-151.103002
-152.134887
-153.198714
-154.174266
-155.151258
-156.164417
-157.150516
-158.143503
-159.109471
-160.121153
-161.107931
-162.185602
-161.126708
-161.654036
-162.182786
-162.790396
-163.250286
-163.869387
-164.340591
-164.897844
-165.385260
-165.882471
-166.309793
-166.829804
-167.322361
-167.746192
-168.226065
-168.722087
-169.107984
-169.596096
-170.017083
-170.457086
-170.917296
-171.310700
-171.681042
-172.162445
-172.578050
-172.927109
-173.345651
-173.698102
-174.122146
-174.480487
-174.865843
-175.232274
-175.627217
-176.004154
-176.315428
-176.656588
-150.748102
-151.812702
-152.849558
-153.919000
-154.898768
-155.880116
-156.898324
-157.889123
-158.887006
-159.857530
-160.874553
-161.866356
-162.950473
-161.866614
-162.392814
-162.920651
-163.528651
-163.986999
-164.606953
-165.077101
-165.634628
-166.121503
-166.618442
-167.044693
-167.564988
-168.057582
-168.480672
-168.960640
-169.457064
-169.842069
-170.330678
-170.751413
-171.191493
-171.652113
-172.045195
-172.415023
-172.852122
-173.313120
-173.661649
-174.080559
-174.432670
-174.857279
-175.215486
-175.601084
-175.967602
-176.363016
-176.740275
-177.051187
-177.392378
-151.452425
-152.522377
-153.564204
-154.639263
-155.623246
-156.608951
-157.632209
-158.627708
-159.630488
-160.605569
-161.627933
-162.624762
-163.715324
-162.606504
-163.131577
-163.658501
-164.266890
-164.723698
-165.344507
-165.813598
-166.371401
-166.857735
-167.354402
-167.779584
-168.300164
-168.792795
-169.215145
-169.695209
-170.192036
-170.576149
-171.065254
-171.485738
-171.925896
-172.386927
-172.779687
-173.149001
-173.586470
-174.048189
-174.396189
-174.768862
-175.167237
-175.592412
-175.950486
-176.336327
-176.702932
-177.098817
-177.476398
-177.786949
-178.128173
-152.156723
-153.232026
-154.278825
-155.359500
-156.347700
-157.337763
-158.366071
-159.366271
-160.373949
-161.353588
-162.381293
-163.383148
-164.480156
-163.346376
-163.870323
-164.396336
-165.005116
-165.460383
-166.082047
-166.550083
-167.067056
-167.593957
-168.090353
-168.514465
-169.035331
-169.485220
-169.949610
-170.429771
-170.927001
-171.310223
-171.799825
-172.220059
-172.660294
-173.121737
-173.514176
-173.882977
-174.320815
-174.783256
-175.130727
-175.503233
-175.901805
-176.327546
-176.685487
-177.071572
-177.389726
-177.834621
-178.212524
-178.522714
-178.863971
-152.860994
-153.941650
-154.993421
-156.079714
-157.072130
-158.066551
-159.099911
-160.104813
-161.117389
-162.101586
-163.134633
-164.141514
-165.244970
-164.086231
-164.609054
-165.134156
-165.743326
-166.197054
-166.819574
-167.286556
-167.803267
-168.330167
-168.826293
-169.249337
-169.770489
-170.219880
-170.684067
-171.164325
-171.661959
-172.044291
-172.534391
-172.954375
-173.394689
-173.856544
-174.202493
-174.616950
-175.055158
-175.518322
-175.865265
-176.237604
-176.636373
-177.062681
-177.420489
-177.806817
-178.124524
-178.570427
-178.948653
-179.258482
-179.599773
-153.565240
-154.651248
-155.707992
-156.799903
-157.796537
-158.795317
-159.833729
-160.843333
-161.860807
-162.849563
-163.887952
-164.899861
-166.009764
-164.826070
-165.347768
-165.871960
-166.481522
-166.933712
-167.557089
-168.023016
-168.539466
-169.066366
-169.562222
-169.984199
-170.462147
-170.954532
-171.418517
-171.898873
-172.396911
-172.778353
-173.268951
-173.688686
-174.129079
-174.591347
-174.936440
-175.350921
-175.789499
-176.253386
-176.599801
-176.971974
-177.370941
-177.797816
-178.155492
-178.542065
-178.859323
-179.306235
-179.684785
-179.994253
-180.335578
-154.269459
-155.360821
-156.422538
-157.520068
-158.520921
-159.524060
-160.567524
-161.581830
-162.604204
-163.597520
-164.641252
-165.658189
-166.774540
-165.525740
-166.086466
-166.609749
-167.219704
-167.670355
-168.294590
-168.759464
-169.275654
-169.802555
-170.298142
-170.719051
-171.196751
-171.689176
-172.152959
-172.633414
-173.131857
-173.512409
-173.957506
-174.422992
-174.816852
-175.326146
-175.670385
-176.084889
-176.523838
-176.988449
-177.334337
-177.706343
-178.105509
-178.532951
-178.890495
-179.277313
-179.594124
-180.042045
-180.370155
-180.679063
-181.020173
-154.973653
-156.070369
-157.137060
-158.240208
-159.245280
-160.252779
-161.301296
-162.320306
-163.347580
-164.345456
-165.394531
-166.416498
-167.539297
-166.265002
-166.784136
-167.347523
-167.957871
-168.406985
-169.032078
-169.495900
-170.011830
-170.538732
-171.034051
-171.453894
-171.931347
-172.423812
-172.887393
-173.367947
-173.866796
-174.246459
-174.691521
-175.157294
-175.550699
-176.060942
-176.404327
-176.818855
-177.258175
-177.723510
-178.068872
-178.440712
-178.840077
-179.268087
-179.625500
-180.012563
-180.328927
-180.777858
-181.105755
-181.414304
-181.755449
-155.677820
-156.779891
-157.851556
-158.960324
-159.969616
-160.981476
-162.035047
-163.058760
-164.090934
-165.093371
-166.147791
-167.174786
-168.304035
-167.004247
-167.522261
-168.085281
-168.696024
-169.143602
-169.769553
-170.232324
-170.747995
-171.274899
-171.769950
-172.188728
-172.665933
-173.158439
-173.621820
-174.102473
-174.601728
-174.980504
-175.425531
-175.891591
-176.284542
-176.795734
-177.138265
-177.552818
-177.992510
-178.458569
-178.803405
-179.175081
-179.574645
-180.003224
-180.360506
-180.747815
-181.063733
-181.513674
-181.841357
-182.149549
-182.490728
-156.381962
-157.489387
-158.566028
-159.680416
-160.693928
-161.710149
-162.768774
-163.797192
-164.834267
-165.841266
-166.901031
-167.933056
-169.068754
-167.743475
-168.260370
-168.823025
-169.434162
-169.880204
-170.507016
-170.968735
-171.484148
-172.011055
-172.505839
-172.923551
-173.400510
-173.893058
-174.356239
-174.836993
-175.336655
-175.714543
-176.159535
-176.625883
-177.018381
-177.530522
-177.872201
-178.286779
-178.726843
-179.193627
-179.487916
-179.909449
-180.309213
-180.738361
-181.095513
-181.483068
-181.798540
-182.197413
-182.576963
-182.884796
-183.226012
-157.086077
-158.198859
-159.280475
-160.400484
-161.418217
-162.438800
-163.502479
-164.535603
-165.577579
-166.589140
-167.654250
-168.691306
-169.833454
-168.482686
-168.998463
-169.560753
-170.172285
-170.616793
-171.244465
-171.705134
-172.220289
-172.747200
-173.241718
-173.658366
-174.135079
-174.581204
-175.090651
-175.571505
-176.071574
-176.448575
-176.893533
-177.360171
-177.752216
-178.265307
-178.606133
-179.020737
-179.461174
-179.928684
-180.221913
-180.643816
-181.043781
-181.473498
-181.778801
-182.218322
-182.533348
-182.932696
-183.312571
-183.620047
-183.961299
-157.790167
-158.908305
-159.994897
-161.120527
-162.142482
-163.167427
-164.236162
-165.273991
-166.320870
-167.336993
-168.407449
-169.405459
-170.598135
-169.221881
-169.736540
-170.298465
-170.866421
-171.353369
-171.981901
-172.441520
-172.956419
-173.483334
-173.977586
-174.393170
-174.869639
-175.315272
-175.825054
-176.306010
-176.806488
-177.182602
-177.627527
-178.094454
-178.486046
-179.000088
-179.340063
-179.754692
-180.195503
-180.663739
-180.955909
-181.378183
-181.778349
-182.208636
-182.513274
-182.953578
-183.268159
-183.667981
-184.048183
-184.355301
-184.696590
-158.494231
-159.617725
-160.709294
-161.840546
-162.866723
-163.896032
-164.969822
-166.012358
-167.064140
-168.084826
-169.160629
-170.163100
-171.362797
-169.961058
-170.474601
-170.992121
-171.603976
-172.089930
-172.719324
-173.177895
-173.692538
-174.219457
-174.713444
-175.127966
-175.604190
-176.049331
-176.559450
-177.040509
-177.541394
-177.916623
-178.361515
-178.828732
-179.219872
-179.734866
-180.073989
-180.488646
-180.929830
-181.347378
-181.689903
-182.112550
-182.512917
-182.943775
-183.247747
-183.688836
-184.002972
-184.403269
-184.783796
-185.090558
-185.431884
-159.198268
-160.327120
-161.423667
-162.560541
-163.590940
-164.624613
-165.703460
-166.750703
-167.807388
-168.832638
-169.913788
-170.920722
-172.127441
-170.700219
-171.212646
-171.729264
-172.341515
-172.826478
-173.410941
-173.914257
-174.428644
-174.955569
-175.449292
-175.862751
-176.338731
-176.783381
-177.245446
-177.775000
-178.276295
-178.650638
-179.095498
-179.563005
-179.953695
-180.469640
-180.807912
-181.222596
-181.664155
-182.081894
-182.423897
-182.846916
-183.247485
-183.678914
-183.982222
-184.424094
-184.737786
-185.138559
-185.519413
-185.825819
-186.167182
-159.902280
-161.036490
-162.138014
-163.280511
-164.315134
-165.353171
-166.437075
-167.489025
-168.550615
-169.580430
-170.666927
-171.678324
-170.842690
-171.439363
-171.950675
-172.466391
-173.079040
-173.563012
-174.147798
-174.650606
-175.164739
-175.691670
-176.185130
-176.597527
-177.073264
-177.517424
-177.979292
-178.509484
-179.011189
-179.384648
-179.829476
-180.297274
-180.687513
-181.204410
-181.541833
-181.956544
-182.398478
-182.816409
-183.157889
-183.581282
-183.982053
-184.414053
-184.716698
-185.159354
-185.472603
-185.873852
-186.255033
-186.561083
-186.902484
-160.606266
-161.745834
-162.852337
-164.000457
-165.039304
-166.081706
-167.170668
-168.227327
-169.293821
-170.328200
-171.420047
-172.435907
-171.537504
-172.178490
-172.688688
-173.203503
-173.816551
-174.299532
-174.884643
-175.386944
-175.900823
-176.427760
-176.920957
-177.332294
-177.807788
-178.251458
-178.713131
-179.243961
-179.746076
-180.118651
-180.563448
-181.031538
-181.421327
-181.939177
-182.275750
-182.690489
-183.132799
-183.550923
-183.891881
-184.315647
-184.716621
-185.095043
-185.451175
-185.894616
-186.207421
-186.609147
-186.990655
-187.296350
-187.637789
-161.310226
-162.455152
-163.566635
-164.720379
-165.763451
-166.810219
-167.904239
-168.965606
-170.037005
-171.075951
-172.173146
-173.193470
-172.276305
-172.917600
-173.426685
-173.940600
-174.554047
-175.036039
-175.621475
-176.123269
-176.636895
-177.163840
-177.656774
-178.067051
-178.542304
-178.985484
-179.446961
-179.978431
-180.480957
-180.852649
-181.297416
-181.765798
-182.155136
-182.673940
-183.009664
-183.424432
-183.867118
-184.285434
-184.625872
-185.050011
-185.396860
-185.829648
-186.185652
-186.629879
-186.942241
-187.344444
-187.726281
-188.031620
-188.373098
-162.014159
-163.164446
-164.280908
-165.440276
-166.487574
-167.538708
-168.637787
-169.703863
-170.780168
-171.823680
-172.926225
-173.951014
-173.015087
-173.656693
-174.164665
-174.677682
-175.291529
-175.772531
-176.358293
-176.811369
-177.372955
-177.899908
-178.392581
-178.801798
-179.276810
-179.719501
-180.180784
-180.712894
-181.215831
-181.586641
-182.031377
-182.500052
-182.888942
-183.408700
-183.743575
-184.158373
-184.601435
-185.019945
-185.359861
-185.784375
-186.130893
-186.564253
-186.920131
-187.365143
-187.677063
-188.079743
-188.461909
-188.766894
-189.108411
-162.718067
-163.873714
-164.995156
-166.160149
-167.211673
-168.267174
-169.371312
-170.442099
-171.523310
-172.571390
-173.679284
-174.708539
-173.753852
-174.395769
-174.902630
-175.414748
-176.028996
-176.509011
-177.095099
-177.547132
-178.109004
-178.635966
-179.128378
-179.536536
-180.011307
-180.453511
-180.914599
-181.447350
-181.950699
-182.320627
-182.765334
-183.181597
-183.622743
-184.143456
-184.477483
-184.892311
-185.335749
-185.754454
-186.093850
-186.518739
-186.864926
-187.298858
-187.654610
-188.044102
-188.411887
-188.815045
-189.197539
-189.502170
-189.843728
-163.421949
-164.582956
-165.709380
-166.879998
-167.935748
-168.995617
-170.104815
-171.180312
-172.266431
-173.319078
-174.432323
-175.466044
-174.492600
-175.087693
-175.640579
-176.151800
-176.766449
-177.245476
-177.831892
-178.282883
-178.845041
-179.372012
-179.864164
-180.271264
-180.745796
-181.187512
-181.648407
-182.129840
-182.685561
-183.002049
-183.499285
-183.915308
-184.356541
-184.878208
-185.211388
-185.626246
-186.015295
-186.488961
-186.827838
-187.197475
-187.598959
-188.033464
-188.389091
-188.778833
-189.146713
-189.550349
-189.933173
-190.237450
-190.579048
-164.163065
-165.292173
-166.423578
-167.599823
-168.659800
-169.724037
-170.838296
-171.918504
-173.009531
-174.066746
-175.185342
-176.223530
-175.231330
-175.826194
-176.330538
-176.888836
-177.503887
-177.981928
-178.568671
-179.018621
-179.581067
-180.108048
-180.599941
-181.005983
-181.480275
-181.921505
-182.382207
-182.863747
-183.367527
-183.735489
-184.233231
-184.649014
-185.090334
-185.558485
-185.945289
-186.305227
-186.749071
-187.223467
-187.561824
-187.931302
-188.332992
-188.768070
-189.123572
-189.513566
-189.881541
-190.285656
-190.668809
-190.972734
-191.314372
-164.867387
-166.001365
-167.137752
-168.319623
-169.383828
-170.452434
-171.571754
-172.656674
-173.752609
-174.814393
-175.938341
-176.980996
-175.970042
-176.564679
-177.067914
-177.625856
-178.241311
-178.668782
-179.305438
-179.754347
-180.317081
-180.844073
-181.335707
-181.740692
-182.214746
-182.655489
-183.116000
-183.597647
-184.101840
-184.468923
-184.967172
-185.382715
-185.824123
-186.292695
-186.679188
-187.038623
-187.482846
-187.957971
-188.295810
-188.665130
-189.067025
-189.502677
-189.858055
-190.248300
-190.616371
-191.020965
-191.345708
-191.708020
-192.049699
-165.571683
-166.710531
-167.851901
-169.039399
-170.107833
-171.180808
-172.305190
-173.394822
-174.495666
-175.562019
-176.691320
-177.738443
-176.708736
-177.303146
-177.805275
-178.362862
-178.978720
-179.404668
-180.042192
-180.490061
-181.053083
-181.580086
-182.071462
-182.475392
-182.949207
-183.389466
-183.849784
-184.331540
-184.836147
-185.202351
-185.701108
-186.116411
-186.557908
-187.026901
-187.413084
-187.772017
-188.216618
-188.692474
-189.029795
-189.398957
-189.801058
-190.237284
-190.592538
-190.983035
-191.351202
-191.756276
-192.080813
-192.383841
-192.785030
-166.275953
-167.419672
-168.566025
-169.759150
-170.831814
-171.909159
-173.038603
-174.132949
-175.238702
-176.309625
-177.444279
-178.495870
-177.447413
-178.041596
-178.542620
-179.099852
-179.716115
-180.140541
-180.778932
-181.225763
-181.789074
-182.316089
-182.807208
-183.210082
-183.683660
-184.123434
-184.583561
-185.065425
-185.570447
-185.935774
-186.435038
-186.850103
-187.291688
-187.761104
-188.146976
-188.505408
-188.950388
-189.426975
-189.763778
-190.132783
-190.535090
-190.971892
-191.327023
-191.717772
-192.086036
-192.491590
-192.815921
-193.118598
-193.520365
-166.980197
-168.128788
-169.280124
-170.478878
-171.555771
-172.637487
-173.771994
-174.871053
-175.981716
-177.057211
-178.197218
-179.253278
-178.186072
-178.780030
-179.279948
-179.836827
-180.453495
-180.876400
-181.515660
-181.961452
-182.525053
-183.052081
-183.542943
-183.944762
-184.418104
-184.857393
-185.317331
-185.799304
-186.304741
-186.669190
-187.168963
-187.583790
-188.025465
-188.495303
-188.880866
-189.238796
-189.684156
-190.161475
-190.497761
-190.866609
-191.269123
-191.706500
-192.061508
-192.452510
-192.761159
-193.226906
-193.551032
-193.853358
-194.255704
-167.684415
-168.837878
-169.994198
-171.198581
-172.279705
-173.365791
-174.505362
-175.609136
-176.724709
-177.804775
-178.950137
-180.010667
-178.924714
-179.518447
-180.017261
-180.573787
-181.190861
-181.612245
-182.252374
-182.697129
-183.261021
-183.734811
-184.278668
-184.625630
-185.152539
-185.591345
-186.051093
-186.533176
-187.039028
-187.402601
-187.902882
-188.317472
-188.759237
-189.229498
-189.614753
-189.972182
-190.417922
-190.895974
-191.231743
-191.600434
-192.003156
-192.441109
-192.795994
-193.187250
-193.495461
-193.962224
-194.286146
-194.588121
-194.991046
-168.388607
-169.546942
-170.708248
-171.918260
-173.003614
-174.094073
-175.238708
-176.347197
-177.467682
-178.552320
-179.703036
-180.768037
-179.713846
-180.256847
-180.754558
-181.310732
-181.928212
-182.348077
-182.989076
-183.432794
-183.996977
-184.470244
-185.014383
-185.359756
-185.886965
-186.325288
-186.784847
-187.267041
-187.773309
-188.136006
-188.636797
-189.051150
-189.493006
-189.963690
-190.348636
-190.705565
-191.151686
-191.630470
-191.965724
-192.334259
-192.737189
-193.175718
-193.530481
-193.921991
-194.229765
-194.697545
-195.021263
-195.322888
-195.726392
-169.092773
-170.255982
-171.422273
-172.637914
-173.727501
-174.822332
-175.972032
-177.085236
-178.210632
-179.299843
-180.455914
-181.525387
-180.452994
-180.995230
-181.491838
-182.047661
-182.665549
-183.083895
-183.725765
-184.168446
-184.732921
-185.205667
-185.750087
-186.093873
-186.621382
-187.059223
-187.518593
-188.000898
-188.507584
-188.869405
-189.370706
-189.784823
-190.226770
-190.697878
-191.082516
-191.438946
-191.885448
-192.364966
-192.699703
-193.068083
-193.471222
-193.910328
-194.264970
-194.656734
-194.964070
-195.432868
-195.756382
-196.057658
-196.461742
-169.796913
-170.964995
-172.136273
-173.357544
-174.451363
-175.550568
-176.705333
-177.823253
-178.953562
-180.047346
-181.208773
-182.282717
-181.192124
-181.785606
-182.229103
-182.784575
-183.402872
-183.819699
-184.462440
-184.904086
-185.468854
-185.941078
-186.430582
-186.827980
-187.355791
-187.793150
-188.252332
-188.734749
-189.241852
-189.602798
-190.104610
-190.518491
-190.902236
-191.432062
-191.816394
-192.172325
-192.619208
-193.099460
-193.373583
-193.801907
-194.205255
-194.644938
-194.999459
-195.391478
-195.698378
-196.168193
-196.491504
-196.792431
-197.197095
-170.501027
-171.673984
-172.850248
-174.077150
-175.175202
-176.278781
-177.438611
-178.561248
-179.696470
-180.794828
-181.961612
-183.040028
-181.931237
-182.524497
-182.966351
-183.521474
-184.140179
-184.555490
-185.199103
-185.639714
-186.204775
-186.676478
-187.165730
-187.562078
-188.033922
-188.527068
-188.986064
-189.468592
-189.976113
-190.336185
-190.838508
-191.252154
-191.635458
-192.166243
-192.550268
-192.905701
-193.352966
-193.833952
-194.107026
-194.535731
-194.939288
-195.379549
-195.733949
-196.126224
-196.432687
-196.840795
-197.226629
-197.527207
-197.932452
-171.205115
-172.382947
-173.564198
-174.796732
-175.899018
-177.006970
-178.171867
-179.299222
-180.439357
-181.542290
-182.714431
-183.797320
-182.670332
-183.263371
-183.703584
-184.258358
-184.877473
-185.291266
-185.935752
-186.375330
-186.940685
-187.411868
-187.900867
-188.296165
-188.767777
-189.260978
-189.719787
-190.202429
-190.710368
-191.069567
-191.572401
-191.985813
-192.368676
-192.900420
-193.284139
-193.639074
-194.086722
-194.568443
-194.840469
-195.269554
-195.673321
-196.114160
-196.406096
-196.860970
-197.166998
-197.575589
-197.961757
-198.261987
-198.603803
-171.909177
-173.091885
-174.278123
-175.516289
-176.622809
-177.735137
-178.905101
-180.037173
-181.182223
-182.289731
-183.467229
-184.554592
-183.409410
-184.002228
-184.440801
-184.995227
-185.614751
-186.027029
-186.672389
-187.110933
-187.676583
-188.147246
-188.635994
-189.030244
-189.501624
-189.994880
-190.453503
-190.936258
-191.444617
-191.802942
-192.306289
-192.719467
-193.101890
-193.634594
-193.957483
-194.372445
-194.820476
-195.302932
-195.573910
-196.003376
-196.407353
-196.848772
-197.140053
-197.595719
-197.901311
-198.310385
-198.696887
-198.996769
-199.338631
-172.613213
-173.800797
-174.992024
-176.235822
-177.346577
-178.463281
-179.638312
-180.775103
-181.925068
-183.037151
-184.220008
-185.311845
-184.148469
-184.741068
-185.178001
-185.732080
-186.352016
-186.762779
-187.409012
-187.846524
-188.412469
-188.882614
-189.371110
-189.764313
-190.235462
-190.728774
-191.187211
-191.670080
-192.178859
-192.536312
-193.040172
-193.453116
-193.835099
-194.368764
-194.690814
-195.105813
-195.554228
-195.975380
-196.307351
-196.737198
-197.141386
-197.583384
-197.874011
-198.330469
-198.635626
-199.045184
-199.432021
-199.731555
-200.073463
-173.317223
-174.509684
-175.705900
-176.955331
-178.070321
-179.191401
-180.371501
-181.513011
-182.667891
-183.784551
-184.972766
-186.069079
-184.887511
-185.479892
-185.915186
-186.468918
-187.089266
-187.498514
-188.145622
-188.582103
-189.148344
-189.617971
-190.106217
-190.498372
-190.969291
-191.462659
-191.920912
-192.403896
-192.913095
-193.269676
-193.713693
-194.186761
-194.568304
-195.102930
-195.424142
-195.839178
-196.287978
-196.709331
-197.040790
-197.471019
-197.875419
-198.254293
-198.607970
-199.065220
-199.369943
-199.779985
-200.167157
-200.466344
-200.808299
-173.977064
-175.218545
-176.419751
-177.674816
-178.794042
-179.919499
-181.104668
-182.250897
-183.410694
-184.531930
-185.725505
-186.826293
-185.626536
-186.163441
-186.652354
-187.205741
-187.826501
-188.234236
-188.882220
-189.317669
-189.884207
-190.353317
-190.841313
-191.232422
-191.703111
-192.196536
-192.654605
-193.137704
-193.647324
-194.003034
-194.447031
-194.920401
-195.301505
-195.837093
-196.157467
-196.572542
-197.021726
-197.443281
-197.774229
-198.204840
-198.609452
-198.988371
-199.341930
-199.799972
-200.104262
-200.514788
-200.902296
-201.201137
-201.543138
-174.680530
-175.927381
-177.133577
-178.394276
-179.517739
-180.647574
-181.837811
-182.988761
-184.153475
-185.279289
-186.478224
-187.583488
-186.310160
-186.901690
-187.389507
-187.942548
-188.563722
-188.969945
-189.618804
-190.053224
-190.620059
-191.088652
-191.576399
-191.966462
-192.436922
-192.930405
-193.388290
-193.811078
-194.381547
-194.736386
-195.180364
-195.654036
-196.034702
-196.571253
-196.890789
-197.305902
-197.755472
-198.177230
-198.507666
-198.938661
-199.279083
-199.722449
-200.075891
-200.469400
-200.838583
-201.249594
-201.637438
-201.935933
-202.277980
-175.383971
-176.636192
-177.847378
-179.113712
-180.241413
-181.375625
-182.570933
-183.726604
-184.896234
-186.026627
-187.230922
-188.340663
-187.048608
-187.639921
-188.126644
-188.679341
-189.300928
-189.705639
-190.355376
-190.788766
-191.355899
-191.823976
-192.311475
-192.700493
-193.170724
-193.664266
-194.121968
-194.544338
-195.115763
-195.469733
-195.913692
-196.387666
-196.767895
-197.242464
-197.624107
-197.975855
-198.425452
-198.911176
-199.241103
-199.672481
-200.012581
-200.456528
-200.809853
-201.203620
-201.572905
-201.984401
-202.372582
-202.670732
-203.012827
-176.087386
-177.344977
-178.561155
-179.833123
-180.965062
-182.103654
-183.304032
-184.464425
-185.638973
-186.773944
-187.983601
-189.097819
-187.787038
-188.378136
-188.863764
-189.416118
-190.038120
-190.441320
-191.091934
-191.524295
-192.091728
-192.559289
-193.046540
-193.434514
-193.904517
-194.398118
-194.855638
-195.277591
-195.849973
-196.203073
-196.647014
-197.121292
-197.501084
-197.976081
-198.357423
-198.708677
-199.158660
-199.645122
-199.974539
-200.406300
-200.746080
-201.190608
-201.543815
-201.937842
-202.307230
-202.719212
-203.040500
-203.405534
-203.747677
-176.790775
-178.053737
-179.274907
-180.552511
-181.688689
-182.831659
-184.037109
-185.202223
-186.381690
-187.521241
-188.736259
-189.854956
-188.525450
-189.116334
-189.600869
-190.152880
-190.775297
-191.176987
-191.828480
-192.259813
-192.827544
-193.294592
-193.781596
-194.168526
-194.638302
-195.131962
-195.589301
-196.010838
-196.584177
-196.936408
-197.380331
-197.854913
-198.234268
-198.709695
-199.090736
-199.441497
-199.891866
-200.379066
-200.707973
-201.140119
-201.479578
-201.924688
-202.277779
-202.672065
-203.041556
-203.454024
-203.775114
-204.140339
-204.482531
-177.494138
-178.762472
-179.988634
-181.271874
-182.412291
-183.559642
-184.770163
-185.940000
-187.124386
-188.268517
-189.488898
-190.612073
-189.263845
-189.854516
-190.337957
-190.889627
-191.512460
-191.912641
-192.565012
-192.995318
-193.563350
-194.029883
-194.516641
-194.902528
-195.372077
-195.865798
-196.322956
-196.744077
-197.318374
-197.669737
-198.113643
-198.588529
-198.967449
-199.443305
-199.824045
-200.174314
-200.625070
-201.113008
-201.441407
-201.873938
-202.213077
-202.658768
-203.011744
-203.406289
-203.775884
-204.188840
-204.509731
-204.875148
-205.217388
-178.197475
-179.471181
-180.702336
-181.991213
-183.135870
-184.287601
-185.503195
-186.677756
-187.867061
-189.015773
-190.241516
-191.369171
-190.002222
-190.592680
-191.075030
-191.626358
-192.249609
-192.648281
-193.301531
-193.730811
-194.299143
-194.765164
-195.251676
-195.636521
-196.105844
-196.599625
-197.056603
-197.477309
-198.052564
-198.403060
-198.846949
-199.322141
-199.700625
-200.176912
-200.557352
-200.907129
-201.358272
-201.846949
-202.174839
-202.607756
-202.946575
-203.392849
-203.745710
-204.140515
-204.510214
-204.923657
-205.244351
-205.609960
-205.952249
-178.900786
-180.179865
-181.416013
-182.710527
-183.859425
-185.015538
-186.236204
-187.415489
-188.609715
-189.763008
-190.994114
-192.126249
-190.740581
-191.330828
-191.812087
-192.363075
-192.986743
-193.383907
-193.977242
-194.466292
-194.973467
-195.500433
-195.986700
-196.370504
-196.839602
-197.333445
-197.790242
-198.210534
-198.786749
-199.136377
-199.580250
-200.055748
-200.433797
-200.910515
-201.290655
-201.639941
-202.091472
-202.580888
-202.908271
-203.341573
-203.680074
-204.126930
-204.479676
-204.874742
-205.244546
-205.658477
-205.978973
-206.344775
-206.687114
-179.604072
-180.888523
-182.129666
-183.429818
-184.582957
-185.743451
-186.969191
-188.153200
-189.352347
-190.510222
-191.746693
-192.883308
-191.478923
-192.068958
-192.549127
-193.099776
-193.723862
-194.119519
-194.713198
-195.201760
-195.708701
-196.235692
-196.721715
-197.104477
-197.573351
-198.067256
-198.523874
-198.943752
-199.520926
-199.869688
-200.313546
-200.723912
-201.166965
-201.644114
-202.023955
-202.372750
-202.824670
-203.314826
-203.641702
-204.075390
-204.413572
-204.861012
-205.213644
-205.608971
-205.909630
-206.393299
-206.713599
-207.079593
-207.421983
-180.307331
-181.597156
-182.843293
-184.149084
-185.306465
-186.471342
-187.702155
-188.890890
-190.094958
-191.257416
-192.499251
-193.640348
-192.217247
-192.807072
-193.286152
-193.836462
-194.460967
-194.855118
-195.449140
-195.937216
-196.443923
-196.970940
-197.456719
-197.838441
-198.307091
-198.801058
-199.193160
-199.676963
-200.255098
-200.537712
-201.046836
-201.456975
-201.900129
-202.377710
-202.757253
-203.105557
-203.557866
-204.048763
-204.375131
-204.740844
-205.147071
-205.595094
-205.947612
-206.343201
-206.643431
-207.128123
-207.448227
-207.743789
-208.156855
-181.010564
-182.305764
-183.505383
-184.868326
-186.029949
-187.199209
-188.435098
-189.628558
-190.778584
-191.944397
-193.251789
-194.397368
-192.955554
-193.545169
-194.023161
-194.573132
-195.198057
-195.590703
-196.185070
-196.672660
-197.179133
-197.706177
-198.191713
-198.572395
-199.040822
-199.470294
-199.926243
-200.410167
-200.989262
-201.270478
-201.780122
-202.190035
-202.633289
-203.111303
-203.490547
-203.838362
-204.291060
-204.782698
-205.108560
-205.474126
-205.880569
-206.329177
-206.681582
-207.077432
-207.377234
-207.862950
-208.182858
-208.478078
-208.891731
-181.713772
-183.014346
-184.218457
-185.587543
-186.753410
-187.927054
-189.168017
-190.366204
-191.520606
-192.690996
-194.004308
-195.154369
-193.693843
-194.283250
-194.760153
-195.309788
-195.935133
-196.326274
-196.920986
-197.408091
-197.914332
-198.441403
-198.926697
-199.241929
-199.774544
-200.203547
-200.659318
-201.143364
-201.657244
-202.003239
-202.513402
-202.923089
-203.366444
-203.844891
-204.223838
-204.571164
-205.024252
-205.516631
-205.841988
-206.207407
-206.614068
-207.063260
-207.415552
-207.811665
-208.111038
-208.597779
-208.917491
-209.212371
-209.554662
-182.416953
-183.722903
-184.931505
-186.306736
-187.476847
-188.654875
-189.900914
-191.103828
-192.262606
-193.437574
-194.756806
-195.911350
-194.432114
-194.959653
-195.497130
-196.046428
-196.672195
-197.061832
-197.656890
-198.143511
-198.649520
-199.112185
-199.661670
-199.975331
-200.508257
-200.936791
-201.392385
-201.876554
-202.390861
-202.735993
-203.246677
-203.656139
-204.099595
-204.578476
-204.957126
-205.303964
-205.757442
-206.250563
-206.575414
-206.940688
-207.347567
-207.797344
-208.149524
-208.545900
-208.844845
-209.332610
-209.652128
-209.946667
-210.289009
-183.120109
-184.431434
-185.644529
-187.025905
-188.200260
-189.382674
-190.633789
-191.841431
-193.004586
-194.184132
-195.509284
-196.668312
-195.170368
-195.697159
-196.234091
-196.720229
-197.409242
-197.797376
-198.392780
-198.878918
-199.384696
-199.846853
-200.396634
-200.708722
-201.241962
-201.670026
-202.125445
-202.609737
-203.124472
-203.468742
-203.979946
-204.389184
-204.832743
-205.312058
-205.690411
-206.036760
-206.490630
-206.984493
-207.308840
-207.673969
-208.081065
-208.531428
-208.812161
-209.280135
-209.578654
-210.067444
-210.386767
-210.680966
-211.023360
-183.823239
-185.139941
-186.357528
-187.745050
-188.923650
-190.110449
-191.366642
-192.579011
-193.746544
-194.930669
-196.261743
-197.425255
-195.908604
-196.434649
-196.971035
-197.456301
-198.146274
-198.532906
-199.128658
-199.614312
-200.119860
-200.581510
-201.131587
-201.442104
-201.975657
-202.403254
-202.858498
-203.342913
-203.858076
-204.201485
-204.713210
-205.122224
-205.565886
-206.045636
-206.423693
-206.769555
-207.223816
-207.718422
-208.042265
-208.407249
-208.814564
-209.265513
-209.545600
-210.014373
-210.312464
-210.802280
-211.121410
-211.415268
-211.757715
-184.526342
-185.848421
-187.070502
-188.464170
-189.647016
-190.838202
-192.099471
-193.316570
-194.488481
-195.677186
-197.014181
-198.182178
-196.646822
-197.172122
-197.707964
-198.192357
-198.883292
-199.268422
-199.864522
-200.349695
-200.855013
-201.316157
-201.866530
-202.175477
-202.709344
-203.136473
-203.591542
-204.076082
-204.591674
-204.934222
-205.377669
-205.855260
-206.299025
-206.779210
-207.156972
-207.502347
-207.957000
-208.452350
-208.775689
-209.140528
-209.548062
-209.999598
-210.279040
-210.748611
-211.046276
-211.537119
-211.856055
-212.149574
-212.492074
-185.229420
-186.556877
-187.783451
-189.183267
-190.370358
-191.565931
-192.832279
-194.054107
-195.230397
-196.423682
-197.766599
-198.939082
-197.385023
-197.909578
-198.444877
-198.928399
-199.620296
-200.003925
-200.600374
-201.085065
-201.590154
-202.050792
-202.601463
-202.908840
-203.443022
-203.869684
-204.324579
-204.809244
-205.325266
-205.666954
-206.110390
-206.588291
-206.962223
-207.512781
-207.890248
-208.235136
-208.690182
-209.186276
-209.437363
-209.873807
-210.281561
-210.733684
-211.012481
-211.482851
-211.780091
-212.198080
-212.590702
-212.883882
-213.226436
-185.932472
-187.265307
-188.496376
-189.902339
-191.093677
-192.293638
-193.565064
-194.791622
-195.972292
-197.170158
-198.518997
-199.695967
-198.123206
-198.647017
-199.181773
-199.664425
-200.291815
-200.739414
-201.336212
-201.820423
-202.325283
-202.785417
-203.336385
-203.709809
-204.176690
-204.602887
-205.057609
-205.542399
-206.058851
-206.399679
-206.843105
-207.251177
-207.694821
-208.246348
-208.552420
-208.967923
-209.423362
-209.848101
-210.170252
-210.607086
-211.015059
-211.467770
-211.745923
-212.217093
-212.513907
-212.932388
-213.325353
-213.618194
-213.960802
-186.635498
-187.973711
-189.209275
-190.621386
-191.816973
-193.021321
-194.297827
-195.529116
-196.714166
-197.916613
-199.271376
-200.452832
-198.861372
-199.384440
-199.918654
-200.400436
-201.028251
-201.474890
-202.072038
-202.555769
-203.060401
-203.520031
-204.071297
-204.443687
-204.910350
-205.336081
-205.790631
-206.275546
-206.792430
-207.132399
-207.575815
-207.983666
-208.427414
-208.908519
-209.285156
-209.700707
-210.156540
-210.581489
-210.903139
-211.340364
-211.675179
-212.201856
-212.479366
-212.951336
-213.247725
-213.666698
-214.060006
-214.352510
-214.695172
-187.338499
-188.682091
-189.922151
-191.340410
-192.540244
-193.748981
-195.030567
-196.266587
-197.456018
-198.663047
-200.023734
-201.209678
-199.599520
-200.121846
-200.655519
-201.136431
-201.764672
-202.210352
-202.807850
-203.291102
-203.795508
-204.254634
-204.737687
-205.177556
-205.644001
-206.069267
-206.523645
-207.008687
-207.526002
-207.865112
-208.308520
-208.716150
-209.160004
-209.641546
-210.017890
-210.433489
-210.889716
-211.314877
-211.636025
-212.073642
-212.408144
-212.861645
-213.212810
-213.685580
-213.981545
-214.401010
-214.794662
-215.086828
-215.429545
-188.041473
-189.390445
-190.635001
-192.059409
-193.263492
-194.476619
-195.763285
-197.004037
-198.197850
-199.409461
-200.776072
-201.966504
-200.337650
-200.859235
-201.392367
-201.872412
-202.501080
-202.945800
-203.543650
-204.026423
-204.530603
-204.989226
-205.472043
-205.911415
-206.377644
-206.802445
-207.256651
-207.741821
-208.259568
-208.597820
-209.041219
-209.448629
-209.892589
-210.374568
-210.750620
-211.166269
-211.622890
-212.048262
-212.368911
-212.806919
-213.141109
-213.595198
-213.946255
-214.344437
-214.715366
-215.135325
-215.529321
-215.821150
-216.163922
-188.744421
-190.098773
-191.347826
-192.778384
-193.986717
-195.204233
-196.433669
-197.741465
-198.939660
-200.155854
-201.528390
-202.723311
-201.075763
-201.596607
-202.129200
-202.608377
-203.237472
-203.681234
-204.279437
-204.761732
-205.265686
-205.723808
-206.206389
-206.645265
-207.111277
-207.535615
-207.989650
-208.474948
-208.993128
-209.330523
-209.773913
-210.181104
-210.625170
-211.107587
-211.483347
-211.899045
-212.356062
-212.781647
-213.101795
-213.540195
-213.874074
-214.328751
-214.679701
-215.078150
-215.449190
-215.869642
-216.187217
-216.555475
-216.898303
-189.447343
-190.807076
-192.060627
-193.497334
-194.709917
-195.931825
-197.165810
-198.478871
-199.681449
-200.902227
-202.280688
-203.480099
-201.813858
-202.333962
-202.866017
-203.344328
-203.973850
-204.416655
-205.015210
-205.497029
-206.000758
-206.458378
-206.940725
-207.379105
-207.774300
-208.268776
-208.722642
-209.208068
-209.726681
-210.063219
-210.506602
-210.913574
-211.357747
-211.840603
-212.216072
-212.631820
-213.014899
-213.515029
-213.834678
-214.273471
-214.607039
-215.062306
-215.413147
-215.811864
-216.183016
-216.603961
-216.921346
-217.289803
-217.632688
-190.150240
-191.515354
-192.773403
-194.216261
-195.433095
-196.659393
-197.897928
-199.216256
-200.423216
-201.648579
-203.032966
-204.236867
-202.484743
-203.071301
-203.602818
-204.080263
-204.710214
-205.152062
-205.750971
-206.232313
-206.735818
-207.192938
-207.675050
-208.112935
-208.507382
-209.001930
-209.455625
-209.941180
-210.460227
-210.795909
-211.239286
-211.646039
-212.090320
-212.573615
-212.948793
-213.364591
-213.747533
-214.248411
-214.567561
-215.006747
-215.340004
-215.795860
-216.146595
-216.545579
-216.916843
-217.338283
-217.655478
-218.024134
-218.367076
-190.853111
-192.223607
-193.486155
-194.935163
-196.156248
-197.386939
-198.630024
-199.953618
-201.164963
-202.394911
-203.785225
-204.993616
-203.222263
-203.808622
-204.339602
-204.816182
-205.446563
-205.887455
-206.486719
-206.967585
-207.470867
-207.927486
-208.409366
-208.846756
-209.240455
-209.735075
-210.188601
-210.674286
-211.193767
-211.528594
-211.971964
-212.378499
-212.822888
-213.306623
-213.681511
-214.097360
-214.480166
-214.981791
-215.300442
-215.740022
-216.072969
-216.529415
-216.880044
-217.279296
-217.572979
-218.072607
-218.389613
-218.758469
-219.101467
-191.555955
-192.931834
-194.198881
-195.654041
-196.817596
-198.114461
-199.362098
-200.690959
-201.906688
-203.141222
-204.537463
-205.750345
-203.959765
-204.545927
-205.076371
-205.552087
-206.182898
-206.622835
-207.222453
-207.632172
-208.134888
-208.662024
-209.143671
-209.580567
-209.973519
-210.468211
-210.921570
-211.334251
-211.927301
-212.261273
-212.704637
-213.110955
-213.555453
-214.039628
-214.414226
-214.754566
-215.212797
-215.715169
-216.033323
-216.473297
-216.805934
-217.262971
-217.613493
-218.013014
-218.306276
-218.806934
-219.123751
-219.492807
-219.835863
-192.258774
-193.640035
-194.911583
-196.372895
-197.540184
-198.841961
-200.094149
-201.428278
-202.648392
-203.887513
-205.289681
-206.507056
-204.697249
-205.283216
-205.813124
-206.287976
-206.919218
-207.358200
-207.958175
-208.366883
-208.869378
-209.396551
-209.877966
-210.241947
-210.706574
-211.201340
-211.654531
-212.066810
-212.660828
-212.919708
-213.437305
-213.843406
-214.288013
-214.772629
-215.146939
-215.486797
-215.945426
-216.448546
-216.766202
-217.129242
-217.538899
-217.996527
-218.346944
-218.746734
-219.039575
-219.541263
-219.857891
-220.227148
-220.570262
-192.961567
-194.348212
-195.624260
-197.091724
-198.262748
-199.569437
-200.826178
-202.165575
-203.390075
-204.633783
-206.041879
-207.263746
-205.434716
-206.020487
-206.549861
-207.023851
-207.655524
-208.093553
-208.693884
-209.101582
-209.603856
-210.131067
-210.612251
-210.975205
-211.439620
-211.934460
-212.313648
-212.799361
-213.394349
-213.651842
-214.169968
-214.575853
-215.020569
-215.505626
-215.879648
-216.219026
-216.678053
-217.181921
-217.499080
-217.861983
-218.271863
-218.730084
-219.080395
-219.480455
-219.772876
-220.275594
-220.592035
-220.881344
-221.304664
-193.664334
-195.056363
-196.336912
-197.810529
-198.985289
-200.296891
-201.558184
-202.902850
-204.131737
-205.380032
-206.794057
-208.020418
-206.172166
-206.757742
-207.286581
-207.759710
-208.391815
-208.828891
-209.429579
-209.836269
-210.338323
-210.865572
-211.346526
-211.708454
-212.172658
-212.667572
-213.046060
-213.531906
-214.127864
-214.383971
-214.902625
-215.308294
-215.753122
-216.238620
-216.612354
-216.951253
-217.410678
-217.915295
-218.231958
-218.594723
-219.004828
-219.463641
-219.813848
-220.214178
-220.506179
-221.009927
-221.326181
-221.615157
-222.039071
-194.367075
-195.764489
-197.049540
-198.529310
-199.707806
-201.024321
-202.290168
-203.640104
-204.873378
-206.126261
-207.546215
-208.777070
-206.909597
-207.494979
-208.023286
-208.495554
-209.128092
-209.564216
-210.165262
-210.570944
-211.072778
-211.600066
-212.080790
-212.441694
-212.905686
-213.400676
-213.778465
-214.264443
-214.861372
-215.116094
-215.635277
-216.040731
-216.485670
-216.971610
-217.345057
-217.683477
-218.143300
-218.648667
-218.964834
-219.327462
-219.737793
-220.197198
-220.547301
-220.947902
-221.239483
-221.744263
-222.060330
-222.348973
-222.773481
-195.069790
-196.472589
-197.762143
-199.248067
-200.430299
-201.751729
-203.022130
-204.377335
-205.614997
-206.872469
-208.298353
-209.533702
-207.647011
-208.232200
-208.688369
-209.231382
-209.864355
-210.299527
-210.900932
-211.305607
-211.807221
-212.334550
-212.815045
-213.174923
-213.638706
-214.133771
-214.510863
-214.996974
-215.594873
-215.848212
-216.367924
-216.773164
-217.218213
-217.704597
-218.077756
-218.415699
-218.875921
-219.382038
-219.697710
-220.060201
-220.470758
-220.930756
-221.200455
-221.681627
-221.972790
-222.397342
-222.794481
-223.082792
-223.425888
-195.772480
-197.180664
-198.474721
-199.966799
-201.152769
-202.479113
-203.754069
-205.114545
-206.356596
-207.618657
-209.050472
-210.290316
-208.384408
-208.969405
-209.424504
-209.967196
-210.600603
-211.034825
-211.636589
-212.040257
-212.541653
-213.069022
-213.549289
-213.908144
-214.371717
-214.866858
-215.243253
-215.729498
-216.328368
-216.580323
-217.100566
-217.505591
-217.950753
-218.437580
-218.810453
-219.147918
-219.608540
-220.115407
-220.430584
-220.792940
-221.203723
-221.664315
-221.933377
-222.415354
-222.706098
-223.131148
-223.528636
-223.816615
-224.159771
-196.475143
-197.888714
-199.187274
-200.685507
-201.875215
-203.206475
-204.485986
-205.851733
-207.098173
-208.364824
-209.728668
-211.046910
-209.121787
-209.706592
-210.160623
-210.702994
-211.336836
-211.770109
-212.372232
-212.774895
-213.276074
-213.803484
-214.283523
-214.641354
-215.104718
-215.599937
-215.975635
-216.462014
-216.984570
-217.312429
-217.833202
-218.238014
-218.683289
-219.170559
-219.543147
-219.880134
-220.341157
-220.848775
-221.163458
-221.525678
-221.936688
-222.397874
-222.666300
-223.149082
-223.439409
-223.864956
-224.262793
-224.550440
-224.893657
-197.177781
-198.596738
-199.899803
-201.404191
-202.597638
-203.933813
-205.217880
-206.588900
-207.839729
-209.110971
-210.480186
-211.803484
-209.859148
-210.443763
-210.896726
-211.438777
-212.073055
-212.431186
-213.107863
-213.509521
-214.010483
-214.537935
-215.017746
-215.374555
-215.837711
-216.256283
-216.708010
-217.194524
-217.717519
-218.044528
-218.565833
-218.970433
-219.336938
-219.903535
-220.275838
-220.612348
-221.073772
-221.582142
-221.896330
-222.258415
-222.669653
-223.131433
-223.399224
-223.882812
-224.172721
-224.598767
-224.996953
-225.284269
-225.627547
-197.880392
-199.304737
-200.612307
-202.122851
-203.320037
-204.661129
-205.949753
-207.326044
-208.581264
-209.857097
-211.231683
-212.483629
-210.596492
-211.180917
-211.632812
-212.174545
-212.809260
-213.165906
-213.843481
-214.244134
-214.744880
-215.272375
-215.751960
-216.107747
-216.570696
-216.988813
-217.440377
-217.927026
-218.450461
-218.776622
-219.298459
-219.702846
-220.068933
-220.636508
-221.008525
-221.344560
-221.806384
-222.315506
-222.629202
-222.991152
-223.402618
-223.864993
-224.132148
-224.616543
-224.906035
-225.332580
-225.731116
-226.018101
-226.361441
-198.582978
-200.012710
-201.324786
-202.841487
-204.042413
-205.388421
-206.681602
-208.063167
-209.322777
-210.603203
-211.983160
-213.239598
-211.333818
-211.918054
-212.368883
-212.910298
-213.545450
-213.900613
-214.579086
-214.978735
-215.479266
-216.006804
-216.486163
-216.840929
-217.303671
-217.721334
-218.172736
-218.659522
-219.183397
-219.508710
-220.031079
-220.435255
-220.800924
-221.369476
-221.741210
-222.076769
-222.538995
-223.048870
-223.280308
-223.723889
-224.135583
-224.598553
-224.865074
-225.350276
-225.639351
-226.066395
-226.465281
-226.751937
-227.095338
-199.285538
-200.720659
-202.037240
-203.560098
-204.764765
-206.115691
-207.413430
-208.800268
-210.064270
-211.349288
-212.734617
-213.995547
-212.071127
-212.655174
-213.104938
-213.646035
-214.281626
-214.635306
-215.314678
-215.713324
-216.213640
-216.741222
-217.220356
-217.496454
-218.036637
-218.453847
-218.905088
-219.392010
-219.916326
-220.240793
-220.763694
-221.167659
-221.532911
-222.102441
-222.473892
-222.808975
-223.271604
-223.782232
-224.012645
-224.456625
-224.868548
-225.332114
-225.598001
-226.084010
-226.372669
-226.800212
-227.199450
-227.485776
-227.829239
-199.988072
-201.428582
-202.749670
-204.278685
-205.487093
-206.842937
-208.145235
-209.537347
-210.805741
-212.095352
-213.486055
-214.751476
-212.808418
-213.392278
-213.840977
-214.381758
-214.941661
-215.369985
-216.050256
-216.447901
-216.948003
-217.475630
-217.954539
-218.229084
-218.769595
-219.186352
-219.637432
-220.124492
-220.649249
-220.972869
-221.496304
-221.900059
-222.264894
-222.835403
-223.206570
-223.541179
-224.004211
-224.515592
-224.744981
-225.189360
-225.601513
-225.981879
-226.330928
-226.817745
-227.105989
-227.534032
-227.933621
-228.219617
-228.563143
-200.690580
-202.136479
-203.462075
-204.997248
-206.209398
-207.570161
-208.877018
-210.274404
-211.547191
-212.841396
-214.237472
-215.507386
-213.545691
-214.129365
-214.577000
-215.117465
-215.677270
-216.104651
-216.785822
-217.182466
-217.682354
-218.210026
-218.688712
-218.961705
-219.502544
-219.918848
-220.369769
-220.856966
-221.382165
-221.704940
-222.228909
-222.632453
-222.996872
-223.568361
-223.857067
-224.273380
-224.736816
-225.248951
-225.477316
-225.922095
-226.250550
-226.714907
-227.063857
-227.466592
-227.839311
-228.267854
-228.667795
-228.953463
-229.297051
-201.393062
-202.844351
-204.174455
-205.715786
-206.931680
-208.297362
-209.608778
-211.011440
-212.288620
-213.587419
-214.988869
-216.263277
-214.282947
-214.866435
-215.313007
-215.776463
-216.412865
-216.839303
-217.521375
-217.917018
-218.416694
-218.944412
-219.422874
-219.694316
-220.235483
-220.651337
-221.102098
-221.589434
-222.115076
-222.437005
-222.961509
-223.364843
-223.728847
-224.301315
-224.589207
-225.005579
-225.469418
-225.982308
-226.209650
-226.654830
-226.982982
-227.447936
-227.796786
-228.199797
-228.572634
-229.001679
-229.401971
-229.687311
-230.030963
-202.095519
-203.552198
-204.886811
-206.434301
-207.653937
-209.024539
-210.340516
-211.748453
-213.030028
-214.333422
-215.740247
-217.019149
-215.020185
-215.603488
-216.048998
-216.511603
-217.148446
-217.573941
-218.256915
-218.651558
-219.151022
-219.678786
-220.077386
-220.426917
-220.888325
-221.383817
-221.834419
-222.321894
-222.847979
-223.169064
-223.612095
-224.097229
-224.460817
-225.034266
-225.321344
-225.737776
-226.202019
-226.631402
-226.941983
-227.387564
-227.715415
-228.180965
-228.529717
-228.933003
-229.305960
-229.735505
-230.136151
-230.421163
-230.764879
-202.797949
-204.260020
-205.599142
-207.152791
-208.376172
-209.751694
-211.072232
-212.485445
-213.771415
-215.079405
-216.491604
-217.775001
-215.757406
-216.340524
-216.784973
-217.246728
-217.884012
-218.308566
-218.913484
-219.386086
-219.885338
-220.413150
-220.810993
-221.159509
-221.620714
-222.116289
-222.566733
-223.054347
-223.580877
-223.901117
-224.344151
-224.829610
-225.192783
-225.767213
-226.053478
-226.469969
-226.934618
-227.364223
-227.674315
-228.120298
-228.447847
-228.913995
-229.262648
-229.666210
-230.039287
-230.469335
-230.870333
-231.155017
-231.498798
-203.500354
-204.967816
-206.311448
-207.871257
-209.098382
-210.478826
-211.803925
-213.222415
-214.512780
-215.825366
-217.242942
-218.530834
-216.494609
-216.999803
-217.520933
-217.981838
-218.619564
-219.043177
-219.648462
-220.120602
-220.619643
-221.147503
-221.544591
-221.892092
-222.353095
-222.848752
-223.299039
-223.786794
-224.313767
-224.633164
-225.076203
-225.561986
-225.924746
-226.416081
-226.785609
-227.117670
-227.667215
-228.097043
-228.406646
-228.853031
-229.180279
-229.647025
-229.995581
-230.399418
-230.772616
-231.203166
-231.604519
-231.888875
-232.232721
-204.202733
-205.675587
-207.023729
-208.589698
-209.820569
-211.205935
-212.535596
-213.959364
-215.254125
-216.571307
-217.994259
-219.286647
-217.231794
-217.736268
-218.256876
-218.716933
-219.355101
-219.777774
-220.383426
-220.855105
-221.353937
-221.881845
-222.278178
-222.624665
-223.085466
-223.581208
-224.031338
-224.519233
-225.046652
-225.365206
-225.808249
-226.210488
-226.656703
-227.148488
-227.517737
-227.849328
-228.399810
-228.829861
-229.138976
-229.585763
-229.912711
-230.380056
-230.728514
-231.132628
-231.505947
-231.937000
-232.338706
-232.622737
-232.966647
-204.905085
-206.383333
-207.735985
-209.308116
-210.542733
-211.933020
-213.267244
-214.696290
-215.995448
-217.317228
-218.745557
-220.042442
-217.968962
-218.472715
-218.992803
-219.452012
-220.090624
-220.512358
-221.118378
-221.589596
-222.088219
-222.616177
-223.011755
-223.357229
-223.817829
-224.313655
-224.763629
-225.251666
-225.779530
-226.097241
-226.540290
-226.942322
-227.388657
-227.880892
-228.249862
-228.580982
-229.132402
-229.562678
-229.871305
-230.318496
-230.645143
-231.113087
-231.461448
-231.865840
-232.239280
-232.670836
-232.983949
-233.356601
-233.700577
-205.607412
-207.091053
-208.448217
-210.026509
-211.264873
-212.660083
-213.998870
-215.433195
-216.736750
-218.063128
-219.496835
-220.798216
-218.706112
-219.209146
-219.649155
-220.187076
-220.826132
-221.246928
-221.853317
-222.324075
-222.822489
-223.350497
-223.745322
-224.089783
-224.550183
-225.046094
-225.495912
-225.984091
-226.512401
-226.829271
-227.272326
-227.674152
-228.120607
-228.613292
-228.981983
-229.312634
-229.864993
-230.295493
-230.603633
-231.051227
-231.377576
-231.846118
-232.194384
-232.599053
-232.883835
-233.404675
-233.717608
-234.000824
-234.434511
-206.309714
-207.798748
-209.160425
-210.744878
-211.986989
-213.387123
-214.730474
-216.170078
-217.478031
-218.809008
-220.248092
-221.553972
-219.443245
-219.945560
-220.384514
-220.922126
-221.561626
-221.981484
-222.588242
-223.058542
-223.556748
-224.084807
-224.478879
-224.822327
-225.282528
-225.778525
-226.228188
-226.716509
-227.245266
-227.561295
-228.004356
-228.405978
-228.852553
-229.345688
-229.714102
-230.044284
-230.510582
-231.028306
-231.335960
-231.696093
-232.110008
-232.579151
-232.927320
-233.332267
-233.616639
-234.138516
-234.451270
-234.734161
-235.168449
-207.011989
-208.506417
-209.872607
-211.463222
-212.709082
-214.114140
-215.462056
-216.906939
-218.219290
-219.554867
-220.999330
-222.309708
-220.180360
-220.681957
-221.119856
-221.657160
-222.297106
-222.716027
-223.323155
-223.792996
-224.290995
-224.736042
-225.212425
-225.554862
-226.014864
-226.510947
-226.960456
-227.448921
-227.978125
-228.293313
-228.736381
-229.137798
-229.584494
-230.078081
-230.446218
-230.775931
-231.242637
-231.761118
-232.068286
-232.428291
-232.842440
-233.312183
-233.660257
-234.065483
-234.349444
-234.872359
-235.184934
-235.467501
-235.902390
-207.714238
-209.214062
-210.584765
-212.181543
-213.431151
-214.841134
-216.193615
-217.643779
-218.960529
-220.300705
-221.750548
-223.065425
-220.917458
-221.418337
-221.855182
-222.392178
-223.032571
-223.450556
-224.058055
-224.444560
-224.942018
-225.469795
-225.945962
-226.287388
-226.747191
-227.243361
-227.692716
-228.181325
-228.710977
-229.025326
-229.468401
-229.869614
-230.316431
-230.810470
-231.178330
-231.507575
-231.974689
-232.493929
-232.800611
-233.160489
-233.574872
-234.045216
-234.393195
-234.798700
-235.082251
-235.606205
-235.918602
-236.200844
-236.636335
-208.416462
-209.852016
-211.296898
-212.899839
-214.153197
-215.568105
-216.925152
-218.380597
-219.701746
-221.046523
-222.501746
-223.821123
-221.654538
-222.154701
-222.590493
-223.127182
-223.768021
-224.185071
-224.792941
-225.178455
-225.675708
-226.203537
-226.679488
-227.019904
-227.479510
-227.975767
-228.424969
-228.827926
-229.443823
-229.670978
-230.200416
-230.601426
-231.048364
-231.542856
-231.910440
-232.239217
-232.706740
-233.226738
-233.532936
-233.892686
-234.307304
-234.778250
-235.035828
-235.531919
-235.815060
-236.340052
-236.652272
-236.934191
-237.462453
-209.118659
-210.559113
-212.009006
-213.618111
-214.875219
-216.295053
-217.656666
-219.117392
-220.442943
-221.792321
-223.252923
-224.576801
-222.391600
-222.891048
-223.325788
-223.862171
-224.503458
-224.919573
-225.527815
-225.912338
-226.409386
-226.937268
-227.413004
-227.752410
-228.211819
-228.708165
-229.157214
-229.559784
-230.176663
-230.402448
-230.932425
-231.333232
-231.780293
-232.275238
-232.642546
-232.970857
-233.438788
-233.959546
-234.265259
-234.624883
-235.039736
-235.511284
-235.768236
-236.265139
-236.547871
-237.073903
-237.385945
-237.667541
-238.196940
-209.820831
-211.266185
-212.721089
-214.336359
-215.597218
-217.021978
-218.388158
-219.854167
-221.184118
-222.538098
-224.004081
-225.332460
-223.128645
-223.627378
-224.061066
-224.597144
-225.238880
-225.654061
-226.262676
-226.646209
-227.143053
-227.670989
-228.146510
-228.484907
-228.944120
-229.440555
-229.889452
-230.291635
-230.822201
-231.133911
-231.664430
-232.065034
-232.512218
-233.007617
-233.374650
-233.702494
-234.170835
-234.692352
-234.997581
-235.357079
-235.772168
-236.244318
-236.500644
-236.998360
-237.280684
-237.807755
-238.119620
-238.493743
-239.118320
-210.522977
-211.973231
-213.433148
-215.054583
-216.319193
-217.748880
-219.119628
-220.590919
-221.925272
-223.283854
-224.755219
-226.088099
-223.865673
-224.363692
-224.796329
-225.332102
-225.974287
-226.388535
-226.997524
-227.380067
-227.876708
-228.404699
-228.880005
-229.217395
-229.676412
-230.172936
-230.621682
-231.023480
-231.554495
-231.865369
-232.396429
-232.796831
-233.244139
-233.739991
-234.106750
-234.434128
-234.902879
-235.425156
-235.729902
-236.089275
-236.504601
-236.977353
-237.233053
-237.731583
-238.013499
-238.541610
-238.853299
-239.227634
-211.225097
-212.680253
-214.145182
-215.772782
-217.041144
-218.475759
-219.851075
-221.327649
-222.666404
-224.029590
-225.506337
-226.843719
-224.602682
-225.099988
-225.531576
-226.067046
-226.709680
-227.122996
-227.732359
-228.113913
-228.610351
-229.138397
-229.613491
-229.949873
-230.408695
-230.905309
-231.353904
-231.755317
-232.286782
-232.596821
-233.128422
-233.528624
-233.976056
-234.472363
-234.748815
-235.165760
-235.634922
-236.157960
-236.371003
-236.821470
-237.237033
-237.710388
-237.965463
-238.464807
-238.746316
-239.275468
-239.586980
-240.055582
-211.927191
-213.387249
-214.857192
-216.490958
-217.763072
-219.202615
-220.582500
-222.064358
-223.407516
-224.775305
-226.257435
-227.599320
-225.339674
-225.836268
-226.266807
-226.801973
-227.445059
-227.857443
-228.467181
-228.847747
-229.343983
-229.872085
-230.346966
-230.682341
-231.140969
-231.637674
-232.086119
-232.487147
-233.019063
-233.328267
-233.860411
-234.260412
-234.707968
-235.204730
-235.480378
-235.897390
-236.366962
-236.890761
-237.102791
-237.553665
-237.969465
-238.443424
-238.697874
-239.198033
-239.479134
-240.009327
-240.414958
-212.629259
-214.094219
-215.569177
-217.209109
-218.484977
-219.929448
-221.313903
-222.801045
-224.148607
-225.521000
-227.008513
-228.354902
-226.076649
-226.572532
-227.002022
-227.536886
-228.180423
-228.506019
-229.201990
-229.581569
-230.077604
-230.605763
-231.080431
-231.414800
-231.873234
-232.370030
-232.818326
-233.218971
-233.751338
-234.059707
-234.592394
-234.992195
-235.439876
-235.937094
-236.211938
-236.629017
-237.099001
-237.623561
-237.834577
-238.285859
-238.701897
-239.176461
-239.430287
-239.931260
-240.211954
-240.743189
-241.244146
-213.331302
-214.801165
-216.281137
-217.927235
-219.206858
-220.656258
-222.045283
-223.537710
-224.889676
-226.266674
-227.759571
-229.110464
-226.728726
-227.308778
-227.737221
-228.271784
-228.915772
-229.239904
-229.849910
-230.315378
-230.811213
-231.339429
-231.813886
-232.147250
-232.605491
-233.102379
-233.550525
-233.950787
-234.483606
-234.791141
-235.324372
-235.723973
-236.171781
-236.669455
-236.943495
-237.360641
-237.831037
-238.356360
-238.566362
-239.018053
-239.434329
-239.909498
-240.162700
-240.664489
-240.944777
-241.477054
-213.961322
-215.508085
-216.993072
-218.645338
-219.928715
-221.303220
-222.776641
-224.274354
-225.630724
-227.012328
-228.510610
-229.866007
-227.465127
-228.045008
-228.472404
-229.006666
-229.651108
-229.973776
-230.584158
-231.049176
-231.544810
-232.073084
-232.547331
-232.879690
-233.337738
-233.834719
-234.193034
-234.682596
-235.215868
-235.522570
-236.056344
-236.455747
-236.903681
-237.401812
-237.675048
-238.092263
-238.563072
-239.089157
-239.298147
-239.750247
-240.166761
-240.548203
-240.895114
-241.397719
-241.677601
-242.210920
-214.662824
-216.214980
-217.704982
-219.363416
-220.650549
-222.029460
-223.507977
-225.010975
-226.371751
-227.757961
-229.261628
-230.621531
-228.201510
-228.781221
-229.207571
-229.741534
-230.386429
-230.707633
-231.318393
-231.782961
-232.278396
-232.806729
-233.280765
-233.612120
-234.069977
-234.567051
-234.924687
-235.414399
-235.948124
-236.253993
-236.788312
-237.187516
-237.543527
-238.134165
-238.406599
-238.823882
-239.295105
-239.728228
-240.029930
-240.482439
-240.899194
-241.280708
-241.627528
-242.130950
-242.506140
-243.137398
-215.364300
-216.921849
-218.416868
-220.081471
-221.372359
-222.755678
-224.239290
-225.747575
-227.112757
-228.503574
-230.012626
-231.377035
-228.937876
-229.517417
-229.942722
-230.476386
-231.121735
-231.441477
-232.052615
-232.516733
-233.011970
-233.540363
-234.014189
-234.344541
-234.802207
-235.299374
-235.656332
-236.146194
-236.680373
-236.985410
-237.520274
-237.919281
-238.274888
-238.866515
-239.138146
-239.555499
-240.027135
-240.460489
-240.761713
-241.214632
-241.631626
-242.013213
-242.359944
-242.864183
-243.239502
-216.065751
-217.628693
-219.128730
-220.799500
-222.094146
-223.481872
-224.970581
-226.484153
-227.853742
-229.249166
-230.763604
-232.132520
-229.674224
-230.253597
-230.677858
-231.211223
-231.857027
-232.175307
-232.786824
-233.250494
-233.745533
-234.184103
-234.747604
-235.076953
-235.534428
-236.031690
-236.387969
-236.877982
-237.412615
-237.716821
-238.252231
-238.651040
-239.006244
-239.598861
-239.869691
-240.287113
-240.759164
-241.192750
-241.493494
-241.946824
-242.364058
-242.745719
-243.092361
-243.597417
-244.069786
-216.767175
-218.335512
-219.840566
-221.517506
-222.815909
-224.208044
-225.701849
-227.220710
-228.594705
-229.994737
-231.514563
-232.887986
-230.410555
-230.989759
-231.412977
-231.946045
-232.592305
-232.909124
-233.521020
-233.984242
-234.479084
-234.917182
-235.481008
-235.809355
-236.266640
-236.763997
-237.119599
-237.609764
-238.144852
-238.448226
-238.891134
-239.382795
-239.737597
-240.331204
-240.601232
-241.018725
-241.491190
-241.925008
-242.225275
-242.679015
-243.096490
-243.478226
-243.824779
-244.427823
-244.999022
-217.468574
-219.042306
-220.552378
-222.235488
-223.537648
-224.934193
-226.433095
-227.957244
-229.335648
-230.740289
-232.265501
-233.643432
-231.146868
-231.725905
-232.148081
-232.680852
-233.327568
-233.642927
-234.255203
-234.717979
-235.212624
-235.650249
-236.214401
-236.541747
-236.998843
-237.496296
-237.851221
-238.341538
-238.877081
-239.179626
-239.622550
-240.114546
-240.468945
-241.063543
-241.332771
-241.750335
-242.223215
-242.657265
-242.957054
-243.411206
-243.828922
-244.210732
-244.557198
-245.161594
-218.169947
-219.749075
-221.264165
-222.953445
-224.259364
-225.660319
-227.164319
-228.693757
-230.076569
-231.485819
-233.016419
-234.398859
-231.883163
-232.462035
-232.883168
-233.415643
-234.062817
-234.376717
-234.989373
-235.451703
-235.946153
-236.383306
-236.947785
-237.274130
-237.731038
-238.228587
-238.582836
-239.073305
-239.609305
-239.911019
-240.353959
-240.846292
-241.200289
-241.795878
-242.064306
-242.481941
-242.955237
-243.389521
-243.688833
-244.143396
-244.561354
-244.943240
-245.289617
-246.092272
-218.946711
-220.455818
-221.975927
-223.590873
-224.981057
-226.386422
-227.895521
-229.343467
-230.817469
-232.231329
-233.767318
-235.154267
-232.619442
-233.198147
-233.618240
-234.150420
-234.798051
-235.110492
-235.723530
-236.185414
-236.679669
-237.116352
-237.681159
-237.914070
-238.463223
-238.960869
-239.314443
-239.805066
-240.341522
-240.642407
-241.085364
-241.578033
-241.931629
-242.528210
-242.795838
-243.213546
-243.687258
-244.121775
-244.420610
-244.875586
-245.196149
-245.675748
-246.120335
-219.648521
-221.162536
-222.687665
-224.308271
-225.702726
-227.112502
-228.626700
-230.079398
-231.558348
-232.976819
-234.518197
-235.909655
-233.355702
-233.934243
-234.353296
-234.885181
-235.533271
-235.844255
-236.457674
-236.919114
-237.413175
-237.849387
-238.414522
-238.645902
-239.195400
-239.599508
-240.046042
-240.536819
-241.073732
-241.373789
-241.816763
-242.309769
-242.662965
-243.260538
-243.527368
-243.945147
-244.419276
-244.854028
-245.152387
-245.607776
-245.928049
-246.408256
-246.952263
-220.350305
-221.869228
-223.399378
-225.025645
-226.424371
-227.838559
-229.357857
-230.815308
-232.299206
-233.722288
-235.269055
-236.665024
-234.091945
-234.670322
-235.088336
-235.619927
-236.268476
-236.578003
-237.191806
-237.652801
-238.146668
-238.582411
-239.147875
-239.377725
-239.927568
-240.331242
-240.777634
-241.268565
-241.805937
-242.105165
-242.548158
-242.945539
-243.394296
-243.992863
-244.258894
-244.676747
-245.151293
-245.586279
-245.884162
-246.339965
-246.659949
-247.239893
-247.785404
-221.052063
-222.575896
-224.111066
-225.742994
-227.145993
-228.564593
-230.088992
-231.551196
-233.040043
-234.467736
-236.019894
-237.420374
-234.828170
-235.406384
-235.823360
-236.354658
-237.003667
-237.311738
-237.925924
-238.386476
-238.880150
-239.315424
-239.881218
-240.109538
-240.565396
-241.062968
-241.509218
-242.000305
-242.538134
-242.836536
-243.279546
-243.676735
-244.125624
-244.725184
-244.990417
-245.408343
-245.883307
-246.318529
-246.615937
-247.072153
-247.491083
-247.972935
-221.753795
-223.282538
-224.822730
-226.460320
-227.867592
-229.290605
-230.820104
-232.287062
-233.780859
-235.213164
-236.770713
-238.175704
-235.564378
-236.142430
-236.558368
-237.089374
-237.738844
-238.045459
-238.660029
-239.120139
-239.613621
-240.048427
-240.614551
-240.841342
-241.297015
-241.794686
-242.240795
-242.732037
-243.270326
-243.567900
-244.010930
-244.407926
-244.856948
-245.457501
-245.721937
-246.139937
-246.615320
-247.050777
-247.347710
-247.804341
-248.223515
-248.806318
-222.455502
-223.989155
-225.534369
-227.177621
-228.589167
-230.016593
-231.551194
-233.022907
-234.521653
-235.958571
-237.521511
-238.931015
-236.300569
-236.878458
-237.293360
-237.824075
-238.474006
-238.779167
-239.394122
-239.853790
-240.347080
-240.781419
-241.347873
-241.573136
-242.028624
-242.526396
-242.972364
-243.463762
-244.002511
-244.299259
-244.742309
-245.139113
-245.588267
-246.189815
-246.453454
-246.871529
-247.248234
-247.783024
-248.079483
-248.536528
-248.955947
-249.640915
-223.157182
-224.695746
-226.245983
-227.894898
-229.310718
-230.742558
-232.282261
-233.758730
-235.262427
-236.703958
-238.272290
-239.686307
-237.036741
-237.614471
-238.028336
-238.558760
-239.209154
-239.512861
-240.128202
-240.587428
-241.080528
-241.514400
-242.081186
-242.304921
-242.760225
-243.258097
-243.703925
-244.195481
-244.734689
-245.030612
-245.473682
-245.870295
-246.319582
-246.922125
-247.184968
-247.603118
-247.979711
-248.515269
-248.811254
-249.268715
-249.789356
-223.858837
-225.402313
-226.957573
-228.612151
-230.032246
-231.468501
-233.013306
-234.494531
-236.003179
-237.449325
-239.023049
-240.441580
-237.772897
-238.350466
-238.763296
-239.293431
-239.944288
-240.246541
-240.862268
-241.321055
-241.813964
-242.247370
-242.718426
-243.036696
-243.491817
-243.989790
-244.435479
-244.927192
-245.466861
-245.761959
-246.205050
-246.601472
-247.050893
-247.654432
-247.916479
-248.334705
-248.711186
-249.247513
-249.543025
-250.000902
-250.623978
-224.560466
-226.108854
-227.669137
-229.329379
-230.753750
-232.194421
-233.744329
-235.230310
-236.743910
-238.194670
-239.773788
-241.196833
-238.509034
-239.086444
-239.498241
-240.028086
-240.679407
-240.980208
-241.596322
-242.054669
-242.547389
-242.980329
-243.451184
-243.768462
-244.223401
-244.721475
-245.167025
-245.658896
-246.199027
-246.493301
-246.936412
-247.332644
-247.782200
-248.386735
-248.647987
-249.066289
-249.442660
-249.979756
-250.274795
-250.834796
-225.262069
-226.815370
-228.380678
-230.046584
-231.475231
-232.920317
-234.475330
-235.966067
-237.484620
-238.845129
-240.524507
-241.952067
-239.245155
-239.728118
-240.233169
-240.762726
-241.414511
-241.713861
-242.330363
-242.788270
-243.280802
-243.713277
-244.183933
-244.500218
-244.954975
-245.453152
-245.898564
-246.390594
-246.931186
-247.224636
-247.667770
-248.063812
-248.513503
-249.018593
-249.379492
-249.697047
-250.174131
-250.711996
-251.006563
-251.567514
-225.963646
-227.521860
-229.092193
-230.763764
-232.196688
-233.646191
-235.206308
-236.701803
-238.225309
-239.589883
-241.275206
-242.707281
-239.981257
-240.463526
-240.968081
-241.497351
-242.149601
-242.447500
-243.064391
-243.425222
-244.014203
-244.446215
-244.916671
-245.231965
-245.686540
-246.184820
-246.630095
-247.122284
-247.663339
-247.955966
-248.399122
-248.794975
-249.244802
-249.750357
-250.110994
-250.428096
-250.905600
-251.444236
-251.840718
-252.403154
-226.665198
-228.228326
-229.803684
-231.480921
-232.918121
-234.372042
-235.937264
-237.437517
-238.965976
-240.334617
-242.025885
-243.462476
-240.717342
-241.198917
-241.702978
-242.231961
-242.884677
-243.181126
-243.798406
-244.158265
-244.747593
-245.179141
-245.649400
-245.963702
-246.418097
-246.916481
-247.361618
-247.853967
-248.395485
-248.687290
-249.130469
-249.526134
-249.976096
-250.482117
-250.842493
-251.159142
-251.637067
-252.176474
-252.573017
-227.366723
-228.934766
-230.515150
-232.198053
-233.639532
-235.097870
-236.668197
-238.173210
-239.706623
-241.079330
-242.776544
-244.217652
-241.453410
-241.934291
-242.437859
-242.870159
-243.619738
-243.914738
-244.532408
-244.891297
-245.480972
-245.912057
-246.382118
-246.695430
-247.149645
-247.648133
-248.093134
-248.585644
-249.127625
-249.418608
-249.861810
-250.257288
-250.707387
-251.213874
-251.573989
-251.890185
-252.368532
-252.908710
-253.408915
-228.068223
-229.641180
-231.226591
-232.915161
-234.360918
-235.823675
-237.399109
-238.908880
-240.447248
-241.824022
-243.527184
-244.972809
-242.189460
-242.669649
-243.172724
-243.604204
-244.354785
-244.648337
-245.266397
-245.624316
-246.214339
-246.644962
-247.114826
-247.427148
-247.881184
-248.379777
-248.724475
-249.317313
-249.859759
-250.149920
-250.593147
-250.988437
-251.438673
-251.945628
-252.305481
-252.621226
-253.099995
-253.744788
-254.246030
-228.769697
-230.347570
-231.938008
-233.632245
-235.082281
-236.549458
-238.129997
-239.644529
-241.187853
-242.568694
-244.277803
-245.727946
-242.925493
-243.404991
-243.907572
-244.338233
-245.089818
-245.381922
-246.000373
-246.357324
-246.947694
-247.377857
-247.847524
-248.158857
-248.612714
-249.111412
-249.455444
-250.048975
-250.591886
-250.881226
-251.324478
-251.719582
-252.169955
-252.677377
-252.933803
-253.352264
-253.831456
-254.582081
-229.471145
-231.053934
-232.649400
-234.349304
-235.803621
-237.275217
-238.860864
-240.380157
-241.928436
-243.313346
-245.028402
-246.483064
-243.661508
-244.140315
-244.642405
-245.072247
-245.824836
-246.115493
-246.734336
-247.090318
-247.681038
-248.110740
-248.580212
-248.890556
-249.344235
-249.843040
-250.186407
-250.780631
-251.324007
-251.612527
-252.055804
-252.450721
-252.901233
-253.409124
-253.664759
-254.083300
-254.667325
-255.420593
-230.172568
-231.760273
-233.360767
-235.066340
-236.524937
-238.000953
-239.591708
-241.115762
-242.668998
-244.057977
-245.778982
-247.238163
-244.397505
-244.875623
-245.377222
-245.806246
-246.559839
-246.849051
-247.468286
-247.823301
-248.314206
-248.843613
-249.312889
-249.622246
-250.075748
-250.574659
-250.917362
-251.512279
-252.056121
-252.343822
-252.787125
-253.181857
-253.632507
-254.140866
-254.395712
-254.814333
-255.399314
-230.873964
-232.466587
-234.072110
-235.783351
-237.246230
-238.726667
-240.322530
-241.851346
-243.409539
-244.802587
-246.529541
-247.993242
-245.133485
-245.610914
-246.112023
-246.540230
-247.294829
-247.582595
-248.202224
-248.556272
-249.046993
-249.576474
-250.045556
-250.353926
-250.807251
-251.306270
-251.648309
-252.141256
-252.788229
-252.971907
-253.518440
-253.912987
-254.259663
-254.872605
-255.126661
-255.545363
-256.236926
-231.575335
-233.172876
-234.783428
-236.500339
-237.967499
-239.452357
-241.053330
-242.586908
-244.150059
-245.547178
-247.280081
-248.748302
-245.869447
-246.346188
-246.846809
-247.274199
-248.029804
-248.316125
-248.936148
-249.289230
-249.779770
-250.309325
-250.778214
-251.085597
-251.538746
-251.935348
-252.379248
-252.872359
-253.520331
-253.702660
-254.249750
-254.644113
-254.990398
-255.604341
-255.857608
-256.381992
-257.075755
-232.191989
-233.879139
-235.494722
-237.217302
-238.688744
-240.178025
-241.784107
-243.322448
-244.890557
-246.291747
-248.030601
-249.503343
-246.605392
-247.081446
-247.581578
-248.008153
-248.764764
-249.049642
-249.670060
-250.022176
-250.512534
-251.042166
-251.510861
-251.817259
-252.270232
-252.666412
-253.110180
-253.603456
-254.252426
-254.433407
-254.981055
-255.375234
-255.721129
-256.336072
-256.588552
-257.113548
-232.892820
-234.585377
-236.205990
-237.934241
-239.409966
-240.903670
-242.514862
-244.057967
-245.631035
-247.036296
-248.781100
-250.258365
-247.341319
-247.816687
-248.316331
-248.742092
-249.499710
-249.783145
-250.403958
-250.755110
-251.245287
-251.774995
-252.243498
-252.548910
-253.001709
-253.397467
-253.841105
-254.334545
-254.984515
-255.164148
-255.712355
-256.106350
-256.451856
-257.067801
-257.319493
-257.951918
-233.593626
-235.291590
-236.917234
-238.651155
-240.131165
-241.629292
-243.245595
-244.793464
-246.371491
-247.780825
-249.531580
-251.013367
-248.077229
-248.551911
-249.051069
-249.476015
-250.132893
-250.516635
-251.137844
-251.488032
-251.978029
-252.507813
-252.976124
-253.280553
-253.733177
-254.128515
-254.572022
-255.065628
-255.716597
-255.894884
-256.443650
-256.837462
-257.182580
-257.799525
-258.157314
-258.791505
-234.294406
-235.997778
-237.628454
-239.368046
-240.852340
-242.354891
-243.976305
-245.528939
-247.111926
-248.525333
-250.282040
-251.768350
-248.813121
-249.287119
-249.785790
-250.209923
-250.867274
-251.250111
-251.871717
-252.220942
-252.710759
-253.240621
-253.708741
-254.012186
-254.464637
-254.859554
-255.302931
-255.796703
-256.448673
-256.625613
-257.174939
-257.568569
-257.913298
-258.531246
-258.888779
-234.995160
-236.703940
-238.339648
-240.084913
-241.573491
-243.080467
-244.706993
-246.264393
-247.852341
-249.269821
-251.032480
-252.523313
-249.548996
-250.022309
-250.520496
-250.943817
-251.601642
-251.983573
-252.605577
-252.953839
-253.443478
-253.973418
-254.441347
-254.743809
-255.196087
-255.590585
-256.033832
-256.527772
-257.180742
-257.356337
-257.906223
-258.299672
-258.644013
-259.262964
-259.728342
-235.695888
-237.410077
-239.050818
-240.801755
-242.294619
-243.806020
-245.437659
-246.999824
-248.592734
-250.014288
-251.782900
-253.278257
-250.284853
-250.757483
-251.255186
-251.677695
-252.335994
-252.717022
-253.339423
-253.686724
-254.176185
-254.706204
-255.173944
-255.475423
-255.927529
-256.321608
-256.764726
-257.258833
-257.912805
-258.087055
-258.530267
-259.030769
-259.374724
-260.103096
-260.569123
-236.396590
-238.116189
-239.761964
-241.518573
-243.015723
-244.531551
-246.168302
-247.735234
-249.333106
-250.758735
-252.533300
-254.033182
-251.020693
-251.492641
-251.989860
-252.411558
-253.070333
-253.346577
-254.073257
-254.419597
-254.908881
-255.438979
-255.906530
-256.207028
-256.658962
-257.052622
-257.495613
-257.989888
-258.537492
-258.817767
-259.261010
-259.761862
-260.105431
-260.835338
-237.097267
-238.822276
-240.473084
-242.235367
-243.736804
-245.257058
-246.898923
-248.470623
-250.073456
-251.503162
-253.283680
-254.788088
-251.756515
-252.227782
-252.724518
-253.145406
-253.804657
-254.079465
-254.807078
-255.152458
-255.641565
-256.171743
-256.639106
-256.938623
-257.390386
-257.783628
-258.226492
-258.720936
-259.269011
-259.548474
-259.991748
-260.492951
-260.945020
-261.677217
-237.797918
-239.528337
-241.184180
-242.952137
-244.457862
-245.982543
-247.629522
-249.205989
-250.813786
-252.247567
-254.034041
-255.542974
-252.492320
-252.962906
-253.459160
-253.879239
-254.538966
-254.812339
-255.540887
-255.885307
-256.374237
-256.904497
-257.371671
-257.670208
-258.121801
-258.514627
-258.957363
-259.451976
-260.000523
-260.279174
-260.722481
-261.224035
-261.676249
-262.520318
-238.498543
-240.234373
-241.895252
-243.668883
-245.178896
-246.708004
-248.360099
-249.941334
-251.554095
-252.991953
-254.784381
-256.297842
-253.228107
-253.698013
-254.193786
-254.613056
-255.273262
-255.545200
-256.274682
-256.618143
-257.106899
-257.637239
-258.104227
-258.401784
-258.853207
-259.245616
-259.688227
-260.183010
-260.732029
-261.009869
-261.453209
-261.955114
-262.517581
-239.199142
-240.940384
-242.606298
-244.385605
-245.899906
-247.433443
-249.090653
-250.676658
-252.294382
-253.736318
-255.534701
-257.052689
-253.859241
-254.433103
-254.928396
-255.346859
-256.007542
-256.278047
-257.008464
-257.350968
-257.839548
-258.369971
-258.836772
-259.133351
-259.584605
-259.976598
-260.419083
-260.914036
-261.463529
-261.740558
-262.183931
-262.686188
-263.360132
-239.899716
-241.646370
-243.317320
-245.102303
-246.620893
-248.158859
-249.821184
-251.411959
-253.034649
-254.480662
-256.285002
-257.807518
-254.594456
-255.168177
-255.557299
-256.080647
-256.741809
-257.010880
-257.742233
-258.083780
-258.572186
-259.102692
-259.569308
-259.864908
-260.315993
-260.707572
-261.149931
-261.645056
-262.195022
-262.471241
-262.914648
-263.528084
-264.203904
-240.600263
-242.352330
-244.028318
-245.818976
-247.341856
-248.884252
-250.551694
-252.147239
-253.774894
-255.224986
-257.035282
-258.562327
-255.329654
-255.903235
-256.291342
-256.814419
-257.476061
-257.743700
-258.475990
-258.816580
-259.304813
-259.835402
-260.301833
-260.596456
-261.047373
-261.438537
-261.880772
-262.376068
-262.926508
-263.201918
-263.645360
-264.259680
-241.300786
-243.058266
-244.739291
-246.535625
-248.062796
-249.609622
-251.282181
-252.882497
-254.409399
-255.969290
-257.785543
-259.317117
-256.064834
-256.638275
-257.025370
-257.548176
-258.210299
-258.476507
-259.209733
-259.549367
-260.037428
-260.568102
-261.034348
-261.327994
-261.778744
-262.169494
-262.611606
-263.107074
-263.657989
-263.932590
-264.376066
-265.103322
-242.001282
-243.764176
-245.450239
-247.252251
-248.783713
-250.334970
-252.012646
-253.617733
-255.149059
-256.713573
-258.535784
-260.071887
-256.799997
-257.266283
-257.759381
-258.281918
-258.944522
-259.209299
-259.943464
-260.282143
-260.770032
-261.191331
-261.766853
-262.059522
-262.510106
-262.900443
-263.342431
-263.838073
-264.389463
-264.663255
-265.218774
-265.948186
-242.701752
-244.470061
-246.161162
-247.968852
-249.504606
-251.060294
-252.743089
-254.352948
-255.888697
-257.457835
-259.286004
-260.826639
-257.535142
-258.000755
-258.493377
-259.015645
-259.678731
-259.942079
-260.677181
-261.014906
-261.502624
-261.923476
-262.499347
-262.791042
-263.241460
-263.631384
-264.073250
-264.569064
-265.120930
-265.393915
-265.950001
-243.402197
-245.175920
-246.872061
-248.685429
-250.225475
-251.785595
-253.473509
-255.088141
-256.628315
-258.202077
-260.036205
-261.581371
-258.270270
-258.735209
-259.227357
-259.749357
-260.412925
-260.674844
-261.410886
-261.747657
-262.235205
-262.655611
-263.231832
-263.522551
-263.972804
-264.362316
-264.804060
-265.300049
-265.852391
-266.124569
-266.794454
-244.102616
-245.881755
-247.582935
-249.401982
-250.946321
-252.510874
-254.203907
-255.823312
-257.367911
-258.946299
-260.786386
-262.336083
-259.005380
-259.469647
-259.961321
-260.483054
-261.147106
-261.407596
-262.144578
-262.480396
-262.967774
-263.387735
-263.964306
-264.254051
-264.704140
-265.093240
-265.534863
-266.031027
-266.583846
-266.968496
-267.640129
-244.803009
-246.587564
-248.293784
-250.118510
-251.667143
-253.236130
-254.934283
-256.558462
-258.107487
-259.690500
-261.536547
-263.090777
-259.740473
-260.204069
-260.695269
-261.216736
-261.881271
-262.140334
-262.878257
-263.102244
-263.700332
-264.119848
-264.696771
-264.985542
-265.435466
-265.824156
-266.265658
-266.761997
-267.315294
-267.699669
-245.503377
-247.293348
-249.004609
-250.835015
-252.387942
-253.961363
-255.664636
-257.293590
-258.847041
-260.434681
-262.286688
-263.730686
-260.475548
-260.938473
-261.429201
-261.950403
-262.615423
-262.873059
-263.611923
-263.834426
-264.432878
-264.851950
-265.429225
-265.717023
-266.166784
-266.555064
-266.996446
-267.492961
-268.046736
-268.545341
-246.203718
-247.999106
-249.715409
-251.551495
-253.108718
-254.686573
-256.394967
-258.028696
-259.586574
-261.178841
-263.036810
-264.484776
-261.210606
-261.672861
-262.163117
-262.684054
-263.349560
-263.605770
-264.345576
-264.566596
-265.165413
-265.584041
-266.161669
-266.448495
-266.784799
-267.285964
-267.727227
-268.223918
-268.778172
-269.392236
-246.904034
-248.704840
-250.426185
-252.267952
-253.829470
-255.411760
-257.125276
-258.763781
-260.326086
-261.922981
-263.786911
-265.238847
-262.056185
-262.407233
-262.897018
-263.417690
-264.083682
-264.338468
-265.079216
-265.298754
-265.897936
-266.316122
-266.894102
-267.179957
-267.515569
-268.016855
-268.457999
-268.954867
-269.624941
-247.604325
-249.313271
-251.136936
-252.984384
-254.550198
-256.136924
-257.855563
-259.498843
-261.065578
-262.667100
-264.536992
-265.992899
-268.440996
-263.252888
-263.630902
-264.151312
-264.817791
-265.071152
-265.699919
-266.030900
-266.630448
-267.048192
-267.626526
-267.797346
-268.246330
-268.747739
-269.188764
-269.685810
-270.472936
-248.304589
-250.018460
-251.847662
-253.700792
-255.270903
-256.862065
-258.585827
-260.233885
-261.805048
-263.411199
-265.287054
-266.746931
-269.203822
-263.987762
-264.364771
-264.884918
-265.551884
-265.803822
-266.433000
-266.763033
-267.362948
-267.780251
-268.358939
-268.528259
-268.977082
-269.478614
-269.919522
-270.416746
-271.322158
-249.004828
-250.723624
-252.558363
-254.417176
-255.991585
-257.587184
-259.316069
-260.968904
-262.544496
-264.155278
-266.037095
-267.500944
-269.966629
-264.722619
-265.098623
-265.618509
-266.285964
-266.536479
-267.166068
-267.495155
-268.095437
-268.512299
-269.091343
-269.259162
-269.707826
-270.209480
-270.650272
-271.147675
-272.172610
-249.705041
-251.428763
-253.269040
-255.133536
-256.712243
-258.312280
-260.046288
-261.703902
-263.283924
-264.899336
-266.787117
-268.254938
-270.729417
-265.457459
-265.832460
-266.352085
-267.020029
-267.269122
-267.899122
-268.227264
-268.827914
-269.244336
-269.823736
-269.990056
-270.438560
-270.940339
-271.381014
-271.995590
-250.405228
-252.133877
-253.979693
-255.849872
-257.432877
-259.037352
-260.776486
-262.438878
-264.023331
-265.643373
-267.537119
-269.008912
-271.492186
-266.192282
-266.566281
-267.085646
-267.754080
-268.001752
-268.632164
-268.959361
-269.560380
-269.976362
-270.556119
-270.720941
-271.169286
-271.671190
-272.111749
-272.844730
-251.105389
-252.838965
-254.690320
-256.566184
-258.153488
-259.762402
-261.506661
-263.173832
-264.762717
-266.387390
-268.287100
-269.762868
-272.254936
-266.927089
-267.300087
-267.819192
-268.488116
-268.734367
-269.365193
-269.691446
-270.292834
-270.708378
-271.288492
-271.451816
-271.900003
-272.402032
-272.960149
-273.695098
-251.805525
-253.544029
-255.400923
-257.282471
-258.767977
-260.487429
-262.236813
-263.908765
-265.502082
-267.131387
-269.037062
-270.516804
-273.017667
-267.661879
-268.033876
-268.552722
-269.222138
-269.466970
-270.098209
-270.423518
-271.025277
-271.440383
-272.020854
-272.182681
-272.630711
-273.132866
-273.691399
-252.505635
-254.249067
-256.111502
-257.998735
-259.488026
-261.212433
-262.966944
-264.643676
-266.241425
-267.875363
-269.787004
-271.270720
-273.780379
-268.396652
-268.767649
-269.286238
-269.956146
-270.199559
-270.831213
-271.155579
-271.757708
-272.172377
-272.753207
-272.913537
-273.361410
-273.863692
-274.541547
-253.205719
-255.055307
-256.822055
-258.609616
-260.208052
-261.937415
-263.697052
-265.378565
-266.980748
-268.619319
-270.536926
-272.024618
-274.543073
-269.015825
-269.501407
-270.019738
-270.690139
-270.932134
-271.564203
-271.887627
-272.490128
-273.022335
-273.485549
-273.644384
-274.092101
-274.713482
-275.392924
-253.905778
-255.760789
-257.532584
-259.325323
-260.928054
-262.662373
-264.315622
-266.113432
-267.720049
-269.363254
-271.286829
-272.778496
-275.305748
-269.750029
-270.235148
-270.753224
-271.424118
-271.664695
-272.297180
-272.619663
-273.222536
-273.754840
-274.099076
-274.375221
-274.822783
-275.444822
-254.605811
-256.466245
-258.243089
-260.041005
-261.648033
-263.387309
-265.045157
-266.848278
-268.459330
-270.107169
-272.036711
-273.532355
-276.068404
-270.484217
-270.968874
-271.486694
-272.158082
-272.397243
-273.030145
-273.351687
-273.954933
-274.487334
-274.830867
-275.106048
-275.553455
-276.296362
-255.305818
-257.171676
-258.953569
-260.756664
-262.367989
-264.112221
-265.774670
-267.583103
-269.198589
-270.851063
-272.786573
-274.286195
-276.831041
-271.218389
-271.702584
-272.220149
-272.892032
-273.129778
-273.763096
-274.083699
-274.687318
-275.219817
-275.562647
-275.836866
-276.404308
-277.149132
-256.005799
-257.877082
-259.664024
-261.472298
-263.087921
-264.837111
-266.504160
-268.317905
-269.937827
-271.594937
-273.536416
-275.040016
-277.467249
-271.952543
-272.436278
-272.953589
-273.625968
-273.862298
-274.496035
-274.815699
-275.419692
-275.952289
-276.294417
-276.567675
-277.135493
-278.246915
-256.705755
-258.582462
-260.374455
-262.187908
-263.807829
-265.561978
-267.233629
-269.052686
-270.677045
-272.338790
-274.286238
-275.793817
-278.229272
-272.686681
-273.169956
-273.687014
-274.359889
-274.594805
-275.228961
-275.547687
-276.152055
-276.684750
-277.026176
-277.298474
-277.988095
-257.405684
-259.287818
-261.084861
-262.903495
-264.527714
-266.286822
-267.963075
-269.787445
-271.416241
-273.082623
-275.036041
-276.547599
-278.991276
-273.420803
-273.903619
-274.420424
-275.093796
-275.327299
-275.961874
-276.279662
-276.884405
-277.417201
-277.757926
-278.029264
-278.841927
-258.105588
-259.993148
-261.795242
-263.619057
-265.247576
-267.011644
-268.692499
-270.522183
-272.155416
-273.826436
-275.785824
-277.301362
-279.753261
-274.154907
-274.637265
-275.153819
-275.827688
-276.059779
-276.694774
-277.011625
-277.616745
-278.149640
-278.489666
-278.882065
-279.820014
-258.805467
-260.593279
-262.505599
-264.334595
-265.967414
-267.736442
-269.421900
-271.256898
-272.894570
-274.570228
-276.535586
-278.055105
-280.386706
-274.888995
-275.370896
-275.887198
-276.561567
-276.792245
-277.427661
-277.743576
-278.349073
-278.882069
-279.221395
-279.613366
-259.505319
-261.298065
-263.215931
-265.050109
-266.687229
-268.461218
-270.151279
-271.991592
-273.633703
-275.314000
-277.285329
-278.808829
-281.148078
-275.623067
-276.104511
-276.620563
-277.295430
-277.524698
-278.160535
-278.475515
-279.081389
-279.614487
-279.953114
-280.467919
-260.205146
-262.002827
-263.926238
-265.765599
-267.407020
-269.185970
-270.880636
-272.726265
-274.372815
-276.057751
-278.035052
-279.562535
-281.909431
-276.357121
-276.838109
-277.353912
-278.029280
-278.257137
-278.893396
-279.207442
-279.813694
-280.346894
-280.684824
-281.323704
-260.904948
-262.707563
-264.636521
-266.481065
-268.126788
-269.910700
-271.609971
-273.460916
-275.111906
-276.801482
-278.784756
-280.316220
-282.670765
-277.091159
-277.571692
-278.087247
-278.763115
-278.989563
-279.626245
-279.939356
-280.545987
-281.079291
-281.540645
-282.305591
-261.604723
-263.412274
-265.346779
-267.196507
-268.846532
-270.635407
-272.339284
-274.195545
-275.850975
-277.545192
-279.534439
-281.069887
-283.432081
-277.825181
-278.305259
-278.820566
-279.496935
-279.721975
-280.359080
-280.671259
-281.278269
-281.811676
-282.272866
-262.304473
-264.116960
-265.947316
-267.911925
-269.566253
-271.360091
-273.068574
-274.930152
-276.590024
-278.288882
-280.284102
-281.823534
-284.193377
-278.559186
-279.038811
-279.553870
-280.230742
-280.454373
-281.091903
-281.403149
-282.010540
-282.544051
-283.130445
-263.004197
-264.821621
-266.657024
-268.627318
-270.285951
-272.084752
-273.797842
-275.664738
-277.329052
-279.032552
-281.033746
-282.577162
-284.954655
-279.293174
-279.772346
-280.287159
-280.964534
-281.186758
-281.824713
-282.135027
-282.742799
-283.276415
-283.989262
-263.703895
-265.526257
-267.366709
-269.342688
-271.005625
-272.809391
-274.527088
-276.399302
-278.068059
-279.776201
-281.783369
-283.330771
-285.715915
-280.027145
-280.505866
-281.020433
-281.698311
-281.919130
-282.557510
-282.866893
-283.475046
-284.008768
-264.403568
-266.339987
-268.076368
-270.058034
-271.725276
-273.534007
-275.256312
-277.133844
-278.807044
-280.519829
-282.532973
-284.084361
-286.477155
-280.761100
-281.239369
-281.753692
-282.306962
-282.651487
-283.290294
-283.598746
-284.207282
-284.867781
-265.103215
-267.045065
-268.786003
-270.773355
-272.444903
-274.258599
-275.985513
-277.868365
-279.546009
-281.263437
-283.282557
-284.837931
-287.238377
-281.495038
-281.972857
-282.486936
-283.040177
-283.383831
-284.023065
-284.330588
-284.939507
-285.728035
-265.802836
-267.750118
-269.495614
-271.488653
-273.164507
-274.983169
-276.714692
-278.602864
-280.284952
-282.007025
-284.032121
-285.591482
-287.999580
-282.228959
-282.706329
-283.220164
-283.773377
-284.116162
-284.755823
-285.062417
-285.671720
-286.846310
-266.502431
-268.455146
-270.205200
-272.203926
-273.884087
-275.707716
-277.443849
-279.337341
-281.023875
-282.750592
-284.781665
-286.345014
-288.760764
-282.962864
-283.439785
-283.953378
-284.506564
-284.848479
-285.488568
-285.794235
-286.531794
-267.202001
-269.160149
-270.914761
-272.919176
-274.603644
-276.432240
-278.172984
-280.071797
-281.762776
-283.494139
-285.531189
-287.098526
-289.521929
-283.696752
-284.173225
-284.559899
-285.239735
-285.580782
-286.221301
-286.526040
-287.393110
-267.901545
-269.865127
-271.624298
-273.634401
-275.323178
-277.156742
-278.902096
-280.806231
-282.501656
-284.237665
-286.280693
-287.852020
-290.283076
-284.430624
-284.906650
-285.292549
-285.972893
-286.313072
-286.954020
-287.257833
-288.255668
-268.601063
-270.570079
-272.333810
-274.349603
-276.042688
-277.881220
-279.631186
-281.540643
-283.240516
-284.981171
-287.030177
-288.605494
-291.044204
-285.164478
-285.640058
-286.025184
-286.706036
-287.045348
-287.686727
-287.989613
-269.300556
-271.275007
-273.043297
-275.064780
-276.762174
-278.605676
-280.360254
-282.275034
-283.979354
-285.724657
-287.647764
-289.358949
-291.805313
-285.898317
-286.373451
-286.757805
-287.439165
-287.777610
-288.419420
-288.850884
-270.000023
-271.866846
-273.752761
-275.779933
-277.481638
-279.330109
-281.089300
-283.009403
-284.718171
-286.468122
-288.396652
-290.112385
-292.566403
-286.632138
-287.106828
-287.490410
-288.172279
-288.380586
-289.152101
-289.713396
-270.699464
-272.571231
-274.462199
-276.495062
-278.201078
-280.054519
-281.818323
-283.617439
-285.456967
-287.211567
-289.145520
-290.865801
-293.327475
-287.365943
-287.840188
-288.223000
-288.905379
-289.112289
-289.884769
-290.577152
-271.398880
-273.275590
-275.171613
-277.210168
-278.920494
-280.778906
-282.547324
-284.351230
-286.195743
-287.954991
-289.894367
-291.619198
-294.088528
-288.099731
-288.573534
-288.955575
-289.638465
-289.843979
-290.748483
-272.098269
-273.979924
-275.881002
-277.925249
-279.639887
-281.503270
-283.276303
-285.084999
-286.934497
-288.698395
-290.643195
-292.372576
-294.849562
-288.833503
-289.306863
-289.688135
-290.371537
-290.575656
-291.481659
-272.797633
-274.684233
-276.590367
-278.640306
-280.359257
-282.227612
-284.005260
-285.818747
-287.673230
-289.441778
-291.392004
-293.125935
-295.610577
-289.567258
-290.040176
-290.420679
-291.104594
-291.307319
-292.347139
-273.496972
-275.388517
-277.299707
-279.355339
-281.078603
-282.951931
-284.734195
-286.552473
-288.411942
-290.185141
-292.140792
-293.879274
-296.371574
-290.300996
-290.773474
-291.153209
-291.837636
-292.170900
-293.347109
-274.196284
-276.092775
-278.009023
-280.070348
-281.797926
-283.676226
-285.463107
-287.286177
-289.150633
-290.928483
-292.889560
-294.632595
-297.273732
-291.034718
-291.506755
-291.885724
-292.570665
-292.903067
-274.895571
-276.797009
-278.718314
-280.785333
-282.517225
-284.400499
-286.191997
-288.019860
-289.889303
-291.671806
-293.638309
-295.385896
-291.768423
-292.240021
-292.618224
-293.303679
-293.768410
-275.594833
-277.501217
-279.427580
-281.500294
-283.236501
-285.124750
-286.920865
-288.753521
-290.627952
-292.280857
-294.387038
-296.139178
-292.502111
-292.973271
-293.350708
-294.036678
-294.634999
-276.294068
-278.205400
-280.136822
-282.215231
-283.955754
-285.848977
-287.649711
-289.487161
-291.366579
-293.023590
-295.135746
-296.892440
-293.235783
-293.706505
-294.083178
-294.903850
-295.637679
-276.993278
-278.909559
-280.846040
-282.930144
-284.674983
-286.573181
-288.378534
-290.220779
-292.105186
-293.766303
-295.884436
-297.645683
-293.969438
-294.439723
-294.815632
-295.637354
-277.692463
-279.613692
-281.555233
-283.645033
-285.394189
-287.297363
-289.107335
-290.954375
-292.843772
-294.508996
-296.633105
-298.398908
-294.703076
-295.172925
-295.548071
-296.506295
-278.391621
-280.317799
-282.264401
-284.359897
-286.113371
-288.021522
-289.836114
-291.687950
-293.582337
-295.251668
-297.381754
-299.152112
-295.436698
-295.906112
-296.415700
-297.376488
-279.090754
-281.021882
-282.973545
-285.074738
-286.832530
-288.745658
-290.564871
-292.421503
-294.320881
-295.994320
-298.130383
-300.047138
-296.170303
-296.639283
-297.148642
-298.385056
-279.789861
-281.725940
-283.682664
-285.789555
-287.551665
-289.469771
-291.293606
-293.155034
-295.059403
-296.736951
-299.019222
-300.943484
-297.039801
-297.372437
-298.018037
-280.488943
-282.429972
-284.391759
-286.504348
-288.270778
-290.193862
-292.022318
-293.888544
-295.797905
-297.479563
-299.909363
-301.841155
-297.773908
-298.242265
-298.888684
-281.187998
-283.133980
-285.100829
-287.219116
-288.989866
-290.917929
-292.751008
-294.622032
-296.536386
-298.360785
-300.800811
-298.645176
-299.113346
-299.898725
-281.887028
-283.837962
-285.809874
-287.933861
-289.708932
-291.641974
-293.479676
-295.355499
-297.274845
-299.103903
-301.693568
-299.655818
-299.985681
-282.586033
-284.541919
-286.518895
-288.648582
-290.427973
-292.365996
-294.208322
-296.088944
-298.013284
-299.986935
-283.285012
-285.245852
-287.227892
-289.363279
-291.146992
-293.089995
-294.936945
-296.822367
-298.751701
-300.871251
-283.983965
-285.949758
-287.936864
-290.077951
-291.865987
-293.813971
-295.665546
-297.555769
-299.628903
-301.898514
-284.682892
-286.653640
-288.645811
-290.792600
-292.584959
-294.537925
-296.394125
-298.426149
-300.507371
-285.381794
-287.357497
-289.354734
-291.507224
-293.303907
-295.261855
-297.122682
-299.160042
-301.387109
-286.080670
-288.061329
-290.063632
-292.221825
-294.022832
-295.985763
-297.851217
-300.032183
-302.268120
-286.779520
-288.765135
-290.772506
-292.936402
-294.741734
-296.709648
-298.579729
-300.905575
-287.478345
-289.468917
-291.481355
-293.650954
-295.460612
-297.433510
-299.445069
-301.780221
-288.177144
-290.172673
-292.190180
-294.365483
-296.179467
-298.157350
-300.174064
-288.875917
-290.876404
-292.898980
-295.079987
-296.898298
-298.881166
-301.041140
-289.574665
-291.580111
-293.607755
-295.794468
-297.617106
-299.604960
-302.048486
-290.273387
-292.283792
-294.316506
-296.508924
-298.335890
-300.465454
-290.972083
-292.987448
-295.025233
-297.223357
-299.189531
-301.327163
-291.670754
-293.691079
-295.733935
-297.937765
-299.908782
-302.328451
-292.243070
-294.523496
-296.442613
-298.652150
-300.764110
-292.941206
-295.227568
-297.151265
-299.366510
-301.757644
-293.639315
-295.931615
-297.859894
-300.215651
-294.337399
-296.505351
-298.568498
-301.065975
-295.035458
-297.339634
-299.410245
-302.190478
-295.733491
-298.043606
-300.119299
-296.431498
-298.747553
-300.962683
-297.129480
-299.451474
-301.942468
-297.827436
-300.288300
-298.656050
-301.126272
-299.354439
-301.965393
-300.184636
-301.015961
-301.981775
353.278296
353.557379
357.070845
353.156281
357.015054
352.754615
356.612474
352.352379
355.863247
351.949574
355.459562
351.546197
354.709835
355.881522
350.802558
353.960137
355.823928
350.398088
353.210467
355.417977
349.653958
352.460826
354.663815
348.909857
351.711214
354.256741
348.165785
350.961630
353.502070
354.736448
347.421742
350.212074
352.747428
354.327707
346.677729
349.462547
351.992813
353.918373
345.933744
348.713049
351.238227
353.159697
345.189789
347.963579
350.483668
352.749223
344.445863
347.214137
349.729137
351.990031
343.701965
346.464724
348.974634
351.230866
352.882774
342.958097
345.715340
348.220159
350.471728
352.469993
342.214259
344.965984
347.465711
349.712617
352.056608
341.470449
344.216657
346.711292
348.953533
351.292710
340.726668
343.467358
345.956900
348.194477
350.878166
339.982917
342.718088
345.202537
347.435447
350.113742
339.239194
341.968846
344.448201
346.676445
349.349345
338.495501
341.219632
343.693893
345.917470
348.584974
337.751837
340.470448
342.939613
345.158523
347.820630
345.378477
337.008202
339.721291
342.185361
344.399602
347.056312
344.961154
348.144581
336.264596
338.972164
341.431136
343.640709
346.292021
344.199426
348.075386
335.521019
338.223064
340.676940
342.881843
345.527757
343.780941
347.655855
334.777471
337.473993
339.922771
342.123004
344.763519
343.018688
347.235703
334.033952
336.724951
339.168630
341.364192
343.999308
342.256460
346.465448
332.963938
335.975937
338.414517
340.605407
343.235123
341.494257
346.044109
332.221026
335.226952
337.660432
339.846650
342.470964
340.732080
345.273314
331.478143
334.477995
336.906375
339.087920
341.706833
339.969928
344.502545
330.735288
333.729067
336.152346
338.329217
340.942728
339.207801
343.731800
329.992463
332.980167
335.398344
337.570541
340.178649
338.445700
342.961081
329.249667
332.231296
334.644370
336.811892
339.414597
337.683625
342.190386
328.506900
331.482453
333.890424
336.053271
338.650571
336.921575
341.419716
345.673833
327.764162
330.733638
333.136506
335.294676
337.886572
336.159550
340.649072
345.246933
327.021453
329.984853
332.382616
334.536109
337.122600
335.397550
339.878452
344.819390
326.278772
329.236095
331.628754
333.777569
336.358654
334.635577
339.107858
344.038453
346.540519
325.857168
328.487366
330.874919
333.019056
335.594735
333.873628
338.337288
343.609684
346.110930
325.113998
327.738666
330.121113
332.260570
334.830842
333.111705
337.566744
342.828189
345.680688
324.370858
326.989994
329.367334
331.502112
334.066976
332.349807
336.796224
342.046718
345.249791
323.627746
326.241350
328.613583
330.743680
333.303136
331.587935
336.025730
341.265271
344.818239
322.884664
325.492735
327.859860
329.985276
332.539323
330.826088
335.255260
340.483847
344.029737
345.240035
322.141611
324.744149
327.106165
329.226899
331.775536
330.064267
334.484816
339.702447
343.241257
344.806634
321.398587
323.995591
326.352497
328.468549
331.011776
329.302471
333.714396
338.921071
342.452801
344.372568
320.655591
323.247061
325.598857
327.710227
330.248042
328.540700
332.944002
338.139719
341.664369
343.579865
319.912625
322.498560
324.845246
326.951931
329.484335
327.778955
332.173632
337.358390
340.875959
343.144532
319.169688
321.750087
324.091662
326.193662
328.720654
327.017235
331.403288
336.577085
340.087572
342.351251
343.331082
318.426781
321.001643
323.338105
325.435421
327.957000
326.255541
330.632968
335.795804
339.299209
341.557991
342.893912
317.683902
320.253227
322.584577
324.677207
327.193373
325.493872
329.862674
335.014546
338.510869
340.764754
342.456068
316.941052
319.504840
321.831077
323.919020
326.429772
324.732228
329.092404
334.233313
337.722552
339.971540
341.658954
316.198231
318.756481
321.077604
323.160860
325.666197
323.970610
328.322160
333.452102
336.934258
339.178348
341.219825
341.257356
315.455440
318.008151
320.324159
322.402727
324.902649
323.209017
327.551940
332.670916
336.145988
338.385179
340.422123
340.817154
314.399841
317.259849
319.570742
321.644622
324.139128
322.447450
326.781746
331.889754
335.357741
337.592032
339.624443
340.376271
313.657654
316.511575
318.817353
320.886543
323.047139
321.685908
326.011576
331.108615
334.569516
336.798908
338.826785
339.934704
312.915497
315.763330
318.063991
320.128492
322.284248
320.924391
325.241431
330.327500
333.781315
336.005806
338.029148
339.492452
311.862625
315.015114
317.310657
319.370468
321.521384
320.162900
324.138900
329.546408
332.993138
335.212727
337.231534
338.691307
339.945087
311.121072
314.266925
316.557352
318.612471
320.758547
319.401434
323.369394
328.765341
332.204983
334.419670
336.433941
337.890182
339.500890
310.070346
313.518766
315.804074
317.854501
319.995736
318.639994
322.599912
327.984297
331.416852
333.626636
335.636370
337.089079
339.056000
309.329396
312.770635
314.733073
317.096558
319.232951
317.878579
321.830455
327.203276
330.628743
332.833624
334.838821
336.287997
338.250477
308.280812
312.022532
313.980413
316.338643
318.470193
317.117189
321.061023
326.422280
329.840658
332.040635
334.041293
335.486936
337.804268
338.849354
307.233791
311.274457
313.227781
315.580754
317.707461
316.355825
320.291616
325.641307
329.052596
331.247668
333.243788
334.685895
336.998141
338.401841
306.188330
310.526412
312.475176
314.822893
316.944756
315.594486
319.851118
324.860358
328.264558
330.454723
332.446304
333.884876
336.192034
337.953624
305.144425
309.778394
311.722600
314.065059
316.182077
314.833173
319.081174
324.079433
327.476542
329.661802
331.648842
333.083878
335.385948
337.143441
303.495956
308.719366
310.970051
313.307252
315.419425
314.071885
318.311254
323.298531
326.688550
328.868902
330.851402
332.282901
334.579883
336.693887
307.971960
310.217530
312.549472
314.656799
313.310622
317.541359
322.517653
325.900581
328.076026
330.053983
331.481945
333.773838
335.883091
336.358548
306.915106
309.465036
311.791719
313.894200
312.549385
316.771489
321.736799
325.112635
327.283171
329.256587
330.681010
332.967813
335.072316
335.907155
305.859842
308.399781
311.033993
313.131627
311.788173
316.001644
320.955968
324.324712
326.490339
328.459212
329.880096
332.161808
334.261559
335.455047
304.806162
307.647905
310.276295
312.369081
311.026986
315.231824
320.175162
323.536812
325.697530
327.661859
329.079203
331.355824
333.450823
334.641215
303.754064
306.584850
315.282043
311.606561
310.265825
314.462029
319.394378
322.748935
324.904743
326.864528
328.278331
330.196365
332.640106
333.827403
302.398524
289.710786
305.213670
314.514005
310.844067
309.504689
313.692259
318.613619
321.961082
324.111979
326.067218
327.477480
329.391065
331.472711
332.654493
289.276500
313.745996
310.081600
308.743579
312.922514
317.832883
321.173252
323.319237
325.269931
326.676651
328.585786
330.307207
331.483490
288.841616
312.978014
309.001539
307.982494
312.152794
317.052172
320.385445
322.526518
324.472665
325.875842
327.780528
329.143589
288.406133
311.566636
307.923130
307.221434
311.060679
316.271483
319.597661
321.733821
323.675421
325.075054
326.975289
327.981853
287.684699
289.095950
304.482179
306.846372
306.460400
310.291596
315.490819
318.809900
320.941146
322.878198
324.274287
326.170071
301.586713
286.963293
288.658253
302.797118
290.416145
305.699391
309.522538
314.710178
318.022163
320.148494
322.080998
323.473542
325.015796
302.054686
301.450704
286.241914
288.219948
289.976596
304.624521
308.753505
313.929561
317.234449
319.355865
321.283819
322.672817
324.211262
302.038263
301.918956
300.999889
285.520563
287.493873
289.536431
291.658280
303.551294
307.664910
313.148967
316.446757
318.563258
320.486662
321.872113
322.712817
302.792535
301.587288
301.467585
300.234586
284.799239
286.767825
288.805545
290.922422
302.479704
306.896513
312.368398
315.659089
317.770674
319.689527
321.071431
302.657129
301.135640
301.015541
299.782531
284.077942
286.041804
288.364260
290.479755
291.204362
305.810208
311.587852
314.871444
316.641336
318.892413
320.270769
302.204738
300.683319
300.562821
299.016677
297.937006
283.356673
285.315810
287.632895
289.743410
291.055309
304.409185
310.807329
314.083823
315.849419
318.095322
319.470129
299.006828
301.751670
300.230323
299.794992
298.250837
297.172307
282.635431
284.589842
286.901557
289.007090
290.610442
310.026831
313.296224
315.057525
317.298252
318.669509
298.243234
301.297925
299.776650
299.027179
297.173524
296.407622
281.914217
283.863902
286.170245
288.270796
290.164943
308.920822
312.508649
314.265653
316.501204
317.868910
297.790340
300.527727
299.322298
298.259382
295.787887
295.642951
289.233295
281.193030
283.137988
285.438959
287.243512
289.424084
290.810316
307.816543
311.721096
313.473804
315.704178
317.068333
297.026204
299.757547
298.867267
297.491601
293.177249
294.878294
289.081099
280.471871
282.412101
284.707700
286.507807
288.683250
290.362570
306.713990
310.933567
312.681977
314.907173
316.267777
295.952564
298.987384
298.097840
296.412219
291.805982
289.533571
288.627238
279.750739
281.686240
283.976467
285.772128
287.942441
289.914182
310.146061
311.890173
314.110191
315.467241
295.189044
298.217239
297.328430
291.949063
290.742479
288.777548
288.172707
279.029634
280.960407
283.245260
285.036474
287.201657
289.465151
290.040876
309.029927
311.098391
313.313230
314.666727
294.117642
297.447113
296.559037
290.884435
289.680589
288.322549
287.416976
285.469343
278.308557
280.234600
282.514079
284.300846
286.460898
288.719089
289.590426
308.243082
310.638425
312.516290
313.866233
293.047875
296.052771
295.789660
289.821424
288.922345
287.565986
286.961220
285.311846
277.587507
279.508820
281.782924
283.565243
285.720164
287.973050
289.139325
307.129346
309.514894
316.118020
313.065761
291.979742
291.890545
294.709410
288.760026
287.862650
286.809438
286.204949
284.855640
276.866485
278.783067
281.051796
282.829666
284.979455
287.227037
288.390049
290.245856
305.692072
292.519209
308.723179
315.312847
311.928651
291.218026
290.822922
289.039041
288.001586
287.105006
286.052903
285.448690
284.101086
276.145490
278.057341
280.320694
282.094114
284.238771
286.481047
287.937763
289.792289
292.064222
307.602074
310.793941
311.128856
290.152114
289.756927
287.977693
287.243161
286.347377
285.296382
284.692445
283.643654
282.159224
275.424522
277.331641
279.589618
281.358588
283.498112
285.735082
287.187976
289.338062
291.608568
309.995827
310.329081
289.087827
288.995615
287.218813
286.184545
285.589764
284.539876
283.936214
282.888559
281.701294
274.703582
276.605969
278.858568
280.623088
282.757478
284.989141
286.438213
288.583176
290.848343
309.197734
309.195102
288.327316
287.931836
286.459949
285.426722
284.533425
283.783383
283.179995
282.133477
281.242689
273.982669
275.880323
278.127545
279.887613
282.016868
284.243225
285.688474
287.828313
290.088139
290.948214
308.399664
292.840953
308.062938
287.265240
287.171134
285.701101
284.668915
283.776409
283.026905
282.423790
281.378407
280.488474
278.583855
273.261784
275.154704
277.396547
279.152164
281.276284
283.497333
284.938758
287.073474
289.630713
290.794933
307.601615
292.689780
306.601193
286.505339
286.410449
284.942270
283.911123
283.019409
282.270440
281.667598
280.623350
280.028638
278.416765
272.540926
274.429111
276.665576
278.416740
280.535725
282.751466
284.189066
286.318657
288.567800
290.030935
306.472314
292.229414
285.745455
285.649781
284.183455
283.153347
282.262424
281.513990
280.911419
279.868306
279.273882
277.956505
271.820096
273.703546
275.934631
277.681342
279.795191
282.005623
283.439397
285.563864
287.807664
289.571280
291.460211
284.985589
284.589395
283.424657
282.395587
281.505453
280.757553
280.155254
279.113273
278.519137
277.495565
271.099292
272.978007
275.203713
276.945969
279.054682
281.259804
282.689752
284.809093
287.047551
288.806746
290.998593
292.089368
284.225742
283.829335
282.665875
281.637842
280.748497
280.001131
279.399102
278.358254
277.764404
276.741962
275.589803
270.378517
272.252495
274.472820
276.210622
278.314197
280.514009
281.940131
284.054346
286.287460
288.042235
290.228845
291.626106
283.465913
283.069293
281.907109
280.880113
279.991556
279.244722
278.642963
277.603246
277.009683
276.279789
275.127702
269.657768
271.527009
273.741954
275.475301
315.600782
277.573738
279.768239
281.190534
285.527391
286.975164
289.152730
291.162151
282.706101
282.309268
281.148360
280.122399
279.234630
278.488328
277.886837
276.848252
276.254974
275.525645
274.664919
268.665506
270.801551
273.011114
274.740005
315.129699
276.833304
279.022494
280.440960
284.767346
286.211276
288.383612
290.388135
281.946308
281.549260
280.389628
279.364701
278.477718
277.731948
277.130725
276.093269
275.500276
274.771511
274.201452
267.945327
270.076119
272.280300
274.004734
314.312608
276.092894
278.276773
279.691410
284.007322
285.447410
287.614516
289.614139
289.583223
281.186533
280.789270
279.630911
278.607018
277.720821
276.975581
276.374626
275.338300
274.745591
274.017388
273.737300
271.598082
267.225176
269.350714
271.549512
273.269490
313.495545
275.352510
277.531076
278.941884
283.247321
284.683565
286.845440
288.532459
289.116906
280.426776
280.029297
278.872212
277.849351
276.963940
276.219229
275.618540
274.583343
273.990916
273.263276
272.982893
271.133786
266.505052
268.625336
270.818751
272.534270
312.678508
274.612150
276.785403
278.192381
282.487343
283.919742
286.076386
287.759099
288.649887
279.667038
279.269341
278.113528
277.091700
276.207072
275.462891
274.862467
273.828398
272.946970
272.509175
272.228496
270.668806
265.784955
267.899985
270.088016
271.799077
311.861498
273.871816
276.039755
277.442902
281.727387
283.155941
285.307353
286.985758
287.873784
278.907317
278.509403
277.061427
276.334064
275.450220
274.706566
274.106408
273.073466
272.192884
271.755086
271.474110
269.916641
268.245053
265.064886
267.174660
269.357307
271.063909
311.044515
273.131506
275.294131
276.693447
280.967453
282.392162
284.538341
286.212439
287.405483
278.147614
277.749482
276.303347
275.576444
274.693383
273.950256
273.350362
272.318546
271.438810
271.001007
270.719734
269.450422
268.063440
264.344844
266.449362
268.626624
270.328766
310.227560
272.391222
274.548532
275.944015
280.207542
281.628404
283.769350
285.439140
286.628821
277.387930
276.989578
275.545284
274.818840
273.936560
273.193960
272.305140
271.563639
270.684748
270.246940
269.965369
268.697714
267.596752
263.624830
265.724091
267.895967
269.593649
309.410631
271.369717
273.802957
275.194607
279.447653
280.864668
283.000380
284.665861
285.852179
276.628263
276.229691
274.787237
274.061251
273.179752
272.437677
271.549687
270.808744
269.930697
269.492883
269.211014
267.945015
267.129375
262.904843
264.998847
267.165337
268.858558
308.593729
270.630026
273.057406
274.445223
278.687787
280.100955
282.231432
283.892603
285.075557
275.868615
275.469822
274.029206
273.303678
272.422959
271.681409
270.794248
270.053862
269.176659
268.738838
268.456669
267.192326
266.377470
265.162934
262.184883
264.273629
266.434733
268.123492
307.437438
269.890360
272.311880
273.695862
277.927944
279.337262
281.462505
283.119366
284.298954
275.108985
274.709970
273.271192
272.546120
271.666180
270.925155
270.038822
269.298992
268.422632
267.984803
267.702335
266.439647
265.908850
264.694468
261.464951
263.548438
265.704155
267.388451
269.150718
271.566378
272.946526
274.709793
277.168122
278.573592
280.394124
282.346149
283.522372
274.349373
273.950135
272.513194
271.788578
270.909417
270.168915
269.283409
268.544135
267.668616
267.230780
266.948011
265.686978
265.156401
264.225310
260.745045
262.823274
264.973603
266.653437
268.411101
270.820901
272.197212
273.955910
276.408324
277.809943
279.625826
281.572953
282.745809
273.589779
273.190318
271.755213
271.031051
270.152668
269.412688
268.528009
267.789290
266.914613
266.476768
265.909639
264.934318
264.403961
263.473901
262.711866
260.025168
262.098137
264.243077
265.918447
267.671510
270.075448
271.447923
273.202051
275.648548
277.046317
278.857548
280.799777
281.969266
272.830203
272.430518
270.997248
270.273540
269.395934
268.370217
267.772622
267.034458
266.160621
265.439242
265.155900
264.181667
263.651531
263.003498
262.241402
259.305317
261.373027
263.512577
265.183484
266.931943
269.330019
270.698657
272.448214
274.888794
276.282712
278.089292
280.026621
281.192742
272.070645
271.670735
270.239300
269.516045
268.639215
267.614586
267.017249
266.279638
265.406641
264.685815
264.402172
263.429027
262.899109
262.251544
261.770244
258.585494
260.647943
262.782104
264.448546
266.192401
268.584614
269.949415
271.694400
274.129063
275.519128
277.321056
279.253486
280.416239
271.311106
270.910970
269.481367
268.758565
267.596713
266.858969
266.261889
265.524830
264.652673
263.932400
263.648453
262.676396
262.146696
261.499599
261.018448
259.312645
257.865698
259.922886
262.051657
263.713633
265.452884
267.839234
269.200196
270.940609
273.369354
274.755567
276.552842
278.480372
279.639755
270.551584
270.151221
268.436723
268.001101
266.840591
266.103365
265.506542
264.770036
263.898716
263.178996
262.894745
261.923775
261.394292
260.747663
260.266660
259.118292
257.145930
259.197856
261.321236
262.978746
264.713392
267.093878
268.451001
270.186842
272.609667
273.992027
275.784649
277.707278
278.863291
269.792080
269.391490
267.679393
267.243653
266.084484
265.347776
264.751209
264.015253
262.863247
262.425602
262.141048
261.171163
260.641898
259.995734
259.793697
258.645482
256.426189
258.472852
260.590841
262.243884
263.973925
266.348547
267.701830
269.433097
271.850004
273.228509
275.016477
276.934204
278.086847
269.032595
268.631777
266.922080
266.486220
265.328392
264.592201
263.995888
262.978633
262.109878
261.672220
261.387361
260.418561
259.889512
259.243814
259.041363
258.171974
255.706475
257.747875
259.860473
261.509048
263.234483
265.603240
266.952683
268.679375
271.090362
272.465013
274.248327
276.161151
277.310422
268.273128
267.872080
266.164783
265.728802
264.572314
263.836640
263.240581
262.224440
261.356520
260.918849
260.633684
259.665969
259.137135
258.491902
258.289037
257.420592
255.896114
254.986788
257.022925
259.130130
260.774238
262.495066
264.857957
266.203559
267.925677
270.042755
271.701539
273.480197
275.388119
276.534018
267.513679
266.826283
265.407502
264.971400
263.816252
263.081093
262.485287
261.470260
260.603175
260.165489
259.880017
258.913386
258.384767
257.739999
257.259585
256.945829
255.421724
254.267129
256.298002
258.399814
260.039453
261.755673
264.112699
265.454459
267.172001
269.283731
270.938086
272.712088
274.615107
275.757633
266.754248
266.067194
264.650238
264.214014
263.060204
262.325559
261.449170
260.716093
259.849841
259.412140
259.126361
258.160813
257.632408
256.988104
256.507835
256.193901
254.946634
253.547497
255.573106
257.669524
259.304694
261.016306
263.367465
264.705382
266.418349
268.524729
270.174655
271.944001
273.842116
274.981268
265.994835
265.308121
263.892990
263.456644
262.304170
261.570040
260.694468
259.961938
259.096518
258.658801
258.372715
257.408250
256.603518
256.236217
255.756093
255.441980
254.196444
253.125952
252.827893
254.848236
256.939260
258.569960
260.276963
262.622255
263.956330
265.664719
267.765749
269.411246
271.175935
273.069145
274.204923
265.235440
264.549066
263.135759
262.699289
261.548152
260.814535
259.939780
259.207795
258.343207
257.905474
257.619080
256.655696
255.851739
255.484338
255.004359
254.690066
253.446260
252.649751
252.108315
254.123393
256.209022
257.835251
259.537645
261.877070
262.928709
264.911113
267.006792
268.647859
270.407890
272.296194
273.428597
264.476063
263.790028
262.378543
261.941949
260.792148
260.059044
259.185105
258.453665
257.589909
257.152158
256.865455
255.627326
255.099968
254.732468
254.252632
253.938159
252.696083
252.172846
251.388766
253.398576
255.478811
257.100569
258.798353
261.131909
262.180260
264.157529
266.247857
267.884494
269.639866
271.523264
272.652291
263.716704
263.031008
261.621345
261.184625
260.036159
259.303566
258.430443
257.699548
256.836621
256.398853
256.111840
254.875353
254.348206
253.706336
253.500913
253.186259
251.945912
251.422949
250.528955
250.669243
252.673787
254.483408
256.365911
258.059085
260.386773
261.431834
263.403969
265.488945
267.121150
268.871863
270.750355
271.876006
262.957363
262.272004
260.864162
260.146908
259.280185
258.548103
257.675794
256.945443
256.083346
255.645559
255.358236
254.123390
253.596454
252.955043
252.749202
252.161118
251.195747
250.673058
250.050851
249.949748
251.949024
253.753778
255.631280
257.319842
259.641660
260.683432
262.650431
264.730055
266.357828
268.103881
269.977466
271.099739
261.915792
261.513018
260.106996
259.390184
258.524225
257.792654
256.921158
256.191350
255.330082
254.892276
254.604642
253.371436
252.844710
252.203758
251.997499
251.409793
250.445589
249.923172
249.572040
249.230280
251.224288
253.024173
254.896673
256.580624
258.896573
259.935054
261.896917
263.971188
265.594528
267.335921
269.204597
270.323493
261.157059
260.754050
259.349847
258.633475
257.768281
257.037218
256.166536
255.437270
254.576830
254.139004
253.851058
252.619492
252.092975
251.452482
251.245803
250.658475
249.695438
249.173293
248.822092
247.565999
248.510839
250.499579
252.294595
254.162093
255.841430
258.151509
259.186699
261.143426
263.212343
264.831249
266.567981
268.431749
269.547267
260.398345
259.995098
258.592713
257.876782
257.012351
256.281797
255.411926
254.683202
253.823590
253.385743
252.823425
251.867558
251.341249
250.701214
250.494114
249.907164
248.945292
248.423419
248.342019
247.086209
247.791426
249.774896
251.565043
253.427538
255.102262
257.406470
258.438368
260.389957
262.453521
264.067993
265.800063
267.658922
268.771060
259.639648
259.236164
257.835597
257.120105
256.256436
255.250180
254.657330
253.929147
253.070361
252.632494
252.070426
251.115633
250.589533
249.949954
249.742434
249.155860
248.195154
247.673550
247.591523
246.605710
247.072040
249.050240
250.835517
252.693008
254.363119
256.661455
257.690061
259.636512
261.694720
263.304758
265.032166
266.886115
267.994873
258.880970
258.477247
257.078496
256.363443
255.500535
254.495353
253.902748
253.175104
252.317145
251.606282
251.317436
250.363718
249.837825
249.198703
248.990761
248.404563
247.445021
246.923688
246.841033
245.856479
244.515293
246.352681
248.325611
250.106017
251.958504
253.624000
255.916464
256.941777
258.883090
260.935943
262.541545
264.264290
266.113328
267.218706
258.122309
257.718347
256.321412
255.606797
254.744649
253.740539
253.148178
252.421074
251.563940
250.853617
250.564457
249.611813
249.086126
248.447460
248.239096
247.653273
246.694895
246.173831
246.090547
245.107252
244.300079
245.633350
247.601009
249.376543
251.224025
252.884907
255.171498
256.193517
258.129690
260.177188
261.778354
263.496435
265.340562
266.442558
257.363667
256.959464
255.564344
254.850167
253.988779
252.985739
252.393622
251.667056
250.810746
250.100962
249.811488
248.859917
248.334436
247.696225
247.487439
246.901990
245.944776
245.423981
245.340067
244.358030
243.817797
244.914046
246.876433
248.647095
250.489572
252.145838
254.426556
255.445280
257.376314
259.418455
261.015184
262.728601
264.567817
265.666430
256.605042
256.200599
254.807293
254.093552
253.232922
252.230954
251.639079
250.913050
250.057565
249.348319
249.058530
248.108031
247.582755
246.944998
246.735789
246.150714
245.194662
244.674136
244.589592
243.608813
243.068929
241.909634
244.194769
246.151884
247.917674
249.755145
251.406794
253.681639
254.697067
256.622961
258.659744
260.252036
261.960788
263.795092
264.890322
255.846436
255.441751
254.050258
253.336952
252.477081
251.476182
250.884549
250.159058
249.304395
248.595687
248.305581
247.356154
246.831083
246.193780
245.984147
245.399445
244.444556
243.924296
243.839122
242.859600
242.585380
241.426347
243.475519
245.427362
247.188278
249.020743
250.667775
252.936746
253.948877
255.869630
257.901056
259.488910
261.192996
263.022387
264.114234
255.087848
254.682920
253.293239
252.580368
251.721254
250.721424
250.130032
249.405077
248.551237
247.843066
247.552644
246.604288
246.079420
245.442570
245.232512
244.648183
243.694455
243.174463
243.088658
242.110391
241.835962
240.942345
242.756297
244.702866
246.458909
248.286366
249.928781
252.191877
253.200712
255.116323
257.142391
258.725806
260.425226
262.249703
263.338166
254.329277
253.924107
252.536237
251.823800
250.965443
249.966681
249.375528
248.651109
247.798090
247.090456
246.799716
245.852430
245.327766
244.691369
244.213689
243.896928
242.944361
242.424635
242.338198
241.361188
241.086548
240.194037
239.216631
242.037102
243.978397
245.729565
247.552015
249.189812
251.447032
252.452570
254.363039
256.383747
257.962723
259.657477
261.477040
262.562117
253.570725
253.165311
251.779251
251.067247
250.209645
249.211951
248.621038
247.627000
247.044956
246.337857
246.046799
245.100583
244.576121
243.940176
243.462630
243.145681
242.194274
241.674814
241.587744
240.611989
240.337139
239.708766
238.731525
241.317934
243.253955
245.000248
246.817690
248.450867
250.702212
251.704451
253.609778
255.625127
257.199662
258.889748
260.704397
261.786089
252.812191
252.406531
251.022281
250.310710
249.453863
248.457235
247.866561
246.873621
246.291833
245.585269
245.293892
244.348745
243.824485
243.188991
242.711579
242.394440
241.444192
240.924998
240.837295
239.862794
239.587733
238.959909
238.245702
237.187112
240.598794
242.529540
244.270957
246.083390
247.711948
249.957416
250.956356
252.856539
254.866528
256.436623
258.122041
259.931774
261.010080
252.053675
251.647770
250.265328
249.554188
248.698096
247.702533
247.112097
246.120254
245.538721
244.832692
244.540996
243.596917
243.072858
242.172346
241.960536
241.643206
240.694118
240.175187
240.086851
239.113605
238.838331
238.211055
237.759159
236.961494
239.879681
241.805151
243.541692
245.349115
246.973053
249.212645
250.208285
252.103324
254.107952
255.673606
257.354355
259.159172
260.234090
251.295177
250.889025
249.508391
248.797682
247.671705
246.947845
246.357647
245.366899
244.785622
244.080126
243.788110
242.845098
242.321239
241.421737
241.209500
240.891980
239.944049
239.425383
239.336413
238.364419
238.088934
237.462204
237.010496
236.474293
239.160595
241.080789
242.812454
244.614866
246.234184
248.467898
249.460237
251.350132
253.349399
254.910611
256.586690
258.386590
259.458121
250.536697
250.130298
248.751470
248.041191
246.916533
246.193171
245.603209
244.613557
244.032534
243.327570
243.035234
242.093289
241.569630
240.671137
240.458472
240.140760
239.193987
238.675584
238.585980
237.615239
237.339540
236.713357
236.261835
235.986369
238.441537
240.356454
242.083241
243.880643
245.495339
247.723175
248.712213
250.596963
252.590868
254.147637
255.819047
257.614029
258.682171
249.778235
249.371588
247.723613
247.284716
246.161376
245.438511
244.848785
243.860228
243.279458
242.575026
242.282368
241.076725
240.818030
239.920545
239.707451
239.389548
238.443932
237.925791
237.835551
236.866063
236.590151
235.964513
235.513178
235.237534
234.101870
237.722506
239.632146
241.354054
243.146445
244.756519
246.713374
247.964212
249.843816
251.832359
253.384685
255.051424
256.841489
257.906241
249.019792
248.612895
246.967293
246.528257
245.406234
244.683865
244.094374
243.106911
242.526394
241.822493
241.529513
240.325496
240.066439
239.169961
238.956438
238.638342
237.693883
237.176004
237.085129
236.116892
235.840765
235.215673
234.764524
234.748333
233.612966
237.003502
238.907864
240.624894
242.412272
244.017724
245.969250
247.216235
249.090693
251.073872
252.621755
254.283822
255.786613
257.130331
248.261366
247.854219
246.210990
245.771813
244.651107
243.929233
243.339976
242.353606
241.773341
241.069971
240.776668
239.574276
239.051615
238.419385
238.205433
237.887144
236.943840
236.426223
236.334711
235.367725
234.831637
234.466837
234.015872
233.998946
233.123338
232.427978
236.284525
238.183609
239.895759
241.678125
243.278954
245.225149
246.468282
248.337593
250.315409
251.858846
253.516242
255.014705
256.354440
247.231973
247.095561
245.454703
245.015385
243.895994
243.174615
242.319288
241.600314
240.755510
240.317460
240.023834
238.823066
238.300601
237.668818
237.454436
237.135953
236.193804
235.676448
235.584298
234.618563
234.082817
233.718003
233.267224
233.249561
232.632983
231.937640
235.565576
237.459381
239.166651
240.944004
242.540208
244.481074
245.720352
247.584516
249.556967
251.095960
252.748682
254.242818
255.578570
246.474154
246.336920
244.698432
244.258972
243.140896
242.420011
241.565481
240.847034
240.003043
239.564960
239.271010
238.071865
237.549597
236.918259
236.703446
236.384768
235.443774
234.926678
234.833891
233.869405
233.334000
232.969174
232.518578
232.500179
231.884166
231.446575
234.846654
236.735179
238.437569
239.953586
241.801488
243.737022
244.972446
246.831461
248.798548
250.333095
251.981144
253.470950
254.802719
245.716352
245.578296
243.942177
243.502574
242.385812
241.665421
240.811687
240.093767
239.250588
238.812471
238.518196
237.320674
236.798602
236.167708
235.952464
235.633591
234.693750
234.176914
234.083489
233.120252
232.585188
232.220347
231.769935
231.750799
231.135351
230.697951
229.671814
234.127759
236.011004
237.708513
239.220050
241.062792
242.992995
244.224564
246.078430
248.040151
249.570251
251.213627
252.699104
254.026888
244.958569
244.819689
243.185939
242.746193
241.630744
240.910844
240.057906
239.340512
238.498144
238.059993
237.765393
236.569493
236.047616
235.417166
235.201489
234.882421
233.943733
233.427156
233.333092
232.371104
231.836379
231.471525
231.021295
231.001422
230.386538
229.949329
229.179719
233.408892
235.286856
236.979483
238.486539
240.324122
242.248992
243.476705
245.325422
247.281777
248.807430
250.446131
251.927278
253.251076
244.200804
244.061100
242.429718
241.989827
240.875690
240.156282
239.304138
238.587269
237.745713
237.307526
237.012599
235.818322
235.296638
234.666631
234.450522
234.131257
233.193723
232.677404
232.582701
231.621960
231.087575
230.722705
230.272658
230.252047
229.637727
229.456424
228.686893
227.336774
232.690051
234.562734
236.250479
237.753054
239.585476
241.505013
242.728870
244.572437
246.523425
248.044630
249.678656
251.155472
252.475285
243.443057
243.302528
241.673512
241.233476
240.120651
239.137796
238.550384
237.834039
236.993293
236.555071
236.259817
235.067160
234.545670
233.916106
233.699563
233.380101
232.185909
231.927658
231.832314
230.872821
230.338775
229.973889
229.524024
229.502674
228.888917
228.707248
227.938642
227.097071
231.971238
233.838639
235.521501
237.019594
238.846855
240.761059
241.981058
243.819474
245.765095
247.281852
248.911202
250.383687
251.699513
242.685327
242.543973
240.917323
240.477141
239.365626
238.383826
237.796643
237.080822
236.240884
235.802626
235.246321
234.316007
233.794710
233.165588
232.948611
232.370661
231.436469
231.177917
231.081933
230.123687
229.589978
229.225077
228.775393
228.753304
228.140109
227.958073
227.444529
226.603099
231.252453
233.114571
234.792549
236.286160
238.108259
240.017129
241.233270
243.066535
245.006788
246.519096
248.143770
249.611922
250.923761
241.927616
241.518588
240.161150
239.456154
238.610617
237.629871
237.042915
236.327617
235.488488
235.050192
234.494121
233.564865
233.043760
232.415079
232.197668
231.620079
230.687035
230.428182
230.075091
229.374557
228.841186
228.476268
228.026765
228.003936
227.137287
227.208899
226.695724
225.855392
225.196852
230.533694
232.390530
234.063624
235.552751
237.369687
239.273223
240.485505
242.313619
244.248504
245.756361
247.376358
248.840177
250.148029
241.169923
240.760638
239.404994
238.700417
237.855622
236.875929
236.289200
235.574424
234.736103
234.297769
233.741931
232.813731
232.292818
231.664578
231.446731
230.869503
229.937608
229.678453
229.325278
228.625432
228.092398
227.727463
227.278140
227.254570
226.389039
226.206237
225.946919
225.360131
224.701613
229.814963
231.666515
233.334724
234.819368
236.631141
238.529342
239.737764
241.560726
243.490241
244.993649
246.608968
248.068453
249.372316
240.412248
240.002705
238.648854
237.944696
237.100641
236.122001
235.535499
234.821244
233.983730
233.286268
232.989751
232.062608
231.541886
230.914085
230.695803
230.118935
229.188187
228.673573
228.575471
227.876311
227.343614
226.978661
226.529517
226.505207
225.640793
225.457622
225.198116
224.611869
224.205639
229.096259
230.942527
232.605851
234.086010
235.892619
237.785484
238.990047
240.807855
242.732001
244.230958
245.841598
247.296750
248.596623
239.654591
239.244790
237.892730
237.188990
236.345676
235.368087
234.781810
234.068076
233.231368
232.534428
232.237582
231.311494
230.790962
230.163601
229.944882
229.368373
228.438772
227.924413
227.825669
227.127195
226.594833
226.229862
225.780898
225.502898
224.892549
224.709009
224.449313
223.863608
223.457534
222.480299
228.377583
230.218566
231.877003
233.352677
235.154123
237.041652
238.242353
240.055008
241.973784
243.468288
245.074250
246.525067
247.820950
238.896952
238.486891
237.136623
236.433300
235.590725
234.614186
234.028135
233.314921
232.479018
231.782600
231.485423
230.560390
230.040047
229.413125
229.193969
228.617819
227.689364
227.175258
227.075872
226.378083
225.846057
225.481067
225.032281
224.754096
224.144306
223.960397
223.700510
223.115347
222.960266
221.983296
227.658933
229.494631
231.148182
232.619370
234.415651
236.297843
237.494683
239.302184
241.215589
242.705641
244.306923
245.753404
247.045297
238.403474
237.729010
236.380532
235.677626
234.835789
233.860300
233.274473
232.561778
231.726680
231.030782
230.733275
229.809295
229.289142
228.662657
228.443063
227.867272
226.939963
226.426110
226.326081
225.376381
225.097285
224.732275
224.283668
224.005297
223.396065
223.211786
222.951709
222.367086
222.211605
221.236067
226.940311
228.770723
230.419387
231.886089
233.677204
235.554058
236.747036
238.549382
240.457416
241.943015
243.539617
244.981762
246.269663
237.645301
236.971146
235.624457
234.921966
234.080868
233.106428
232.520824
231.808647
230.974354
230.278976
229.981136
229.058210
228.538245
227.912197
227.692165
227.116731
226.190567
225.676967
225.576294
224.627835
224.348517
223.983487
223.535057
223.256500
222.647826
222.463177
222.202908
221.618825
221.462943
220.737771
219.946044
226.221717
228.046842
229.690618
231.152832
232.938782
234.810298
235.999413
237.796604
239.699266
241.180411
242.772332
244.210140
245.494050
236.887146
236.213300
234.868399
234.166323
233.325961
232.352570
231.767189
231.055529
230.222039
229.527180
229.229008
228.307135
227.787357
227.161746
226.941275
226.366198
225.441179
224.927830
224.826513
223.879294
223.599753
223.234702
222.786449
222.507705
221.899589
221.714569
221.454108
220.870565
220.714282
219.989986
219.447148
225.503149
227.322987
228.961875
230.419602
232.200385
234.066562
235.251814
236.783027
238.941138
240.417829
242.005068
243.438539
244.718456
236.129009
235.455470
234.112356
233.410695
232.312141
231.598725
231.013566
230.045613
229.469736
228.775396
228.476891
227.556069
227.036478
226.411303
225.937016
225.615671
224.691796
224.178699
224.076737
223.130758
222.850993
222.485921
221.787948
221.758913
221.151354
220.965962
220.705309
220.122305
219.965620
219.242200
218.699846
217.845257
224.784609
226.599159
228.233158
229.686396
231.462012
233.322851
234.504238
236.030856
238.183032
239.655268
241.237825
242.666958
243.668546
235.370890
234.436335
233.356331
232.655082
231.557829
230.844895
230.259957
229.293082
228.717445
228.023622
227.724783
226.805013
226.285608
225.660869
225.186700
224.612831
223.942420
223.429574
223.326966
222.382226
222.102237
221.737143
221.039902
221.010123
220.403120
220.217357
219.956511
219.374045
219.216957
218.494414
218.199654
217.345266
224.066096
225.875358
227.504467
228.953217
230.723665
232.579163
233.756686
235.278709
237.424949
238.892729
240.470603
241.895397
242.893588
234.612789
233.679110
232.600321
231.899485
230.803532
230.091078
229.506361
228.540564
227.965166
227.271859
226.972686
226.053966
225.534747
224.910442
224.436392
223.862878
223.193050
222.680454
222.577201
221.633698
221.353485
220.739237
220.291859
220.261335
219.654888
219.468752
219.207713
218.625785
218.468295
217.746627
217.451794
216.844532
215.928718
223.347610
225.151583
226.775802
228.220062
229.985342
231.835500
233.009157
234.526584
236.666888
238.130212
239.703403
241.123857
242.118650
233.854706
232.921901
231.844328
231.143904
230.049249
229.337275
228.752778
227.788058
227.212898
226.520108
226.220600
225.302929
224.783895
224.160024
223.686091
223.112931
222.443687
221.931340
221.827441
220.885176
220.604737
219.991022
219.543818
219.512550
218.906658
218.720149
218.458916
217.877526
217.719632
216.998839
216.703934
216.343053
215.672515
222.629152
224.427835
226.047164
227.486933
229.247044
231.091861
232.261652
233.774482
235.908850
237.367717
238.936223
240.352338
241.343731
233.096641
232.164710
231.088351
230.388338
229.294981
228.583487
227.999208
227.035564
226.460642
225.768367
225.468523
224.551902
224.033052
223.409615
222.935799
222.362991
221.694330
221.182232
221.077685
220.136658
219.855993
219.242810
218.795781
218.763767
218.158430
217.971548
217.710120
217.129266
216.970969
216.251051
215.956072
215.595277
215.170362
221.910720
223.704114
225.318551
226.753830
228.508771
230.348247
231.514171
233.022403
235.150834
236.605243
238.169065
239.580838
240.568832
232.079010
231.407536
230.332391
229.375875
228.540728
227.829712
227.245651
226.283083
225.708397
225.016638
224.716457
223.800884
223.282218
222.659213
222.185513
221.613059
220.944979
220.433130
220.327935
219.388144
219.107253
218.494602
218.047746
218.014987
217.410204
217.222947
216.961325
216.381007
216.222305
215.503261
215.208209
214.847500
214.422826
213.448640
221.192316
222.980420
224.589964
226.020752
227.770523
229.604657
230.766713
232.270348
234.392840
235.842791
237.401927
238.809360
239.793953
231.321551
230.650379
229.576447
228.620907
227.786489
227.075951
226.492108
225.530615
224.956165
224.264919
223.964401
223.049876
222.531393
221.908820
221.435236
220.863133
220.195635
219.684034
219.578191
218.639635
218.358517
217.746398
217.299714
217.266209
216.661980
216.474348
216.212530
215.632749
215.473642
214.755471
214.460345
214.099721
213.919368
213.188764
220.473940
222.256752
223.861404
225.287699
227.032300
228.861091
230.019279
231.518315
233.634869
235.080361
236.634811
238.037901
239.019094
230.564110
229.893240
228.820519
227.865953
227.032265
226.322204
225.738578
224.778159
224.203944
223.513211
223.212356
222.048493
221.530586
220.909001
220.684966
220.113215
219.446298
218.934943
218.828451
217.891131
217.609786
216.998197
216.551685
216.517433
215.913757
215.725750
215.463737
214.884490
214.480254
214.007681
213.712479
213.351940
213.171273
212.441617
211.653125
219.755590
221.533111
223.132870
224.554672
226.294101
228.117549
229.271868
230.766305
232.876920
234.317953
235.602590
237.266463
238.244254
229.806687
229.136117
228.064607
227.111015
226.278056
225.568471
224.732108
224.025715
223.451734
222.761515
222.460321
221.298063
220.780338
220.159182
219.934704
219.363303
218.696966
218.185858
217.831551
217.142631
216.861058
216.249999
215.803659
215.768660
215.165536
214.977154
214.470259
213.892115
213.732146
213.259889
212.964613
212.604158
212.423175
211.936981
211.390641
219.037268
220.809496
222.404361
223.821670
225.555928
227.374031
228.524481
230.014318
232.118993
233.555566
234.836099
236.495046
237.469434
229.049282
228.379012
227.308712
226.356093
225.523862
224.814752
223.979168
223.273283
222.699537
222.009829
221.708296
220.547643
220.030099
219.409373
219.184449
218.613399
217.947641
217.436779
217.082379
216.394136
216.112334
215.501805
215.055636
215.019889
214.417317
214.228559
213.722023
213.144412
212.984037
212.512097
212.216745
211.856374
211.675076
211.189274
210.643475
209.798658
218.318973
220.085909
221.675879
223.088694
224.817779
226.630538
227.777117
229.262354
231.361089
232.793201
234.069629
235.723649
236.694634
228.035544
227.621924
226.552833
225.601186
224.769682
224.061047
223.226240
222.520864
221.696985
221.258155
220.956281
219.797233
219.279868
218.659571
218.434202
217.863501
217.198323
216.687706
216.333212
215.645646
215.363614
214.753615
214.307616
214.271120
213.669100
213.479965
212.973788
212.396710
212.235929
211.764304
211.468876
211.108588
210.685115
210.441564
210.137522
209.292948
217.600705
219.362347
220.947423
222.355743
224.079655
225.887069
227.029777
228.510413
230.603207
232.030858
233.303181
234.952272
235.919853
227.278744
226.864853
225.796971
224.846295
224.015517
223.055645
222.473325
221.768458
220.945372
220.506491
220.204277
219.046832
218.529647
217.909778
217.683963
217.113611
216.449011
215.938639
215.584051
214.897160
214.614899
214.005428
213.559599
213.522354
212.920885
212.731372
212.225553
211.649007
211.487819
211.016510
210.721005
210.360801
209.937566
209.693852
209.389795
208.786486
208.366555
216.882464
218.638813
220.218993
221.622818
223.341556
225.143624
226.282461
227.758495
229.588021
231.268536
232.536753
234.180916
235.145092
226.521962
226.107799
225.041125
224.091419
223.261366
222.302531
221.720424
221.016064
220.193771
219.754838
219.452283
218.296441
217.779434
217.159992
216.933732
216.363727
215.699705
215.189577
214.834895
214.148678
213.866187
213.257244
212.811584
212.773590
212.172671
211.982781
211.477319
210.901305
210.739710
210.268716
209.973134
209.613011
209.190015
208.946137
208.642065
208.279269
207.859243
216.164251
217.915305
219.490589
220.889918
222.358374
224.400204
225.535168
227.006599
228.830753
230.506237
231.770347
233.409580
234.370351
225.765197
225.350762
224.285295
223.336558
222.507231
221.549431
220.967536
220.263682
219.442181
219.003196
218.700300
217.546059
217.029231
216.410216
216.183508
215.613851
214.950405
214.440521
214.085744
213.400202
213.117479
212.509064
212.063573
212.024829
211.424460
211.234191
210.729086
210.153604
209.991601
209.520920
209.225261
208.865221
208.442462
208.198419
207.894332
207.531666
207.351173
205.922290
215.446065
217.191824
218.762211
220.157043
221.620865
223.656808
224.787899
226.254727
228.073508
229.743959
231.003962
232.638265
233.595629
225.008451
224.593743
223.277071
222.581713
221.753110
220.796344
220.214661
219.511313
218.690603
218.251566
217.948326
216.795687
216.279036
215.660447
215.433291
214.863981
214.201112
213.691471
213.336598
212.651730
212.368776
211.760887
211.315564
211.276069
210.434825
210.485602
209.980853
209.405902
209.243491
208.773124
208.477387
208.117428
207.694907
207.450699
207.146595
206.784059
206.603285
205.651764
214.727906
216.468370
218.033859
219.424194
220.883381
222.913436
224.040653
225.502878
227.316285
228.981702
230.237597
231.866970
232.820928
224.251723
223.836741
222.521840
221.826884
220.999003
220.043272
219.461799
218.758956
217.939036
217.499946
217.196363
216.045324
215.528850
214.910687
214.683083
214.114119
213.451826
212.699334
212.587458
211.903262
211.377950
211.012714
210.567559
210.527313
209.687172
209.737015
209.232622
208.658201
208.495381
208.025328
207.729511
207.369633
206.947349
206.702976
206.398856
206.036449
206.093897
205.142736
214.009775
215.744942
217.305533
218.691370
220.145921
222.170088
223.293431
224.751051
226.559085
227.961798
229.471254
231.095696
232.046246
223.495013
223.079756
221.766626
221.072070
220.244912
219.290214
218.708950
218.006612
217.187482
216.748337
216.198098
215.294972
214.778673
214.160935
213.932882
213.364263
212.459597
211.950852
211.838322
211.154799
210.629810
210.264544
209.819556
209.778558
208.939521
208.988429
208.484391
207.910500
207.747270
207.277530
206.981635
206.621837
206.199789
205.955250
205.651113
205.288836
205.345445
204.395804
213.291670
214.786868
216.577233
217.958572
219.408486
221.426764
222.546232
223.999248
225.801906
227.200161
228.704932
230.324442
231.271583
222.738320
222.322788
221.011427
220.317272
219.490835
218.537169
217.956115
217.254280
216.435939
215.750924
215.446716
214.544628
214.028506
213.411191
213.182689
212.614415
211.710880
211.202375
211.089192
210.406341
209.881674
209.516377
209.071556
209.029806
208.191872
208.239844
207.736161
207.162800
206.999160
206.529732
206.233757
205.636063
205.452227
205.207521
204.903368
204.541218
204.596988
203.885458
212.573593
214.064013
215.848959
217.225799
218.671076
220.683465
221.799057
223.247467
225.044751
226.438546
227.938631
229.553208
230.496941
221.981646
221.565837
220.256246
219.562489
218.736773
217.784139
217.203292
216.501960
215.684407
214.999897
214.695345
213.794295
213.278347
212.661456
212.432503
211.864574
210.962169
210.453905
210.340067
209.657887
209.133543
208.768214
208.323559
208.281056
207.444224
207.491260
206.987932
206.415099
206.251049
205.781933
205.485878
204.888818
204.704663
204.459790
204.155619
203.793598
203.848528
203.137963
211.855543
213.341184
215.120711
216.493052
217.933691
219.940190
221.051906
222.495709
224.287617
225.676953
227.172351
228.781995
229.722318
221.224990
220.808903
219.501080
218.807721
217.982725
217.031122
216.450483
215.749653
214.932888
214.248882
213.943984
213.043971
212.528197
211.911729
211.682325
211.114739
210.213465
209.705440
209.590947
208.909438
208.385415
208.020055
207.575565
207.532309
206.696579
206.504014
206.239703
205.667399
205.502938
205.034133
204.737997
204.141571
203.957097
203.712056
203.407867
203.045973
203.100063
202.390464
211.137521
212.618381
214.392490
215.760330
217.196330
219.196939
220.304778
221.743975
223.530506
224.915381
226.406092
228.010802
228.947715
220.468352
220.051987
218.745931
218.052969
217.228692
216.278119
215.697687
214.997358
214.181380
213.497877
213.192633
212.293656
211.778056
211.162010
210.932154
210.364912
209.464767
208.956981
208.841833
208.160994
207.637292
207.271899
206.827574
206.783564
205.948935
205.755988
205.491475
204.919699
204.754827
204.286333
203.753544
203.394322
203.209528
202.964320
202.660112
202.298345
202.351595
201.642961
210.419525
211.895606
213.664294
215.027633
216.458994
218.453713
219.557674
220.992263
222.773417
224.153831
225.639854
227.239630
228.173131
219.711731
219.295088
217.990797
217.298233
216.474674
215.525130
214.944904
214.245076
213.429883
212.746883
212.441293
211.543352
211.027923
210.412299
210.181992
209.615092
208.716076
208.208528
208.092723
207.412554
206.889172
206.523746
206.079586
205.796704
205.201293
205.007964
204.743249
204.172000
204.006715
203.538531
203.006216
202.647072
202.461957
202.216581
201.912353
201.550714
201.603122
200.895453
209.701557
211.172857
212.936125
214.294962
215.721683
217.710511
218.810593
220.240574
222.016351
223.392302
224.873637
226.468478
227.398567
218.955129
218.538206
217.235681
216.543512
215.720671
214.772155
214.192135
213.492806
212.678399
211.995901
211.689962
210.793056
210.277800
209.662597
209.431837
208.865278
207.967391
207.460080
207.343619
206.664118
206.141057
205.775597
205.331601
205.048520
204.453653
204.259942
203.995022
203.424301
203.258603
202.790729
202.258886
201.899820
201.714384
201.468839
201.164592
200.803079
200.854646
200.147940
208.983616
210.450134
212.207981
213.562316
214.984397
216.967333
218.063536
219.488908
221.259307
222.630796
224.107441
225.697346
226.624023
218.198544
217.781341
216.480580
215.788806
214.966682
214.019194
213.439378
212.740548
211.926926
211.244929
210.938643
210.042771
209.527686
208.912903
208.681689
208.115472
207.218712
206.711639
206.594520
205.915688
205.392945
205.027452
204.583618
204.300338
203.706014
203.511920
203.246797
202.676601
202.510491
202.042927
201.511556
201.152567
200.966809
200.721095
200.416827
200.055440
199.872104
199.400423
208.265702
209.727438
211.479864
212.829696
214.247136
216.224179
217.316502
218.737265
220.502285
221.869311
223.341266
224.926235
225.849499
217.441978
217.024493
215.725496
215.034116
214.212708
213.266247
212.686635
211.988303
211.175464
210.493968
210.187333
209.292495
208.777581
208.163217
207.931550
207.365673
206.470039
205.963203
205.845426
205.167262
204.644838
204.279310
203.835639
203.552158
202.958378
202.763900
202.498572
201.928903
201.762379
201.060608
200.764224
200.405311
200.219232
199.973348
199.669060
199.307797
199.124175
198.652902
207.547816
209.004769
210.751772
212.097101
213.509899
215.481049
216.569492
217.985645
219.745285
221.107847
222.575112
224.155144
225.074994
216.685430
216.267663
214.970428
214.279442
213.458749
212.513314
211.933904
211.236071
210.424015
209.743018
209.436034
208.542228
208.027484
207.413540
207.181417
206.615881
205.721373
205.214773
205.096337
204.418840
203.896734
203.531171
203.087662
202.803981
202.210743
202.015881
201.750348
201.181204
201.014266
200.313359
200.016891
199.658054
199.471652
199.225598
198.921289
198.560151
198.376241
197.905376
206.829957
208.282126
210.023707
211.364531
212.772688
214.737944
215.822505
217.234048
218.988308
220.346406
221.808980
223.384074
224.300509
215.928899
215.510849
214.215376
213.524783
212.704804
211.760395
211.181187
210.483850
209.672577
208.992080
208.684745
207.791971
207.277397
206.663870
206.192804
205.866095
204.972714
204.466348
204.347254
203.670423
203.148635
202.783036
202.339688
202.055806
201.463110
201.267864
201.002125
200.433506
200.266154
199.566108
199.269557
198.910796
198.724071
198.477846
198.173515
197.812502
197.628304
197.157846
206.112125
207.559510
209.295668
210.631987
212.035501
213.994863
215.075543
216.482474
218.231353
219.584986
221.042868
222.613024
223.526044
215.172387
214.754053
213.460341
212.770139
211.950874
211.007489
210.428483
209.731643
208.921150
208.241152
207.933466
207.041724
206.527318
205.914209
205.443245
205.116317
204.224061
203.717930
203.598176
202.922011
202.400539
202.034904
201.591718
201.307634
200.715479
200.519848
200.253903
199.685808
199.518041
198.818857
198.522221
198.163535
197.976487
197.730090
197.425738
197.064849
196.880363
196.410311
205.394320
206.836921
208.567654
209.899468
211.298338
213.251806
214.328603
215.730922
217.474421
218.823587
220.276777
221.841995
222.751599
214.415892
213.997274
212.705322
212.015511
211.196959
210.254598
209.675792
208.979447
208.169736
207.490235
207.182198
206.291486
205.777249
205.164557
204.693694
204.366546
203.475414
202.969517
202.849103
201.938604
201.652448
201.286776
200.609760
200.559464
199.967850
199.771833
199.505681
198.938110
198.769927
198.071605
197.774884
197.416273
197.228900
196.982333
196.446722
196.317192
196.132418
195.662771
204.451003
206.114358
207.839667
209.166975
210.561201
212.508774
213.581687
214.979394
216.717511
218.062211
219.510708
221.070986
221.977173
213.659416
213.240512
211.950319
211.260899
210.443058
209.501720
208.923115
207.987113
207.418333
206.739329
206.430940
205.541258
205.027188
204.414912
203.944150
203.616782
202.726773
202.221110
202.100035
201.190757
200.904361
200.538651
199.862350
199.811296
199.220222
199.023819
198.757460
198.190412
197.789664
197.324352
197.027546
196.669009
196.481312
196.234572
195.699493
195.569532
195.384468
194.915228
203.733763
205.391822
207.111706
208.434507
209.824088
211.765765
212.834795
214.227889
215.960623
217.300856
218.744659
220.299997
221.202767
212.902957
212.483767
211.195333
210.506302
209.689172
208.748856
208.170450
207.235503
206.666942
205.988434
205.679692
204.791040
204.277136
203.665276
203.194614
202.867025
201.978139
201.472708
201.350972
200.442914
199.922835
199.790529
199.114943
199.063130
198.472597
198.275807
198.009240
197.442715
197.042105
196.577099
196.280207
195.921743
195.733721
195.256493
194.952261
194.821868
194.636515
194.167679
203.016550
204.669312
206.383771
207.702064
209.087001
211.022781
212.087926
213.476406
215.203758
216.539523
217.978631
219.529029
220.428380
212.146516
211.727040
210.440363
209.751720
208.935301
207.996006
207.417799
206.483906
205.915562
205.237550
204.928454
203.804217
203.527093
202.915649
202.445086
202.117275
201.229512
200.724313
200.601915
199.695075
199.175311
198.809746
198.367538
198.314967
197.724973
197.527795
197.261021
196.695018
196.294546
195.829845
195.532866
195.174476
194.986129
194.509282
194.205026
194.074201
193.888557
193.420127
202.299365
203.946829
205.655862
206.969647
208.349937
210.279821
211.341081
212.724946
214.446914
215.778211
217.212625
218.758081
219.654014
211.390094
210.970329
209.685409
208.997154
207.940946
207.243170
206.665161
205.732321
205.164194
204.486677
204.177227
203.054575
202.777060
202.166029
201.695565
201.367531
200.480890
199.975923
199.852862
198.947241
198.427790
198.062186
197.620137
197.566807
196.977351
196.779786
196.512802
195.716871
195.546987
195.082590
194.785525
194.427207
194.238534
193.762068
193.457788
193.326530
193.140596
192.672569
201.582207
203.224372
204.927979
206.237256
207.612899
209.536886
210.594259
211.973510
213.690094
215.016921
216.446639
217.987153
218.879667
210.633689
210.213636
208.930471
208.001891
207.187668
206.490348
205.912536
204.980749
204.175725
203.735815
203.426010
202.304944
202.027035
201.416418
200.946052
200.617795
199.732275
199.227539
199.103815
198.199412
197.680274
197.314630
196.872738
196.818648
196.229731
196.031777
195.764585
194.969729
194.799427
194.335334
194.038182
193.679936
193.262183
193.014851
192.710547
192.578855
192.392630
191.925008
200.865076
202.501943
204.200121
205.504889
206.875886
208.793974
209.847461
211.222096
212.933295
214.255653
215.680675
217.216246
218.105339
209.877302
209.456960
208.175550
207.247921
206.434404
205.737540
205.159924
204.229189
203.424940
202.984964
202.674804
201.555322
201.277019
200.666815
200.196547
199.868066
198.983667
198.479161
198.354773
197.451588
196.932762
196.567078
196.125343
196.070492
195.482112
195.283770
195.016368
194.222587
194.051867
193.588078
193.290838
192.932663
192.515138
192.267632
191.963302
191.831177
191.644661
191.177441
200.147972
201.779539
203.472290
204.772548
206.138897
208.051087
209.100687
210.470705
212.176519
213.494406
214.914732
216.445360
217.331032
209.120933
208.700301
207.420645
206.493966
205.681155
204.984746
204.407325
203.477641
202.674167
202.234124
201.923607
200.805709
200.527012
199.917220
199.447049
199.118344
198.235065
197.730789
197.605737
196.703767
196.185253
195.819529
195.377950
195.322338
194.734496
194.535764
194.268152
193.475445
193.304307
192.840821
192.543492
192.185389
191.768091
191.520410
191.216055
190.856417
190.896687
190.429871
199.430896
201.057163
202.744485
204.040233
205.401933
207.308224
208.353936
209.719337
211.419765
212.733182
214.148809
215.674494
216.556744
208.364583
207.943659
206.665756
205.740026
204.927921
204.231966
203.654739
202.726106
201.923406
201.483295
201.172421
200.056106
199.777013
199.167634
198.697559
198.368629
197.486469
196.982422
196.856705
195.955952
195.437749
195.071983
194.630560
194.574187
193.986881
193.787759
193.291160
192.728304
192.556747
192.093563
191.796145
191.438113
191.021041
190.773186
190.468804
190.109286
190.148710
189.682296
198.935300
200.334813
202.016707
203.307943
204.664994
206.565385
207.607208
208.967992
210.663033
211.971978
213.382908
214.903648
215.782476
207.608250
207.187035
205.910884
204.986102
204.174701
203.479199
202.902167
201.974583
201.172656
200.732476
200.421246
199.306513
199.027024
198.185712
197.948077
197.618921
196.737880
196.234061
196.107679
195.208141
194.690249
194.324441
193.883173
193.826038
193.239268
193.039756
192.543500
191.981163
191.809186
191.346304
191.048797
190.690835
190.273990
190.025958
189.721550
189.362151
189.400728
188.934716
198.217768
199.612489
201.288954
202.575678
203.928079
205.822571
206.860504
208.216670
209.906324
211.210797
212.617028
214.132823
215.008227
206.851935
206.430427
205.156027
204.232193
203.421496
202.726446
202.149608
201.223073
200.421918
199.981669
199.670080
198.556930
198.277044
197.436699
197.198602
196.869220
195.989297
195.485706
195.358658
194.460335
193.942753
193.576902
193.135789
193.077892
192.491657
192.291754
191.795842
191.234022
191.061625
190.599045
190.301448
189.943556
189.526936
189.278728
188.974293
188.615013
188.652742
188.187132
197.500262
198.890192
200.335351
201.843439
203.191189
205.079781
206.113824
207.465371
209.149637
210.449637
211.851168
213.112541
214.233998
206.095638
205.673837
204.401188
203.478300
202.668306
201.973708
201.397062
200.471575
199.671192
199.230873
198.918925
197.807355
197.295309
196.687695
196.449135
196.119526
195.240720
194.737357
194.609642
193.712533
193.195261
192.829367
192.388408
192.329747
191.744048
191.543753
191.048184
190.486881
190.314064
189.851784
189.554098
189.196275
188.779880
188.531496
188.227033
187.867871
187.904753
187.215146
196.782784
198.167922
199.608175
201.111225
202.454325
204.337014
205.367167
206.714094
208.392973
209.688499
211.085330
212.342345
213.459789
205.339359
204.917264
203.409028
202.724422
201.915130
201.220983
200.644529
199.720089
198.920477
198.480088
198.167780
197.057791
196.545904
195.938699
195.699675
195.139637
194.492150
193.989014
193.860631
192.964736
192.447772
192.081835
191.641029
191.581605
190.996440
190.795754
190.300526
189.739741
189.566503
189.104524
188.806746
188.448992
188.032821
187.784261
187.479770
187.120726
187.156759
186.468107
196.065333
197.445678
198.881025
200.379036
201.717484
203.594273
204.620534
205.962841
207.636330
208.927382
210.319513
211.572170
212.685600
204.583098
204.160708
202.654785
201.970560
201.161969
200.233799
199.892009
198.968616
198.169774
197.729313
197.416646
196.308236
195.796508
195.189711
194.950223
194.390515
193.743586
193.240676
192.883189
192.216944
191.700288
191.334307
190.893654
190.833466
190.022734
190.047755
189.552870
188.992601
188.818942
188.357262
187.834803
187.701707
187.285761
187.037023
186.732504
186.373577
186.408761
185.721064
195.347909
196.723461
198.153901
199.646873
200.980669
202.851555
203.873924
205.211610
206.879710
208.166287
209.553717
210.802015
211.911430
203.826855
203.404169
201.900559
201.216713
200.408823
199.481664
199.139502
198.217155
197.419082
196.978550
196.665521
195.558691
195.047122
194.440731
194.200779
193.641399
192.995028
192.492344
192.134745
191.469156
190.952808
190.586782
190.146281
190.085329
189.275684
189.299759
188.805214
188.245461
188.071380
187.609999
187.088003
186.954421
186.538698
186.289782
185.985234
185.626425
185.437587
184.974016
194.630512
196.001271
197.426804
198.914735
200.243878
202.108862
203.127338
204.460403
206.123113
207.405214
208.787942
210.031881
211.137280
203.070630
202.647648
201.146349
200.462881
199.655691
198.729543
198.387009
197.465707
196.668403
196.227798
195.914407
194.809155
194.297744
193.691760
193.451342
192.892290
192.246477
191.744018
191.386307
190.721372
190.205332
189.839260
189.398912
189.337194
188.528636
188.551763
188.057559
187.498321
187.323818
186.862736
186.341202
186.207133
185.791634
185.542539
185.237962
184.879269
184.690136
184.226964
193.913142
195.279107
196.699732
198.182623
199.507113
201.366192
202.380775
203.709218
205.366537
206.644163
208.022187
209.261767
210.363149
202.314423
201.654636
200.392156
199.709065
198.902574
197.977436
197.634528
196.714271
195.917735
195.477056
195.163304
194.059629
193.548375
192.942796
192.701913
192.143189
191.270906
190.995697
190.637873
189.973594
189.457860
189.091742
188.651545
188.364065
187.781591
187.803769
187.309905
186.751182
186.576255
186.115472
185.594399
185.459843
185.044566
184.795293
184.268653
184.132109
183.942681
183.479907
193.195800
194.556970
195.972686
197.450536
198.770371
200.623547
201.634236
202.958056
204.609984
205.883133
207.256454
208.491674
209.589039
201.558234
200.898717
199.637978
198.955265
198.149472
197.225342
196.882061
195.962847
195.167078
194.726326
194.412210
193.310112
192.799015
192.193842
191.952492
191.394094
190.522923
190.247383
189.889444
189.225819
188.710392
188.344228
187.904181
187.616490
187.034546
187.055776
186.562252
186.004043
185.828693
185.145669
184.847595
184.490433
184.297497
184.048044
183.521928
183.384946
183.195222
182.732846
192.478485
193.834859
195.245666
196.718474
198.033655
199.880927
200.887721
202.206917
203.853454
205.122125
206.490742
207.721600
208.814948
200.802063
200.142814
198.883817
198.201480
197.396384
196.473262
196.129607
195.211436
194.416433
193.975606
193.661127
192.560605
192.049663
191.444895
191.203078
190.645006
189.774947
189.499074
189.141021
188.478050
187.962928
187.596716
187.156820
186.868917
186.287504
186.307784
185.814599
185.256904
185.081130
184.398958
184.100790
183.743694
183.550426
183.300793
182.775200
182.637779
182.447759
181.985781
191.761197
193.112775
194.518672
195.986438
197.296964
199.138330
200.141229
201.455801
203.096945
204.361138
205.725051
206.951547
208.040877
200.045910
199.386928
198.129672
197.447710
196.643311
195.721196
195.377166
194.460037
193.665800
192.996220
192.910054
191.811107
191.300321
190.695957
190.453672
189.895926
189.026977
188.750771
188.392603
187.730285
187.215468
186.849209
186.409462
186.121346
185.540464
185.337019
185.066947
184.509765
184.333567
183.652245
183.353984
182.996953
182.803352
182.553539
182.028469
181.890609
181.700292
181.238711
191.043936
192.390717
193.791704
195.254427
196.560297
198.395758
199.394760
200.704708
202.340459
203.600173
204.959381
206.181515
207.266825
199.289774
198.631060
197.375544
196.693956
195.890253
194.969144
194.394634
193.708650
192.915179
192.246081
191.930953
191.061620
190.550988
189.947026
189.704274
189.146852
188.279013
187.778070
187.644190
186.982525
186.468012
186.101705
185.662107
185.373779
184.793425
184.589585
184.319296
183.762627
183.586004
182.905532
182.607176
182.250210
182.056276
181.586275
181.281734
181.143435
180.952820
180.491636
190.326702
191.668686
193.064762
194.522442
195.823655
197.653210
198.648315
199.953638
201.583995
202.839230
204.193732
205.411503
206.492793
198.533657
197.875209
196.621431
195.940217
195.137209
194.217106
193.642781
192.957276
192.164569
191.495953
191.180460
190.312141
189.801663
189.198105
188.954883
188.397786
187.531056
187.030334
186.895782
186.234769
185.720560
185.354204
184.914755
184.626213
184.046388
183.842152
183.571646
183.015489
182.838440
182.158818
181.860367
181.503465
181.309198
180.839570
180.534997
180.396257
180.205345
179.744557
189.394675
190.946682
192.337846
193.790482
195.087037
196.910686
197.901894
199.202591
200.827554
202.078308
203.428104
204.641511
205.718781
197.777558
197.119374
195.867335
195.186494
194.384180
193.465082
192.890940
192.205914
191.413971
190.745836
190.429977
189.562672
189.052348
188.449191
188.205500
187.648726
186.783105
186.282603
186.147380
185.487018
184.973112
184.606707
184.167406
183.878650
183.299353
183.094720
182.823996
182.268351
182.090876
181.412104
181.113557
180.756719
180.562118
180.092862
179.788256
179.649076
179.457866
178.997474
188.678006
190.224704
191.610956
193.058547
194.350445
196.168186
197.155496
198.451566
200.071135
201.317408
202.662497
203.871540
204.944788
197.021476
196.363557
195.113255
194.432786
193.631166
192.713072
192.139113
191.454565
190.663384
189.995731
189.679505
188.813213
188.303041
187.700286
187.456124
186.899674
186.035161
185.534879
185.398982
184.517375
184.225668
183.859213
183.420059
183.131089
182.552320
182.347290
182.076348
181.521214
181.343312
180.665388
180.366746
180.009971
179.596584
179.346151
179.041512
178.901891
178.710383
178.250386
187.961364
189.502752
190.884092
192.326638
193.613877
195.425710
196.409121
197.700565
199.314738
200.556530
201.896911
203.101589
204.170815
196.265413
195.607757
194.359192
193.679094
192.878166
191.961075
191.387300
190.703228
189.912809
189.245636
188.929043
188.063764
187.553744
186.951389
186.706756
186.150628
185.287223
184.787160
184.650590
183.770187
183.478228
183.111722
182.672716
182.383530
181.805288
181.599860
181.328700
180.774076
180.595748
179.918672
179.619933
179.263221
178.850053
178.599437
178.294766
178.154703
177.962895
177.503293
187.244749
188.780828
190.157254
191.594754
192.877334
194.683259
195.662771
196.949586
198.558363
199.795674
201.131346
202.331658
203.396862
195.509367
194.851975
193.605144
192.925417
192.125181
191.209093
190.635499
189.951904
189.162246
188.495552
188.178591
187.314324
186.804455
186.202500
185.957396
185.401590
184.539291
184.039447
183.902203
183.023004
182.730792
182.364235
181.925375
181.635974
181.058259
180.852433
180.581052
180.026939
179.629678
179.171955
178.873119
178.516470
178.103519
177.852721
177.548016
177.407511
177.215404
176.756196
186.528161
188.058930
189.430442
190.862895
192.140816
193.940832
194.916443
196.198630
197.802011
199.034839
200.365802
201.561747
202.622929
194.753340
194.096209
192.851113
192.171755
191.144444
190.457124
189.883711
189.200591
188.411695
187.745479
187.428150
186.564893
186.055175
185.453619
185.208044
184.652558
183.791366
183.291739
183.153821
182.275826
181.983360
181.616752
180.958797
180.888420
180.311231
180.105006
179.833406
179.061873
178.882668
178.425238
178.126304
177.769717
177.356984
177.106002
176.801262
176.444093
176.467909
175.793332
185.811600
187.337058
188.703656
190.131062
191.404322
193.198429
194.170139
195.447697
197.045681
198.274025
199.600280
200.791858
201.849015
193.997330
193.340460
192.097098
191.418109
190.392050
189.705169
189.131937
188.449292
187.661155
186.995416
186.677718
185.815472
185.305904
184.704747
184.458699
183.903533
183.043447
182.544037
182.405445
181.528652
181.235932
180.869272
180.212016
180.140869
179.564205
179.357581
179.085760
178.315290
178.135657
177.678519
177.379488
177.022962
176.610446
176.359281
176.054506
175.697447
175.720409
175.046780
185.095067
186.615213
187.976896
189.399254
190.667853
192.456051
193.423859
194.696787
196.289373
197.513234
198.834778
200.021988
201.075121
193.241339
192.584729
191.343100
190.664479
189.639671
188.953228
188.380175
187.698004
186.910626
186.245365
185.927298
185.066061
184.556642
183.955883
183.487935
183.154516
182.295534
181.796342
181.657073
180.781483
180.488508
180.121795
179.465238
179.393319
178.817181
178.610157
178.120765
177.568707
177.388646
176.931800
176.632670
176.276205
175.863906
175.612557
175.307747
174.950799
174.972906
174.300223
184.378560
185.893395
187.250162
188.667472
189.931409
191.713696
192.677602
193.945900
195.533088
196.752464
198.069297
199.252139
200.301246
192.485365
191.829014
190.589117
189.910864
188.887307
188.201301
187.628427
186.946729
186.160110
185.495325
185.176887
184.316659
183.807389
183.207027
182.739163
182.405505
181.547628
181.048652
180.908707
180.034318
179.741088
179.156409
178.718462
178.645773
178.070158
177.862734
177.373675
176.822124
176.641634
176.185081
175.885851
175.314294
175.117364
174.865830
174.560984
174.204146
174.225398
173.553662
183.662081
185.171603
186.523454
187.935715
189.194990
190.971366
191.931369
193.195036
194.776825
195.991716
197.303837
198.482310
199.527392
191.500671
191.073317
189.835151
189.157264
188.134958
187.449388
186.876692
185.971910
185.409605
184.745296
184.426486
183.567267
183.058145
182.458180
181.990397
181.656502
180.799728
180.300967
180.160346
179.287159
178.993672
178.409493
177.971690
177.898228
177.323138
177.115312
176.626586
176.075542
175.894623
175.438360
175.139031
174.568087
174.370820
174.119101
173.814219
173.457490
173.477887
172.807096
182.945629
184.449837
185.796771
187.203983
188.458596
190.229060
191.185160
192.444195
194.020584
195.230989
196.538398
197.712501
198.514130
190.745300
190.317637
189.081202
188.403680
187.382622
186.697488
186.124970
185.221220
184.659112
183.995278
183.676096
182.817885
182.088626
181.709341
181.241640
180.907505
180.051835
179.553289
179.193891
178.540003
178.246260
177.662581
177.224921
177.150686
176.576119
176.367892
175.879498
175.328960
175.147611
174.691639
174.392210
173.821878
173.624274
173.372369
173.067450
172.710830
172.730371
172.060526
182.229204
183.728099
185.070115
186.472277
187.722226
189.486778
190.438973
191.693377
193.264366
194.470284
195.772980
196.942713
197.740909
189.989947
189.561974
188.327268
187.650111
186.630302
185.945603
185.373261
184.470541
183.908630
183.245270
182.925716
182.068512
181.339956
180.960510
180.492890
180.158516
179.303948
178.588197
178.446095
177.792852
177.498852
176.915672
176.478154
176.403146
175.829102
175.620473
175.132410
174.582378
174.400599
173.944916
173.431639
173.075668
172.877725
172.625634
172.320678
171.964167
171.982852
171.313952
181.512806
183.006386
184.343485
185.740596
186.985881
188.744520
189.692811
190.942581
192.508170
193.709601
195.007584
196.172945
196.967707
189.234611
188.806328
187.573351
186.896558
185.877996
185.193731
184.621565
183.719876
183.158160
182.495274
182.175347
181.319148
180.591295
180.211687
179.744147
179.409533
178.556067
177.841085
177.698305
177.045706
176.751449
176.168767
175.731391
175.655609
175.082087
174.873056
174.385323
173.835797
173.653586
173.198194
172.685369
172.329456
172.131174
171.878896
171.573903
171.217500
171.235328
170.567373
180.796435
182.284701
183.616880
185.008940
186.249560
188.002287
188.946671
190.191808
191.751996
192.948939
194.242208
195.403198
196.194524
188.479294
188.050700
186.819449
186.143020
185.125705
184.441873
183.869883
182.969222
182.407702
181.745288
181.424988
180.569795
179.842643
179.244778
178.995412
178.442938
177.591488
177.093978
176.950520
176.298564
176.004049
175.421865
174.984630
174.908074
174.335074
174.125639
173.638237
173.089216
172.906574
172.451470
171.939097
171.583242
171.384621
171.132156
170.827125
170.470830
170.276041
169.820789
180.080091
181.563042
182.890302
184.277310
185.513265
187.260077
188.200556
189.441059
190.995844
192.188299
193.476853
194.633471
195.421362
187.723995
187.295088
186.065565
185.389498
184.373429
183.690029
182.896857
182.218581
181.657255
180.995314
180.674639
179.820450
179.094000
178.496528
178.246685
177.694526
176.844174
176.346877
176.202740
175.551427
175.041840
174.674967
174.237872
174.160541
173.374472
173.378224
172.891152
172.342635
172.159561
171.704746
171.192824
170.837026
170.638066
170.385414
170.080344
169.724156
169.529064
169.074201
179.363775
180.841409
182.163749
183.545705
184.776994
186.517892
187.232207
188.690332
190.239715
191.427680
192.711519
193.863764
194.648218
186.968713
186.539494
185.311696
184.413101
183.621167
182.938199
182.145761
181.467952
180.687379
180.245350
179.924300
178.853235
178.345366
177.748286
177.497966
176.946120
176.096867
175.599781
175.454966
174.804295
174.295002
173.928072
173.491117
173.199431
172.628015
172.417785
172.144068
171.596054
171.412548
170.958021
170.446550
170.090809
169.891509
169.638668
169.333559
168.977478
168.782082
168.327608
178.647485
180.119803
181.437223
182.814125
184.040748
185.775731
186.486691
187.939628
189.483608
190.667084
191.946207
193.094077
193.875095
186.213450
185.783916
184.334956
183.660173
182.868920
182.186383
181.394678
180.717336
179.937514
179.495397
179.173971
178.104466
177.596741
177.000053
176.749254
176.197722
175.349567
174.852692
174.707196
174.057167
173.548168
173.181181
172.744365
172.452457
171.881561
171.670926
171.396984
170.849474
170.665534
170.211295
169.700274
169.344590
169.144949
168.681639
168.586772
168.230797
168.035097
167.581012
177.931223
179.398224
180.710722
182.082571
183.304526
185.033595
185.741198
187.188947
188.727523
189.906508
191.180915
192.324411
193.101991
185.458204
185.028356
183.581684
182.907260
182.116687
181.434581
180.643608
179.966732
179.187661
178.745456
178.423653
177.355708
176.848125
176.251827
176.000550
175.449331
174.602272
174.105608
173.959432
173.310044
172.801338
172.434293
171.997616
171.705486
171.135108
170.924069
170.649901
170.102893
169.918521
169.253972
168.953997
168.598369
168.398387
167.935442
167.630444
167.484113
167.288107
166.834410
177.214988
178.676671
179.984248
181.351042
182.568330
184.291482
184.995728
186.438289
187.971461
189.145955
190.415644
191.554766
192.328907
184.702976
184.272813
182.828427
182.154362
181.364469
180.682792
179.892551
179.216140
178.437819
177.995525
177.673345
176.606958
176.099517
175.503610
175.251853
174.700947
173.854984
173.358530
173.211673
172.562925
172.054513
171.687408
171.250870
170.958517
170.388657
170.177213
169.902819
169.356314
169.171507
168.507797
168.207719
167.852147
167.651823
167.189241
166.884203
166.737424
166.541113
166.087804
176.498780
177.955145
179.257799
180.619539
181.832158
183.549394
184.250282
185.687653
187.215421
188.385423
189.650394
190.785140
191.555843
183.947766
183.517287
182.075187
181.401480
180.612266
179.931018
179.141508
178.465561
177.687989
177.245605
176.923047
175.858219
175.350919
174.755401
174.503164
173.952569
173.107703
172.611457
172.463919
171.815811
171.307691
170.940527
170.504126
170.211550
169.642208
169.430358
169.155737
168.609734
168.424493
167.761622
167.461440
167.105923
166.905257
166.443038
166.137960
165.990733
165.794116
165.341194
175.782599
177.233645
178.531376
179.888061
181.096011
182.807330
183.504859
184.937041
186.459403
187.624913
188.885166
190.015535
190.782798
183.192574
182.761778
181.321963
180.648613
179.860077
179.179257
178.390477
177.714994
176.938171
176.495696
176.172760
175.109489
174.602329
174.007200
173.754482
173.204199
172.360428
171.864391
171.716170
171.068701
170.560873
170.193649
169.757386
169.464586
168.895761
168.683505
168.408657
167.863154
167.677478
167.015446
166.715159
166.359697
166.158689
165.696833
165.391713
165.244037
165.047114
164.594579
175.066445
176.512172
177.804980
179.156608
180.359888
182.065290
182.759460
184.186451
185.703407
186.864424
187.891291
189.245951
190.009773
182.437400
182.006286
180.568755
179.895762
179.107903
178.209646
177.639460
176.964440
176.188364
175.745798
175.422483
174.360768
173.853749
173.259008
173.005809
172.455836
171.613159
171.117330
170.968426
170.321596
169.814059
169.446775
169.010648
168.717624
168.149316
167.936653
167.661577
167.116575
166.930464
166.269270
165.968878
165.613469
165.412118
164.950624
164.645463
164.497338
164.300108
163.847960
174.350318
175.790725
177.078609
178.213917
179.623791
181.323274
182.014084
183.435885
184.947434
186.103957
187.126685
188.476386
189.236767
181.682244
181.250812
179.815564
179.142926
178.355744
177.458473
176.888455
176.213897
175.438569
174.780960
174.672216
173.612057
173.105177
172.510824
172.257142
171.707480
170.865897
170.370275
170.220688
169.574496
169.067250
168.699904
168.263914
167.970664
167.402872
167.189802
166.914498
166.369996
166.183449
165.523092
165.222595
164.867240
164.665545
164.204413
163.899209
163.750636
163.553099
163.101336
173.634219
175.069305
176.352264
177.483046
178.887718
180.581282
181.268731
182.685341
184.191483
185.118391
186.362099
187.706842
188.463781
180.927106
180.495354
179.062388
178.390105
177.603599
176.707314
176.137464
175.463368
174.688785
174.031642
173.707659
172.863356
172.356614
171.762648
171.508484
170.959130
170.118641
169.623225
169.472955
168.827400
168.320444
167.953037
167.308220
167.223706
166.656430
166.442953
166.167419
165.623418
165.436434
164.776914
164.476311
164.121009
163.918970
163.458200
163.152953
162.797979
162.806085
162.354708
172.918146
174.347911
175.625945
176.752199
178.151669
179.839315
180.523403
181.934820
183.435555
184.358540
185.597535
186.937319
187.690815
180.171986
179.739914
178.309229
177.637300
176.851469
175.956169
175.386486
174.712850
173.939013
173.282334
172.957971
172.114664
171.608060
171.014480
170.759833
170.210788
169.371391
168.876182
168.725227
167.870920
167.573642
167.206173
166.562044
166.476751
165.909990
165.696105
165.420342
164.669734
164.482305
164.030735
163.730025
163.374776
163.172393
162.711983
162.406694
162.051822
162.059067
161.608075
172.202101
173.626544
174.899652
176.021378
177.415646
179.097372
179.778097
181.184322
182.679648
183.598712
184.832992
186.167816
186.917869
179.416884
178.765324
177.556086
176.884510
176.099353
175.205038
174.635521
173.748059
173.189253
172.533038
172.208293
171.365982
170.859515
170.266321
169.800098
169.462453
168.624147
168.129144
167.977504
167.124386
166.826844
166.459313
165.815871
165.729799
165.163552
164.949258
164.673265
163.923709
163.735843
163.284556
162.983738
162.628542
162.425814
161.965764
161.660431
161.305662
161.312045
160.861438
171.486082
172.905204
174.173385
175.290583
176.679647
178.355453
179.032815
180.433846
181.923764
182.838905
184.068470
185.398333
186.144942
178.661799
178.010484
176.802960
176.131736
175.347252
174.453921
173.884569
172.998125
172.439505
171.783752
171.458626
170.617309
170.110979
169.518170
169.052018
168.714124
167.876910
167.382112
167.229786
166.377858
166.080051
165.712456
165.069701
164.982849
164.417116
164.202412
163.926189
163.177684
162.989380
162.538376
162.237451
161.882305
161.679232
161.219543
160.914166
160.559498
160.565019
160.114796
170.770091
172.183890
173.447144
174.559812
175.943673
177.613558
178.287557
179.683394
181.167902
182.079119
183.303968
184.628870
185.372034
177.906733
177.255661
176.049849
175.378977
174.595166
173.702818
173.133630
172.248203
171.689768
171.034477
170.708968
169.868646
169.362452
168.770027
168.303946
167.965803
167.129680
166.635085
166.482074
165.631334
165.333261
164.965602
164.323533
164.235901
163.670681
163.455568
163.179114
162.431659
162.242917
161.792195
161.491161
161.136067
160.728338
160.473318
160.167897
159.813331
159.817990
159.164869
170.054127
171.462602
172.720929
173.829067
175.207723
176.871687
177.542322
178.932965
180.412063
181.319355
182.539488
183.859428
184.599147
177.151684
176.500854
175.296755
174.626234
173.843094
172.951728
172.382704
171.498294
170.940042
170.285214
169.959321
169.119992
168.613933
168.021892
167.555881
167.217489
166.382456
165.888065
165.734366
164.884814
164.586475
164.218752
163.577369
163.488955
162.924249
162.708725
162.432039
161.685634
161.496454
161.046013
160.744871
160.389828
159.982305
159.727091
159.421625
159.067160
159.070956
158.418771
169.338190
170.741341
171.994739
173.098348
174.471799
176.129841
176.797110
178.182558
179.656245
180.559613
181.775029
183.090006
183.826278
176.396653
175.746065
174.543677
173.873506
173.091037
172.200652
171.631791
170.748397
170.190329
169.535961
169.209684
168.371348
167.865424
167.273765
166.807824
166.469181
165.635238
165.141050
164.986664
164.138300
163.839694
163.265932
162.831208
162.742012
162.177818
161.961883
161.480114
160.939610
160.749991
160.299830
159.998579
159.643587
159.236270
158.980862
158.675350
158.320985
158.323918
157.672669
168.622280
170.020107
171.268576
172.367653
173.735899
175.388018
176.051922
177.432174
178.681531
179.799892
181.010590
182.320604
183.053430
175.641641
174.991293
173.790615
173.120793
172.338995
171.449590
170.880892
169.998512
169.440626
168.786719
168.460058
167.622714
167.116923
166.525647
166.059775
165.720881
164.888026
164.394041
164.238967
163.391789
163.092916
162.519641
162.085049
161.995071
161.431389
161.215043
160.733594
160.193585
160.003528
159.553647
159.252287
158.897344
158.490232
158.234630
157.929072
157.574807
157.576876
156.926563
167.906397
169.298899
170.542439
171.636984
173.000024
174.646220
175.306758
176.681813
177.926325
179.040193
180.246173
181.551223
182.280601
174.886646
174.236538
173.037569
172.154530
171.586967
170.698542
170.130005
169.248639
168.690936
168.037488
167.710441
166.874089
166.368432
165.777537
165.311733
164.972588
164.140821
163.647038
163.285143
162.645284
162.141049
161.773355
161.338893
161.248132
160.684962
160.468203
159.987076
159.447562
159.257064
158.807463
158.505993
157.948965
157.744193
157.488395
157.182791
156.828625
156.628346
156.180452
167.190542
168.577718
169.816327
170.906340
172.264173
173.904446
174.561616
175.931475
177.171140
178.280516
179.481777
180.781862
181.507792
174.131669
173.481801
172.284540
171.402410
170.834954
169.947508
169.379132
168.498779
167.731618
167.288268
166.960835
166.125474
165.412216
165.029436
164.563699
164.224301
163.393622
162.900040
162.538010
161.898783
161.394833
161.027072
160.592741
160.501196
159.938536
159.721366
159.240558
158.701538
158.510600
158.061278
157.759697
157.203271
156.998151
156.742157
156.436507
156.082440
155.881849
155.434336
166.474713
167.856563
169.090242
170.175722
171.528347
173.162696
173.816499
175.181160
176.415979
177.520860
178.717401
180.012522
180.735003
173.376710
172.727080
171.531527
170.650305
170.082955
169.196488
168.628272
167.748931
166.982508
166.539058
166.211239
165.376868
164.664298
164.074673
163.815672
163.476022
162.646430
162.153048
161.790883
161.152286
160.648620
160.280792
159.846591
159.754262
159.192112
158.974529
158.494040
157.955514
157.764136
157.315092
156.812120
156.457575
156.252107
155.995917
155.690219
155.336251
155.135349
154.688216
165.758912
167.135435
168.364182
169.445129
170.792546
172.420971
173.071405
174.216879
175.660839
176.761226
177.953047
179.243202
179.962233
172.621769
171.972376
170.778530
169.898216
169.330971
168.445481
167.877424
166.999096
166.233410
165.789860
165.461654
164.628272
163.916388
163.327142
163.067653
162.727750
161.899244
161.406062
161.043761
160.405794
159.902411
159.534516
159.100444
159.007331
158.445691
158.227694
157.747524
157.209491
157.017671
156.568906
156.066374
155.711878
155.506060
155.249674
154.943929
154.590058
154.388844
153.942092
165.043137
166.414333
167.638149
168.714561
170.056770
171.469829
172.326334
173.467168
174.905722
176.001613
177.188713
178.473902
179.189482
171.866845
171.217690
170.025549
169.146142
168.579002
167.694488
167.126590
166.249273
165.484323
165.040673
164.712078
163.879685
163.168488
162.579620
162.319641
161.979484
161.152064
160.659082
160.296644
159.659307
159.156207
158.788243
158.354300
158.260402
157.699271
157.480860
157.001008
156.463468
156.271206
155.622373
155.320628
154.966178
154.760012
154.503429
153.998349
153.843862
153.642335
153.195963
164.327390
165.693258
166.912141
167.984018
169.321018
170.728698
171.581286
172.717480
174.150627
175.242022
176.424400
177.704622
178.416752
171.111940
170.463020
169.272585
168.394084
167.827047
166.943509
166.375769
165.499462
164.735248
164.291496
163.962513
162.925222
162.420596
161.832106
161.571638
161.231226
160.404890
159.912108
159.549533
158.912824
158.410006
158.041974
157.608158
157.513475
156.952852
156.532932
156.254493
155.717446
155.524741
154.876737
154.574880
154.220477
154.013961
153.757180
153.252605
153.097663
152.895823
152.449829
163.611670
164.972209
166.186159
167.253501
168.585291
169.987590
170.836263
171.967814
173.395554
174.482453
175.660109
176.713877
177.644041
170.357053
169.708368
168.519636
167.642041
167.075107
166.192544
165.624961
164.749664
163.986185
163.542331
163.212958
162.177210
161.672713
161.084601
160.823642
160.482974
159.657723
159.165139
158.802426
158.166346
157.663810
157.295708
156.862020
156.766550
156.206436
155.786654
155.507979
154.971423
154.778276
154.131101
153.829131
153.474774
153.267908
153.010930
152.506857
152.351459
152.149306
151.703692
162.895976
164.251187
165.460203
166.523009
167.849589
169.246506
170.091262
171.218171
172.640503
173.722905
174.895838
175.945225
176.871349
169.602183
168.953732
167.766704
166.890013
166.323182
165.441593
164.874167
163.999878
163.237133
162.793176
162.463414
161.429208
160.924839
160.337104
160.075653
159.734730
158.910563
158.418176
158.055325
157.419872
156.917617
156.549445
156.115885
155.819090
155.260007
155.040377
154.761466
154.225401
154.031811
153.385464
153.083380
152.729070
152.521853
152.066855
151.761107
151.605253
151.402785
150.957549
162.180310
163.530191
164.734273
165.792542
167.113912
168.505447
169.346285
170.468551
171.885475
172.963378
174.131588
175.176594
176.098678
168.847332
168.199114
167.013788
166.138001
165.362917
164.483183
164.123385
163.250104
162.488093
162.044033
161.713879
160.681215
160.176974
159.589614
159.327672
158.986493
157.961420
157.671219
157.308229
156.472613
156.171428
155.803186
155.369752
155.072724
154.514147
154.294101
154.014953
153.479379
153.285345
152.639826
152.337629
151.983364
151.775796
151.321152
151.015353
150.859042
150.656261
150.211403
161.464671
162.809222
164.008369
165.062100
166.378259
167.764411
168.601332
169.718954
171.130468
172.203874
173.367360
174.407982
175.326026
168.092498
167.444513
166.260888
165.386004
164.611581
163.732819
163.372616
162.500342
161.739064
161.294900
160.964355
159.933232
159.429118
158.842134
158.579699
158.238262
157.214826
156.924267
156.561138
155.726701
155.425244
155.056931
154.623622
154.326360
153.768288
153.547826
153.268441
152.733358
152.538879
151.894188
151.591876
151.237656
151.029737
150.575445
150.269596
150.112828
149.909732
149.465251
160.749060
162.088280
163.282491
164.331684
165.642631
167.023400
167.856402
168.969380
170.375485
171.444391
172.603152
173.639391
174.553393
167.127377
166.689929
165.508005
164.634022
163.860260
162.982468
162.621861
161.750593
160.990047
160.545778
160.214842
159.185258
158.681271
158.094661
157.831733
157.490039
156.468238
155.976827
155.814052
154.980794
154.679063
154.310678
153.877496
153.579998
153.022432
152.801553
152.521930
151.987336
151.792413
151.148548
150.846122
150.491946
150.283675
149.829736
149.523836
149.366611
149.163199
148.719096
160.033475
161.367364
162.556639
163.601293
164.907027
166.282413
167.111495
168.219828
169.620523
170.684929
171.838965
172.870820
173.780780
166.373144
165.935362
164.755137
163.882056
163.108954
162.232132
161.871118
161.000857
160.241042
159.796667
159.261943
158.437294
157.933433
157.347197
157.083775
156.540629
155.721656
155.230440
155.066972
154.234891
153.932887
153.564430
153.131372
152.833638
152.276577
152.055281
151.775420
151.241315
151.045946
150.402908
150.100366
149.746235
149.537611
149.084024
148.778073
148.620390
148.416662
147.972936
159.317917
160.646474
161.830813
162.870928
164.171449
165.541450
166.366612
167.470300
168.865583
169.925489
171.074799
172.102269
173.008187
165.618929
165.180812
164.002286
163.130106
162.357662
161.481809
161.120389
160.251132
159.492048
159.047567
158.513006
157.689339
157.185603
156.599740
156.335824
155.792974
154.975081
154.484059
154.319896
153.488993
153.186714
152.818184
152.385251
152.087281
151.530724
151.309011
151.028910
150.495294
150.299480
149.657267
149.354610
149.000522
148.596369
148.338309
148.032307
147.679563
147.670122
147.226771
158.602386
159.730541
161.105012
162.140588
163.435895
164.800511
165.621752
166.720794
168.110666
169.166071
170.310654
171.333739
172.235614
164.864732
164.426279
163.249451
162.378170
161.606385
160.731500
160.369673
159.501420
158.743066
158.298478
157.764080
156.941394
156.437782
155.852292
155.587881
155.045327
154.228512
153.737684
153.572826
152.743099
152.440546
152.071943
151.639133
151.340927
150.784873
150.562741
150.282402
149.553514
149.357257
148.911626
148.608852
148.254807
147.850853
147.592592
147.286537
146.933888
146.923577
146.480602
157.886883
159.010220
160.379238
161.410273
162.700365
164.059597
164.876916
165.971311
167.355771
168.406674
169.546530
170.565229
171.463060
164.110553
163.671763
162.496633
161.626250
160.855122
159.981204
159.618970
158.751720
157.994096
157.549400
157.015164
156.193459
155.689971
155.104853
154.839946
154.297687
153.481949
152.991315
152.825761
151.997210
151.694381
151.325704
150.893017
150.594574
150.039023
149.816473
149.535893
148.808045
148.611343
148.165983
147.863093
147.509091
147.105335
146.846872
146.540765
146.188208
146.177028
145.734429
157.171406
158.289925
159.653489
160.679983
161.964861
163.318706
164.132103
165.221851
166.600898
167.647299
168.782427
169.796739
170.690525
163.356391
162.917265
161.538144
160.874346
160.103874
159.230923
158.868279
158.002033
157.245137
156.800333
156.266259
155.445533
154.942168
154.357421
154.092018
153.550053
152.735393
152.244951
152.078701
151.251326
150.948220
150.579469
150.146905
149.848224
149.293176
149.070206
148.789386
148.062577
147.865428
147.420340
147.117333
146.763372
146.359814
146.101150
145.794989
145.442525
145.430475
144.988251
156.455957
157.569657
158.927767
159.949718
161.229381
162.577840
163.387314
164.472413
165.846048
166.887945
168.018345
169.028270
169.918010
162.602248
162.162783
160.785920
160.122457
159.352641
158.480655
158.117602
157.252358
156.496189
156.051277
155.517363
154.697616
154.194374
153.609998
153.344098
152.802427
151.988843
151.498593
151.331646
150.505446
150.202064
149.833238
149.400796
149.101876
148.547330
148.323941
147.848279
147.317109
147.119513
146.674697
146.371571
146.017652
145.614291
145.355425
145.049210
144.696838
144.683918
144.050130
155.740535
156.849415
158.202070
159.219479
160.493926
161.836997
162.642548
163.722999
165.091219
166.128613
167.254284
168.259821
169.145515
161.848122
161.408318
160.033711
159.370583
158.601422
157.730401
157.164921
156.502695
155.747254
155.302231
154.768478
153.949709
153.446589
152.862583
152.596186
152.054808
151.242300
150.752241
150.584597
149.759571
149.455911
148.891833
148.459838
148.355531
147.801486
147.577677
147.102326
146.571641
146.373597
145.929052
145.625809
145.271931
144.868766
144.609697
144.303429
143.951148
143.937357
143.304496
155.025139
156.129199
157.476399
158.489265
159.758495
161.096179
161.897806
162.973607
164.336413
165.369303
166.490244
167.491392
168.373040
161.094014
160.448584
159.281519
158.618724
157.850218
156.980161
156.414829
155.753045
154.998330
154.553197
154.019603
153.201812
152.698813
152.115176
151.848281
151.307195
150.495762
150.005894
149.837552
149.013700
148.709763
148.146161
147.714287
147.609188
147.055644
146.831414
146.356374
145.826174
145.627682
145.183407
144.880045
144.526207
144.123239
143.863967
143.557644
143.205454
143.190792
142.558856
154.309771
155.409010
156.750754
157.759077
158.824589
160.355385
161.153087
162.224238
163.581629
164.610014
165.726224
166.722983
167.600584
160.339924
159.694718
158.529344
157.866881
157.099028
156.229935
155.664750
155.003407
154.249417
153.804173
153.270739
152.453924
151.951045
151.367778
151.100384
150.559590
149.749232
149.259553
149.090513
148.267834
147.963618
147.400492
146.968738
146.862847
146.309803
146.085152
145.610422
145.080707
144.881766
144.437761
144.134279
143.780482
143.377710
143.118234
142.811856
142.459757
142.253539
141.813213
153.594430
154.688848
156.025135
157.028913
158.089744
159.614615
160.408391
161.474892
162.826868
163.850747
164.962226
165.954595
166.828148
159.585852
158.940869
157.777184
157.115054
156.347853
155.479722
154.914684
154.253781
153.500516
153.055161
152.521884
151.706046
151.203287
150.620387
150.352494
149.811991
149.002707
148.513218
148.343479
147.521972
147.217478
146.654826
146.223192
146.116509
145.563965
145.338892
144.864471
144.335240
144.135849
143.692114
143.388513
142.843951
142.632178
142.372498
142.066065
141.714056
141.507519
141.067565
152.879116
153.968712
155.299542
156.298775
157.354924
158.873869
159.663719
160.725569
162.072128
163.091501
164.198249
165.186227
166.055731
158.831798
158.187038
157.025040
156.363242
155.596693
154.729524
154.164631
153.504168
152.751627
152.306159
151.773040
150.958177
150.455537
149.873005
149.604612
149.064400
148.256189
147.766889
147.402245
146.776115
146.278146
145.909164
145.477649
145.370173
144.818128
144.592633
144.118521
143.589773
143.389933
142.946466
142.452241
142.098774
141.886645
141.626760
141.130656
140.968351
140.761495
140.321912
152.163829
153.248602
154.573975
155.568663
156.620129
158.133148
158.919070
159.976268
161.317411
162.332277
163.434292
164.417880
165.283334
158.077762
157.433223
156.272913
155.611445
154.845547
153.979339
153.414591
152.754567
152.002749
151.557168
151.024206
150.210318
149.707797
149.125631
148.856737
148.316815
147.509677
147.020566
146.655775
146.030263
145.532566
145.163506
144.732109
144.623839
144.072293
143.846375
143.372572
142.844307
142.644016
142.200818
141.707024
141.353595
141.141109
140.881018
140.385410
140.222643
140.015466
139.576255
151.448569
152.528519
153.848434
154.838575
155.885358
157.392450
158.174445
159.226991
160.562716
161.573075
162.670357
163.649552
164.510957
157.323743
156.679425
155.520802
154.859663
154.094416
153.229168
152.664565
152.004978
151.253883
150.808188
150.275382
149.462468
148.960065
148.183536
148.108870
147.374993
146.763172
146.274248
145.909310
145.284415
144.786990
144.417851
143.986572
143.877508
143.135568
143.100118
142.626623
142.098841
141.898099
141.455169
140.961805
140.608415
140.395571
140.135275
139.640161
139.476932
139.269434
138.830594
150.733336
151.808463
153.122918
154.108513
155.150611
156.651776
157.229932
158.477736
159.808044
160.813894
161.906442
162.881245
163.526186
156.569743
155.925644
154.568376
154.107897
153.343299
152.479011
151.914551
151.255402
150.505029
150.059219
149.526569
148.714628
148.212342
147.436733
147.361011
146.627977
145.823826
145.335471
145.162850
144.538571
144.041417
143.672199
143.241037
143.131179
142.390288
142.163559
141.880676
141.353375
141.152182
140.709519
140.216586
139.863232
139.650031
139.389528
138.894909
138.731217
138.523398
138.084928
150.018130
151.088432
152.397429
153.378476
154.611173
155.911127
156.485903
157.728504
159.053393
160.054734
161.142549
162.112958
162.754439
155.815760
155.171880
153.816858
153.356147
152.592197
151.728867
151.164551
150.505838
149.756186
149.114551
148.777766
147.966798
147.270512
146.689938
146.419579
145.880968
145.077886
144.589717
144.416395
143.792733
143.295849
142.926550
142.495506
142.384853
141.645010
141.417858
141.134729
140.607909
140.406265
139.775398
139.471365
139.118049
138.904488
138.643779
138.149654
137.985498
137.777357
137.339258
149.302951
150.368429
151.671965
152.648464
153.875940
155.170502
155.741898
156.979294
158.298765
159.295596
160.378676
161.344692
161.982712
155.061795
154.418134
153.065356
152.604411
151.841110
150.978738
150.414563
149.756286
148.811933
148.366160
148.028973
147.025044
146.523362
145.943150
145.672290
145.133965
144.331952
143.843969
143.669945
143.046898
142.550284
142.180906
141.749977
141.638528
140.899734
140.672157
140.388782
139.862444
139.660347
139.030298
138.726142
138.372863
138.158944
137.898028
137.404396
137.239775
137.031313
136.593583
148.587800
149.648451
150.946528
151.918478
153.140732
154.429900
154.997916
156.230108
157.544159
158.536480
159.614825
160.576446
161.211005
154.307848
153.664404
152.313870
151.852691
151.090037
150.228622
149.664589
149.006747
148.063669
147.617780
147.280190
146.277787
145.776220
145.196372
144.925008
144.386970
143.586024
143.098227
142.923501
142.301069
141.804724
141.435264
141.004452
140.892206
140.154460
139.926458
139.642837
139.116978
138.914429
138.285197
137.980919
137.627676
137.413397
137.152273
136.659134
136.494050
136.285265
135.847904
147.872675
148.928501
150.221116
151.188517
152.211873
153.689323
154.253957
155.480944
156.789575
157.777386
158.850994
159.808220
160.439317
153.553919
152.910691
151.562401
151.100987
150.338979
149.478520
148.914627
148.257220
147.315417
146.869411
146.531417
145.530540
145.029087
144.449601
144.177734
143.639981
142.840103
142.352490
142.177061
141.555244
141.059167
140.689626
140.258929
140.145887
139.409188
139.180760
138.896892
138.371514
138.168511
137.540096
137.235694
136.882487
136.667848
136.220570
135.913870
135.748320
135.539212
135.102220
147.157577
148.208576
149.495730
150.458581
151.477250
152.948770
153.510022
154.731803
156.035013
157.018313
158.087184
159.040014
159.667649
152.800008
152.156996
150.810948
150.349298
149.587935
148.728432
148.164679
147.507705
146.567177
146.121052
145.782655
144.783302
144.281963
143.702838
143.430467
142.893000
142.094189
141.606759
141.430627
140.809423
140.313615
139.943991
139.513409
139.211481
138.663917
138.435064
138.150948
137.626049
137.422593
136.794994
136.490468
136.137296
135.922297
135.475362
135.168602
134.817648
134.793156
134.356532
146.442507
147.488678
148.770370
149.728670
150.742652
152.208242
152.766111
153.982685
155.280474
156.259261
157.323395
158.271829
158.896000
152.046114
151.403317
150.059511
149.597624
148.836906
147.978357
147.220277
146.758203
145.818948
145.372705
145.033903
144.036074
143.534847
142.956084
142.683208
142.146025
141.348280
140.861034
140.684198
140.063608
139.568066
139.198360
138.767892
138.465718
137.918648
137.689368
137.405005
136.880584
136.676674
136.049891
135.745241
135.392104
134.991778
134.730151
134.423332
134.072463
134.047095
133.610839
145.727463
146.768807
148.045036
148.998785
150.008078
151.467737
152.022222
153.233590
154.525956
155.500231
156.559627
157.503664
158.124371
151.292239
150.649656
149.308090
148.845965
148.085891
147.228297
146.470913
146.008713
145.070731
144.624369
144.093189
143.288855
142.787741
142.209338
141.935956
141.399058
140.602378
140.115315
139.937774
139.317796
138.822522
138.452733
138.022378
137.719958
137.173381
136.943674
136.659063
136.135120
135.745221
135.304787
135.000013
134.646910
134.246773
133.984938
133.678058
133.327274
133.301031
132.865142
145.012447
146.048962
147.319728
148.268925
149.273529
150.727256
151.278358
152.484518
153.771461
154.741223
155.795880
156.735519
157.352761
150.340793
149.896011
148.556685
148.094322
147.334892
146.478250
145.721561
145.259235
144.322525
143.876043
143.345013
142.541645
142.040643
141.462600
141.188713
140.652097
139.856482
139.369601
139.191355
138.571989
138.076981
137.707108
137.090572
136.974200
136.428116
136.197982
135.913121
135.389656
134.999854
134.559683
134.254783
133.901714
133.501767
133.239722
132.932781
132.582082
132.554963
132.119441
144.297457
145.329143
146.594445
147.539090
148.539004
149.986799
150.534516
151.735468
153.016988
153.982236
155.032154
155.967395
156.581171
149.587517
149.142384
147.805296
147.342695
146.389849
145.728217
144.972223
144.317539
143.574331
143.127729
142.596847
141.794446
141.293555
140.715871
140.441476
139.905144
139.110593
138.623893
138.444942
137.826187
137.331445
136.961488
136.345614
136.228445
135.682852
135.452290
135.167180
134.644193
134.254486
133.814578
133.509552
133.156516
132.756758
132.494503
132.187501
131.836886
131.808890
131.373735
143.582495
144.609351
145.869189
146.809280
147.804505
149.246367
149.790698
150.986441
152.262538
153.223271
154.268449
155.199290
155.809601
148.834259
148.388774
147.053923
146.591082
145.639438
144.978198
144.222898
143.568643
142.826149
142.379425
141.848692
141.047255
140.546475
139.969150
139.694248
139.158197
138.364710
137.878191
137.698533
137.080390
136.585912
136.215870
135.600660
135.482692
134.937591
134.706600
134.421240
133.714832
133.509119
133.069472
132.764320
132.411317
132.011747
131.749282
131.442218
131.091687
131.062814
130.628025
142.867560
143.889585
145.143958
146.079496
147.070029
148.505959
149.046903
150.041583
151.508110
152.464327
153.504765
154.431206
155.038050
148.081018
147.635180
146.302567
145.839485
144.889041
144.228193
143.473586
142.819759
142.077978
141.631132
141.100547
140.300075
139.799404
139.222436
138.947027
138.411257
137.618833
137.132494
136.952130
136.334597
135.840384
135.470256
134.855709
134.736941
134.192331
133.960911
133.675301
132.969920
132.763750
132.324365
132.019087
131.666116
131.266734
131.004058
130.696932
130.346484
130.316733
129.701133
142.152652
143.169846
144.418754
145.349737
146.335579
147.765574
148.303132
149.293158
150.753703
151.705405
152.741102
153.663143
154.266519
147.327795
146.881604
145.551227
145.087904
144.138659
143.478201
142.724286
142.070888
141.329819
140.882851
140.352412
139.552903
139.052342
138.475731
138.199813
137.664325
136.872963
136.386803
136.205732
135.588808
135.094859
134.540233
134.110760
133.991193
133.447073
133.215224
132.929362
132.225008
132.018382
131.579258
131.273852
130.920914
130.521719
130.258831
129.951643
129.601278
129.570649
128.955965
141.437770
142.450133
143.693575
144.620003
145.601153
147.025214
147.559384
148.544755
149.999319
150.946504
151.977459
152.895099
153.495007
146.574590
146.128045
144.799903
144.143829
143.388291
142.728223
141.975000
141.322029
140.581671
140.134580
139.604288
138.805742
138.305289
137.729035
137.265958
136.917399
136.127098
135.641118
135.459339
134.658529
134.349339
133.795178
133.365814
133.245447
132.701817
132.469537
132.183424
131.480097
131.273013
130.834150
130.528616
130.175709
129.776702
129.513602
129.206350
128.856068
128.824560
128.210793
140.722916
141.730447
142.968422
143.890294
144.866752
146.284878
146.815660
147.796376
149.244958
150.187626
151.213838
152.127076
152.723515
145.821403
145.374503
144.048595
143.392838
142.637938
141.978260
141.225727
140.573182
139.833535
139.386319
138.856173
138.058589
137.558244
136.982346
136.519313
136.170480
135.381241
134.895439
134.712951
133.913301
133.603822
133.050125
132.620872
132.499703
131.956562
131.723852
131.437487
130.735185
130.527644
130.089041
129.783379
129.430503
129.031682
128.768370
128.461055
128.110854
128.078468
127.465616
140.008089
141.010787
142.243295
143.160611
144.132375
145.544566
146.071958
147.048019
148.490618
149.428768
150.450237
151.359074
151.952042
145.068234
144.620977
143.297303
142.641863
141.887599
141.228309
140.476467
139.824348
139.085410
138.638070
138.108069
137.311447
136.811209
136.235666
135.772676
135.423568
134.635389
134.149765
133.966568
133.168078
132.858310
132.305076
131.875932
131.753961
131.211309
130.978168
130.509930
129.990274
129.782275
129.343932
129.038141
128.685295
128.286660
128.023136
127.715756
127.365637
127.153009
126.720435
139.293289
140.291154
141.518194
142.430953
143.398023
144.804278
145.328281
146.299685
147.736301
148.669932
149.686658
150.591091
151.180589
144.315082
143.867469
142.546027
141.890903
141.137275
140.478373
139.727220
139.075525
138.337297
137.702741
137.359975
136.564314
136.064182
135.488994
135.026047
134.676663
133.889544
133.404097
133.220191
132.422859
132.112801
131.560031
131.130995
131.008222
130.466059
130.232486
129.764546
129.245363
129.036906
128.598821
128.292902
127.940086
127.541637
127.277898
126.970454
126.620416
126.407460
125.975249
138.578516
139.571547
140.793118
141.701320
142.663696
144.064014
144.584626
145.551374
146.982006
147.911118
148.724302
149.823129
150.409156
143.561949
143.113978
141.794768
141.139958
140.386965
139.728451
138.977986
138.326716
137.589196
136.955068
136.611891
135.817190
135.317165
134.742330
134.279425
133.929766
133.143705
132.658435
132.473818
131.677645
131.367297
130.814989
130.386061
130.262486
129.720810
129.486805
129.019163
128.500453
128.291536
127.853710
127.547661
127.015916
126.796610
126.532658
126.225149
125.875192
125.661908
125.230059
137.863770
138.851966
140.068069
140.971713
141.929393
143.323775
143.840995
144.803085
146.227733
147.152325
147.961342
149.055187
149.637742
142.808833
142.360504
141.043524
140.389029
139.636670
138.978542
138.228765
137.577918
136.841106
136.207407
135.863818
135.070076
134.570156
133.811739
133.532811
133.182875
132.397873
131.912779
131.727451
130.932435
130.621796
130.069950
129.641129
129.516751
128.975563
128.741125
128.273781
127.755543
127.546166
127.108599
126.802419
126.271254
126.051582
125.787416
125.479841
125.129964
124.916351
124.484865
137.149051
138.132412
139.343045
140.242130
141.195115
142.583559
143.097388
144.054820
145.473482
146.197927
147.198403
148.287265
148.866348
142.055735
141.607047
140.292297
139.638115
138.886390
138.228647
137.479557
136.829133
136.093028
135.459757
135.115754
134.322971
133.639289
133.065645
132.786204
132.435991
131.652047
131.167128
130.981089
130.187231
129.876300
129.324915
128.896201
128.771019
128.230317
127.995446
127.528399
127.010633
126.800796
126.363486
126.057176
125.526590
125.306552
125.042171
124.557314
124.384733
124.170790
123.739666
136.434359
137.412884
138.618048
139.512573
140.460862
141.843367
142.353804
143.306577
144.719253
145.439748
146.435486
147.519364
148.094973
141.302655
140.853607
139.541086
138.887216
138.136124
137.478766
136.730363
136.080360
135.344962
134.712117
134.367701
133.575876
132.892852
132.319558
132.039605
131.689114
130.906227
130.421483
130.234732
129.442030
129.130807
128.579883
128.151275
128.025289
127.485074
127.249769
126.783019
126.265723
126.055426
125.618373
125.311931
124.781925
124.561519
124.296923
123.812551
123.639498
123.425226
122.994462
135.719694
136.693383
137.893076
138.783042
139.726633
140.916368
141.610243
142.558357
143.965047
144.681591
145.672589
146.751482
147.323618
140.549593
139.910410
138.789891
138.136333
137.385873
136.728899
135.981181
135.331600
134.596907
133.964488
133.619658
132.828791
132.146423
131.573480
131.293013
130.942244
130.160414
129.675844
129.488380
128.696834
128.385319
127.834855
127.406353
127.279562
126.739832
126.504093
126.037639
125.520813
125.310055
124.873259
124.389682
124.037257
123.816484
123.375364
123.067785
122.894259
122.679657
122.249254
135.005056
135.973908
137.168130
138.053535
138.992429
140.176768
140.866705
141.810159
143.210863
143.923455
144.909713
145.983622
146.552283
139.796548
139.157567
138.038712
137.385465
136.635636
135.979045
135.232012
134.398134
133.848863
133.216871
132.871626
131.899141
131.400003
130.827410
130.546429
130.195381
129.414607
128.930211
128.742034
127.951643
127.639834
127.089830
126.661433
126.533837
125.994592
125.758418
125.292260
124.775904
124.564684
124.128144
123.644985
123.292588
123.071447
122.630661
122.323015
122.149017
121.934085
121.504042
134.290445
135.254459
136.443210
137.324054
138.258249
139.437192
140.123191
141.061984
142.456701
143.165341
144.146858
145.215781
145.780967
139.043521
138.404741
137.287549
136.634613
135.885414
135.229205
134.482856
133.649954
133.100831
132.469264
132.123603
131.152628
130.653591
130.081348
129.799853
129.448525
128.668806
128.184583
127.995692
127.206456
126.715775
126.344809
125.916516
125.788114
125.249354
124.835405
124.546881
124.030995
123.819313
123.383029
122.900288
122.547918
122.326408
121.885956
121.578243
121.403772
121.188508
120.758825
133.575861
134.535037
135.718316
136.594598
137.524094
138.697640
139.379700
140.313832
141.511640
142.407249
143.384023
144.447961
145.009670
138.290513
137.651932
136.536403
135.883776
135.135207
134.294532
133.733714
132.901786
132.352811
131.721668
131.375591
130.406125
129.907189
129.335295
129.053284
128.701676
127.923012
127.438961
127.249356
126.461274
125.970850
125.599791
125.171602
125.042394
124.327277
124.090284
123.801503
123.286086
123.073942
122.462383
122.155590
121.803245
121.406582
121.141249
120.833467
120.658522
120.442927
120.013604
132.861304
133.815642
134.993447
135.865167
136.789964
137.958112
138.636233
139.565703
140.758087
141.649178
142.621210
143.680161
144.238394
137.537522
136.899140
135.785272
134.947440
134.385013
133.545278
132.984584
132.153630
131.604802
130.974082
130.627589
129.659631
129.160796
128.589249
128.306723
127.954833
127.177224
126.693345
126.503025
125.716097
125.225929
124.854776
124.426691
124.296676
123.582594
123.345165
123.056127
122.541178
122.328570
121.717817
121.410890
121.058571
120.662089
120.396539
120.088688
119.913270
119.697343
119.268379
132.146774
133.096272
134.268605
135.135761
136.055858
137.218608
137.892789
138.817597
140.004555
140.891128
141.858418
142.716980
143.467136
136.784548
136.146365
135.034158
134.197193
133.634835
132.796037
132.235467
131.405487
130.856805
130.226508
129.879597
128.913146
128.414411
127.843212
127.560169
127.207998
126.431442
125.947734
125.578803
124.970924
124.481011
124.109765
123.681783
123.550960
122.837912
122.600046
122.310750
121.796269
121.583198
120.973249
120.666189
120.313895
119.917594
119.651826
119.343906
118.994914
118.951754
118.523149
131.432272
132.376930
133.543788
134.227138
135.321777
136.479128
137.149369
138.069513
139.251046
140.133100
141.095646
141.949805
142.695899
136.031593
135.393607
134.283060
133.446961
132.884671
132.046810
131.486364
130.657356
130.108820
129.478945
129.131615
128.166671
127.668035
127.097183
126.813623
126.461170
125.685667
125.202130
124.833035
124.225755
123.736098
123.364757
122.936877
122.805247
122.093231
121.854929
121.565375
121.051361
120.837826
120.228682
119.921487
119.569218
119.173096
118.907110
118.599121
118.250205
118.206161
117.777914
130.717796
131.657613
132.818997
133.498310
134.587720
135.739672
136.405971
137.321452
138.497559
139.375093
140.332895
141.182650
141.924681
135.278656
134.640866
133.531978
132.696744
132.134522
131.297597
130.737273
129.909238
129.360846
128.731392
128.383644
127.420206
126.921668
126.351162
126.067085
125.714349
124.939898
124.456531
124.087272
123.480591
122.991188
122.619753
122.191975
122.059536
121.348553
121.109814
120.820001
120.306454
120.092454
119.484113
119.176783
118.824538
118.428597
118.162392
117.854333
117.505492
117.460565
117.032675
130.003347
130.938323
132.094233
132.769508
133.853689
135.000240
135.662598
136.573414
137.744094
138.617108
139.570166
140.415515
141.153482
134.525736
133.888142
132.597110
131.946542
131.384387
130.548397
129.988196
129.161132
128.612883
127.983851
127.635683
126.673750
126.175310
125.605150
125.320554
124.967535
124.194135
123.710937
123.341514
122.735432
122.246283
121.874752
121.447075
121.139253
120.603876
120.364699
120.074627
119.561546
119.173943
118.739544
118.432078
118.079857
117.684095
117.417671
117.109542
116.760776
116.714964
116.287432
129.288925
130.219060
131.369494
132.040730
133.119681
134.260832
134.919247
135.825398
136.990651
137.859145
138.807457
139.648401
140.382303
133.587913
133.135435
131.846619
131.196356
130.634267
129.799211
129.239132
128.413038
127.864933
127.236320
126.887732
125.927303
125.428961
124.859146
124.574031
124.043920
123.448379
122.965350
122.595761
121.990277
121.501381
121.129755
120.702179
120.394098
119.859202
119.619586
119.329254
118.816639
118.429121
117.994973
117.687372
117.335175
116.939591
116.672948
116.364747
116.016056
115.969359
115.542184
128.574531
129.499823
130.644780
131.311978
132.385699
133.521448
134.175920
135.077406
136.237230
137.101203
138.044769
138.881307
139.611144
132.835591
132.382745
131.096145
130.446185
129.884161
129.050039
128.490080
127.664956
127.116994
126.488800
126.139791
125.180866
124.682620
124.113149
123.827515
123.297673
122.702629
122.219768
121.850013
121.245127
120.756484
120.384761
119.957285
119.648946
119.114529
118.874474
118.411344
118.071732
117.684299
117.250403
116.942665
116.590490
116.195085
115.928221
115.619950
115.271333
115.223751
114.627037
127.860163
128.780612
129.745227
130.583252
131.651741
132.782089
133.432616
134.329436
135.483832
136.343282
137.282102
138.114233
138.840004
132.083287
131.630072
130.345687
129.696030
129.134070
128.300881
127.741042
126.916887
126.369066
125.563344
125.391860
124.434439
123.936289
123.367161
123.081007
122.551433
121.781976
121.474192
121.104270
120.326221
120.011590
119.639770
119.212394
118.903795
118.369857
118.129364
117.666523
117.155306
116.939476
116.505831
116.197957
115.845804
115.450576
115.183493
114.875149
114.526606
114.478138
113.882331
127.145822
128.061428
129.021087
129.854550
130.917807
132.042753
132.689336
133.581488
134.730455
135.585383
136.519455
137.347180
138.068884
131.331000
130.877416
129.595245
128.945889
128.383993
127.551737
126.992017
126.168829
125.621150
124.816400
124.643940
123.688021
123.189966
122.621182
122.334506
121.805199
121.036790
120.554637
120.358533
119.581631
119.266701
118.894783
118.467506
118.158648
117.625188
117.384255
116.921704
116.410949
116.194654
115.761259
115.453247
115.101116
114.706066
114.438761
114.130345
113.781875
113.563347
113.137621
126.431509
127.342270
128.296972
129.125873
130.183898
131.303441
131.946079
132.833564
133.977101
134.827506
135.756830
136.580146
137.297783
130.578732
130.124777
128.844819
128.195765
127.633931
126.802606
126.243004
125.420785
124.873245
124.069467
123.896030
122.941612
122.443652
121.875210
121.588013
121.058973
120.291611
119.809624
119.612800
118.837045
118.521815
118.149799
117.722621
117.413502
116.880521
116.639147
116.176885
115.666593
115.449831
115.016685
114.708536
114.356427
113.961553
113.694027
113.385539
113.037141
112.818278
112.392906
125.717222
126.623138
127.572883
128.397222
129.450014
130.564154
131.202845
132.085662
133.223769
134.069650
134.994226
135.813133
136.526702
129.826481
129.372155
128.094409
127.445655
126.883884
126.053490
125.494005
124.672752
124.125353
123.322544
123.148130
122.195213
121.697347
121.129247
120.841528
120.312753
119.546438
119.064616
118.867073
118.092463
117.776934
117.404819
116.806576
116.668359
116.135855
115.894040
115.432066
114.922238
114.705008
114.272112
113.963824
113.611736
113.217038
112.949290
112.640729
112.292404
112.073205
111.648186
125.002962
125.904033
126.848819
127.668596
128.716155
129.824890
130.459635
131.337783
132.470459
133.311816
134.231642
135.046140
135.755640
129.074248
128.619550
127.344015
126.695561
126.133851
125.304386
124.745019
123.924732
123.377471
122.575633
122.400240
121.448824
120.951051
120.383292
120.095050
119.566541
118.801271
118.319614
118.121351
117.347887
117.032056
116.659842
116.062247
115.923218
115.391191
115.148934
114.687249
114.177882
113.960184
113.527537
113.219111
112.867043
112.472521
112.204551
111.895916
111.547663
111.328127
110.903463
124.288729
125.184955
126.124782
126.939995
127.982320
129.085651
129.716448
130.589927
131.717171
132.554003
133.469079
134.279167
134.984598
128.322033
127.866962
126.593638
125.945482
125.383833
124.555297
123.819121
123.176724
122.629602
121.828732
121.652361
120.702444
120.204763
119.637345
119.348580
118.820335
118.056110
117.574618
117.375634
116.603314
116.287183
115.914869
115.317921
115.178080
114.646529
114.403830
113.942432
113.433527
113.215360
112.782962
112.474397
111.954653
111.728002
111.459809
111.151100
110.802918
110.583046
110.158735
123.574524
124.465902
125.400770
126.211419
127.248509
128.346435
128.973284
129.842093
130.963906
131.796211
132.706538
133.512215
134.023908
127.569835
127.114391
125.843276
125.195418
124.633829
123.806222
123.070717
122.428728
121.881743
121.081843
120.730004
119.956074
119.458485
118.891406
118.602117
118.074137
117.310956
116.829627
116.629922
115.858747
115.542313
115.169899
114.573597
114.432944
113.901868
113.658727
113.197616
112.689172
112.470537
112.038386
111.729681
111.210507
110.983480
110.715064
110.239779
110.058170
109.837960
109.414002
122.860345
123.746876
124.676784
125.482869
126.514724
127.607244
128.230144
129.094282
130.210662
131.038441
131.944017
132.745283
133.253494
126.817656
126.361837
125.092931
124.445370
123.883840
123.057160
122.322326
121.680745
121.133897
120.334964
119.982699
119.209713
118.712215
118.145475
117.855662
117.327945
116.565808
116.084643
115.884216
115.114184
114.797448
114.424932
113.829277
113.687810
113.157210
112.913626
112.452801
111.944817
111.725712
111.293809
110.984964
110.466359
110.238957
109.970317
109.495506
109.313418
109.092871
108.669265
122.146193
123.027877
123.952824
124.754343
125.780962
126.868076
127.487027
128.346494
129.457441
130.280693
131.181517
131.978371
132.483100
126.065494
125.609300
124.342601
123.695337
123.133865
122.308112
121.573948
120.932774
120.386062
119.588096
119.235405
118.463361
117.965955
117.399553
116.937763
116.581760
115.820667
115.339664
115.138514
114.369625
114.052586
113.679969
113.084959
112.942679
112.412553
112.168525
111.707986
111.200463
110.980888
110.382758
110.073952
109.722209
109.494431
109.225567
108.751231
108.568663
108.347777
107.924523
121.432069
122.308904
123.228890
124.025843
125.047226
126.128933
126.743934
127.598729
128.704242
129.522966
130.419037
131.211479
131.712726
125.313350
124.856780
123.592288
122.945319
122.207994
121.559078
120.825584
120.184815
119.464747
118.841239
118.488121
117.717019
117.219703
116.653639
116.191876
115.835583
115.075532
114.594691
114.392818
113.625071
113.307728
112.935009
112.340644
112.197549
111.500668
111.423426
110.963173
110.456109
110.236063
109.638729
109.329783
108.978057
108.749903
108.480814
108.006953
107.823904
107.602680
107.179777
120.717971
121.589957
122.504982
123.297368
124.313514
125.389813
126.000864
126.850986
127.951065
128.765261
129.656579
130.444607
130.942371
124.561224
124.104277
122.841991
122.195317
121.458606
120.810057
120.077232
119.436868
118.717490
118.094392
117.740847
116.970687
116.473460
115.907733
115.445996
114.919492
114.330403
113.849723
113.647127
112.880522
112.562875
112.190053
111.596332
111.452423
110.756565
110.678329
110.218360
109.711755
109.491238
108.894700
108.585612
108.233904
108.005373
107.736059
107.262671
107.079141
106.857578
106.435027
120.003900
120.871037
121.781099
122.568918
123.579826
124.650718
125.257817
126.103266
127.197910
128.007577
128.894142
129.677756
130.172036
123.809115
123.351791
122.091710
121.445330
120.709233
120.061051
119.328893
118.688934
117.970244
117.347557
116.993584
116.224364
115.727225
115.161835
114.700124
114.173881
113.585280
113.104761
112.901441
112.135977
111.818025
111.445100
110.852023
110.707298
110.012463
109.933232
109.473547
108.967401
108.746413
108.150670
107.841440
107.489749
107.260841
106.827353
106.518387
106.334375
106.112473
105.690272
119.289857
120.152143
121.057242
121.840494
122.846164
123.911647
124.514794
125.355569
126.444777
127.249915
128.131725
128.910925
129.401720
123.057024
122.599322
121.341445
120.695358
119.959874
119.312058
118.580567
117.941012
117.223010
116.600732
116.246330
115.478050
114.981000
114.415946
113.954259
113.428276
112.840164
112.359805
112.155760
111.391436
111.073180
110.700151
110.107717
109.962176
109.268364
109.022621
108.728736
108.223048
108.001588
107.406639
107.097267
106.745593
106.516306
106.083143
105.774099
105.589606
105.367364
104.945513
118.575840
119.433276
120.333411
121.112094
122.112526
123.172599
123.771793
124.607895
125.691667
126.492274
127.369329
128.144114
128.631423
122.304952
121.670860
120.591197
119.945402
119.210530
118.563079
117.832255
117.193103
116.475787
115.853918
115.499087
114.731747
114.234783
113.670064
113.208402
112.682678
112.095054
111.614855
111.410084
110.646900
110.328338
109.955205
109.363414
109.217057
108.524266
108.278078
107.983925
107.478694
107.256762
106.662608
106.353093
106.001434
105.771769
105.338930
105.029808
104.682440
104.622250
104.200749
117.861850
118.714435
119.609606
120.383720
121.378912
122.433576
123.028817
123.860243
124.938578
125.734654
126.606955
127.377323
127.861147
121.552896
120.918986
119.840964
119.195461
118.461200
117.814113
117.083955
116.445205
115.728576
115.107116
114.751854
113.985452
113.488576
112.924191
112.462553
111.937087
111.349950
110.869910
110.664413
109.902369
109.583500
109.044836
108.619113
108.471939
107.780170
107.533536
107.239115
106.734341
106.511936
105.918576
105.608917
105.257274
105.027231
104.594714
104.285514
103.938213
103.877133
103.455981
117.147888
117.995620
118.885826
119.655371
120.645323
121.694577
122.285863
123.112614
124.185512
124.977056
125.844601
126.610553
127.090889
120.800859
120.167129
119.090747
118.445535
117.711885
117.065162
116.335668
115.697320
114.981377
114.360324
114.004631
113.239167
112.742377
112.178326
111.716711
111.191503
110.604853
110.124971
109.918748
109.157843
108.838667
108.300448
107.874816
107.726824
107.036075
106.788995
106.494306
105.989989
105.767110
105.174543
104.864740
104.513112
104.282689
103.850496
103.541217
103.193983
103.132011
102.711209
116.433952
117.276832
118.162073
118.927047
119.911759
120.955601
121.542933
122.365007
123.432468
124.219480
125.082268
125.843803
126.320652
120.048840
119.415290
118.340547
117.695624
116.962585
116.316224
115.587395
114.949447
114.234189
113.613542
113.257418
112.492892
111.996187
111.432469
110.970876
110.445926
109.859762
109.380038
109.173088
108.413320
107.929278
107.556062
107.130521
106.981711
106.291983
106.044455
105.749498
105.245636
105.022284
104.430509
104.120562
103.768949
103.538146
103.106275
102.796917
102.449749
102.386886
101.966432
115.720043
116.558070
117.438345
118.198748
119.178219
120.216650
120.800027
121.617424
122.679446
123.461925
124.319955
125.077073
125.550433
119.296838
118.663467
117.590363
116.945729
116.213298
115.567300
114.839134
114.201587
113.487013
112.866772
112.510215
111.579238
111.250006
110.520064
110.225050
109.700356
109.114678
108.635111
108.427433
107.668803
107.185003
106.811680
106.386229
106.073296
105.547892
105.299917
105.004690
104.501284
104.277457
103.686475
103.376383
103.024784
102.632817
102.362051
102.052614
101.705512
101.641756
101.061907
115.006161
115.839334
116.714643
117.470475
118.444704
119.477723
120.057143
120.869863
121.926446
122.704392
123.557664
124.310363
124.780235
118.544854
117.911661
116.840194
116.195849
115.464027
114.818390
114.090886
113.453738
112.739848
112.120013
111.763023
110.833534
110.503833
109.774775
109.479230
108.954793
108.369599
107.890189
107.517384
106.924290
106.440731
106.067302
105.641940
105.328739
104.803804
104.555380
104.259883
103.756932
103.532630
102.942439
102.632203
102.280617
101.888819
101.617824
101.308308
100.961271
100.737059
100.317672
114.292307
115.120625
115.990967
116.742226
117.711213
118.738820
119.314283
120.122325
121.173468
121.946880
122.795394
123.543673
124.010055
117.792888
117.159872
116.090042
115.445985
114.714770
114.069493
113.342652
112.705903
111.992695
111.373264
111.015841
110.087840
109.757670
109.029495
108.733419
108.209237
107.624528
107.145273
106.772291
106.179781
105.696464
105.322927
104.897654
104.584184
104.059716
103.810844
103.515077
103.012580
102.787803
102.198404
101.888021
101.536448
101.144819
100.873595
100.563999
100.217027
99.992472
99.573431
113.578479
114.401942
115.267316
116.014003
116.977747
117.999940
118.571447
119.374809
120.420513
121.189390
122.033144
122.777004
123.239896
117.040939
116.408101
115.339906
114.696136
113.965527
113.151617
112.594430
111.958079
111.245553
110.626526
110.268669
109.342154
109.011515
108.284222
107.987614
107.463688
106.715823
106.400363
106.027203
105.435277
104.952200
104.578555
104.153371
103.839631
103.315631
103.066310
102.770272
102.107952
102.042976
101.454367
101.143838
100.792278
100.400817
100.129364
99.819686
99.472779
99.247881
98.829187
112.864678
113.683286
114.543691
115.285805
116.244306
117.261085
117.828634
118.627317
119.667579
120.431921
121.270915
122.010355
122.469756
116.289009
115.656346
114.589786
113.946302
113.216299
112.403304
111.846221
111.043023
110.498423
109.879800
109.521507
108.596479
108.265370
107.538958
107.241818
106.718146
105.971314
105.655458
105.282119
104.690778
104.207940
103.834187
103.409091
103.095081
102.571548
102.321777
102.025467
101.364150
101.298148
100.710329
100.399654
100.048106
99.656813
99.385130
99.075370
98.728528
98.503286
98.084938
112.150904
112.964656
113.820093
114.557632
115.510889
116.522254
117.085844
117.879847
118.914668
119.674473
120.508707
121.243726
121.699635
115.537096
114.904608
113.839682
113.196483
112.467086
111.655005
111.098026
110.295778
109.751304
109.133084
108.774355
107.850812
107.519233
106.793702
106.496029
105.972610
105.226812
104.748388
104.537041
103.946283
103.463685
103.089822
102.664813
102.350532
101.827466
101.577245
101.280664
100.620349
100.394191
99.966291
99.655468
99.303932
98.912806
98.640893
98.173586
97.984273
97.758687
97.340684
111.437157
112.246052
113.096519
113.829484
114.777496
115.783447
116.343077
117.132400
118.161779
118.917048
119.746520
120.477117
120.929534
114.785201
114.152887
113.089594
112.446680
111.717887
110.906720
110.349843
109.548546
109.004197
108.386378
108.027214
107.105156
106.609393
106.048454
105.750247
105.227082
104.482315
104.004045
103.791968
103.201793
102.719433
102.345461
101.920539
101.605987
101.083386
100.832714
100.535860
99.876547
99.649913
99.222252
98.911282
98.559757
98.168798
97.896653
97.429814
97.240014
97.014084
96.596426
110.723437
111.527475
112.372972
113.101362
114.044129
115.044664
115.600334
116.384975
117.408912
118.159643
118.808344
119.710529
120.159452
114.033323
113.401183
112.339523
111.696892
110.968702
110.158448
109.601674
108.801326
108.092171
107.639684
107.280083
106.359509
105.863825
105.303215
105.004474
104.481561
103.737826
103.259708
103.046901
102.457307
101.975186
101.601103
101.016894
100.861443
100.339308
100.088185
99.632529
99.132746
98.905635
98.478213
98.167094
97.658567
97.424787
97.152411
96.686038
96.495752
96.269477
95.852164
110.009744
110.808924
111.649451
112.373264
113.145704
114.305904
114.857614
115.637573
116.656067
117.402260
118.046775
118.943960
119.389390
113.281464
112.649496
111.589467
110.947119
110.052790
109.410190
108.853517
108.054118
107.345641
106.893001
106.532962
105.613871
105.118267
104.557983
104.258707
103.736046
102.993342
102.515377
102.301838
101.712826
101.230942
100.856748
100.273175
100.116902
99.595232
99.343657
98.888278
98.388946
98.161357
97.734172
97.422905
96.914937
96.680774
96.408166
95.942260
95.751486
95.524866
95.107897
109.296079
110.090400
110.925955
111.645192
112.412918
113.567169
114.114917
114.890194
115.903244
116.644899
117.285226
118.177412
118.619348
112.529622
111.897826
110.839428
110.197362
109.304191
108.661946
108.105374
107.306922
106.599122
106.146328
105.622695
104.868243
104.372718
103.812760
103.512949
102.990539
102.248865
101.771051
101.556780
100.968350
100.486702
100.112397
99.529458
99.372363
98.851158
98.599130
98.144027
97.645145
97.417078
96.990131
96.678714
96.171306
95.936758
95.663919
95.198478
95.007217
94.780251
94.363625
108.582440
109.371902
110.202485
110.917145
111.680158
112.828458
113.372244
114.142838
115.150443
115.887559
116.523699
117.410884
117.849325
111.777798
111.146173
110.089404
109.447620
108.555607
107.913716
107.357243
106.559739
105.852615
105.399666
104.876148
104.122624
103.627177
103.067545
102.767197
102.245038
101.504394
101.026731
100.811728
100.223878
99.742467
99.368050
98.785744
98.627827
98.107085
97.854605
97.399777
96.901345
96.672799
96.246090
95.934523
95.427673
95.192741
94.919668
94.454693
94.262944
94.035632
93.619350
107.868828
108.653430
109.479041
110.189123
110.947422
112.089771
112.629594
113.395504
114.397665
115.130241
115.762192
116.644377
117.079321
111.025992
110.394536
109.339397
108.697893
107.807037
107.165499
106.445232
105.812568
105.106119
104.653016
104.129611
103.377014
102.881645
102.322338
102.021454
101.499544
100.759929
100.282417
100.066681
99.479410
98.998235
98.623705
98.042034
97.883293
97.363014
97.110080
96.655528
96.157545
95.928520
95.502047
95.190330
94.684038
94.448721
94.175416
93.710905
93.518668
93.291010
92.875070
107.155243
107.934984
108.755622
109.461126
110.214710
111.351108
111.886967
112.648193
113.644908
114.372944
115.000706
115.877889
116.309337
110.274204
109.809947
108.589406
107.948182
107.058482
106.417297
105.697683
105.065409
104.359635
103.906376
103.383084
102.631415
102.136122
101.577140
101.275718
100.754058
100.015471
99.538108
99.321639
98.734947
98.254007
97.879365
97.298326
97.138761
96.618945
96.365557
95.911280
95.413745
95.184240
94.758004
94.446136
93.940402
93.704700
93.277342
92.967114
92.774388
92.546383
92.130785
106.285989
107.216565
108.032230
108.733154
109.482023
110.612469
111.144364
111.900905
112.892174
113.615668
114.239241
115.111422
115.539373
109.522433
109.057784
107.839431
107.198486
106.309941
105.669107
104.950146
104.318263
103.613162
103.159746
102.636568
101.885824
101.390608
100.831949
100.529989
100.008578
99.271019
98.793806
98.576602
97.990489
97.509784
97.135027
96.554620
96.394232
95.874878
95.621036
95.167032
94.669946
94.439960
94.013960
93.701941
93.196764
92.960676
92.533633
92.223320
92.030105
91.801752
91.386496
105.572963
106.498173
107.308863
108.005208
108.749360
109.873854
110.401784
111.153639
112.139462
112.858414
113.477797
114.344975
114.769428
108.770680
108.305638
107.089472
106.448805
105.561414
104.920932
104.202623
103.571129
102.866701
102.413128
101.890061
101.140244
100.645103
100.086767
99.784268
99.263105
98.526574
98.049509
97.831570
97.089572
96.765564
96.234852
95.810918
95.649705
95.130812
94.876515
94.422785
93.926147
93.695680
93.116314
92.804329
92.453124
92.216649
91.789922
91.479523
91.285818
91.057117
90.642203
104.859964
105.779807
106.585522
107.277287
108.016722
109.135263
109.659228
110.406396
111.386772
112.101182
112.716373
113.578548
113.999502
108.018945
107.553509
106.339529
105.699139
104.812903
104.172770
103.455112
102.824007
102.120251
101.666521
101.143565
100.394672
99.899606
99.341593
99.038555
98.517639
97.782134
97.305217
97.086543
96.345672
96.021348
95.491071
95.067219
94.905180
94.386749
94.131996
93.678539
93.182348
92.951400
92.372817
92.060680
91.709482
91.472621
91.046208
90.735723
90.541527
90.312478
89.897905
104.146992
105.061467
105.862206
106.549390
107.284109
108.396695
108.916695
109.659176
110.634104
111.343971
111.954971
112.812142
113.229596
107.267228
106.801396
105.589602
104.786560
104.064405
103.424623
102.707615
102.076897
101.373813
100.760489
100.397079
99.649110
99.154119
98.596427
98.292849
97.772180
97.037701
96.560931
96.341522
95.601777
95.277136
94.747293
94.323522
94.160657
93.488881
93.233751
92.934294
92.438549
92.207120
91.629320
91.317030
90.965839
90.728591
90.302491
89.991920
89.797233
89.567835
89.153602
103.434046
104.343153
105.138917
105.821519
106.551520
107.658152
108.174185
108.911979
109.881458
110.586781
111.193589
112.045755
112.459710
106.515528
106.049301
104.839691
104.037482
103.315922
102.676488
101.960130
101.329800
100.627387
100.014456
99.650603
98.903558
98.408640
97.851269
97.390294
97.026728
96.293275
95.816652
95.596506
94.857887
94.378499
94.003519
93.579829
93.416137
92.745370
92.489784
92.190049
91.694750
91.462839
90.885822
90.573379
90.222194
89.984558
89.558772
89.248113
89.052936
88.823188
102.721128
103.624866
104.415653
105.093674
105.818955
106.919633
107.431698
108.164804
109.128835
109.829613
110.432228
111.279389
111.689843
105.763847
105.133558
104.089797
103.288420
102.567454
101.928368
101.212659
100.582715
99.880972
99.268434
98.904137
98.158015
97.663170
97.106119
96.645155
96.281283
95.548854
95.072377
94.851494
94.114001
93.634845
93.259748
92.836138
92.671620
92.001861
91.745819
91.445805
90.950952
90.718558
90.142323
89.829727
89.478547
89.240523
88.815050
88.504304
88.158566
88.078537
102.008236
102.906605
103.692415
104.365853
105.086415
106.181138
106.689235
107.417652
108.376233
109.072467
109.670888
110.513043
110.919995
105.012183
104.382058
103.339918
102.539372
101.819000
101.180261
100.465200
99.835642
99.134568
98.522423
98.157682
97.412482
96.917708
96.360978
95.900023
95.535845
94.804440
94.328109
94.106488
93.370119
92.891194
92.515981
92.092450
91.927104
91.258353
91.001854
90.701562
90.207154
89.974277
89.398823
89.086074
88.734899
88.496486
88.071325
87.760491
87.414811
87.333882
101.295371
102.188371
102.969203
103.638057
104.353900
105.442667
105.946795
106.670523
107.623654
108.315342
108.909568
109.746717
110.150167
104.260537
103.630574
102.590056
101.790341
101.070561
100.432168
99.717754
99.088581
98.388176
97.776422
97.411236
96.666958
96.172256
95.615845
95.154899
94.790414
94.060032
93.583846
93.361487
92.626242
92.147548
91.772217
91.348765
91.182591
90.514848
90.257891
89.957320
89.463357
89.229995
88.655323
88.342419
87.991249
87.752447
87.327598
87.016675
86.671052
86.589223
100.582533
101.470163
102.246016
102.910287
103.621409
104.704220
105.204378
105.923416
106.871096
107.558238
108.148270
108.980412
109.380359
103.508908
102.879108
101.840209
101.041324
100.322136
99.684089
98.970322
98.341533
97.641796
97.030433
96.664801
95.921443
95.426813
94.870720
94.409783
94.044990
93.315631
92.839589
92.616491
91.882370
91.403905
91.028456
90.605083
90.286561
89.771344
89.513930
89.213078
88.719559
88.485714
87.911822
87.598764
87.247597
86.859388
86.583868
86.272856
85.927290
85.844560
99.869723
100.751981
101.522856
102.182541
102.888943
103.965797
104.461985
105.176332
106.118561
106.801156
107.386992
108.214126
108.610570
102.757297
101.966477
101.090379
100.292323
99.573726
98.936024
98.222902
97.594497
96.895427
96.284454
95.918376
95.175938
94.526726
93.971407
93.664674
93.299572
92.571236
92.095337
91.871501
91.138502
90.660266
90.284699
89.861404
89.542602
89.027842
88.769969
88.468838
87.975762
87.741432
87.168321
86.855107
86.503944
86.115893
85.840136
85.529034
85.183524
85.099894
99.156939
100.033825
100.799721
101.454821
102.156501
103.227397
103.719615
104.429271
105.366048
106.044095
106.625735
107.447861
107.840800
102.005705
101.215604
100.181030
99.543337
98.825330
98.187972
97.475496
96.847473
96.149070
95.538486
95.171961
94.430443
93.781851
93.226849
92.919572
92.554162
91.826847
91.351092
90.974470
90.394639
89.916632
89.540945
89.117727
88.798646
88.284342
88.026010
87.724598
87.231965
86.997149
86.424818
86.111448
85.760289
85.372396
85.096400
84.785209
84.439754
84.355223
98.444182
99.315696
100.076611
100.727126
101.424084
102.489022
102.817631
103.682232
104.613557
105.287056
105.864499
106.681616
107.071050
101.093593
100.464748
99.431790
98.794366
98.076949
97.439934
96.728102
96.100461
95.402724
94.792529
94.425556
93.531047
93.036985
92.482299
92.174478
91.656176
91.082465
90.606852
90.230040
89.650780
89.173001
88.797195
88.374054
88.054692
87.540843
87.282052
86.980358
86.488168
86.104411
85.681315
85.367789
85.016632
84.628897
84.352663
84.041381
83.695981
83.610548
97.731451
98.597594
99.353528
99.999456
100.691691
101.750671
102.075854
102.935217
103.861088
104.366007
105.103284
105.915392
106.301320
100.342596
99.713909
98.682565
98.045411
97.328582
96.691910
95.980721
95.353462
94.656390
94.046583
93.679162
92.786122
92.292128
91.737758
91.429392
90.911330
90.338089
89.862618
89.485615
88.906926
88.429374
88.053448
87.630383
87.310740
86.797347
86.538095
86.236120
85.744372
85.360677
84.937811
84.624128
84.272973
83.885396
83.608922
83.297550
82.952204
82.865869
97.018748
97.879517
98.630470
99.271812
99.959323
101.012344
101.334101
102.188223
103.108642
103.609579
104.342089
105.149187
105.531609
99.591616
98.963087
97.933357
97.296471
96.580229
95.943900
95.233354
94.606475
93.910067
93.300647
92.932778
92.041206
91.547279
90.993224
90.684313
90.166492
89.593719
89.118389
88.741195
88.163076
87.685752
87.309705
86.886715
86.566790
86.053852
85.794140
85.491882
85.000576
84.616944
84.194306
83.880466
83.529313
83.141893
82.865179
82.553716
82.208424
82.121186
96.306072
97.161467
97.907439
98.544192
99.226979
100.274041
100.592371
101.441253
102.356217
102.853172
103.580916
104.383003
104.761918
98.840654
98.212282
97.184164
96.547546
95.831891
95.195903
94.485999
93.859500
93.163756
92.554722
92.186403
91.296300
90.802440
90.248699
89.939242
89.421660
88.849355
88.374166
87.996781
87.419231
86.942133
86.565965
86.143050
85.822843
85.310359
85.050186
84.747645
84.256780
83.873210
83.450801
83.136803
82.785651
82.398388
82.121433
81.809878
81.464641
81.231468
95.593422
96.443444
97.184432
97.816597
98.494660
99.535761
99.850663
100.694305
101.603814
102.096787
102.819763
103.616838
103.992246
98.089710
97.461494
96.434988
95.798637
95.083568
94.447920
93.738657
93.112537
92.417456
91.808809
91.440039
90.551403
90.057609
89.504181
89.194178
88.676835
88.104998
87.629949
87.252371
86.675391
86.198518
85.822228
85.399388
85.078899
84.566867
84.306233
84.003409
83.366659
83.129476
82.707295
82.393139
82.041987
81.654880
81.377685
81.066038
80.720853
80.487327
94.880800
95.725447
96.461452
97.089028
97.762365
98.797506
99.108980
99.947380
100.851434
101.340424
102.058631
102.850694
103.222593
97.338784
96.710723
95.685828
95.049742
94.335259
93.545638
92.991329
92.365587
91.671168
91.062906
90.693686
89.806515
89.312787
88.759672
88.449122
87.932018
87.360647
86.885738
86.507967
85.931555
85.454907
85.078495
84.655729
84.334956
83.823378
83.562282
83.259173
82.623412
82.385741
81.963788
81.649473
81.298322
80.911370
80.633934
80.322194
79.977062
79.743182
94.168204
95.007476
95.738497
96.361484
97.030095
98.059275
98.367319
99.200478
100.099076
100.584082
101.297520
102.084571
102.452960
96.587876
95.959968
94.936683
94.300863
93.586965
92.798237
92.244013
91.618649
90.924892
90.317014
89.947342
89.061637
88.567974
88.015171
87.704074
87.187207
86.616303
86.141532
85.763568
85.187723
84.711300
84.334765
83.912073
83.591016
83.079890
82.818331
82.514939
81.880166
81.642007
81.220280
80.905806
80.554655
80.167858
79.890181
79.578348
79.233268
78.999033
93.455636
94.289531
95.015568
95.633965
96.297850
97.321068
97.625682
98.453598
99.346740
99.827761
100.536429
101.318467
101.683347
95.836985
95.209231
94.187555
93.552000
92.838685
92.050850
91.496710
90.871723
90.178626
89.571132
89.201008
88.316768
87.823170
87.270679
86.959033
86.442403
85.871964
85.249683
85.019173
84.296992
83.967697
83.591039
83.022445
82.847079
82.336405
82.074382
81.770705
81.136919
80.898272
80.476772
80.162138
79.667367
79.424344
79.146424
78.834498
78.489470
78.254880
92.743094
93.571613
94.292665
94.906471
95.565629
96.582884
96.884068
97.706741
98.594426
99.071462
99.775360
100.389332
100.913753
95.086112
94.458511
93.438443
92.803151
92.090420
91.303477
90.749420
89.973309
89.432373
88.825262
88.454685
87.571909
87.078374
86.526194
86.213999
85.697606
84.980171
84.506038
84.274784
83.553718
83.224099
82.847316
82.279343
82.103143
81.592920
81.330435
81.026472
80.393673
80.154537
79.733262
79.418469
78.924245
78.680828
78.402665
77.948225
77.745669
77.510723
92.030579
92.853721
93.569788
94.179002
94.833432
95.844725
96.142477
96.959907
97.842134
98.315184
99.014311
99.623851
100.144178
94.335256
93.707807
92.689347
92.054318
91.342169
90.556117
90.002144
89.226961
88.686131
88.079402
87.708372
86.827060
86.333588
85.781718
85.468973
84.952816
84.236395
83.762399
83.530401
82.810449
82.480504
82.103596
81.536243
81.359210
80.849438
80.586488
80.282239
79.650428
79.410801
78.989753
78.532029
78.181121
77.937309
77.658904
77.204918
77.001864
76.766562
91.318091
92.135855
92.846936
93.451558
94.101260
95.106590
95.400910
96.213095
97.089864
97.558927
98.253283
98.858390
99.374623
93.584419
92.957121
91.940267
91.305500
90.593932
89.808771
89.254880
88.480625
87.939901
87.333553
86.962069
86.082220
85.588810
85.037250
84.723955
84.208033
83.492625
83.018765
82.786022
82.067185
81.736913
81.359880
80.793147
80.615279
80.105958
79.842543
79.394543
78.907182
78.667066
78.246242
77.788906
77.437995
77.193789
76.915140
76.461608
76.258055
76.022397
90.605630
91.418016
92.124110
92.724140
93.369112
94.368478
94.659366
95.466306
96.337616
96.802692
97.492276
98.092949
98.605088
92.833599
92.206451
91.191203
90.556697
89.845710
89.061439
88.507629
87.734302
87.193682
86.587715
86.215776
85.337389
84.844041
84.292789
83.978944
83.463257
82.748862
82.275137
82.041648
81.323925
80.993326
80.616167
80.050053
79.871351
79.362479
79.098599
78.650862
78.163937
77.923330
77.502731
77.045781
76.694868
76.450266
76.171373
75.718294
75.514243
75.278228
89.893196
90.700203
91.401310
91.996746
92.636989
93.630391
93.917845
94.719540
95.585390
96.046479
96.731290
97.327528
97.835572
92.082797
91.455798
90.442156
89.807910
89.097503
88.314121
87.760391
86.987990
86.447474
85.841888
85.469493
84.592568
84.099281
83.548338
83.233941
82.718487
82.005104
81.531515
81.297280
80.580669
80.249743
79.872458
79.306963
79.127425
78.619002
78.354657
77.907181
77.420692
77.179594
76.759218
76.302655
75.951739
75.706741
75.287177
74.974978
74.770427
74.534055
89.180788
89.982416
90.678536
91.269378
91.904891
92.892328
93.176348
93.972796
94.833187
95.290287
95.970324
96.562127
97.066076
91.332013
90.705162
89.693124
89.059138
88.349310
87.566816
87.013166
86.241691
85.701279
85.096072
84.723221
83.847756
83.354529
82.803894
82.488945
81.973725
81.261353
80.787899
80.552917
79.837418
79.506164
79.128752
78.563875
78.383501
77.875527
77.610715
77.163501
76.677447
76.435857
76.015706
75.559528
75.208609
74.963214
74.543954
74.231658
74.026608
73.789878
88.468408
89.264656
89.955787
90.542035
91.172817
92.154288
92.434873
93.226076
94.081006
94.534116
95.209379
95.796747
96.296599
90.581246
89.954544
88.944108
88.310381
87.601132
86.819525
86.265955
85.495404
84.955094
84.350267
83.976959
83.102954
82.609787
82.059458
81.743957
81.228970
80.517609
80.044288
79.808558
79.094172
78.762589
78.242603
77.820790
77.639580
77.132054
76.866775
76.419821
75.934202
75.692121
75.272192
74.816400
74.465477
74.219685
73.800728
73.488335
73.282786
73.045697
87.756054
88.546922
89.233064
89.814717
90.440767
91.265978
91.693422
92.479377
93.174180
93.777967
94.448455
95.031387
95.527141
89.830497
89.203942
88.195108
87.561640
86.852968
86.072248
85.518756
84.749130
84.208921
83.457963
83.084366
82.358161
81.865053
81.315031
80.998977
80.484221
79.773870
79.300683
79.064205
78.350930
78.019018
77.499453
77.077708
76.895661
76.388583
76.122836
75.676143
75.190958
74.948384
74.389008
74.073271
73.722343
73.476153
73.057499
72.745010
72.400634
72.301512
87.043728
87.829215
88.510367
89.087424
89.708742
90.528526
90.951995
91.732702
92.422603
93.021839
93.687552
94.266046
94.757703
89.079766
88.453356
87.446125
86.812913
86.104818
85.324984
84.771570
84.002867
83.462760
82.712731
82.338676
81.613377
81.120328
80.570612
80.254004
79.739480
79.030138
78.557084
78.319857
77.607692
77.133861
76.756306
76.334628
76.151744
75.645113
75.238571
74.932465
74.447714
74.204647
73.646042
73.330140
72.979207
72.732619
72.314268
72.001681
71.657353
71.557324
86.331428
87.111533
87.787696
88.360156
88.976742
89.791099
90.210590
90.986049
91.671049
92.265732
92.926670
93.500726
93.988285
88.329052
87.702788
86.697157
85.915418
85.356683
84.577734
84.024397
83.256617
82.716611
81.967509
81.592996
80.868604
80.375612
79.826201
79.509038
78.994745
78.286412
77.813490
77.575515
76.864460
76.390847
76.013162
75.591552
75.267510
74.901645
74.495184
74.188788
73.704470
73.460910
72.903074
72.587008
72.236070
71.989084
71.571034
71.258349
70.914068
70.813131
85.619155
86.393879
87.065050
87.632913
88.244766
89.053695
89.469209
90.239419
90.919517
91.509647
92.165809
92.735427
93.218886
87.578357
86.952237
85.948206
85.167278
84.608563
83.830498
83.277237
82.510379
81.825118
81.222299
80.847327
80.123839
79.630905
79.081798
78.764080
78.250017
77.542693
77.069902
76.831177
76.121231
75.647836
75.270022
74.848479
74.524147
74.158179
73.751798
73.445112
72.961227
72.717172
72.160106
71.843875
71.492931
71.245546
70.827797
70.515014
70.170780
70.068934
84.906909
85.676250
86.342430
86.905696
87.512814
88.316316
88.727851
89.492811
90.168007
90.753584
91.404968
91.970147
92.449506
86.827679
86.201703
85.199270
84.419154
83.860457
83.083276
82.530090
81.764153
81.079543
80.477099
80.101668
79.379084
78.886206
78.337403
78.019130
77.505297
76.798980
76.326320
76.086844
75.378008
74.904829
74.526885
74.105408
73.780786
73.414715
73.008413
72.701436
72.217983
71.973434
71.417137
71.100741
70.749790
70.502005
70.084558
69.771675
69.427488
69.324733
84.194690
84.958648
85.619836
86.178503
86.780887
87.578960
87.986516
88.746227
89.416519
89.997542
90.644148
91.204887
91.680146
86.077018
85.451185
84.450351
83.671044
83.112365
82.336067
81.782956
81.017940
80.333980
79.731910
79.356018
78.634339
78.141516
77.593017
77.274187
76.760583
76.055273
75.582743
75.342517
74.634788
74.161826
73.783752
73.362340
73.037427
72.671252
72.265029
71.957761
71.474740
71.229696
70.674167
70.357605
70.006647
69.622274
69.341316
69.028334
68.684193
68.580528
83.482497
84.241072
84.897267
85.451336
86.048985
86.841628
87.245205
87.999665
88.665053
89.241521
89.883349
90.439648
90.910805
85.326376
84.700685
83.701448
82.922950
82.364288
81.588872
81.035835
80.271739
79.588429
78.986732
78.610380
77.889603
77.396836
76.848638
76.529252
76.015876
75.311572
74.839172
74.458462
73.891574
73.418827
73.040622
72.619275
72.294071
71.927792
71.521647
71.214087
70.731498
70.349240
69.931196
69.614468
69.263503
68.879278
68.598071
68.284990
67.940894
67.701388
82.770332
83.523522
84.174725
84.724193
85.317107
86.104320
86.503917
87.253125
87.913609
88.485522
89.122571
89.674429
90.141484
84.575751
83.950201
82.952560
82.174871
81.616226
80.841691
80.144460
79.525550
78.842889
78.241564
77.864751
77.144876
76.652163
76.104268
75.643662
75.271176
74.567878
74.095607
73.714695
73.148364
72.675832
72.297495
71.876213
71.550717
71.047198
70.778266
70.470414
69.988255
69.606050
69.188225
68.871330
68.520357
68.136279
67.854824
67.541642
67.197592
66.957724
82.058194
82.666044
83.452208
83.997076
84.585254
85.367036
85.762652
86.506608
87.162187
87.729544
88.361813
88.909230
89.216890
83.825144
83.199735
82.203689
81.426808
80.723339
80.094523
79.397919
78.779373
78.097360
77.496408
77.119132
76.400159
75.907500
75.359906
74.899292
74.526483
73.824190
73.352048
72.970932
72.405158
71.932841
71.554372
71.133154
70.807365
70.304290
70.034886
69.726742
69.245013
68.862860
68.445253
68.128191
67.777210
67.393279
67.111574
66.798292
66.454286
66.214056
81.346082
81.949058
82.729716
83.269984
83.853425
84.629776
85.021410
85.612194
86.410788
86.973588
87.601076
88.144051
88.448195
83.074555
82.449285
81.454834
80.678759
79.975861
79.347369
78.651390
78.033208
77.351843
76.751262
76.373524
75.655451
75.162846
74.615552
74.154929
73.781797
73.080508
72.608494
72.227175
71.661957
71.189854
70.811252
70.390098
70.064016
69.561382
69.291508
68.983070
68.366618
68.119669
67.702280
67.385051
67.034060
66.650276
66.368322
65.921496
65.710976
65.470385
80.633997
81.232098
82.007251
82.542917
83.121620
83.892540
84.280192
84.866275
85.659410
86.217653
86.840360
87.378892
87.679519
82.323983
81.698852
80.705995
79.930726
79.228397
78.600229
77.904875
77.287056
76.606338
76.006127
75.627925
74.910753
74.418200
73.871207
73.410575
73.037118
72.336833
71.864946
71.483422
70.918760
70.446871
70.068136
69.647044
69.320669
68.818477
68.548130
68.239399
67.623924
67.376478
66.959307
66.641909
66.290909
65.907271
65.625067
65.178687
64.967663
64.726709
79.921939
80.515164
81.284811
81.815876
82.389840
83.155328
83.538997
84.120379
84.908054
85.461739
86.079665
86.613753
86.910863
81.573429
80.948436
79.957172
79.182708
78.480947
77.710647
77.158372
76.540916
75.860844
75.261003
74.882337
74.166065
73.673563
73.126869
72.666227
72.154389
71.455794
71.121404
70.739675
70.175569
69.703892
69.325023
68.903994
68.577325
68.075573
67.804754
67.495729
66.881230
66.633287
66.216332
65.898766
65.547757
65.164264
64.881809
64.435875
64.224347
63.983030
79.209908
79.798256
80.562397
81.088859
81.658085
82.418140
82.797825
83.374505
84.156721
84.705847
85.318991
85.848635
86.142226
80.822893
80.198037
79.208365
78.434706
77.733512
76.964087
76.411882
75.794788
75.115361
74.515890
74.136759
73.421385
72.928935
72.382540
71.921888
71.410274
70.712680
70.377867
69.995933
69.432381
68.960917
68.581913
68.160946
67.833982
67.332672
67.061380
66.618130
66.138537
65.890096
65.473357
65.155622
64.804602
64.421255
64.138548
63.693060
63.481026
63.239346
78.497904
79.081375
79.840008
80.361867
80.926354
81.680976
82.056677
82.628654
83.405409
83.949976
84.558338
85.083537
85.373609
80.072375
79.447655
78.459574
77.686718
76.986091
76.217542
75.665406
75.048673
74.369890
73.770787
73.391191
72.676716
72.184316
71.638219
71.177555
70.666165
69.969572
69.634337
69.252196
68.689198
68.217946
67.838807
67.417901
67.090642
66.589772
66.318006
65.875010
65.395844
65.146905
64.730382
64.412477
63.929540
63.678243
63.395285
62.950242
62.737703
62.495658
77.785927
78.364520
79.117646
79.634901
80.194647
80.943835
81.315551
81.882826
82.654120
83.194127
83.797705
84.318458
84.605011
79.321874
78.697290
77.710799
76.938746
76.238684
75.471010
74.918942
74.302569
73.624431
73.025696
72.645633
71.932055
71.439706
70.893906
70.433231
69.922064
69.226470
68.890811
68.508464
67.946020
67.474979
67.095704
66.674859
66.347305
65.846874
65.574634
65.131890
64.653151
64.403713
63.987405
63.669330
63.186930
62.935229
62.652020
62.207421
61.994376
61.751967
77.073977
77.647691
78.395309
78.907959
79.462965
80.206719
80.574449
81.137020
81.902852
82.438299
83.037093
83.553400
83.836432
78.571391
77.946942
76.962040
76.190789
75.491293
74.724492
74.172491
73.556478
72.878983
72.280615
71.900086
71.187404
70.695104
70.149601
69.688914
69.177969
68.483374
68.147292
67.764737
67.202846
66.732016
66.352605
65.931820
65.603969
65.103977
64.831263
64.388772
63.910458
63.660521
63.244428
62.795125
62.444318
62.192214
61.908752
61.464597
61.121142
61.008271
76.362053
76.930888
77.672997
78.181043
78.731307
79.469627
79.833371
80.391237
81.151607
81.682493
82.276502
82.788363
83.067873
77.820926
77.196610
76.071800
75.442848
74.743915
73.977987
73.426053
72.810399
72.133546
71.535545
71.154548
70.442763
69.950512
69.405304
68.944604
68.433881
67.740285
67.269506
67.021016
66.459677
65.989056
65.609509
65.056166
64.860636
64.361083
64.087894
63.645654
63.167766
62.917329
62.501450
62.052523
61.701705
61.449196
61.035670
60.721770
60.378356
60.264572
75.650156
76.214112
76.950712
77.454152
77.999674
78.732558
79.092315
79.645477
80.400384
80.926708
81.515931
82.023345
82.299333
77.070478
76.446296
75.323629
74.694921
73.996552
73.231496
72.679628
72.064332
71.388121
70.790486
70.409021
69.562051
69.205928
68.525732
68.200302
67.689800
66.997202
66.526546
66.277299
65.716512
65.246101
64.866417
64.313680
64.117306
63.618190
63.344526
62.902536
62.425073
62.174136
61.758471
61.309921
60.959089
60.706175
60.292945
59.978939
59.635566
59.520868
74.938287
75.497362
76.228452
76.727286
77.268066
77.995513
78.351283
78.899739
79.649183
80.170944
80.755382
81.258347
81.530813
76.320048
75.695998
74.575474
73.947010
73.249204
72.485019
71.933216
71.318278
70.642708
70.045437
69.663504
68.817978
68.461353
67.782001
67.456008
66.945727
66.254126
65.783592
65.533588
64.973352
64.503150
64.123328
63.571197
63.373977
62.875299
62.601159
62.159420
61.682381
61.430943
61.015492
60.567317
60.216472
59.963153
59.550216
59.236106
58.892773
58.777161
74.226444
74.780638
75.506218
76.000445
76.536482
77.258493
77.610274
78.154024
78.898003
79.415202
79.994853
80.493370
80.762312
75.569636
74.945718
73.827336
73.199114
72.501870
71.738556
71.186817
70.572236
69.897306
69.300400
68.917997
68.073915
67.716786
67.038278
66.711721
66.201660
65.511056
65.040643
64.789882
64.230196
63.760203
63.380242
62.828717
62.630651
62.132410
61.857793
61.416304
60.939690
60.687750
60.272512
59.824712
59.473854
59.220129
58.807485
58.493269
58.149976
58.033449
73.514628
74.063941
74.784010
75.273629
75.804922
76.521496
76.869288
77.408331
78.146846
78.659481
79.234345
79.728412
79.993831
74.819242
74.195454
73.079213
72.451233
71.754550
70.992106
70.440431
69.826206
69.151916
68.555373
68.172500
67.329861
66.972229
66.294563
65.967441
65.457599
64.767992
64.297701
64.046180
63.487045
63.017259
62.637160
62.086240
61.887328
61.389522
60.984720
60.673189
60.196998
59.944557
59.529531
59.082106
58.731234
58.349326
58.064752
57.750430
57.407175
57.289734
72.802838
73.347269
74.061827
74.546838
75.073387
75.784523
76.128325
76.662661
77.395711
77.903782
78.473858
78.963475
79.225369
74.068865
73.445207
72.331106
71.703368
71.007245
70.245670
69.694058
69.080188
68.406537
67.810357
67.427013
66.585817
66.094155
65.550857
65.223169
64.713546
64.024934
63.554764
63.302484
62.743899
62.274320
61.894081
61.343765
61.144006
60.646637
60.241905
59.930075
59.454307
59.201363
58.786549
58.339498
57.988612
57.606845
57.322016
57.007587
56.664371
56.546014
72.091076
72.630624
73.339670
73.684682
74.341876
75.047574
75.387386
75.917014
76.644598
77.148104
77.713392
78.198558
78.456927
73.318506
72.694977
71.583015
70.955518
70.259954
69.499248
68.947698
68.334183
67.661170
67.065352
66.681537
65.841782
65.350165
64.807158
64.478905
63.969500
63.281883
62.811832
62.558794
61.870502
61.531385
61.021364
60.601294
60.400687
59.903753
59.499091
59.186962
58.711616
58.458170
58.043567
57.596890
57.245988
56.864361
56.579277
56.264741
55.921564
55.802291
71.379340
71.914006
72.617539
72.958465
73.610390
74.310649
74.646470
75.171389
75.893507
76.392447
76.952946
77.433661
77.688504
72.568165
71.944764
70.834941
70.207683
69.512678
68.752839
68.201351
67.588189
66.915814
66.320357
65.936070
65.097757
64.606184
64.063468
63.734648
63.225461
62.538838
62.068907
61.815108
61.127912
60.788453
60.278840
59.858825
59.657370
59.160871
58.756278
58.443849
57.968925
57.714976
57.173711
56.854280
56.503363
56.121876
55.836535
55.521892
55.178753
55.058563
70.667632
71.197413
71.762299
72.232273
72.878929
73.573747
73.905577
74.425787
75.142438
75.636812
76.192521
76.668785
76.920100
71.679336
71.194568
70.086882
69.459863
68.765416
68.006444
67.455017
66.842208
66.170469
65.575374
65.190614
64.353741
63.862211
63.319786
62.990399
62.481428
61.795799
61.325987
61.071427
60.385327
60.045526
59.536319
59.116359
58.914056
58.290362
58.013467
57.700737
57.226235
56.971781
56.431275
56.111669
55.760736
55.379388
55.093791
54.779040
54.435938
54.314832
69.955950
70.480847
71.040736
71.506106
72.147491
72.836870
73.164708
73.680208
74.391391
74.881198
75.432117
75.903928
76.151716
70.929588
70.444389
69.338839
68.712059
68.018169
67.260063
66.708696
66.096239
65.425136
64.830401
64.445168
63.609734
63.118247
62.576112
62.246157
61.737403
61.052766
60.583072
60.327752
59.642746
59.302602
58.793801
58.373896
58.170744
57.548031
57.270657
56.957626
56.483545
56.228587
55.688838
55.369056
55.018107
54.636898
54.351044
54.036185
53.693120
53.571096
69.244295
69.764307
70.319199
70.779965
71.416079
72.100017
72.423861
72.934651
73.640366
74.125606
74.671734
75.139092
75.383352
70.179858
69.694227
68.590813
67.964269
67.270936
66.513695
65.962387
65.350283
64.679815
64.085439
63.699732
62.865737
62.374292
61.832446
61.501923
60.993384
60.309740
59.840164
59.584081
58.900170
58.559683
58.051287
57.631436
57.427434
56.805702
56.527848
56.214516
55.740855
55.485392
54.946400
54.626443
54.275476
53.894406
53.608295
53.293327
52.950298
52.827357
68.532667
69.047793
69.597688
70.053848
70.684690
71.363187
71.683038
72.189117
72.889364
73.370035
73.911371
74.374275
74.615006
69.430146
68.944081
67.842802
67.216495
66.523718
65.767341
65.216092
64.604338
63.934505
63.340488
62.954306
62.121750
61.630346
61.088789
60.757696
60.249373
59.566720
59.097261
58.840416
58.157598
57.689619
57.308777
56.888979
56.684127
56.063374
55.785040
55.471406
54.998165
54.742197
54.203961
53.883828
53.532844
53.151911
52.865543
52.550466
52.207473
52.083613
67.821065
68.331306
68.876202
69.327756
69.953327
70.626382
70.942238
71.443605
72.138383
72.614485
73.151030
73.609479
73.846681
68.680452
68.193953
67.094807
66.468736
65.776514
65.021001
64.469809
63.858406
63.057843
62.595548
62.208891
61.377772
60.886409
60.345139
60.013477
59.505368
58.823707
58.354364
58.096756
57.415031
56.947255
56.566269
56.146525
55.940822
55.321049
55.042234
54.728297
54.255476
53.874536
53.461522
53.141212
52.790210
52.409415
52.122788
51.807601
51.464644
51.339866
67.109491
67.614845
68.154742
68.601690
69.221987
69.889600
70.201462
70.698116
71.387424
71.858957
72.390709
72.844703
73.078374
67.930775
67.308591
66.346829
65.720993
65.029325
64.274674
63.723540
63.112486
62.313107
61.850618
61.463485
60.633803
60.142480
59.601498
59.269266
58.761370
58.080699
57.611472
57.353101
56.672468
56.204894
55.823765
55.404073
55.197519
54.578725
54.299429
53.985189
53.512786
53.131888
52.719082
52.398595
52.047575
51.666916
51.380031
51.064734
50.721812
50.596114
66.397943
66.898410
67.433307
67.875648
68.490672
69.152842
69.460708
69.952650
70.636487
71.103450
71.630409
72.079947
72.310088
67.181116
66.559055
65.598866
64.973265
64.282150
63.528361
62.977284
62.366579
61.568382
61.105700
60.718090
59.889844
59.398561
58.857865
58.525062
58.017379
57.337698
56.868587
56.609451
55.929910
55.462538
55.081265
54.661624
54.329449
53.836402
53.556625
53.242082
52.646631
52.389240
51.976641
51.655976
51.304937
50.924415
50.637271
50.321863
49.978976
49.730791
65.686423
66.182001
66.711898
67.149631
67.759382
68.416108
68.719978
69.207206
69.885573
70.347965
70.870129
71.315211
71.541820
66.431474
65.809535
64.850920
64.225552
63.403103
62.782062
62.100245
61.620683
60.823669
60.360792
59.972705
59.145894
58.654650
58.114240
57.653594
57.273395
56.594703
56.125706
55.865806
55.187356
54.720186
54.338768
53.919179
53.586699
53.094082
52.813823
52.498975
51.904489
51.646592
51.234199
50.913357
50.562298
50.181912
49.894509
49.578990
49.236137
48.987580
64.974929
65.465619
65.990515
66.423640
67.028116
67.679398
67.845475
68.461785
69.134680
69.592501
70.109871
70.550496
70.773572
65.681851
65.060032
64.102989
63.477854
62.656510
62.035776
61.354567
60.745053
60.078968
59.615895
59.227329
58.401954
57.910747
57.243765
56.909955
56.529418
55.851715
55.382832
55.122166
54.444807
53.977837
53.596274
53.176736
52.843951
52.351763
52.071021
51.755869
51.162348
50.903944
50.491757
50.170736
49.819658
49.439407
49.151744
48.836113
48.493294
48.244365
64.263462
64.749262
65.269158
65.697674
66.296875
66.942712
67.105336
67.716387
68.383809
68.837059
69.211205
69.785800
70.005344
64.932245
64.310546
63.355074
62.730171
61.909932
61.289504
60.608902
59.999733
59.334278
58.871008
58.481965
57.658023
57.166854
56.500705
56.166322
55.785448
55.108733
54.639963
54.253815
53.702263
53.235493
52.853783
52.434296
52.101205
51.609447
51.328221
51.012764
50.420207
50.161295
49.749314
49.428114
49.077015
48.696900
48.408976
47.973122
47.750447
47.501147
63.552022
64.032933
64.547826
64.971732
65.565658
66.206050
66.365219
66.971011
67.632961
68.081638
68.451561
69.021125
69.237134
64.182656
63.561076
62.607176
61.982504
61.163369
60.543246
59.863249
59.254426
58.589599
58.126133
57.609225
56.914102
56.422970
55.757653
55.422698
55.041485
54.365757
53.897100
53.510734
52.959723
52.493153
52.111297
51.691859
51.358462
50.867132
50.585423
50.269660
49.678066
49.418646
49.006870
48.685490
48.334371
47.954390
47.666205
47.230786
47.007597
46.757924
62.840608
63.316629
63.826520
64.245816
64.834465
65.469412
65.625126
66.225658
66.882134
67.326238
67.691938
68.118042
68.468945
63.433086
62.811624
61.859293
61.234852
60.416819
59.797002
59.117609
58.509131
57.844932
57.254242
56.864431
56.170190
55.679094
55.014609
54.679081
54.297529
53.622787
53.154243
52.767658
52.217187
51.750816
51.368813
50.949424
50.615721
50.124818
49.842625
49.526556
48.935925
48.675997
48.264425
47.942866
47.591726
47.211879
46.923432
46.488447
46.264744
46.014697
62.129222
62.600351
63.105239
63.519924
64.103297
64.732798
64.885056
65.480327
66.131330
66.570860
66.932335
67.353986
67.700775
62.683533
62.062188
61.111427
60.357509
59.670285
59.050771
58.371983
57.763849
57.100277
56.509938
56.119647
55.426287
54.935227
54.271573
53.935471
53.553579
52.879824
52.411391
52.024587
51.474656
51.008484
50.626333
50.206993
49.872983
49.382507
49.099829
48.662865
48.193785
47.933347
47.521980
47.200240
46.729945
46.469365
46.180657
45.746105
45.521887
45.271466
61.417862
61.884100
62.383984
62.794058
63.372154
63.996207
64.145009
64.735019
65.380547
65.680612
66.172754
66.589951
66.932624
61.933997
61.312770
60.363577
59.610442
58.923764
58.304554
57.626369
57.018578
56.355633
55.765645
55.374874
54.682394
54.191369
53.528545
53.191869
52.809637
52.136867
51.668546
51.281521
50.732130
50.266155
49.883856
49.464564
49.130246
48.640197
48.357034
47.920310
47.451644
47.190698
46.779534
46.338780
45.987843
45.726849
45.319748
45.003761
44.779026
44.528232
60.706529
61.167875
61.662755
62.068217
62.641035
63.259641
63.404985
63.989734
64.629787
64.925842
65.413193
65.825936
66.164492
61.184480
60.563368
59.615742
58.863389
58.177258
57.558350
56.880768
56.273320
55.611000
55.021363
54.630111
53.938510
53.447519
52.785525
52.448274
52.065701
51.393917
50.925705
50.538460
49.989608
49.523831
49.141383
48.722138
48.387512
47.897889
47.614241
47.177757
46.709504
46.448048
46.037087
45.596699
45.245739
44.984330
44.577515
44.261413
44.036162
43.784993
59.995223
60.451676
60.941552
61.342401
61.782284
62.523098
62.664985
63.244471
63.879049
64.171093
64.653653
65.061941
65.396380
60.434980
59.813983
58.867924
58.116352
57.430767
56.812161
56.135181
55.528074
54.866379
54.277092
53.885357
53.194636
52.703679
52.042514
51.704687
51.321773
50.650972
50.182871
49.795405
49.247091
48.781510
48.398913
47.859866
47.644781
47.155583
46.871449
46.435204
45.967365
45.705397
45.176700
44.854616
44.503633
44.241810
43.835278
43.519062
43.293294
43.041750
59.283944
59.735504
60.220374
60.616609
61.051744
61.786579
61.925008
62.499231
63.128332
63.416366
63.894133
64.297966
64.628288
59.685498
59.064615
57.992149
57.369331
56.684290
56.065984
55.389606
54.782840
54.121769
53.532832
53.140614
52.450771
51.959847
51.299510
50.961108
50.577851
49.908034
49.440042
49.052355
48.504578
48.039193
47.656447
47.117992
46.902052
46.413279
46.128658
45.692651
45.225225
44.962747
44.434799
44.112532
43.761526
43.499288
43.093039
42.776708
42.550423
42.298504
58.572691
59.019358
59.499222
59.890843
60.321228
61.050084
61.185054
61.754013
62.377638
62.661661
63.134634
63.534011
63.860215
58.807205
58.315264
57.244917
56.622324
55.937827
55.319822
54.644044
54.037618
53.377171
52.788582
52.395881
51.706916
51.216024
50.556515
50.217536
49.833936
49.165102
48.576827
48.309309
47.762070
47.296881
46.913984
46.376122
46.159325
45.670977
45.385868
44.950100
44.483086
44.220096
43.692896
43.370447
43.019417
42.756763
42.350797
42.034350
41.692065
41.555253
57.861466
58.303238
58.778095
59.165102
59.590737
60.313613
60.445123
61.008818
61.626966
61.906976
62.375156
62.770076
63.092161
58.058315
57.565930
56.497701
55.875333
55.191379
54.573673
53.898495
53.292409
52.632585
52.044343
51.651159
50.963070
50.472210
49.813528
49.473971
49.090028
48.422177
47.834556
47.566269
46.900439
46.554572
46.171524
45.634254
45.416600
44.928676
44.643079
44.207549
43.740947
43.477445
42.950993
42.628361
42.277306
42.014236
41.608553
41.291990
40.949734
40.811998
57.150267
57.587144
58.056994
58.439386
58.860270
59.577166
59.705215
60.263646
60.876315
61.152314
61.615699
62.006162
62.324127
57.309443
56.816612
55.750501
55.128357
54.444945
53.827538
53.152958
52.547211
51.888009
51.300115
50.906446
50.219234
49.728404
49.070549
48.730414
48.346127
47.559609
47.092292
46.823234
46.158486
45.812267
45.429068
44.892389
44.673878
44.186377
43.900292
43.464999
42.998809
42.734794
42.209090
41.886274
41.535194
41.271707
40.866306
40.549627
40.207399
40.068740
56.439095
56.871076
57.335919
57.713695
58.129827
58.840743
58.965331
59.518496
60.125687
60.397672
60.856262
61.242267
61.556112
56.560588
56.067312
55.003317
54.381396
53.698526
53.081417
52.407435
51.802026
51.143446
50.555898
50.161743
49.475407
48.863901
48.327578
47.986865
47.602233
46.817243
46.350033
46.080204
45.416538
45.069966
44.686615
44.150527
43.931158
43.444080
43.157506
42.722450
42.256670
41.992143
41.467185
41.144185
40.793080
40.529176
40.124056
39.807260
39.465061
39.325477
55.727950
56.155035
56.614869
56.988029
57.399409
58.104343
58.225469
58.773369
59.375081
59.643052
60.096847
60.478392
60.788117
55.811751
55.191889
54.256149
53.634450
52.952121
52.335309
51.661925
51.056854
50.398894
49.811691
49.417051
48.731589
48.120662
47.584616
47.243323
46.858346
46.074884
45.607780
45.337180
44.674595
44.327669
43.944166
43.408668
43.188440
42.701785
42.414722
41.979902
41.514532
41.249491
40.725280
40.402095
40.050964
39.786642
39.381804
39.064891
38.722719
38.582210
55.016832
55.439020
55.893845
56.262388
56.669015
57.367968
57.485631
58.028264
58.624497
58.888453
59.337452
59.714538
60.020141
55.062932
54.443179
53.508997
52.887519
52.205731
51.589215
50.916428
50.311693
49.654353
49.067495
48.672369
47.987781
47.377431
46.841661
46.499788
46.114466
45.332531
44.865532
44.594160
43.932656
43.585377
43.201720
42.666812
42.445725
41.959491
41.671938
41.237354
40.772394
40.506839
39.983374
39.660004
39.308847
39.044107
38.639549
38.322518
37.980374
37.838940
54.305740
54.723031
55.172847
55.536772
55.938646
56.631616
56.745816
57.156422
57.873935
58.133875
58.578077
58.950704
59.252184
54.314130
53.694486
52.761861
52.140604
51.459355
50.843135
50.170943
49.566544
48.909824
48.323310
47.927697
47.124568
46.634210
46.098715
45.756262
45.252500
44.590184
44.123291
43.851145
43.190722
42.843088
42.343494
41.924958
41.703012
41.217199
40.814412
40.494807
40.030256
39.764187
39.241467
38.917912
38.566727
38.188744
37.897292
37.580143
37.238026
37.095665
53.594675
54.007068
54.451874
54.811181
55.208301
55.895289
56.006024
56.411913
57.123394
57.379319
57.818724
58.186889
58.484247
53.565346
52.945810
52.014741
51.393704
50.712993
50.097068
49.425472
48.821408
48.165306
47.579136
47.183035
46.381327
45.890997
45.355776
45.012742
44.509183
43.847844
43.381054
43.108136
42.448792
42.100803
41.601602
41.183108
40.960301
40.474909
40.072178
39.752261
39.288119
39.021534
38.499560
38.175818
37.824607
37.446751
37.155032
36.837764
36.495673
36.352387
52.883637
53.291132
53.730927
54.085615
54.477981
55.158985
55.266256
55.667427
56.245847
56.624784
57.059391
57.423095
57.585272
52.816580
52.197150
51.267637
50.646819
49.966646
49.351015
48.680013
48.076284
47.420800
46.834973
46.438383
45.638096
45.147793
44.612846
44.269230
43.765872
43.105509
42.638824
42.365132
41.706866
41.358522
40.859713
40.441260
40.217593
39.732621
39.329946
39.009716
38.545982
38.278881
37.757651
37.433724
37.082484
36.704755
36.412769
36.095382
35.753318
35.609104
52.172626
52.575222
53.010005
53.360074
53.869513
54.422705
54.526510
54.922963
55.495909
55.870271
56.300079
56.659321
56.817959
52.067831
51.448507
50.520549
49.899949
49.220313
48.604976
47.934568
47.331172
46.676305
46.090820
45.693741
44.894874
44.404598
43.869924
43.525726
43.022568
42.363182
41.896599
41.622132
40.964946
40.616245
40.117827
39.699415
39.474887
38.990335
38.587715
38.267171
37.803845
37.536229
37.015742
36.691628
36.340360
35.962758
35.670504
35.352997
35.010958
34.755385
51.461642
51.859338
52.289109
52.634558
53.138712
53.686449
53.786788
54.178522
54.745994
55.115779
55.540787
55.895567
56.050665
51.319100
50.699881
49.773477
49.153095
48.473995
47.858950
47.189135
46.586073
45.931822
45.346679
44.949109
44.151662
43.661411
43.127010
42.782229
42.279271
41.620860
41.154380
40.879138
40.223029
39.873972
39.375945
38.957573
38.732183
38.135364
37.845485
37.524627
37.061708
36.793575
36.273833
35.949531
35.598234
35.220758
34.928236
34.610609
34.268595
34.012643
50.634418
51.143480
51.568239
51.909067
52.407935
52.950217
53.047089
53.434103
53.996100
54.361308
54.781517
55.131833
55.283390
50.570387
49.951272
49.026421
48.406255
47.727691
46.993337
46.443715
45.840985
45.187350
44.602548
44.204488
43.408459
42.918233
42.384105
42.038740
41.535981
40.878545
40.412167
40.136149
39.481118
39.131703
38.634066
38.215734
37.989482
37.393628
37.103256
36.782084
36.319572
35.939766
35.531922
35.207432
34.856106
34.478757
34.185965
33.868218
33.526229
33.269896
49.923989
50.427648
50.847395
51.183601
51.677182
52.092465
52.307413
52.689707
53.246229
53.606859
54.022267
54.368119
54.516135
49.821691
49.202680
48.279381
47.659431
46.981402
46.247890
45.698308
45.095910
44.442889
43.858427
43.459876
42.665266
42.175064
41.641207
41.295258
40.792698
40.136236
39.669959
39.393165
38.739210
38.389437
37.892190
37.473898
37.246783
36.651893
36.361029
36.039542
35.577436
35.197659
34.790011
34.465333
34.113977
33.736753
33.443692
33.016819
32.783859
32.527146
49.213586
49.711843
50.126576
50.458161
50.946455
51.356818
51.567761
51.945334
52.496379
52.852431
53.263037
53.604426
53.748899
49.073013
48.454105
47.532357
46.912623
46.235126
45.502457
44.952914
44.350847
43.698441
43.114318
42.715275
41.922082
41.431904
40.898318
40.551784
40.049422
39.393933
38.927757
38.650187
37.997308
37.647176
37.150318
36.732064
36.504086
35.910160
35.618803
35.297000
34.835300
34.455553
34.048099
33.723232
33.371846
32.994747
32.701416
32.274969
32.041486
31.784391
48.503210
48.996064
49.405782
49.732745
50.215751
50.621195
50.828131
51.200983
51.746551
52.098024
52.503829
52.840752
52.981682
48.324353
47.705546
46.785349
46.165829
45.488866
44.757038
44.207533
43.605796
42.954003
42.370219
41.970684
41.178907
40.688753
40.155436
39.808318
39.306152
38.651636
38.185561
37.907213
37.255410
36.793258
36.408449
35.990234
35.650482
35.168429
34.876578
34.554460
34.093164
33.713445
33.306187
32.981130
32.629713
32.252738
31.959138
31.533115
31.299109
31.041633
47.792861
48.280311
48.685015
49.007354
49.485072
49.885596
50.088525
50.456654
50.996746
51.343639
51.744641
52.077099
52.214485
47.575710
46.957005
46.038357
45.419050
44.742620
44.011633
43.462165
42.744418
42.209577
41.626131
41.226103
40.435742
39.945610
39.412563
39.064858
38.562890
37.909346
37.443370
37.164244
36.513516
36.051551
35.666584
35.248406
34.908337
34.426700
34.134354
33.702444
33.351028
32.971338
32.564273
32.239026
31.887578
31.510728
31.216856
30.791258
30.556728
30.298870
47.082539
47.564584
47.964273
48.281988
48.754418
49.150020
49.348942
49.712349
50.246962
50.589275
50.985474
51.313465
51.447307
46.827085
46.208480
45.291381
44.672287
43.996388
43.266241
42.716810
41.999942
41.465163
40.882054
40.481532
39.692586
39.202476
38.669698
38.321407
37.819634
37.167062
36.701185
36.421281
35.771627
35.309848
34.924722
34.506581
34.166194
33.684973
33.392132
32.960452
32.500356
32.229230
31.822359
31.496922
31.145442
30.768716
30.367544
30.049398
29.814344
29.556103
46.372243
46.848884
47.243556
47.556647
47.906195
48.414469
48.609382
48.968065
49.497200
49.834932
50.226328
50.549852
50.680149
46.078477
45.459972
44.544421
43.925539
43.250171
42.520863
41.971468
41.255478
40.720760
40.137988
39.736972
38.949440
38.459351
37.926841
37.577963
37.076386
36.424784
35.959006
35.567476
35.029742
34.568149
34.182864
33.764759
33.424054
32.943247
32.649911
32.218460
31.758767
31.487122
31.080444
30.754816
30.296363
30.026701
29.625804
29.307535
29.071957
28.813333
45.661974
46.133209
46.522865
46.831331
47.176119
47.678941
47.869845
48.223805
48.747460
49.080611
49.467202
49.786258
49.913010
45.329887
44.711480
43.797476
43.178806
42.503968
41.775498
41.226139
40.511026
39.976369
39.393933
38.992421
38.206303
37.716235
37.183993
36.834526
36.333144
35.682513
35.216832
34.825070
34.287862
33.826454
33.441008
33.022940
32.681916
32.201523
31.907691
31.476469
31.017178
30.745014
30.338529
29.906066
29.554769
29.284684
28.884062
28.565669
28.329566
28.070559
44.951732
45.417561
45.802200
46.106041
46.446067
46.943437
47.130331
47.479566
47.997743
48.326311
48.708097
49.022685
49.145891
44.581315
43.963006
43.050548
42.432088
41.757779
41.030147
40.480822
39.766587
39.231989
38.649888
38.247880
37.463176
36.973128
36.441152
35.979913
35.589909
34.940248
34.474665
34.082670
33.545987
33.084763
32.699157
32.281124
31.939780
31.459801
31.165473
30.734479
30.275590
30.002905
29.596612
29.164504
28.813174
28.542665
28.142317
27.823800
27.482242
27.327780
44.241517
44.701939
45.081561
45.380775
45.716039
46.207957
46.390841
46.735351
47.248047
47.572032
47.949013
48.259132
48.378790
43.832760
43.214549
42.303636
41.569701
41.011605
40.284810
39.735519
39.022160
38.487620
37.905854
37.503350
36.720058
36.230029
35.698320
35.237039
34.846681
34.197989
33.732502
33.340274
32.804116
32.343076
31.957309
31.539310
31.197646
30.718081
30.423255
29.992489
29.534002
29.260797
28.854695
28.422941
28.071577
27.800644
27.400569
27.081927
26.740390
26.584998
43.531328
43.986344
44.360947
44.655534
44.986036
45.472500
45.651374
45.991158
46.498373
46.817775
47.189950
47.495599
47.611710
43.084224
42.466108
41.556740
40.823567
40.265445
39.539486
38.990228
38.277744
37.743263
37.161831
36.758830
35.976949
35.486939
34.955495
34.494173
34.103460
33.455737
32.990346
32.597884
32.062249
31.601393
31.215464
30.797500
30.455515
29.976363
29.681039
29.250500
28.792415
28.518688
28.112777
27.681376
27.329979
27.058620
26.658818
26.340052
25.998535
25.842211
42.821167
43.270774
43.640358
43.930318
44.256057
44.737068
44.911930
45.246987
45.748721
46.063539
46.430907
46.732086
46.844648
42.335704
41.717684
40.809859
40.077448
39.519300
38.794176
38.244951
37.533342
36.998918
36.417819
36.014320
35.233850
34.743858
34.212679
33.751315
33.251094
32.604946
32.248195
31.855498
31.320387
30.859714
30.473622
29.949116
29.713386
29.234646
28.938825
28.508512
28.050827
27.776578
27.370859
26.939811
26.588379
26.316595
25.917065
25.598174
25.256676
25.099421
42.111032
42.555231
42.919796
43.205127
43.526103
44.001659
44.172509
44.502839
44.999091
45.309324
45.671885
45.968593
46.077606
41.587203
40.969277
40.062995
39.331344
38.773169
38.048880
37.499686
36.788951
36.254584
35.673817
35.159119
34.490760
33.891210
33.469871
33.008464
32.508434
31.863253
31.398399
31.113118
30.578530
30.118039
29.625450
29.207857
28.971260
28.492931
28.196611
27.766525
27.309240
27.034469
26.524820
26.198244
25.846777
25.574567
25.175309
24.856292
24.514814
24.356626
41.400923
41.839714
42.199258
42.479962
42.796173
43.266274
43.433111
43.758714
44.249484
44.555131
44.912884
45.205120
45.310583
40.838719
40.220887
39.316147
38.585255
38.027053
37.303598
36.642569
36.044572
35.399430
34.929826
34.415179
33.747680
33.148694
32.618463
32.265620
31.765782
31.121565
30.656806
30.370743
29.836677
29.376368
28.884161
28.466601
28.229136
27.751218
27.454399
27.024539
26.567653
26.292359
25.783446
25.456676
25.105174
24.729706
24.433551
24.114408
23.772949
23.511766
40.690842
41.124223
41.478747
41.754821
42.066267
42.530913
42.693736
43.014611
43.499898
43.800959
44.153903
44.441667
44.543580
40.090252
39.472513
38.569314
37.839181
37.280951
36.558329
35.897881
35.300206
34.655668
34.185846
33.671249
33.004609
32.406187
31.876218
31.522785
31.023136
30.379884
29.915218
29.628373
29.094828
28.634700
28.142875
27.725348
27.487014
27.009507
26.712188
26.282553
25.826066
25.550249
25.042071
24.715106
24.363568
23.988220
23.691790
23.372520
23.031079
22.769511
39.980787
40.408758
40.758261
41.029705
41.336386
41.795576
41.954385
42.270531
42.750334
43.046809
43.394944
43.678235
43.776596
39.227617
38.724157
37.822498
37.093122
36.534863
35.813073
35.153206
34.555852
33.911918
33.441877
32.927329
32.261548
31.663688
31.133981
30.779956
30.280497
29.638210
29.173637
28.886008
28.352984
27.893037
27.401593
26.984097
26.744894
26.267797
25.969979
25.540568
25.084480
24.808139
24.300695
23.973536
23.621961
23.246732
22.950027
22.630629
22.289207
22.027252
39.270759
39.693320
40.037801
40.304614
40.606529
41.060263
41.215056
41.526473
42.000792
42.292680
42.636005
42.914822
43.009632
38.479742
37.975817
37.075698
36.347079
35.788790
35.067832
34.408544
33.811510
33.168179
32.697919
32.183419
31.518496
30.921199
30.391753
30.037135
29.537865
28.896541
28.432060
28.143648
27.611145
27.151378
26.660315
26.242849
26.002777
25.526089
25.124668
24.798584
24.342893
24.066029
23.559319
23.231964
22.880353
22.505241
22.208260
21.888735
21.547330
21.284988
38.560758
38.977908
39.317366
39.579548
39.876697
40.324973
40.475751
40.782438
41.251272
41.538572
41.877086
42.151429
42.242687
37.731884
37.227494
36.328913
35.601051
34.932029
34.322604
33.663894
33.067180
32.424452
31.953971
31.439519
30.775453
30.178718
29.649533
29.294322
28.795240
28.154879
27.690490
27.401293
26.869310
26.409722
25.919039
25.501604
25.260662
24.784383
24.383007
24.056600
23.601307
23.323918
22.817942
22.490391
22.138743
21.763749
21.466491
21.146838
20.805451
20.542721
37.850783
38.262522
38.596957
38.854508
39.146889
39.589707
39.736469
40.038425
40.501774
40.784485
41.118188
41.388057
41.475761
36.984043
36.479188
35.582145
34.855038
34.186537
33.577389
32.919258
32.322862
31.680736
31.102413
30.695629
30.032420
29.436245
28.907321
28.551516
28.052622
27.413223
26.948925
26.658943
26.127480
25.564757
25.177767
24.760362
24.518550
24.042679
23.641348
23.314618
22.859722
22.581807
22.076564
21.748817
21.397131
21.022254
20.724720
20.404938
20.063567
19.800450
37.140835
37.547162
37.876574
38.129492
38.417105
38.854466
38.997211
39.294435
39.752298
40.030420
40.359311
40.624705
40.708855
36.236221
35.730899
34.835392
34.109040
33.441059
32.723230
32.174634
31.578557
30.937032
30.359036
29.951750
29.289397
28.693782
28.165117
27.808718
27.310011
26.671573
26.207366
25.916599
25.385654
24.823655
24.436499
24.019123
23.776440
23.300977
22.899689
22.572636
22.118136
21.739081
21.335186
21.007241
20.655517
20.280757
19.982946
19.663035
19.321680
19.058175
36.430914
36.831828
37.156216
37.404501
37.687346
38.119247
38.257975
38.550467
39.002844
39.276376
39.600455
39.861372
39.941968
35.488415
34.982627
34.088656
33.363057
32.695595
31.978593
31.430024
30.834264
30.193339
29.615669
29.207880
28.546382
27.951327
27.422921
27.065927
26.567407
25.929930
25.465812
25.174259
24.541255
24.082556
23.695234
23.277887
23.034332
22.458213
22.158032
21.830655
21.276354
20.997515
20.593806
20.265665
19.913902
19.539258
19.241169
18.822656
18.579790
18.315896
35.721020
36.116520
36.435884
36.679535
36.957611
37.384053
37.518762
37.806522
38.253411
38.522354
38.841620
39.098060
39.175100
34.740628
34.234371
33.341935
32.617090
31.950146
31.233971
30.685426
30.089982
29.449658
28.872314
28.464021
27.803377
27.208881
26.680733
26.323144
25.824809
25.188292
24.724264
24.431925
23.799984
23.341462
22.953972
22.536653
22.292226
21.717060
21.416377
21.088674
20.535314
20.255950
19.852426
19.524087
19.172285
18.797757
18.401249
18.081293
17.837896
17.573613
35.011152
35.401239
35.715577
35.954594
36.227900
36.648883
36.779573
37.062599
37.504001
37.768352
38.082805
38.334768
38.408252
33.992858
33.486132
32.595231
31.871137
31.204712
30.489362
29.940841
29.345714
28.705988
28.128969
27.720172
26.955928
26.466444
25.938553
25.580368
25.082219
24.446661
23.982722
23.689596
23.058718
22.600372
22.212714
21.795423
21.449753
20.975908
20.674722
20.346694
19.794275
19.514384
19.111045
18.782508
18.430666
18.056254
17.660013
17.339926
17.095999
16.831326
34.301312
34.685984
34.888636
35.229679
35.498214
35.913736
36.040407
36.318699
36.754613
37.014372
37.324011
37.571496
37.641423
33.245105
32.737910
31.848542
31.125200
30.459291
29.744766
29.196269
28.601457
27.962329
27.385635
26.976333
26.213490
25.724016
25.196382
24.837599
24.339635
23.705037
23.241186
22.947272
22.317456
21.859286
21.471459
21.054195
20.708198
20.234758
19.933069
19.604716
19.053236
18.772818
18.369664
18.040927
17.591533
17.314749
16.918774
16.598557
16.354098
16.089035
33.591497
33.970755
34.168895
34.504788
34.768552
35.178613
35.301264
35.574822
36.005247
36.260414
36.565237
36.808244
36.874614
32.497371
31.989705
31.101870
30.379278
29.713885
29.000184
28.451710
27.857212
27.218682
26.642311
26.232504
25.471061
24.981596
24.454218
24.094839
23.597058
22.963418
22.499655
22.204953
21.576198
21.118204
20.730207
20.312970
19.966646
19.493611
19.191417
18.862737
18.312197
18.031252
17.628282
17.299346
16.850456
16.573241
16.177532
15.857184
15.516151
15.346740
32.881710
33.255552
33.449179
33.779922
34.038915
34.443514
34.562144
34.830967
35.255902
35.506477
35.806485
36.045012
36.107824
31.749654
31.241517
30.355213
29.633372
28.968494
28.255616
27.707164
27.112980
26.475047
25.898999
25.488685
24.728641
24.239185
23.712063
23.352085
22.854488
22.221806
21.758130
21.462639
20.834945
20.377125
19.988959
19.571748
19.225096
18.752464
18.449767
18.022911
17.571158
17.289685
16.886899
16.557763
16.109378
15.831731
15.436288
15.115808
14.774789
14.604442
32.171949
32.540376
32.729489
33.055081
33.309302
33.708439
33.823047
34.087135
34.506580
34.752561
35.047753
35.281800
35.341053
31.001954
30.493346
29.608572
28.887480
28.223116
27.511061
26.962630
26.368760
25.731422
25.155697
24.744876
23.986231
23.496783
22.969916
22.609340
22.111926
21.480201
21.016610
20.720330
20.093697
19.636051
19.247714
18.830529
18.483548
18.011320
17.708117
17.281480
16.830120
16.548118
16.145515
15.816179
15.368298
15.090219
14.695042
14.374430
14.033423
13.862139
31.462216
31.825225
32.009825
32.330265
32.579713
32.973388
33.083974
33.343325
33.757280
33.998666
34.289041
34.518608
34.574302
30.254272
29.745191
28.861948
28.141603
27.477754
26.766520
26.218110
25.624552
24.987810
24.412406
24.001077
23.243830
22.754390
22.227777
21.765977
21.369369
20.738601
20.275096
19.978026
19.352453
18.894980
18.506473
18.089312
17.742002
17.270178
16.966469
16.540050
16.089082
15.806551
15.404131
15.074594
14.627216
14.348705
13.953792
13.633048
13.292054
13.119832
30.752508
31.110101
31.290186
31.605474
31.850149
32.238360
32.344923
32.599538
33.008001
33.244793
33.418992
33.755436
33.807570
29.506608
28.997053
28.115339
27.395742
26.732405
26.021993
25.473602
24.880356
24.244209
23.669125
23.257289
22.501438
22.012005
21.485646
21.023793
20.626820
19.997008
19.533588
19.235728
18.611213
18.153914
17.765235
17.348099
17.000459
16.529037
16.224822
15.798621
15.348044
15.064984
14.662745
14.237974
13.886132
13.607189
13.212540
12.891663
12.550681
12.377521
30.042828
30.395003
30.570573
30.880708
31.120609
31.503356
31.605896
31.855773
32.258745
32.490941
32.660892
32.992284
33.040857
28.758961
28.248932
27.368746
26.649896
25.987071
25.277479
24.729108
24.136172
23.500619
22.925856
22.513510
21.759056
21.269630
20.743523
20.281617
19.884278
19.255421
18.792086
18.395320
17.869978
17.412851
17.024000
16.606888
16.258918
15.787898
15.483177
15.057193
14.607006
14.323417
13.921359
13.496932
13.145047
12.865670
12.471286
12.150275
11.809305
11.635206
29.333174
29.679931
29.850985
30.155967
30.391093
30.768376
30.866892
31.112031
31.509510
31.737111
31.902814
32.229153
32.274164
28.011332
27.500828
26.622169
25.904065
25.241752
24.532979
23.984626
23.392001
22.757041
22.182597
21.769742
21.016683
20.527263
20.001408
19.539448
19.141743
18.513840
18.050589
17.653578
17.128748
16.671793
16.282769
15.865680
15.517380
15.046761
14.741533
14.315765
13.865969
13.581849
13.085818
12.755888
12.403960
12.124150
11.730028
11.408884
11.067925
10.892888
28.623547
28.964885
29.131423
29.431251
29.661602
30.033420
30.127911
30.368311
30.760298
30.983301
31.144756
31.466041
31.507490
27.263720
26.752741
25.771613
25.158249
24.393621
23.788492
23.240157
22.546506
22.013474
21.439349
20.925871
20.274320
19.784904
19.259302
18.797287
18.399214
17.772265
17.309098
16.911841
16.387522
15.930738
15.541541
15.124475
14.775843
14.305625
13.999890
13.574338
13.124932
12.840281
12.344975
12.014844
11.662872
11.382627
10.988768
10.667490
10.326542
10.150565
27.913947
28.249866
28.411887
28.706560
28.932136
29.298488
29.388953
29.624614
30.011107
30.229513
30.386719
30.702949
30.740835
26.516126
26.004670
25.025620
24.412449
23.648881
23.044019
22.495701
21.802908
21.269918
20.696112
20.182672
19.531966
19.042555
18.517204
18.055133
17.656692
17.030697
16.567613
16.170109
15.646301
15.189688
14.800317
14.383273
14.034309
13.564492
13.258248
12.832912
12.383895
12.098713
11.604132
11.273798
10.921781
10.641102
10.247506
9.926092
9.585155
9.408238
27.204373
27.534873
27.692376
27.981894
28.202693
28.563579
28.650018
28.880939
29.261939
29.475747
29.628703
29.939878
29.974200
25.768550
25.256617
24.279644
23.666663
22.904156
22.299560
21.751258
21.059322
20.526374
19.952885
19.439482
18.789622
18.300214
17.775113
17.312987
16.914178
16.289135
15.826133
15.428383
14.905084
14.448641
14.059096
13.642074
13.292778
12.823360
12.516607
12.091487
11.642858
11.357144
10.863289
10.532751
10.180690
9.899575
9.506241
9.184692
8.843765
8.665907
26.494827
26.819905
26.972890
27.257253
27.473275
27.828695
27.911107
28.137287
28.512792
28.722002
28.870707
29.176826
29.207585
25.020991
24.508580
23.533684
22.920893
22.159444
21.555114
21.006828
20.315749
19.782842
19.209669
18.696303
18.047287
17.557882
17.033031
16.570848
16.171670
15.547580
15.084659
14.686661
14.069073
13.707598
13.317879
12.900878
12.551248
12.082230
11.774968
11.350062
10.901822
10.615575
10.122444
9.791702
9.439596
9.158046
8.764973
8.443289
8.102371
7.833136
25.785306
26.104964
26.253431
26.532637
26.743881
27.093834
27.172219
27.393657
27.763667
27.968278
28.112732
28.413795
28.440988
24.273450
23.760560
22.787740
22.175138
21.414747
20.810682
20.262411
19.572187
19.039321
18.466464
17.953133
17.304961
16.815559
16.194525
15.828717
15.333301
14.710736
14.248240
13.944945
13.328410
12.966559
12.576664
12.066341
11.809721
11.341102
11.033330
10.608638
10.160786
9.874006
9.381599
9.050653
8.698501
8.325830
8.023703
7.701882
7.360974
7.091344
25.075813
25.390050
25.533996
25.808046
26.014512
26.358996
26.433353
26.650050
27.014565
27.214575
27.354777
27.650784
27.674411
23.525927
23.012556
22.041811
21.429398
20.670065
20.066263
19.418950
18.828638
18.295812
17.723270
17.209974
16.562645
16.073244
15.453005
15.086593
14.591354
13.969738
13.507322
13.203233
12.587751
12.225524
11.835454
11.325696
11.068197
10.599975
10.199652
9.867215
9.419750
9.132437
8.640753
8.309602
7.957404
7.584842
7.282430
6.960473
6.619573
6.349548
24.366346
24.675161
24.814587
25.083480
25.285167
25.624183
25.694511
25.906466
26.265484
26.460894
26.596844
26.887793
26.907854
22.778421
22.163053
21.295899
20.683673
19.925397
19.321859
18.675109
18.183141
17.552313
16.980087
16.466825
15.820338
15.330939
14.711493
14.344477
13.849413
13.228747
12.766411
12.461527
11.847098
11.484493
11.001690
10.585053
10.326674
9.858851
9.458562
9.125793
8.678714
8.390868
7.899906
7.568550
7.216305
6.843852
6.541154
6.129998
5.878168
5.607748
23.656906
23.960298
24.095204
24.358938
24.555847
24.889394
24.955692
25.162904
25.516425
25.707234
25.838931
26.124821
26.141315
22.030932
21.415638
20.550002
19.937963
19.180743
18.577467
17.931279
17.439067
16.808827
16.236914
15.723686
15.078041
14.493438
13.969990
13.602369
13.107480
12.487761
12.025504
11.719826
11.106448
10.743467
10.261031
9.844412
9.585154
9.117728
8.717473
8.384371
7.937679
7.559192
7.159059
6.827497
6.475204
6.102859
5.799876
5.389128
5.136760
4.865943
22.947493
23.245462
23.375846
23.634422
23.826550
24.154628
24.216896
24.419364
24.767388
24.953595
25.081038
25.361870
25.374797
21.283462
20.668240
19.804121
19.192269
18.436103
17.833090
17.187463
16.695005
16.065352
15.493752
14.980557
14.335753
13.751697
13.228494
12.860267
12.365553
11.746782
11.284604
10.978130
10.365803
10.002443
9.520375
9.103775
8.752685
8.286041
7.976386
7.642950
7.196644
6.818168
6.418211
6.086442
5.734102
5.361864
5.058595
4.648254
4.395349
4.124135
22.238107
22.530652
22.656514
22.909931
23.097278
23.419886
23.478124
23.675847
24.018373
24.199978
24.323166
24.598939
24.608297
20.536009
19.920859
19.058257
18.446589
17.691478
17.088726
16.443660
15.950955
15.226025
14.750601
14.237438
13.593474
13.009964
12.487007
12.118174
11.623633
11.005809
10.543709
10.236439
9.625163
9.261424
8.779723
8.363140
8.011715
7.545467
7.235300
6.901530
6.455609
6.077143
5.677362
5.345387
4.992999
4.620867
4.317312
3.907378
3.653934
3.382324
21.528747
21.719308
21.937208
22.185465
22.368031
22.685168
22.739374
22.932353
23.269380
23.446382
23.565315
23.836028
23.841817
19.688968
19.173495
18.312408
17.700925
16.946868
16.344375
15.699870
15.206917
14.483121
14.007460
13.494329
12.851205
12.268239
11.745527
11.376087
10.881720
10.264843
9.802820
9.494753
8.884527
8.520409
8.039074
7.622509
7.270747
6.804894
6.494215
6.160111
5.714574
5.336118
4.936512
4.604330
4.251893
3.879868
3.576025
3.166498
2.825881
2.640508
20.819414
21.005057
21.217927
21.461023
21.638808
21.950473
22.000648
22.188881
22.520409
22.692807
22.807485
23.073137
23.075356
18.942104
18.426147
17.566575
16.955276
16.202271
15.600039
14.956092
14.462892
13.740228
13.264331
12.751231
12.108945
11.526524
11.004056
10.634009
10.139814
9.523883
9.061936
8.753072
8.143895
7.779398
7.298429
6.881880
6.529781
6.064323
5.753131
5.418692
4.973540
4.595092
4.195662
3.863272
3.510786
3.138867
2.834737
2.425615
2.085004
1.898688
20.110107
20.290832
20.498671
20.736607
20.909609
21.215803
21.261944
21.445431
21.771460
21.939253
22.049675
22.310266
22.308915
18.195258
17.678816
16.820758
16.112886
15.457689
14.855716
14.212327
13.718879
12.997347
12.427445
12.008142
11.273871
10.784817
10.262593
9.891937
9.397915
8.782929
8.321059
8.011396
7.403269
6.948843
6.557786
6.141254
5.788818
5.323754
5.012049
4.677274
4.232506
3.854067
3.454810
3.122213
2.683201
2.397864
2.093445
1.684729
1.344124
1.156864
19.400828
19.576633
19.779441
20.012216
20.180435
20.481156
20.523264
20.702004
21.022533
21.185721
21.291886
21.547415
21.542493
17.448429
16.834013
16.074958
15.367819
14.713122
14.111406
13.468576
12.974878
12.254477
11.684884
11.265064
10.532176
10.043119
9.521138
9.149874
8.656023
8.041981
7.580186
7.269725
6.662646
6.208385
5.817148
5.400631
5.047857
4.583186
4.270968
3.935857
3.491472
3.113041
2.713959
2.381152
1.942635
1.656858
1.352151
0.943840
0.603240
0.415036
18.691575
18.862460
19.060237
19.287849
19.451284
19.746533
19.784607
19.958600
20.273627
20.331358
20.534118
20.784584
20.776090
16.701618
16.087269
15.329173
14.622766
13.968568
13.367110
12.724837
12.137240
11.511619
10.942334
10.521995
9.790491
9.301430
8.779691
8.407818
7.914137
7.301039
6.839320
6.528060
5.922028
5.467930
5.076512
4.660011
4.306899
3.842620
3.529888
3.107638
2.750438
2.372015
1.973106
1.640090
1.202068
0.915851
0.610855
0.202948
-0.137648
-0.326796
17.982348
18.148313
18.341058
18.563508
18.722159
19.011934
19.045973
19.215218
19.524744
19.578432
19.776370
20.021774
20.009706
15.954824
15.340543
14.583404
13.877729
13.224030
12.622828
11.981111
11.393812
10.768772
10.199795
9.778937
9.048815
8.559749
8.038252
7.665769
7.172259
6.560104
6.098459
5.786399
5.181415
4.727479
4.335880
3.919393
3.565942
3.102057
2.788810
2.366768
2.009405
1.630989
1.232253
0.899028
0.461498
0.174841
-0.214818
-0.537947
-0.878539
-1.068632
17.273149
17.434193
17.621904
17.839191
17.993057
18.277358
18.307363
18.471859
18.775883
18.825527
19.018643
19.258983
19.243342
15.208048
14.593833
13.837650
13.132707
12.479505
11.878559
11.237397
10.650397
10.025936
9.457267
9.035889
8.307149
7.818078
7.296822
6.923728
6.430387
5.819175
5.357604
5.044744
4.440806
3.987032
3.595252
3.178779
2.824988
2.361494
2.047732
1.625898
1.183025
0.889962
0.491399
0.157963
-0.279073
-0.566171
-0.955575
-1.278845
-1.619433
-1.810471
16.563976
16.720098
16.902776
17.114899
17.263980
17.542807
17.568775
17.728522
18.027043
18.072643
18.260936
18.496212
18.476998
14.461289
13.847139
13.091913
12.387700
11.734995
11.041444
10.493697
9.906993
9.283112
8.714749
8.292851
7.565492
7.076415
6.555399
6.181694
5.688522
5.078253
4.616754
4.303094
3.700202
3.246589
2.854626
2.438167
2.084037
1.620934
1.306656
0.885029
0.442537
0.148935
-0.249456
-0.667104
-1.019645
-1.307185
-1.696334
-2.019746
-2.360331
-2.552315
15.854830
16.006030
16.183674
16.390633
16.534928
16.808279
16.830210
16.985207
17.278226
17.319780
17.503250
17.733462
17.710673
13.714548
13.100463
12.346192
11.642709
10.990499
10.297752
9.750010
9.163602
8.540300
7.972243
7.549823
6.823844
6.334760
5.813985
5.439668
4.946664
4.337336
3.875911
3.474390
2.959602
2.506150
2.114005
1.697558
1.343087
0.880376
0.565582
0.144161
-0.297951
-0.592092
-0.990312
-1.407626
-1.760219
-2.048202
-2.437096
-2.760651
-3.101233
-3.294163
15.145710
15.291987
15.464597
15.666391
15.805899
16.073775
16.091669
16.241916
16.529430
16.566939
16.745585
16.970731
16.944367
12.967825
12.353803
11.600487
10.897732
10.246018
9.554073
9.006335
8.420222
7.797499
7.229747
6.806805
6.082206
5.593115
5.072578
4.697649
4.204813
3.596426
3.135072
2.733295
2.219007
1.765715
1.373386
0.956952
0.602140
0.139819
-0.175492
-0.596706
-1.038439
-1.333119
-1.731168
-2.148149
-2.500795
-2.789220
-3.177861
-3.501558
-3.842138
-4.036015
14.436617
14.577971
14.745546
14.942174
15.076895
15.339295
15.353151
15.498646
15.780656
15.814119
15.987941
16.208020
16.178080
12.221119
11.607160
10.854797
10.152771
9.501551
8.810408
8.262673
7.676855
7.054709
6.487261
6.063797
5.340577
4.851478
4.331180
3.955638
3.462969
2.855522
2.394240
1.992205
1.478416
1.025284
0.632771
0.216349
-0.138804
-0.600736
-0.916564
-1.337573
-1.778926
-2.074147
-2.472025
-2.888674
-3.241373
-3.612079
-3.918628
-4.242469
-4.583046
-4.858897
13.727551
13.863981
14.026520
14.217983
14.347916
14.604838
14.614656
14.755400
15.031905
15.061320
15.230317
15.445330
15.411813
11.474431
10.953594
10.109124
9.407824
8.757098
8.066757
7.519024
6.933500
6.311931
5.744787
5.320799
4.598958
4.109850
3.589790
3.213634
2.721132
2.114624
1.653413
1.251121
0.737829
0.284857
-0.107841
-0.608210
-0.879747
-1.341289
-1.657635
-2.078439
-2.519414
-2.815175
-3.212883
-3.629199
-3.981953
-4.352557
-4.659398
-4.983382
-5.323959
-5.600210
13.018512
13.150017
13.307520
13.493816
13.618960
13.870405
13.876184
14.012175
14.283175
14.308542
14.472714
14.682660
14.645565
10.727760
10.206431
9.271760
8.662893
8.012660
7.323119
6.685803
6.101031
5.569164
5.002323
4.577811
3.857347
3.368231
2.848408
2.385360
1.979301
1.373733
0.912592
0.510042
-0.002752
-0.455566
-0.848449
-1.348263
-1.620687
-2.081841
-2.398705
-2.819304
-3.259901
-3.556203
-3.953741
-4.369726
-4.722534
-5.093038
-5.400171
-5.724299
-6.064874
-6.341528
12.309499
12.436079
12.588545
12.769674
12.890029
13.135997
13.137735
13.268973
13.534467
13.555786
13.715131
13.822816
13.879337
9.981107
9.459285
8.526669
7.917977
7.268236
6.579495
5.942728
5.358248
4.826408
4.259870
3.834834
3.115747
2.626620
2.107034
1.643917
1.152121
0.632848
0.171776
-0.231033
-0.743330
-1.195986
-1.589054
-2.088314
-2.361624
-2.822390
-3.139773
-3.560169
-4.000387
-4.297231
-4.775554
-5.110254
-5.463116
-5.833520
-6.140946
-6.465219
-6.805793
-7.082850
11.600513
11.722167
11.869596
12.045557
12.161123
12.401611
12.399309
12.525794
12.785781
12.803051
12.957569
13.060763
13.113127
9.234471
8.712155
7.781595
7.173076
6.523826
5.835884
5.199667
4.615478
4.083664
3.517428
3.091866
2.374156
1.885018
1.365668
0.902482
0.410850
-0.108031
-0.569033
-0.972102
-1.483902
-1.936401
-2.329655
-2.828362
-3.102560
-3.562938
-3.880840
-4.301032
-4.740874
-5.038260
-5.515870
-5.850783
-6.203701
-6.574005
-6.881724
-7.206141
-7.546716
-7.824176
10.891554
11.008281
11.150673
11.231114
11.432240
11.667250
11.660906
11.782637
12.037117
12.050337
12.200028
12.298729
12.346938
8.487853
7.965043
7.036537
6.428191
5.779431
5.092287
4.456618
3.872719
3.340932
2.774996
2.348909
1.632574
1.143425
0.624311
0.161054
-0.330414
-0.932625
-1.309838
-1.713166
-2.224471
-2.676812
-3.070253
-3.568407
-3.843493
-4.303484
-4.621906
-5.041895
-5.481360
-5.779289
-6.256186
-6.591314
-6.944287
-7.314492
-7.622504
-8.025655
-8.287642
-8.565505
10.182621
10.294422
10.431774
10.507566
10.703383
10.932912
10.922527
11.039503
11.288475
11.297645
11.442508
11.536715
11.580767
7.741253
7.217947
6.291494
5.683320
5.035050
4.348704
3.713581
3.129973
2.598210
2.032575
1.605961
0.891001
0.401841
-0.117039
-0.580366
-1.071671
-1.672947
-2.050636
-2.454225
-2.965034
-3.417220
-3.810848
-4.308449
-4.584424
-5.044029
-5.362971
-5.782758
-6.221846
-6.520318
-6.996503
-7.331845
-7.684875
-8.054981
-8.363287
-8.766039
-9.028572
-9.306839
9.473715
9.580588
9.712902
9.784044
9.974549
10.198599
10.184170
10.296391
10.539855
10.544973
10.685008
10.774722
10.814616
6.994670
6.470868
5.546468
4.938465
4.290683
3.605134
2.970558
2.387239
1.855501
1.290165
0.863024
0.149438
-0.339735
-0.858381
-1.321779
-1.812921
-2.413263
-2.791429
-3.195279
-3.705594
-4.157623
-4.551439
-5.048488
-5.325352
-5.784571
-6.104034
-6.523619
-6.962332
-7.261347
-7.736821
-8.072378
-8.425464
-8.795472
-9.104073
-9.506427
-9.769505
-10.048177
8.764836
8.866781
8.994055
9.060547
9.245740
9.464309
9.445837
9.553302
9.791257
9.792323
9.927528
10.012748
10.048484
6.248104
5.723806
4.801457
4.193624
3.546331
2.861578
2.227548
1.644517
1.112803
0.547766
0.120097
-0.592116
-1.081301
-1.599714
-2.063185
-2.554165
-3.153573
-3.532216
-3.936328
-4.446148
-4.898023
-5.372480
-5.788525
-6.066278
-6.525112
-6.924476
-7.264480
-7.702818
-8.002376
-8.477139
-8.812912
-9.166055
-9.535965
-9.844861
-10.246818
-10.510442
-10.789518
8.055983
8.153000
8.275233
8.337074
8.516955
8.730042
8.617277
8.810235
9.042681
9.039695
9.170070
9.250795
9.282372
5.501556
4.976760
4.056462
3.448799
2.801993
2.118035
1.570297
0.901807
0.370116
-0.194623
-0.706907
-1.333660
-1.905923
-2.341039
-2.804583
-3.295401
-3.893876
-4.354202
-4.677371
-5.267216
-5.638419
-6.112521
-6.528558
-6.807202
-7.344662
-7.664992
-8.005340
-8.443303
-8.821399
-9.217459
-9.553448
-9.906648
-10.276461
-10.585652
-10.987211
-11.251382
-11.530864
7.347157
7.439244
7.556437
7.613627
7.788194
7.995800
7.879530
8.067191
8.294127
8.287087
8.412632
8.488861
8.516279
4.755026
4.229731
3.311483
2.703989
2.057670
1.374506
0.826764
0.159109
-0.372560
-0.937001
-1.449267
-2.075195
-2.646927
-3.164474
-3.545973
-4.036631
-4.634173
-5.094433
-5.418410
-6.007218
-6.378810
-6.852558
-7.268589
-7.548124
-8.084655
-8.405507
-8.746199
-9.183788
-9.561884
-9.957779
-10.293984
-10.647243
-11.016959
-11.326445
-11.727608
-11.992326
-12.272213
6.638358
6.725515
6.837666
6.890204
7.059458
7.261581
7.141807
7.324169
7.545594
7.534501
7.655214
7.726947
7.657235
4.008513
3.482719
2.566520
1.959194
1.313361
0.630991
0.083244
-0.583577
-1.198909
-1.762611
-2.191616
-2.816721
-3.387922
-3.905238
-4.287356
-4.777854
-5.374464
-5.834659
-6.159444
-6.747215
-7.119198
-7.592592
-8.008617
-8.289043
-8.824647
-9.146021
-9.487057
-9.924273
-10.302370
-10.698100
-11.034522
-11.387839
-11.757458
-12.142784
-12.468008
-12.808348
-13.013567
5.929585
6.011812
6.118921
6.166807
6.330746
6.527386
6.404106
6.581170
6.797084
6.781936
6.897818
6.965054
6.891762
3.262018
2.735724
1.821573
1.214414
0.569066
-0.112511
-0.660263
-1.326250
-1.941014
-2.504421
-2.933956
-3.558237
-4.128908
-4.645994
-5.028731
-5.519070
-6.114748
-6.574880
-6.900472
-7.487208
-7.859582
-8.332622
-8.748642
-9.107712
-9.564637
-9.886533
-10.227915
-10.664757
-11.042856
-11.438421
-11.775061
-12.203908
-12.497960
-12.883038
-13.208411
-13.548754
-13.754924
5.220839
5.298135
5.400202
5.443434
5.602058
5.793215
5.666429
5.838193
6.048595
6.029393
6.140442
6.203180
6.126309
2.515541
1.988746
1.076642
0.384591
-0.259749
-0.855999
-1.403758
-2.068912
-2.683108
-3.246220
-3.676285
-4.299743
-4.869886
-5.386742
-5.770099
-6.260279
-6.855027
-7.315094
-7.641495
-8.227197
-8.599962
-9.072649
-9.488665
-9.848082
-10.304625
-10.627045
-10.968772
-11.405242
-11.783342
-12.178743
-12.515601
-12.943964
-13.238464
-13.623295
-13.948817
-14.289164
-14.496286
4.512120
4.584484
4.681508
4.720086
4.873395
5.059068
4.928775
5.095239
5.300129
5.276870
5.383086
5.441327
5.360875
1.769081
1.241784
0.331727
-0.359608
-1.003465
-1.599474
-2.147239
-2.811561
-3.425191
-3.988008
-4.418605
-5.041241
-5.610855
-6.127481
-6.511460
-7.001481
-7.595299
-8.055303
-8.382514
-8.967180
-9.417793
-9.812673
-10.228684
-10.588450
-11.044611
-11.367554
-11.709628
-12.145726
-12.523829
-12.919066
-13.330776
-13.684021
-13.978971
-14.363555
-14.689226
-15.029577
-15.237651
3.803428
3.870860
3.962839
3.996763
4.144756
4.324944
4.191143
4.352307
4.551684
4.524369
4.625752
4.679493
4.595461
1.022638
0.494839
-0.413173
-1.103793
-1.747168
-2.342935
-2.973166
-3.554198
-4.167262
-4.729786
-5.160914
-5.782729
-6.351816
-6.868213
-7.252813
-7.742676
-8.335564
-8.795507
-9.123527
-9.707160
-10.157622
-10.552693
-10.968701
-11.328816
-11.784595
-12.108063
-12.450483
-12.886210
-13.264316
-13.659390
-14.070775
-14.424080
-14.719479
-15.103817
-15.429638
-15.769994
-15.979020
3.094762
3.157261
3.244196
3.273465
3.416142
3.590844
3.453535
3.522314
3.803261
3.771889
3.868437
3.917680
3.830066
0.276213
-0.252089
-1.158056
-1.847962
-2.490856
-3.086383
-3.716074
-4.296823
-4.909322
-5.471553
-5.903213
-6.524207
-7.092767
-7.608937
-7.994158
-8.483865
-9.075824
-9.535704
-9.864535
-10.447135
-10.897446
-11.292710
-11.708714
-12.069179
-12.524578
-12.848570
-13.191338
-13.701039
-14.004803
-14.399714
-14.810775
-15.164141
-15.459990
-15.844082
-16.170053
-16.510415
-16.720394
2.386123
2.443688
2.525579
2.550191
2.687551
2.856768
2.715950
2.779974
3.054860
3.019431
3.111144
3.155886
3.064690
-0.470194
-1.083206
-1.902924
-2.592116
-3.234530
-3.829816
-4.458969
-5.039436
-5.651371
-6.213309
-6.645502
-7.265677
-7.833710
-8.349652
-8.735496
-9.225047
-9.816077
-10.275896
-10.605538
-11.187105
-11.637266
-12.032723
-12.448725
-12.809540
-13.264559
-13.589077
-13.932192
-14.440979
-14.745290
-15.140040
-15.550776
-15.904204
-16.200502
-16.584350
-16.910471
-17.250839
-17.461771
1.677510
1.730142
1.806987
1.826943
1.958985
2.122715
1.978388
2.037657
2.306481
2.266994
2.353871
2.394113
2.299333
-1.216584
-1.829547
-2.647775
-3.336255
-3.978189
-4.573237
-5.201851
-5.782037
-6.393408
-6.955055
-7.387782
-8.085645
-8.574644
-9.090360
-9.476827
-9.966221
-10.556324
-11.016083
-11.346536
-11.927071
-12.377083
-12.772734
-13.188733
-13.549898
-14.004538
-14.329581
-14.673045
-15.180918
-15.485777
-15.880366
-16.290778
-16.644268
-16.941017
-17.324620
-17.650893
-17.991266
-18.203152
0.968924
1.016621
1.088420
1.103720
1.230444
1.388687
1.240849
1.295363
1.558124
1.514577
1.596619
1.632359
1.533996
-1.962956
-2.575871
-3.392611
-4.080379
-4.721834
-5.316644
-5.944720
-6.524625
-7.135434
-7.696789
-8.130051
-8.826550
-9.315570
-9.831059
-10.218150
-10.707389
-11.296565
-11.756264
-12.087529
-12.667032
-13.116896
-13.512740
-13.928739
-14.290255
-14.744515
-15.070085
-15.486964
-15.920857
-16.226265
-16.620692
-17.030782
-17.384333
-17.681534
-18.064893
-18.391317
-18.731697
-18.944537
0.260365
0.303127
0.369879
0.380521
0.501926
0.654682
0.503333
0.553090
0.809789
0.762183
0.839387
0.870625
0.768678
-2.709311
-3.322179
-4.137431
-4.824488
-5.465465
-6.060037
-6.687576
-7.267202
-7.877448
-8.438513
-8.872310
-9.567446
-10.056486
-10.571750
-10.959466
-11.448550
-12.036800
-12.496439
-12.828517
-13.406989
-13.856704
-14.252744
-14.668741
-15.030609
-15.484490
-15.810587
-16.227271
-16.660796
-16.966753
-17.432614
-17.770787
-18.124401
-18.422054
-18.805168
-19.131744
-19.472132
-19.685926
-0.448168
-0.410341
-0.348636
-0.342653
-0.226567
-0.079299
-0.234159
-0.189159
0.061476
0.009809
0.082176
0.108912
0.003380
-3.455648
-4.068470
-4.882235
-5.568582
-6.209081
-6.803416
-7.430419
-8.009766
-8.619451
-9.180227
-9.614558
-10.308332
-10.797394
-11.312434
-11.776568
-12.189704
-12.777028
-13.236608
-13.569499
-14.146941
-14.596509
-14.992744
-15.408740
-15.770961
-16.224464
-16.551088
-16.967578
-17.400734
-17.707241
-18.172399
-18.510793
-18.864470
-19.162575
-19.545446
-19.872175
-20.212570
-20.427319
-1.156674
-1.123784
-1.067126
-1.065801
-0.955035
-0.813256
-0.971629
-0.931387
-0.686815
-0.742543
-0.675014
-0.652782
-0.761899
-4.201968
-4.814745
-5.627023
-6.312661
-6.952683
-7.546782
-8.173250
-8.752319
-9.361442
-9.921929
-10.356797
-11.049209
-11.538294
-12.053109
-12.517324
-12.930852
-13.517250
-13.976772
-14.310477
-14.886889
-15.336310
-15.732740
-16.148737
-16.511310
-16.964436
-17.291588
-17.707884
-18.140673
-18.447730
-18.912184
-19.250800
-19.604541
-19.903098
-20.285727
-20.612608
-20.953011
-21.168717
-1.865153
-1.837200
-1.785591
-1.788925
-1.683480
-1.547190
-1.709076
-1.673591
-1.435085
-1.494874
-1.432183
-1.414455
-1.527159
-4.948270
-5.561002
-6.371795
-7.056725
-7.696271
-8.290135
-8.916068
-9.494859
-10.103422
-10.663621
-11.099026
-11.790077
-12.279184
-12.793776
-13.258072
-13.671992
-14.257466
-14.716930
-15.051450
-15.626833
-16.076107
-16.472733
-16.888731
-17.251657
-17.704406
-18.032087
-18.448189
-18.880611
-19.188218
-19.651970
-19.990809
-20.344614
-20.712835
-21.026010
-21.421732
-21.693456
-21.978489
-2.573605
-2.550590
-2.504030
-2.512024
-2.411900
-2.281100
-2.446499
-2.415774
-2.266771
-2.247184
-2.189332
-2.176109
-2.292400
-5.694554
-6.307243
-7.116551
-7.800773
-8.439844
-9.111395
-9.658873
-10.237387
-10.845391
-11.405303
-11.841245
-12.530936
-13.020066
-13.534435
-13.998813
-14.413126
-14.997675
-15.457082
-15.865190
-16.366772
-16.815900
-17.212723
-17.628722
-17.992002
-18.444375
-18.772584
-19.188493
-19.620548
-19.928707
-20.391757
-20.730818
-21.084688
-21.452819
-21.766296
-22.161628
-22.433905
-22.719348
-3.282031
-3.263954
-3.222443
-3.235099
-3.140295
-3.014986
-3.183900
-3.157934
-3.014441
-2.999473
-2.946461
-2.937742
-3.057621
-6.440821
-7.053467
-7.861292
-8.544807
-9.183403
-9.854173
-10.401665
-10.979903
-11.587348
-12.146973
-12.583453
-13.271785
-13.760939
-14.275085
-14.739546
-15.154252
-15.737879
-16.197229
-16.605607
-17.106706
-17.555689
-17.952709
-18.368710
-18.732344
-19.184341
-19.513080
-19.928797
-20.360486
-20.669196
-21.131545
-21.470829
-21.824764
-22.192805
-22.506585
-22.901527
-23.174357
-23.460212
-3.990431
-3.977292
-3.940831
-3.958148
-3.868667
-3.748848
-3.921277
-3.900071
-3.762090
-3.751740
-3.703569
-3.699356
-3.822823
-7.187071
-7.799675
-8.606016
-9.288825
-9.926948
-10.596936
-11.144444
-11.722406
-12.329294
-12.888633
-13.325652
-14.012624
-14.501803
-15.015728
-15.480272
-15.895372
-16.478076
-16.937370
-17.346020
-17.846636
-18.295474
-18.692692
-19.108695
-19.472685
-19.924306
-20.253575
-20.669100
-21.100423
-21.409686
-21.871333
-22.210841
-22.564842
-22.932793
-23.246876
-23.641429
-23.914812
-24.201080
-4.775981
-4.690604
-4.659194
-4.681172
-4.597014
-4.482687
-4.658631
-4.642186
-4.509716
-4.503986
-4.460656
-4.460949
-4.588006
-7.933302
-8.545865
-9.350725
-10.032828
-10.670478
-11.339687
-11.887210
-12.464898
-13.071228
-13.630282
-14.067841
-14.753454
-15.242659
-15.756363
-16.220990
-16.636485
-17.218266
-17.677506
-18.086428
-18.586561
-19.035255
-19.432672
-19.848678
-20.213023
-20.664269
-20.994068
-21.409402
-21.840360
-22.150175
-22.611122
-22.950855
-23.304921
-23.672784
-23.987169
-24.381334
-24.655271
-24.941952
-5.483830
-5.403889
-5.377531
-5.404172
-5.325337
-5.216501
-5.395963
-5.384279
-5.257321
-5.256211
-5.217722
-5.222523
-5.353170
-8.679517
-9.292039
-10.095418
-10.776816
-11.413995
-12.082423
-12.629964
-13.207377
-13.813151
-14.371920
-14.883601
-15.494275
-15.983505
-16.496989
-16.961701
-17.377591
-17.958451
-18.417636
-18.826831
-19.396564
-19.775032
-20.172648
-20.588657
-20.953358
-21.404230
-21.802948
-22.149703
-22.580297
-22.890665
-23.350911
-23.690869
-24.045002
-24.412776
-24.727466
-25.121242
-25.395734
-25.682828
-6.191652
-6.117149
-6.095843
-6.127146
-6.053635
-5.950293
-6.133271
-6.126349
-6.004904
-6.008414
-5.974768
-5.984077
-6.118314
-9.425714
-10.038196
-10.840094
-11.520789
-12.157496
-12.825146
-13.372705
-13.949845
-14.555063
-15.113548
-15.625223
-16.235087
-16.724344
-17.237608
-17.702404
-18.118691
-18.698629
-19.157760
-19.567228
-20.135938
-20.514805
-20.912621
-21.397263
-21.693691
-22.144190
-22.542895
-22.890004
-23.320234
-23.631156
-24.090702
-24.430885
-24.785085
-25.152771
-25.467765
-25.861154
-26.136200
-26.423707
-6.899447
-6.830383
-6.814129
-6.850096
-6.781909
-6.684060
-6.870556
-6.868396
-6.752465
-6.760596
-6.731793
-6.745610
-6.883438
-10.171893
-10.784337
-11.584755
-12.264747
-12.900984
-13.567856
-14.115433
-14.692300
-15.296963
-15.855164
-16.366835
-16.975889
-17.465173
-17.978218
-18.443100
-18.859783
-19.438801
-19.897878
-20.307621
-20.875307
-21.254574
-21.652591
-22.136694
-22.434022
-22.884147
-23.282841
-23.630303
-24.060170
-24.371646
-24.830493
-25.170902
-25.525169
-25.892768
-26.208066
-26.601068
-26.876670
-27.164591
-7.607215
-7.543590
-7.532389
-7.573021
-7.587512
-7.495813
-7.607818
-7.610422
-7.500004
-7.512757
-7.488798
-7.507124
-7.648544
-10.918054
-11.530460
-12.329400
-13.008690
-13.644457
-14.310552
-14.858148
-15.434743
-16.038852
-16.596771
-17.108437
-17.716682
-18.205994
-18.718820
-19.183789
-19.600869
-20.178967
-20.637991
-21.048008
-21.614671
-21.994340
-22.392557
-22.876122
-23.174351
-23.624103
-24.022785
-24.370603
-24.800106
-25.112137
-25.570285
-25.910920
-26.265255
-26.632767
-26.948370
-27.340985
-27.617143
-27.905479
-8.314957
-8.256772
-8.250624
-8.295921
-8.315212
-8.228999
-8.345057
-8.352424
-8.247521
-8.264897
-8.245782
-8.268617
-8.413630
-11.664199
-12.276567
-13.074029
-13.752618
-14.387915
-15.053234
-15.600850
-16.249764
-16.780729
-17.338366
-17.850029
-18.457465
-19.017226
-19.459414
-19.924470
-20.341947
-20.919127
-21.378098
-21.788390
-22.354031
-22.734101
-23.132519
-23.615547
-23.914677
-24.430463
-24.762729
-25.110901
-25.605591
-25.852627
-26.310078
-26.650940
-27.005343
-27.372768
-27.688677
-28.080906
-28.357620
-28.646370
-9.022673
-8.969927
-8.968834
-9.018796
-9.042887
-8.962162
-9.082273
-9.094405
-8.995016
-9.017016
-9.002745
-9.030091
-9.178697
-12.486021
-13.022657
-13.893159
-14.496530
-15.131360
-15.795903
-16.343539
-16.991636
-17.594146
-18.079951
-18.591611
-19.198239
-19.757485
-20.269484
-20.665143
-21.083019
-21.659280
-22.186246
-22.528768
-23.093387
-23.473859
-23.939237
-24.354970
-24.655001
-25.169873
-25.502671
-25.851198
-26.344984
-26.657946
-27.049871
-27.390960
-27.809386
-28.112772
-28.428987
-28.820830
-29.098100
-29.387266
-9.730361
-9.683057
-9.687018
-9.741646
-9.770538
-9.695300
-9.819466
-9.836363
-9.742490
-9.769113
-9.759688
-9.791545
-9.943745
-13.231578
-13.768731
-14.637206
-15.240428
-15.874790
-16.538558
-17.086216
-17.733496
-18.335455
-18.821525
-19.333183
-19.939004
-20.497735
-21.009518
-21.405809
-21.824084
-22.399427
-22.925798
-23.269140
-23.832738
-24.213612
-24.678650
-25.094389
-25.461002
-25.909280
-26.242612
-26.591495
-27.084376
-27.397894
-27.789665
-28.130982
-28.548934
-28.852777
-29.169299
-29.560756
-29.838584
-30.128165
-10.438023
-10.396160
-10.405177
-10.464472
-10.498165
-10.428415
-10.556636
-10.578298
-10.489942
-10.521189
-10.516610
-10.552978
-10.708773
-13.977118
-14.514787
-15.381238
-15.984310
-16.618206
-17.281200
-17.828879
-18.475344
-19.076752
-19.563088
-20.074745
-20.679759
-21.237977
-21.749544
-22.146468
-22.565142
-23.139568
-23.665346
-24.009507
-24.572084
-24.953362
-25.418060
-25.833806
-26.200778
-26.648686
-26.982551
-27.331791
-27.823768
-28.137842
-28.529460
-28.871005
-29.288484
-29.592785
-29.972001
-30.300686
-30.579071
-30.869069
-11.145659
-11.109237
-11.123310
-11.187272
-11.225768
-11.161506
-11.293783
-11.320211
-11.237371
-11.273244
-11.273511
-11.314392
-11.473782
-14.722640
-15.260827
-16.125254
-16.728178
-17.361607
-18.023828
-18.571530
-19.217180
-19.818038
-20.304640
-20.816297
-21.420505
-21.978210
-22.489562
-22.887119
-23.306193
-23.879702
-24.404887
-24.749869
-25.311426
-25.693108
-26.157466
-26.573220
-26.940552
-27.388090
-27.722490
-28.072087
-28.563160
-28.877790
-29.269256
-29.611029
-30.028035
-30.332795
-30.711775
-31.040619
-31.319562
-31.609976
-11.853268
-11.822288
-11.841418
-11.910048
-11.953346
-11.894574
-12.030907
-12.062102
-11.984779
-12.025278
-12.030392
-12.075785
-12.238772
-15.468144
-16.006850
-16.869254
-17.472030
-18.104994
-18.766442
-19.314168
-19.959004
-20.559312
-21.046182
-21.557839
-22.161241
-22.718434
-23.229572
-23.627762
-24.047237
-24.619831
-25.144423
-25.490226
-26.050763
-26.432849
-26.896869
-27.312631
-27.680323
-28.127492
-28.462427
-28.875558
-29.302552
-29.617738
-30.009052
-30.413088
-30.767588
-31.072807
-31.451551
-31.780554
-32.060056
-32.350887
-12.560850
-12.535314
-12.559500
-12.632799
-12.680900
-12.627617
-12.768008
-12.803970
-12.732165
-12.777290
-12.787252
-12.837159
-13.003742
-16.213631
-16.752857
-17.613238
-18.215867
-18.848367
-19.509043
-20.056793
-20.700816
-21.300576
-21.787713
-22.299370
-22.901968
-23.458649
-23.969574
-24.368399
-24.788275
-25.359953
-25.883953
-26.230578
-26.790096
-27.172587
-27.636268
-28.052039
-28.420092
-28.866893
-29.202363
-29.615308
-30.041943
-30.357687
-30.748849
-31.152572
-31.507143
-31.812821
-32.191330
-32.520493
-32.800554
-33.091803
-13.268406
-13.248313
-13.277557
-13.355524
-13.408430
-13.360637
-13.505085
-13.545816
-13.479529
-13.529281
-13.544092
-13.598513
-13.768693
-16.959101
-17.498847
-18.357206
-18.959689
-19.591726
-20.251631
-20.799406
-21.442615
-22.041827
-22.529234
-23.040892
-23.642686
-24.198856
-24.709568
-25.109027
-25.594926
-26.165193
-26.623477
-26.970925
-27.529425
-27.912321
-28.375664
-28.791445
-29.159859
-29.606292
-29.942297
-30.355058
-30.781334
-31.097636
-31.488647
-31.892057
-32.246699
-32.552837
-32.931112
-33.260435
-33.600795
-33.832722
-13.975935
-13.961286
-13.995588
-14.078225
-14.135936
-14.093634
-14.242140
-14.287639
-14.226872
-14.281251
-14.300911
-14.359847
-14.533625
-17.704552
-18.244820
-19.101158
-19.703496
-20.335070
-20.994205
-21.542005
-22.184403
-22.783068
-23.270743
-23.782403
-24.383395
-24.939054
-25.449553
-25.849648
-26.335405
-26.904760
-27.362996
-27.711266
-28.268749
-28.715282
-29.115057
-29.530847
-29.899623
-30.345689
-30.682230
-31.094806
-31.520725
-31.837585
-32.228445
-32.631543
-32.986257
-33.292856
-33.670896
-34.000380
-34.340756
-34.573645
-14.683437
-14.674233
-14.713594
-14.800902
-14.863417
-14.826606
-14.979172
-15.029440
-14.974192
-15.033199
-15.057709
-15.121160
-15.298537
-18.449987
-18.990776
-19.845095
-20.447288
-21.078400
-21.736765
-22.284592
-22.926178
-23.524297
-24.012242
-24.523905
-25.124094
-25.679243
-26.189531
-26.590262
-27.075878
-27.644320
-28.102509
-28.451603
-29.008068
-29.454465
-29.854446
-30.270247
-30.639385
-31.085084
-31.422162
-31.834554
-32.260116
-32.577534
-33.028336
-33.371030
-33.725817
-34.032876
-34.410683
-34.740328
-35.080720
-35.314572
-15.390913
-15.387154
-15.431574
-15.523553
-15.590874
-15.559555
-15.716180
-15.771218
-15.721491
-15.785127
-15.888700
-15.882454
-16.063430
-19.195404
-19.806994
-20.589015
-21.191065
-21.821715
-22.479312
-23.027165
-23.667942
-24.265514
-24.753730
-25.265396
-25.864783
-26.419424
-26.929500
-27.330868
-27.816343
-28.383874
-28.842017
-29.191934
-29.747383
-30.193645
-30.593832
-31.009644
-31.379145
-31.824477
-32.162093
-32.574302
-32.999506
-33.317484
-33.767594
-34.110518
-34.465378
-34.831690
-35.150472
-35.480280
-35.820688
-36.055503
-16.098363
-16.100049
-16.149529
-16.246179
-16.318307
-16.292480
-16.453166
-16.512974
-16.468767
-16.537033
-16.644889
-16.643728
-16.828304
-19.940803
-20.552365
-21.332920
-21.934827
-22.565016
-23.221845
-23.769726
-24.409693
-25.006720
-25.495208
-26.006878
-26.605464
-27.159595
-27.669462
-28.071467
-28.556802
-29.123421
-29.581519
-29.932261
-30.486694
-30.932820
-31.333214
-31.749038
-32.118902
-32.563869
-32.902023
-33.314048
-33.738896
-34.057434
-34.506852
-34.850008
-35.204942
-35.571172
-35.890264
-36.220234
-36.560660
-36.796439
-16.805785
-16.812918
-16.867459
-16.968781
-17.045715
-17.025382
-17.190128
-17.254707
-17.216022
-17.288918
-17.401058
-17.404981
-17.593159
-20.686185
-21.297720
-22.076809
-22.678573
-23.375719
-23.964364
-24.512274
-25.151432
-25.747915
-26.236675
-26.748349
-27.346134
-27.899758
-28.409415
-28.812058
-29.297254
-29.862963
-30.321015
-30.672582
-31.226000
-31.671992
-32.072594
-32.488429
-32.858657
-33.303258
-33.641951
-34.053794
-34.478286
-34.797384
-35.246110
-35.589499
-35.944506
-36.310656
-36.630059
-36.960191
-37.300635
-37.594216
-17.513182
-17.525760
-17.585363
-17.691358
-17.773099
-17.758260
-17.927068
-17.996419
-17.963255
-18.040782
-18.157206
-18.166215
-18.357994
-21.431549
-22.043057
-22.820682
-23.422305
-24.118444
-24.706870
-25.254810
-25.893159
-26.489099
-26.978131
-27.489811
-28.086796
-28.639913
-29.149360
-29.552642
-30.037698
-30.602498
-31.060505
-31.412899
-31.965301
-32.411159
-32.811969
-33.227817
-33.598410
-34.042646
-34.381878
-34.793539
-35.217676
-35.537334
-35.985370
-36.328991
-36.684073
-37.050142
-37.369856
-37.700151
-38.040613
-38.334615
-18.220551
-18.238577
-18.303241
-18.413910
-18.500459
-18.491114
-18.663984
-18.738107
-18.710466
-18.792624
-18.913334
-18.927429
-19.122810
-22.176896
-22.788378
-23.564539
-24.166021
-24.861155
-25.449363
-25.997332
-26.634874
-27.230271
-27.719576
-28.231262
-28.827448
-29.380058
-29.889297
-30.293219
-30.778137
-31.342027
-31.799990
-32.153210
-32.704598
-33.150323
-33.551342
-33.967203
-34.338161
-34.782033
-35.121803
-35.533283
-35.957065
-36.277285
-36.724630
-37.068484
-37.423641
-37.789630
-38.109656
-38.440115
-38.780595
-39.075017
-18.927894
-18.951368
-19.021094
-19.136437
-19.227795
-19.223944
-19.400877
-19.479773
-19.457655
-19.544445
-19.669440
-19.688623
-19.887607
-22.922226
-23.533682
-24.308380
-24.909723
-25.603851
-26.191842
-26.739842
-27.376577
-27.971431
-28.461011
-28.972703
-29.568091
-30.120195
-30.629226
-31.033788
-31.518568
-32.081550
-32.539470
-32.893516
-33.443891
-33.889483
-34.290711
-34.706586
-35.077909
-35.521417
-35.861728
-36.273027
-36.696454
-37.017236
-37.463891
-37.807979
-38.163211
-38.529121
-38.849458
-39.180081
-39.520581
-39.815424
-19.635211
-19.664133
-19.738922
-19.858939
-19.955107
-19.956751
-20.137748
-20.221417
-20.204823
-20.366636
-20.425527
-20.449797
-20.652384
-23.667538
-24.278970
-25.052206
-25.653409
-26.346532
-26.934307
-27.546624
-28.118268
-28.712581
-29.265375
-29.714134
-30.370792
-30.860324
-31.369147
-31.774349
-32.258992
-32.821066
-33.278943
-33.633817
-34.183179
-34.628639
-35.030076
-35.445965
-35.817655
-36.260800
-36.601651
-37.012770
-37.435843
-37.757187
-38.203152
-38.547474
-38.902782
-39.268613
-39.589263
-39.920051
-40.260570
-40.555834
-20.342500
-20.376871
-20.456724
-20.581416
-20.682394
-20.689534
-20.874595
-20.963039
-20.951968
-21.117855
-21.181592
-21.281539
-21.417143
-24.412832
-25.024241
-25.796015
-26.397080
-27.089200
-27.676759
-28.288561
-28.859946
-29.453718
-30.006243
-30.455555
-31.110872
-31.600443
-32.109060
-32.514903
-32.999410
-33.560576
-34.018411
-34.433190
-34.922462
-35.367790
-35.769438
-36.185342
-36.557398
-37.000181
-37.341573
-37.752512
-38.175232
-38.497138
-38.942415
-39.286971
-39.642356
-40.008108
-40.329071
-40.660023
-41.000562
-41.296249
-21.049764
-21.089584
-21.174500
-21.303869
-21.409657
-21.422293
-21.611419
-21.704638
-21.699092
-21.869052
-21.937637
-22.042098
-22.181881
-25.158109
-25.769495
-26.539809
-27.140736
-27.831853
-28.419197
-29.030486
-29.601613
-30.194845
-30.747100
-31.196966
-31.850943
-32.340554
-32.848965
-33.255449
-33.739820
-34.300080
-34.757874
-35.172937
-35.661741
-36.106938
-36.508797
-36.924717
-37.297140
-37.739560
-38.137836
-38.492253
-38.914620
-39.237089
-39.681678
-40.026469
-40.381931
-40.747605
-41.068881
-41.453925
-41.740559
-42.036667
-21.757000
-21.802270
-21.958290
-22.026296
-22.136895
-22.155029
-22.348221
-22.446214
-22.446194
-22.620228
-22.693662
-22.802638
-22.946601
-25.903368
-26.514732
-27.283587
-27.884377
-28.574492
-29.161622
-29.772397
-30.343267
-30.935960
-31.487947
-31.938368
-32.591005
-33.080656
-33.588862
-33.995988
-34.480224
-35.039578
-35.497330
-35.912679
-36.401016
-36.846082
-37.248153
-37.720688
-38.036879
-38.478937
-38.877212
-39.231994
-39.654008
-39.977041
-40.420942
-40.765969
-41.121507
-41.487104
-41.808694
-42.193361
-42.480558
-42.777089
-22.464210
-22.514931
-22.675505
-22.748699
-22.864110
-22.887741
-23.084999
-23.187768
-23.193274
-23.371382
-23.449666
-23.563157
-23.711301
-26.648610
-27.259953
-28.027349
-28.628003
-29.317116
-29.904033
-30.514296
-31.084909
-31.677064
-32.228783
-32.679759
-33.331057
-33.820749
-34.328751
-34.736520
-35.220621
-35.837048
-36.236781
-36.652417
-37.140286
-37.585223
-38.043865
-38.459515
-38.776615
-39.218313
-39.616588
-39.971733
-40.393396
-40.771409
-41.160206
-41.505469
-41.861085
-42.226605
-42.548510
-42.932799
-43.220561
-43.517516
-23.171394
-23.227566
-23.392695
-23.471077
-23.591300
-23.620429
-23.821754
-23.929300
-23.940332
-24.122516
-24.205649
-24.323657
-24.475982
-27.393834
-28.005157
-28.771095
-29.371614
-30.059727
-30.708380
-31.256182
-31.826540
-32.418156
-32.969608
-33.421139
-34.071099
-34.560834
-35.068631
-35.477044
-36.018924
-36.575991
-37.033327
-37.392149
-37.879552
-38.324359
-38.782671
-39.198338
-39.516350
-39.957687
-40.355961
-40.711472
-41.132784
-41.510819
-41.899471
-42.244971
-42.653677
-42.966108
-43.288328
-43.672241
-44.012617
-44.257946
-23.878551
-23.940174
-24.109859
-24.193430
-24.318466
-24.353094
-24.558486
-24.670809
-24.687368
-24.873628
-24.961612
-25.084136
-25.240644
-28.139041
-28.750344
-29.514825
-30.115209
-30.802323
-31.450218
-31.998055
-32.628637
-33.159237
-33.710423
-34.162510
-34.811133
-35.300910
-35.808504
-36.217561
-36.758764
-37.314928
-37.772224
-38.131876
-38.618813
-39.063491
-39.521475
-39.937159
-40.256082
-40.697059
-41.095334
-41.451211
-41.925697
-42.250228
-42.638737
-42.984474
-43.392716
-43.705614
-44.080133
-44.411686
-44.752084
-44.998380
-24.585681
-24.652757
-24.826997
-24.915758
-25.045608
-25.085735
-25.295195
-25.412296
-25.434383
-25.624719
-25.717554
-25.844596
-26.005286
-28.884230
-29.432406
-30.258539
-30.858790
-31.544904
-32.192042
-32.739916
-33.369698
-33.900306
-34.451227
-34.903871
-35.551156
-36.040977
-36.548368
-36.958070
-37.498596
-38.053858
-38.511116
-38.871598
-39.358069
-39.802619
-40.260274
-40.675977
-40.995811
-41.490268
-41.834706
-42.190948
-42.664542
-42.989638
-43.378004
-43.723978
-44.131757
-44.445121
-44.819413
-45.151134
-45.491555
-45.738818
-25.292785
-25.365313
-25.544111
-25.638062
-25.772725
-25.818352
-26.031881
-26.153760
-26.181375
-26.375789
-26.473476
-26.605036
-26.836621
-29.629402
-30.178111
-31.002238
-31.602355
-32.287472
-32.933852
-33.481763
-34.110747
-34.641364
-35.192020
-35.703430
-36.291171
-36.781036
-37.288225
-37.698572
-38.238422
-38.792783
-39.250002
-39.611315
-40.097321
-40.541744
-40.999071
-41.414792
-41.735539
-42.229094
-42.574076
-42.930685
-43.403387
-43.729048
-44.117272
-44.463484
-44.870800
-45.184631
-45.558696
-45.890585
-46.231029
-46.479260
-25.999862
-26.077843
-26.261198
-26.360340
-26.499819
-26.550945
-26.768544
-26.895202
-26.928346
-27.126838
-27.229377
-27.365456
-27.600645
-30.374556
-30.923800
-31.745921
-32.406694
-33.030025
-33.675649
-34.223598
-34.851783
-35.382411
-35.932802
-36.444226
-37.031176
-37.521086
-38.028073
-38.439066
-38.978241
-39.531701
-39.988883
-40.351027
-40.836569
-41.280864
-41.737864
-42.153604
-42.475264
-42.967919
-43.313445
-43.670421
-44.142231
-44.468458
-44.856540
-45.254086
-45.609844
-45.924143
-46.297982
-46.630039
-46.970507
-47.219706
-26.645141
-26.790348
-26.978261
-27.082594
-27.226888
-27.283515
-27.505184
-27.636622
-27.739781
-27.877866
-27.985258
-28.125856
-28.364650
-31.119693
-31.669472
-32.489587
-33.149681
-33.772564
-34.417432
-34.965420
-35.592807
-36.123446
-36.673574
-37.185011
-37.771172
-38.261127
-38.767913
-39.179553
-39.718054
-40.270613
-40.727758
-41.090734
-41.629531
-42.019981
-42.476654
-42.892413
-43.267545
-43.706742
-44.052812
-44.461844
-44.881076
-45.207869
-45.595809
-45.993052
-46.348890
-46.663657
-47.037270
-47.369496
-47.709988
-47.960156
-27.352662
-27.502826
-27.695298
-27.804823
-27.953932
-28.016062
-28.304975
-28.378019
-28.486155
-28.628872
-28.741117
-28.886236
-29.128636
-31.864812
-32.415127
-33.233238
-33.892653
-34.515088
-35.159202
-35.707229
-36.333820
-36.864470
-37.414335
-37.925787
-38.511159
-39.001159
-39.507745
-39.920032
-40.457859
-41.009518
-41.466627
-41.830436
-42.368228
-42.759093
-43.215440
-43.631220
-44.006723
-44.445563
-44.792179
-45.201036
-45.619920
-45.947280
-46.335078
-46.732019
-47.087938
-47.403173
-47.776561
-48.108956
-48.449472
-48.749210
-28.060156
-28.215278
-28.412309
-28.527027
-28.680953
-28.748584
-29.041031
-29.119394
-29.232507
-29.379857
-29.496957
-29.646596
-29.892602
-32.609914
-33.160765
-34.036466
-34.635610
-35.257598
-35.900958
-36.449025
-37.074820
-37.605483
-38.155085
-38.666553
-39.251136
-39.741183
-40.247569
-40.660504
-41.197657
-41.748418
-42.205491
-42.570133
-43.106920
-43.498202
-43.954223
-44.370024
-44.745899
-45.184382
-45.531544
-45.940227
-46.358763
-46.686691
-47.074349
-47.470987
-47.826987
-48.142692
-48.515855
-48.848420
-49.188960
-49.489124
-28.767623
-28.927705
-29.129296
-29.249206
-29.407949
-29.481083
-29.777064
-29.860746
-29.978837
-30.130821
-30.252776
-30.406936
-30.656549
-33.354998
-33.906387
-34.779536
-35.378552
-36.000094
-36.642701
-37.190809
-37.815808
-38.346484
-38.895825
-39.407308
-39.991104
-40.481198
-40.987385
-41.454894
-41.937449
-42.487311
-42.944349
-43.309824
-43.845607
-44.237306
-44.693002
-45.108824
-45.485072
-45.923199
-46.270908
-46.679418
-47.097607
-47.426102
-47.813620
-48.209956
-48.566038
-48.882212
-49.255151
-49.587886
-49.928452
-50.229042
-29.475063
-29.640105
-29.846256
-30.032048
-30.134921
-30.213558
-30.513074
-30.602076
-30.725145
-30.881764
-31.008574
-31.167256
-31.420477
-34.100065
-34.651991
-35.522592
-36.121479
-36.742576
-37.384430
-37.932579
-38.556784
-39.087474
-39.636554
-40.148054
-40.731062
-41.221204
-41.727193
-42.194807
-42.677234
-43.226198
-43.683202
-44.049511
-44.584291
-44.976407
-45.431779
-45.847622
-46.224243
-46.662015
-47.010270
-47.418607
-47.836450
-48.165514
-48.552892
-48.948926
-49.305091
-49.621735
-49.994450
-50.327355
-50.667947
-50.968964
-30.182478
-30.352479
-30.563192
-30.753661
-30.861869
-30.946009
-31.249061
-31.343384
-31.471432
-31.632685
-31.764351
-31.927556
-32.184386
-34.845115
-35.397580
-36.265631
-36.864391
-37.485043
-38.126146
-38.674337
-39.297748
-39.828452
-40.377272
-40.888789
-41.471011
-41.961201
-42.466993
-42.934713
-43.417012
-43.965078
-44.422048
-44.789192
-45.322969
-45.766181
-46.170551
-46.586418
-46.963412
-47.400829
-47.749632
-48.157796
-48.575293
-48.904925
-49.340245
-49.687898
-50.044145
-50.361260
-50.733751
-51.066828
-51.407446
-51.708890
-30.889865
-31.123914
-31.280102
-31.475248
-31.588793
-31.678437
-31.985025
-32.084669
-32.217696
-32.383586
-32.520108
-32.687836
-32.948275
-35.648655
-36.201297
-37.008654
-37.607288
-38.227496
-38.867848
-39.416082
-40.038700
-40.569419
-41.117980
-41.629515
-42.210951
-42.701190
-43.259337
-43.674611
-44.156783
-44.703953
-45.160890
-45.528869
-46.061644
-46.504733
-46.909321
-47.325210
-47.702578
-48.139641
-48.488992
-48.896984
-49.314136
-49.644337
-50.078976
-50.426870
-50.783201
-51.100787
-51.473055
-51.806303
-52.146948
-52.448820
-31.655523
-31.835733
-31.996986
-32.196811
-32.315692
-32.410841
-32.720966
-32.825931
-32.963939
-33.134465
-33.275845
-33.448097
-33.712145
-36.393119
-36.946301
-37.751662
-38.350170
-38.969935
-39.609537
-40.157814
-40.779640
-41.310375
-41.858677
-42.370230
-42.950881
-43.493562
-43.998577
-44.414502
-44.896548
-45.442821
-45.899725
-46.268540
-46.800313
-47.243280
-47.648087
-48.063999
-48.441742
-48.878452
-49.228350
-49.636172
-50.052978
-50.383750
-50.817708
-51.165844
-51.522259
-51.840316
-52.212362
-52.591494
-52.886454
-53.188754
-32.362361
-32.547526
-32.713845
-32.918349
-33.042567
-33.143222
-33.456884
-33.626845
-33.710160
-33.885323
-34.031561
-34.208337
-34.475996
-37.137565
-37.691288
-38.494653
-39.093036
-39.712359
-40.351212
-40.899534
-41.520568
-42.051319
-42.652415
-43.110936
-43.690803
-44.232990
-44.737810
-45.154385
-45.636305
-46.181683
-46.638555
-47.008207
-47.538979
-47.981823
-48.386850
-48.802786
-49.180904
-49.617260
-49.967708
-50.375358
-50.791821
-51.123162
-51.556441
-51.904820
-52.261318
-52.579847
-52.951671
-53.330434
-53.625963
-53.928692
-33.069173
-33.259293
-33.430679
-33.639862
-33.769418
-33.875579
-34.192778
-34.367518
-34.456360
-34.636160
-34.787256
-34.968557
-35.239827
-37.881994
-38.436258
-39.237629
-39.835888
-40.454770
-41.092874
-41.641240
-42.261483
-42.792252
-43.392547
-43.851631
-44.430714
-44.972410
-45.477035
-45.894261
-46.376056
-46.920539
-47.377379
-47.747868
-48.277639
-48.720363
-49.125609
-49.541570
-49.920063
-50.356067
-50.707064
-51.114544
-51.530663
-51.862575
-52.295175
-52.643796
-53.000379
-53.319380
-53.690983
-54.069376
-54.365475
-54.668634
-33.775958
-33.971035
-34.147487
-34.361351
-34.496245
-34.607912
-34.928650
-35.108169
-35.202537
-35.386976
-35.542931
-35.728758
-36.003640
-38.626406
-39.181211
-39.925383
-40.578724
-41.197165
-41.834522
-42.382934
-43.002387
-43.533174
-44.132668
-44.592317
-45.170617
-45.711821
-46.216252
-46.634130
-47.115800
-47.659389
-48.116198
-48.487524
-49.016296
-49.458898
-49.864365
-50.280351
-50.659221
-51.094872
-51.446419
-51.853729
-52.269504
-52.601988
-53.033909
-53.382774
-53.739442
-54.058916
-54.430297
-54.808322
-55.104991
-55.408580
-34.482716
-34.682750
-34.864270
-35.082814
-35.223047
-35.340221
-35.664499
-35.848797
-35.948693
-36.137770
-36.298585
-36.488939
-36.767433
-39.370800
-39.926148
-40.668876
-41.321546
-41.939547
-42.576156
-43.124615
-43.743278
-44.325922
-44.872778
-45.332992
-45.910510
-46.451223
-46.955461
-47.373991
-47.855536
-48.398232
-48.855011
-49.227175
-49.754947
-50.197430
-50.603117
-51.019129
-51.398375
-51.833675
-52.185773
-52.592914
-53.008346
-53.341401
-53.772644
-54.121752
-54.478506
-54.842515
-55.169614
-55.547270
-55.844511
-56.148529
-35.189448
-35.394439
-35.581028
-35.804253
-35.949825
-36.072507
-36.400326
-36.589403
-36.694827
-36.888544
-37.054219
-37.249099
-37.531207
-40.115176
-40.671068
-41.412352
-42.064352
-42.681914
-43.317777
-43.866283
-44.484158
-45.066276
-45.612877
-46.073657
-46.650393
-47.190617
-47.694661
-48.113844
-48.595267
-49.137069
-49.593818
-49.966821
-50.493595
-50.935957
-51.341867
-51.757904
-52.137528
-52.572477
-52.925126
-53.332097
-53.747187
-54.080815
-54.511380
-54.860732
-55.217573
-55.581513
-55.908934
-56.286222
-56.584034
-56.888483
-35.896153
-36.106102
-36.297760
-36.525667
-36.676579
-36.804769
-37.136129
-37.329987
-37.440939
-37.639296
-37.809832
-38.009240
-38.294961
-40.859535
-41.415971
-42.155813
-42.807143
-43.424267
-44.059385
-44.607939
-45.225025
-45.806619
-46.352966
-46.814313
-47.439755
-47.930001
-48.433854
-48.853690
-49.334990
-49.875900
-50.332620
-50.706462
-51.232238
-51.674481
-52.080612
-52.496677
-52.876678
-53.311276
-53.664477
-54.071280
-54.486028
-54.820228
-55.250116
-55.599714
-55.956640
-56.320513
-56.648256
-57.025176
-57.323561
-57.628441
-36.602832
-36.817739
-37.014467
-37.247056
-37.403309
-37.537007
-37.871909
-38.070548
-38.187029
-38.390027
-38.565424
-38.769361
-39.058697
-41.603877
-42.160858
-42.899258
-43.549920
-44.166606
-44.800979
-45.349581
-45.965881
-46.546951
-47.093044
-47.554958
-48.179077
-48.669378
-49.173039
-49.593529
-50.074706
-50.614725
-51.071416
-51.446098
-51.970876
-52.413001
-52.819355
-53.235447
-53.615826
-54.050074
-54.403827
-54.810462
-55.224869
-55.603135
-55.988853
-56.338696
-56.695710
-57.059514
-57.387581
-57.764134
-58.063091
-58.368402
-37.309484
-37.529351
-37.731148
-37.968421
-38.130015
-38.269222
-38.607666
-38.811087
-38.933098
-39.140737
-39.320996
-39.529462
-39.822413
-42.348201
-42.905728
-43.642687
-44.292681
-44.908930
-45.542559
-46.091211
-46.706724
-47.287271
-47.833111
-48.295593
-48.918390
-49.408745
-49.912215
-50.333360
-50.814416
-51.353543
-51.810206
-52.185729
-52.709510
-53.151517
-53.558094
-54.018823
-54.354972
-54.788871
-55.186966
-55.549643
-55.963709
-56.342007
-56.727591
-57.077680
-57.434781
-57.798518
-58.126908
-58.503094
-58.802625
-59.108368
-38.016110
-38.240936
-38.447804
-38.689761
-38.856696
-39.001413
-39.343400
-39.551603
-39.679144
-39.891425
-40.076548
-40.289543
-40.586110
-43.092508
-43.650581
-44.386100
-45.035427
-45.651240
-46.284126
-46.832828
-47.447555
-48.027580
-48.573168
-49.036219
-49.657694
-50.148104
-50.651383
-51.119974
-51.554119
-52.092355
-52.548991
-52.970780
-53.448139
-53.890029
-54.296830
-54.757046
-55.094115
-55.571140
-55.925772
-56.288824
-56.702550
-57.080879
-57.466330
-57.816665
-58.173854
-58.537524
-58.866238
-59.242058
-59.582746
-59.848337
-38.722709
-38.952495
-39.164435
-39.411075
-39.583353
-39.733581
-40.079111
-40.292097
-40.425169
-40.642093
-40.832078
-41.049604
-41.349787
-43.836797
-44.395418
-45.129497
-45.778158
-46.393536
-47.025680
-47.574432
-48.188374
-48.767877
-49.313214
-49.776834
-50.396988
-50.887454
-51.390544
-51.859247
-52.293815
-52.831161
-53.287770
-53.709858
-54.186764
-54.628537
-55.035562
-55.495265
-55.833256
-56.309392
-56.664576
-57.028004
-57.441390
-57.819752
-58.205069
-58.555651
-58.912928
-59.276533
-59.646096
-59.981025
-60.321744
-60.588311
-39.429282
-39.664029
-39.881040
-40.132366
-40.309986
-40.465724
-40.814799
-41.032569
-41.171172
-41.392739
-41.587589
-41.809645
-42.113445
-44.581069
-45.140237
-45.872879
-46.520874
-47.185640
-47.767220
-48.316023
-48.929181
-49.508163
-50.053249
-50.517439
-51.136272
-51.626795
-52.129696
-52.598513
-53.033504
-53.569961
-54.026544
-54.448931
-54.925384
-55.367041
-55.774291
-56.233483
-56.572395
-57.047641
-57.403379
-57.767183
-58.221767
-58.558624
-58.943809
-59.294638
-59.652005
-60.015543
-60.384889
-60.719995
-61.060746
-61.328288
-40.135828
-40.375536
-40.597620
-40.853631
-41.089717
-41.197845
-41.550464
-41.773018
-41.917154
-42.143364
-42.397353
-42.569666
-42.877085
-45.325323
-45.885041
-46.616245
-47.263575
-47.927361
-48.557512
-49.057602
-49.669976
-50.248438
-50.793274
-51.258034
-51.875548
-52.366128
-52.868840
-53.337772
-53.773186
-54.308755
-54.765312
-55.187999
-55.664000
-56.105541
-56.513016
-56.971697
-57.311531
-57.785889
-58.142180
-58.506361
-58.960065
-59.297498
-59.682550
-60.033626
-60.391083
-60.754555
-61.123685
-61.458968
-61.799752
-62.068269
-40.842347
-41.087018
-41.314174
-41.574872
-41.815778
-41.929941
-42.286107
-42.513445
-42.663113
-42.893968
-43.152256
-43.329667
-43.640704
-46.069560
-46.629827
-47.359594
-48.006261
-48.669068
-49.298479
-49.846990
-50.410759
-50.988702
-51.533288
-52.044772
-52.614814
-53.105452
-53.607976
-54.077023
-54.512861
-55.047542
-55.504074
-55.927062
-56.402612
-56.844037
-57.293944
-57.709908
-58.050665
-58.524135
-58.880981
-59.245539
-59.698363
-60.036371
-60.421292
-60.772616
-61.130162
-61.493570
-61.862483
-62.197944
-62.538760
-62.808254
-41.548840
-41.798473
-42.030703
-42.296087
-42.541815
-42.662014
-43.021726
-43.253850
-43.409051
-43.644551
-43.907139
-44.089649
-44.404305
-46.813779
-47.374597
-48.152106
-48.748932
-49.410760
-50.039433
-50.587998
-51.151529
-51.728954
-52.273291
-52.784804
-53.354070
-53.844768
-54.347105
-54.816267
-55.252530
-55.786323
-56.242830
-56.666120
-57.141219
-57.582530
-58.032121
-58.448117
-58.789797
-59.262379
-59.619780
-59.984716
-60.436661
-60.775244
-61.160034
-61.511607
-61.869243
-62.232587
-62.601284
-62.936923
-63.277773
-63.548244
-42.255307
-42.509903
-42.747207
-43.017278
-43.267827
-43.394063
-43.757322
-43.994232
-44.154967
-44.395112
-44.662001
-44.849610
-45.167886
-47.557981
-48.119350
-48.894876
-49.491588
-50.152438
-50.780374
-51.328993
-51.892288
-52.469194
-53.013284
-53.524825
-54.093318
-54.584074
-55.086225
-55.555503
-55.992191
-56.525098
-56.981581
-57.405173
-57.921558
-58.321018
-58.770296
-59.186323
-59.569489
-60.000622
-60.358578
-60.723892
-61.174958
-61.514118
-61.898777
-62.250599
-62.608326
-62.971606
-63.340088
-63.675905
-64.016788
-64.288237
-42.961746
-43.221306
-43.463685
-43.738445
-43.993816
-44.126088
-44.492895
-44.734592
-44.900861
-45.145653
-45.416842
-45.609551
-45.931449
-48.302165
-48.864086
-49.637630
-50.234229
-50.894102
-51.521301
-52.069975
-52.633035
-53.209424
-53.753266
-54.264836
-54.832556
-55.323372
-55.825337
-56.294732
-56.731846
-57.263867
-57.720327
-58.144221
-58.659615
-59.059502
-59.508467
-59.924526
-60.308074
-60.738862
-61.097374
-61.463067
-61.913255
-62.252992
-62.637521
-63.027616
-63.385178
-63.710627
-64.078894
-64.414890
-64.755808
-65.028234
-43.668160
-43.932684
-44.180138
-44.459586
-44.719780
-44.858090
-45.228446
-45.474930
-45.646733
-45.896172
-46.171663
-46.369473
-46.694992
-49.046332
-49.608806
-50.380369
-51.023875
-51.635752
-52.262214
-52.810944
-53.373769
-53.949642
-54.493237
-55.004837
-55.571785
-56.062661
-56.564440
-57.033953
-57.471494
-58.002629
-58.459066
-58.883264
-59.397667
-59.797983
-60.246634
-60.662726
-61.046657
-61.477101
-61.836170
-62.202242
-62.651552
-62.991866
-63.376265
-63.766069
-64.123723
-64.449650
-64.817703
-65.153878
-65.494830
-65.768235
-44.374547
-44.644036
-44.896566
-45.180703
-45.445720
-45.590068
-45.963973
-46.215245
-46.392584
-46.646670
-46.926464
-47.129375
-47.458515
-49.790482
-50.353509
-51.123091
-51.765938
-52.377387
-53.003115
-53.551900
-54.114492
-54.689848
-55.233197
-55.744828
-56.311004
-56.844499
-57.303536
-57.773167
-58.211136
-58.741385
-59.197801
-59.622302
-60.135715
-60.536460
-60.984798
-61.400923
-61.785238
-62.215338
-62.574964
-62.941416
-63.389849
-63.730741
-64.115010
-64.504524
-64.862269
-65.188675
-65.556514
-65.892869
-66.233857
-66.508240
-45.080907
-45.355361
-45.612968
-45.901795
-46.171636
-46.322023
-46.699477
-46.955538
-47.138412
-47.397147
-47.681244
-47.889256
-48.222020
-50.534614
-51.145253
-51.865798
-52.507987
-53.119008
-53.744001
-54.292844
-54.855202
-55.430043
-55.973147
-56.484809
-57.050214
-57.583229
-58.042624
-58.512373
-58.991776
-59.480135
-59.936529
-60.361334
-60.873759
-61.274932
-61.722959
-62.139117
-62.523817
-62.953574
-63.313756
-63.680589
-64.128146
-64.469616
-64.853756
-65.242979
-65.600817
-65.963576
-66.295328
-66.631864
-66.972887
-67.283202
-45.787241
-46.066661
-46.329345
-46.622862
-46.897528
-47.053954
-47.434959
-47.695808
-47.884219
-48.147603
-48.436004
-48.649118
-48.985505
-51.278728
-51.889372
-52.608489
-53.250021
-53.860615
-54.484874
-55.033775
-55.595900
-56.170227
-56.713086
-57.224781
-57.789415
-58.321950
-58.781704
-59.251572
-59.730861
-60.258908
-60.714946
-61.100362
-61.611798
-62.013401
-62.461116
-62.877309
-63.262393
-63.691807
-64.052548
-64.419761
-64.866442
-65.208490
-65.592503
-65.981436
-66.339367
-66.702064
-67.034145
-67.370861
-67.711920
-68.022672
-46.493548
-46.777935
-47.045696
-47.343904
-47.623395
-47.785861
-48.170417
-48.436056
-48.630004
-48.898037
-49.190742
-49.408960
-49.748971
-52.022825
-52.633476
-53.351165
-53.992040
-54.602207
-55.225734
-55.774693
-56.336587
-56.910400
-57.453015
-57.964742
-58.528606
-59.060662
-59.520776
-59.990764
-60.469939
-60.997104
-61.453122
-61.839384
-62.349832
-62.751866
-63.199270
-63.615498
-64.000967
-64.430039
-64.791338
-65.158933
-65.604738
-65.947366
-66.331251
-66.719893
-67.077918
-67.440554
-67.772964
-68.109861
-68.450957
-68.762146
-47.199829
-47.489183
-47.762022
-48.064922
-48.349238
-48.565843
-48.905853
-49.176282
-49.375768
-49.648450
-49.945461
-50.168782
-50.512418
-52.812693
-53.377562
-54.093824
-54.734043
-55.343785
-55.966580
-56.515598
-57.077261
-57.650561
-58.192933
-58.704693
-59.267788
-59.799366
-60.259839
-60.729948
-61.209010
-61.735295
-62.191293
-62.578402
-63.087863
-63.490327
-63.937421
-64.353684
-64.739539
-65.168269
-65.530127
-65.898104
-66.343033
-66.686241
-67.105020
-67.458352
-67.816471
-68.179047
-68.511786
-68.848865
-69.189997
-69.501624
-47.906083
-48.200405
-48.478323
-48.785915
-49.075058
-49.297172
-49.641265
-49.916486
-50.121509
-50.398843
-50.700159
-50.928584
-51.275845
-53.556206
-54.121632
-54.836468
-55.476032
-56.085349
-56.707412
-57.256491
-57.817923
-58.390711
-58.932840
-59.444634
-60.006961
-60.538061
-60.998895
-61.469125
-61.948075
-62.473478
-62.929457
-63.317414
-63.825888
-64.265866
-64.675568
-65.091867
-65.478108
-65.906498
-66.268915
-66.637274
-67.081329
-67.425117
-67.843227
-68.196813
-68.555026
-68.917541
-69.250610
-69.587871
-69.929041
-70.241105
-48.612311
-48.911601
-49.194598
-49.506883
-49.800853
-50.028477
-50.376655
-50.656667
-50.867229
-51.149214
-51.454836
-51.688366
-52.039253
-54.299702
-54.865685
-55.579095
-56.218006
-56.826899
-57.448231
-57.997370
-58.558573
-59.130849
-59.672737
-60.184565
-60.746124
-61.276748
-61.737942
-62.208294
-62.687132
-63.211656
-63.667617
-64.056422
-64.563909
-65.003778
-65.413712
-65.830047
-66.216675
-66.644724
-67.007702
-67.411258
-67.819624
-68.163993
-68.581436
-68.935274
-69.293582
-69.656038
-69.989437
-70.326881
-70.668088
-70.980591
-49.318512
-49.622771
-49.910848
-50.227826
-50.526623
-50.759758
-51.112022
-51.396825
-51.612927
-51.899564
-52.209493
-52.448128
-52.802642
-55.043181
-55.609721
-56.321707
-56.959964
-57.568435
-58.189037
-58.738237
-59.299211
-59.870976
-60.412622
-60.924486
-61.485278
-62.015425
-62.515370
-62.947456
-63.426183
-63.949828
-64.405770
-64.795424
-65.301926
-65.741686
-66.151853
-66.568225
-66.955240
-67.382949
-67.746487
-68.149885
-68.557919
-68.902869
-69.319645
-69.673737
-70.032140
-70.394537
-70.728267
-71.098001
-71.407139
-71.720080
-50.024686
-50.333915
-50.627073
-50.948744
-51.252370
-51.491016
-51.847365
-52.136962
-52.358603
-52.649892
-52.964130
-53.254287
-53.566012
-55.786641
-56.353741
-57.064304
-57.701908
-58.309956
-58.929829
-59.479091
-60.039837
-60.611092
-61.152498
-61.664397
-62.224423
-62.754095
-63.253860
-63.686610
-64.165227
-64.687993
-65.143918
-65.534421
-66.039938
-66.479591
-66.889990
-67.306399
-67.693802
-68.121172
-68.485271
-68.888511
-69.296214
-69.641746
-70.057855
-70.412201
-70.770700
-71.133038
-71.467099
-71.836475
-72.146193
-72.459574
-50.730834
-51.045033
-51.343272
-51.669638
-51.978093
-52.222251
-52.582686
-52.877076
-53.104258
-53.400200
-53.718746
-54.013437
-54.329363
-56.530085
-57.097744
-57.848879
-58.443836
-59.051463
-59.670607
-60.219933
-60.780451
-61.351196
-61.892362
-62.404298
-62.963558
-63.492755
-63.992342
-64.425757
-64.904264
-65.426152
-65.882060
-66.273413
-66.777946
-67.217491
-67.628124
-68.044571
-68.432362
-68.859393
-69.224053
-69.627136
-70.034508
-70.380622
-70.796065
-71.150666
-71.509261
-71.871541
-72.205934
-72.574952
-72.916026
-73.199071
-51.436956
-51.756125
-52.059446
-52.390507
-52.703791
-52.953461
-53.317984
-53.617167
-53.849890
-54.150486
-54.473341
-54.772567
-55.092694
-57.231016
-57.841731
-58.590896
-59.185750
-59.792955
-60.411372
-60.960761
-61.521052
-62.091289
-62.632216
-63.144189
-63.702684
-64.231407
-64.730815
-65.164897
-65.643295
-66.164305
-66.620197
-67.012400
-67.515949
-67.955388
-68.366254
-68.782740
-69.170920
-69.597612
-69.962835
-70.365761
-70.772802
-71.119499
-71.534277
-71.889132
-72.247824
-72.610046
-72.944772
-73.313432
-73.654546
-73.938573
-52.143051
-52.467192
-52.775594
-53.111351
-53.429465
-53.684648
-54.053259
-54.357237
-54.595501
-54.900752
-55.227916
-55.531677
-55.856006
-57.974974
-58.585700
-59.332898
-59.927648
-60.534434
-61.152124
-61.701577
-62.261642
-62.831371
-63.372059
-63.884070
-64.441801
-64.970050
-65.469281
-65.904029
-66.382318
-66.902451
-67.358328
-67.751382
-68.253948
-68.693281
-69.104381
-69.520906
-69.909476
-70.335830
-70.701615
-71.104384
-71.511096
-71.858376
-72.272489
-72.627599
-72.986389
-73.348553
-73.683612
-74.051915
-74.393069
-74.678078
-52.849120
-53.178232
-53.491717
-53.832171
-54.155115
-54.415812
-54.788510
-55.097284
-55.341090
-55.650996
-55.982470
-56.290768
-56.619299
-58.718914
-59.329653
-60.074884
-60.669532
-61.275898
-61.892862
-62.442380
-63.040297
-63.571441
-64.111891
-64.623941
-65.180908
-65.708684
-66.207738
-66.643154
-67.121335
-67.640592
-68.096453
-68.490359
-68.991942
-69.431169
-69.842505
-70.291725
-70.648029
-71.074046
-71.440394
-71.843008
-72.249390
-72.597254
-73.010702
-73.366068
-73.724955
-74.087063
-74.422454
-74.790401
-75.131596
-75.417587
-53.555162
-53.889246
-54.207815
-54.552966
-54.880741
-55.146952
-55.523739
-55.837308
-56.086658
-56.401219
-56.737004
-57.049838
-57.382573
-59.462836
-60.073590
-60.816855
-61.411400
-62.017348
-62.633586
-63.183170
-63.780318
-64.311500
-64.851713
-65.363802
-65.920006
-66.447310
-66.946188
-67.382271
-67.860345
-68.378726
-68.834573
-69.229331
-69.729932
-70.169054
-70.580625
-71.029345
-71.386580
-71.812260
-72.179172
-72.581630
-72.987683
-73.336131
-73.748915
-74.104538
-74.463524
-74.825574
-75.161300
-75.528891
-75.870126
-76.157100
-54.261177
-54.600235
-54.923887
-55.273736
-55.606343
-55.878068
-56.258945
-56.577310
-56.832203
-57.151421
-57.491517
-57.808889
-58.145827
-60.206741
-60.817510
-61.558809
-62.153254
-62.758783
-63.374297
-63.923948
-64.520328
-65.051547
-65.591524
-66.103653
-66.659095
-67.185927
-67.684629
-68.121381
-68.599348
-69.116854
-69.572687
-69.968298
-70.467917
-70.906935
-71.318742
-71.766963
-72.125129
-72.550472
-72.948684
-73.320251
-73.756102
-74.075009
-74.487129
-74.843009
-75.202093
-75.564088
-75.928704
-76.267383
-76.608660
-76.896618
-54.967166
-55.311198
-55.639934
-55.994481
-56.331920
-56.609161
-56.994128
-57.317290
-57.577727
-57.901601
-58.246010
-58.567920
-58.909062
-60.950629
-61.561413
-62.300748
-62.895092
-63.500205
-64.114995
-64.664712
-65.260326
-65.827589
-66.366924
-66.843494
-67.398174
-67.924535
-68.423063
-68.860483
-69.338344
-69.854976
-70.310795
-70.739620
-71.205898
-71.644812
-72.056856
-72.504577
-72.863675
-73.288683
-73.686918
-74.058872
-74.493854
-74.813888
-75.225344
-75.581481
-75.969181
-76.302604
-76.667013
-77.005879
-77.347197
-77.636139
-55.673129
-56.022134
-56.355956
-56.715201
-57.057474
-57.340230
-57.729288
-58.057248
-58.323229
-58.651761
-59.000482
-59.326931
-59.672278
-61.694499
-62.305299
-63.042671
-63.636916
-64.241612
-64.855679
-65.405464
-66.000311
-66.567071
-67.106171
-67.583325
-68.137244
-68.663135
-69.161488
-69.599578
-70.077334
-70.593091
-71.048898
-71.478035
-71.943874
-72.382685
-72.794966
-73.242189
-73.632444
-74.056792
-74.425151
-74.797492
-75.231606
-75.552766
-75.963560
-76.348189
-76.707213
-77.041122
-77.405325
-77.744377
-78.085737
-78.375664
-56.379065
-56.733045
-57.071952
-57.435897
-57.783003
-58.071276
-58.464425
-58.797183
-59.068709
-59.401899
-59.754934
-60.085922
-60.435475
-62.438352
-63.049169
-63.784578
-64.378724
-64.983005
-65.596349
-66.146203
-66.740285
-67.306541
-67.845407
-68.323146
-68.876305
-69.401726
-69.899905
-70.338665
-70.816316
-71.331200
-71.786995
-72.216445
-72.681846
-73.120554
-73.533073
-73.979798
-74.370444
-74.794459
-75.163382
-75.536111
-75.969358
-76.319914
-76.701776
-77.086123
-77.445247
-77.779642
-78.143639
-78.482879
-78.824281
-79.115193
-57.084974
-57.443930
-57.787923
-58.156568
-58.508508
-58.802297
-59.199539
-59.537096
-59.814167
-60.152016
-60.509365
-60.844893
-61.198653
-63.182187
-63.793023
-64.526470
-65.120517
-65.724383
-66.337006
-66.886930
-67.480246
-68.046000
-68.584633
-69.062957
-69.615356
-70.140308
-70.638315
-71.077745
-71.555292
-72.069303
-72.525087
-72.954851
-73.419814
-73.858420
-74.271176
-74.717404
-75.108443
-75.532123
-75.901613
-76.274730
-76.707110
-77.058252
-77.439994
-77.824058
-78.183282
-78.518165
-78.881956
-79.221383
-79.562829
-79.854725
-57.790857
-58.154788
-58.503869
-58.877214
-59.233989
-59.533296
-59.934631
-60.276987
-60.559604
-60.902112
-61.263776
-61.603844
-61.961811
-63.926005
-64.536859
-65.268345
-65.862296
-66.465748
-67.077650
-67.627643
-68.220195
-68.785448
-69.323848
-69.802758
-70.354398
-70.878881
-71.376716
-71.816818
-72.294261
-72.807400
-73.263173
-73.693251
-74.157776
-74.596281
-75.009276
-75.455007
-75.846439
-76.269787
-76.639841
-77.013348
-77.444861
-77.796589
-78.178211
-78.561994
-78.921319
-79.256689
-79.620275
-79.959891
-80.301380
-80.594262
-58.496714
-58.865621
-59.219789
-59.597836
-59.959446
-60.264271
-60.669699
-61.016855
-61.305019
-61.652187
-62.018166
-62.362775
-62.724950
-64.669805
-65.280679
-66.010205
-66.604059
-67.207098
-67.818280
-68.368344
-68.960133
-69.524884
-70.063052
-70.542549
-71.125507
-71.617446
-72.115109
-72.555883
-73.033223
-73.545491
-74.001253
-74.431646
-74.895735
-75.334139
-75.747373
-76.192607
-76.584433
-77.007448
-77.378069
-77.751965
-78.182613
-78.534927
-78.916430
-79.299932
-79.659358
-79.995216
-80.358597
-80.698402
-81.039935
-81.358401
-59.202544
-59.576428
-59.935684
-60.318432
-60.684878
-60.995222
-61.404744
-61.756701
-62.050412
-62.402241
-62.772536
-63.121687
-63.488070
-65.413588
-66.024482
-66.752049
-67.345807
-67.948433
-68.558896
-69.109032
-69.700058
-70.264309
-70.802246
-71.282330
-71.863989
-72.356003
-72.853494
-73.294940
-73.772178
-74.283575
-74.739328
-75.170036
-75.633689
-76.071992
-76.513562
-76.930205
-77.322425
-77.745107
-78.116295
-78.490581
-78.920364
-79.273266
-79.654649
-80.037870
-80.397399
-80.733744
-81.096922
-81.436915
-81.778493
-82.097403
-59.908347
-60.287209
-60.651553
-61.039004
-61.410287
-61.726149
-62.139766
-62.496524
-62.795783
-63.190713
-63.526885
-63.880579
-64.251170
-66.157354
-66.803731
-67.493877
-68.087541
-68.689755
-69.299499
-69.849707
-70.439971
-71.003723
-71.541429
-72.022101
-72.602461
-73.094550
-73.591871
-74.063916
-74.511126
-75.021654
-75.506228
-75.908421
-76.399811
-76.809842
-77.251112
-77.667799
-78.060414
-78.482765
-78.854521
-79.229197
-79.658114
-80.011604
-80.392869
-80.775810
-81.135441
-81.496738
-81.835249
-82.175432
-82.517054
-82.836410
-60.614124
-60.997965
-61.367397
-61.759552
-62.135671
-62.457053
-62.874766
-63.236325
-63.541133
-63.940166
-64.281214
-64.639450
-65.014252
-66.936463
-67.546952
-68.235690
-68.829259
-69.464454
-70.040089
-70.590369
-71.179872
-71.743125
-72.280602
-72.761862
-73.340925
-73.833089
-74.330240
-74.802417
-75.250068
-75.759726
-76.243751
-76.646800
-77.137216
-77.547687
-77.988658
-78.405391
-78.798401
-79.220421
-79.592744
-79.967812
-80.395865
-80.749943
-81.155792
-81.513751
-81.873485
-82.234730
-82.573579
-82.913952
-83.255619
-83.575420
-61.319874
-61.708694
-62.083216
-62.480074
-62.861031
-63.187933
-63.609742
-63.976104
-64.286461
-64.689599
-65.035522
-65.398302
-65.777314
-67.679645
-68.290157
-68.977486
-69.570962
-70.205202
-70.780665
-71.331019
-71.919761
-72.482516
-73.019763
-73.501613
-74.079378
-74.571619
-75.068601
-75.540911
-75.989003
-76.497792
-76.981268
-77.385175
-77.874616
-78.285529
-78.726201
-79.142980
-79.536386
-79.958075
-80.330967
-80.706426
-81.133615
-81.488282
-81.893473
-82.251694
-82.611531
-82.972724
-83.311912
-83.652475
-83.994188
-84.314434
-62.025598
-62.419397
-62.799010
-63.200572
-63.586367
-63.918790
-64.344696
-64.715861
-65.031767
-65.439010
-65.789810
-66.157134
-66.540357
-68.422810
-69.033345
-69.719267
-70.312650
-70.945936
-71.521227
-72.071656
-72.659638
-73.221896
-73.758914
-74.241354
-74.817823
-75.310141
-75.806954
-76.279397
-76.755878
-77.235851
-77.718780
-78.123545
-78.612012
-79.023367
-79.463741
-79.880567
-80.274369
-80.695728
-81.069188
-81.445039
-81.871365
-82.226621
-82.631155
-82.989637
-83.349578
-83.710721
-84.050247
-84.413325
-84.732760
-85.053452
-62.731296
-63.130074
-63.514778
-63.921045
-64.311679
-64.649623
-65.079626
-65.455595
-65.777051
-66.188401
-66.544077
-66.915946
-67.303381
-69.165957
-69.776517
-70.461032
-71.054323
-71.686656
-72.261776
-72.843161
-73.399503
-73.961264
-74.498055
-74.981085
-75.556258
-76.048654
-76.545299
-77.017876
-77.494258
-77.973904
-78.456287
-78.861910
-79.349404
-79.761201
-80.201277
-80.618150
-81.012349
-81.433378
-81.807409
-82.207595
-82.609115
-82.964960
-83.368837
-83.727582
-84.087627
-84.448719
-84.788585
-85.151313
-85.471335
-85.792474
-63.436967
-63.840726
-64.230521
-64.641493
-65.036967
-65.380433
-65.814534
-66.195307
-66.522314
-66.937770
-67.298324
-67.674739
-68.101781
-69.909087
-70.519672
-71.202782
-71.795982
-72.427361
-73.002312
-73.583229
-74.139356
-74.700621
-75.237185
-75.720806
-76.294684
-76.787158
-77.283636
-77.756347
-78.232631
-78.711952
-79.193788
-79.600269
-80.086791
-80.499031
-80.938810
-81.355731
-81.750327
-82.171027
-82.545627
-82.945665
-83.346864
-83.703300
-84.106520
-84.465528
-84.825678
-85.186720
-85.526925
-85.889305
-86.209914
-86.531500
-64.142611
-64.551352
-64.981641
-65.361917
-65.762231
-66.111219
-66.549419
-66.934996
-67.267554
-67.687118
-68.052550
-68.433511
-68.864189
-70.652200
-71.262810
-71.944515
-72.537625
-73.168052
-73.742834
-74.323283
-74.879197
-75.439967
-75.976304
-76.460517
-77.033100
-77.525653
-78.021965
-78.494811
-78.970997
-79.449993
-79.931283
-80.338624
-80.824174
-81.236857
-81.676339
-82.093308
-82.488302
-82.908674
-83.283845
-83.683735
-84.084613
-84.441640
-84.844205
-85.203475
-85.563730
-85.924723
-86.265268
-86.627299
-86.948497
-87.270530
-64.883199
-65.261951
-65.696825
-66.082316
-66.487470
-66.841981
-67.284281
-67.674663
-68.012773
-68.436445
-68.806756
-69.192264
-69.626577
-71.395295
-72.005932
-72.686233
-73.279253
-73.908729
-74.483343
-75.063325
-75.619026
-76.179301
-76.715412
-77.200218
-77.771507
-78.264140
-78.760286
-79.233268
-79.709356
-80.213410
-80.668772
-81.076973
-81.561552
-81.998749
-82.413865
-82.830883
-83.226275
-83.646320
-84.022061
-84.421805
-84.822362
-85.179980
-85.581889
-85.941424
-86.301784
-86.662728
-87.003613
-87.365296
-87.706995
-88.009564
-65.588297
-65.972525
-66.411984
-66.802690
-67.212685
-67.572720
-68.019119
-68.414308
-68.757970
-69.185751
-69.560941
-69.950996
-70.388947
-72.138372
-72.749037
-73.427935
-74.020866
-74.649392
-75.223838
-75.803354
-76.358843
-76.918624
-77.454510
-77.939909
-78.509905
-79.002618
-79.498599
-79.971717
-80.447708
-80.950899
-81.406256
-81.815318
-82.298925
-82.736027
-83.151388
-83.568455
-83.964246
-84.383963
-84.760276
-85.159873
-85.560111
-85.918321
-86.319575
-86.679373
-87.039840
-87.400735
-87.741961
-88.103296
-88.445043
-88.748602
-66.293368
-66.683073
-67.127118
-67.523039
-67.937877
-68.303435
-68.753935
-69.153931
-69.503146
-69.935035
-70.315106
-70.709709
-71.151298
-72.881432
-73.492125
-74.169621
-74.791952
-75.390040
-75.964319
-76.543371
-77.098648
-77.657935
-78.193597
-78.679589
-79.248294
-79.741088
-80.236903
-80.710159
-81.186054
-81.688381
-82.143734
-82.553657
-83.036295
-83.473301
-83.888908
-84.306025
-84.702215
-85.121605
-85.498490
-85.897941
-86.297859
-86.656661
-87.057261
-87.417324
-87.777897
-88.138744
-88.480312
-88.841300
-89.183095
-89.487644
-66.998413
-67.393595
-67.842226
-68.243364
-68.663044
-69.034127
-69.521776
-69.893531
-70.248300
-70.684299
-71.069250
-71.468402
-71.913629
-73.624475
-74.235197
-74.911292
-75.532990
-76.130675
-76.704787
-77.283374
-77.838441
-78.397236
-78.932674
-79.419260
-79.986673
-80.479548
-80.975200
-81.448593
-81.924393
-82.425857
-82.881207
-83.291992
-83.773659
-84.210572
-84.626424
-85.043591
-85.440182
-85.859245
-86.236703
-86.636008
-87.035607
-87.395002
-87.794948
-88.155276
-88.535247
-88.876756
-89.218665
-89.579306
-89.921151
-90.226689
-67.703432
-68.104091
-68.557309
-68.963663
-69.388187
-69.764795
-70.256010
-70.633109
-70.993431
-71.433541
-71.823374
-72.227075
-72.675941
-74.367500
-74.978252
-75.652946
-76.274012
-76.871295
-77.445242
-78.023365
-78.578221
-79.136525
-79.671740
-80.158921
-80.725043
-81.218000
-81.713488
-82.187020
-82.662724
-83.163326
-83.618674
-84.030321
-84.511020
-84.947839
-85.363936
-85.781155
-86.178146
-86.596883
-86.974914
-87.374074
-87.773355
-88.133343
-88.532635
-88.893229
-89.272767
-89.614769
-89.957021
-90.317316
-90.659210
-90.965739
-68.408424
-68.814561
-69.272367
-69.683939
-70.113305
-70.495440
-70.990222
-71.372665
-71.738542
-72.182763
-72.577477
-72.985728
-73.438234
-75.110508
-75.721290
-76.394585
-77.015020
-77.611901
-78.185683
-78.763343
-79.317990
-79.875802
-80.410795
-80.898572
-81.463403
-81.956444
-82.451769
-82.925439
-83.401050
-83.900790
-84.356136
-84.768645
-85.248375
-85.685101
-86.101446
-86.518716
-86.916108
-87.334520
-87.713124
-88.112140
-88.511103
-88.890722
-89.270324
-89.631184
-90.010290
-90.352785
-90.695380
-91.055328
-91.397272
-91.704792
-69.113389
-69.525005
-69.987399
-70.404189
-70.838400
-71.226061
-71.724411
-72.112198
-72.483630
-72.931963
-73.331560
-73.744362
-74.200508
-75.853499
-76.464312
-77.136208
-77.756013
-78.352492
-78.926111
-79.503308
-80.057747
-80.615068
-81.149839
-81.638213
-82.201755
-82.694878
-83.190041
-83.663851
-84.139368
-84.638247
-85.093591
-85.506964
-85.985727
-86.422360
-86.838952
-87.276472
-87.654067
-88.072155
-88.451333
-88.850205
-89.248851
-89.628523
-90.008013
-90.369139
-90.747814
-91.090803
-91.433741
-91.793344
-92.135338
-92.443850
-69.818328
-70.235423
-70.702406
-71.124415
-71.563471
-71.956658
-72.458577
-72.851709
-73.228697
-73.681142
-74.085622
-74.502975
-74.962762
-76.596472
-77.207317
-77.877815
-78.496991
-79.093069
-79.692369
-80.243261
-80.797491
-81.354323
-81.888873
-82.377844
-82.940097
-83.433304
-83.950959
-84.402256
-84.877679
-85.375698
-85.831042
-86.245279
-86.723074
-87.159615
-87.576454
-88.013488
-88.392024
-88.809787
-89.208342
-89.588269
-89.986598
-90.366325
-90.745703
-91.124488
-91.485339
-91.828823
-92.188726
-92.531362
-92.873408
-93.182911
-70.523241
-70.945816
-71.417388
-71.844616
-72.288517
-72.687232
-73.192720
-73.591197
-73.973742
-74.430300
-74.839664
-75.261569
-75.724998
-77.339427
-77.950306
-78.619407
-79.237954
-79.833633
-80.432226
-80.983201
-81.561674
-82.093567
-82.627896
-83.140753
-83.678429
-84.171722
-84.688675
-85.140653
-85.615984
-86.113143
-86.568486
-86.983588
-87.460416
-87.896866
-88.313954
-88.750501
-89.129979
-89.547419
-89.946008
-90.326332
-90.724345
-91.104126
-91.483393
-91.861906
-92.222866
-92.566845
-92.926551
-93.269384
-93.611481
-93.921977
-71.228127
-71.656182
-72.132345
-72.564792
-73.013539
-73.417782
-73.926840
-74.330664
-74.718765
-75.179437
-75.593685
-76.020143
-76.487214
-78.082366
-78.693278
-79.360983
-79.978901
-80.574181
-81.172070
-81.723128
-82.300851
-82.832799
-83.366909
-83.879822
-84.416752
-84.910131
-85.426383
-85.879042
-86.354282
-86.850582
-87.305925
-87.721892
-88.197754
-88.634113
-89.051450
-89.487511
-89.867932
-90.303033
-90.683672
-91.064395
-91.462092
-91.841928
-92.221085
-92.599325
-92.960395
-93.304869
-93.664379
-94.007408
-94.349557
-94.675858
-71.932987
-72.366523
-72.847276
-73.284943
-73.738537
-74.148308
-74.660938
-75.070108
-75.463766
-75.928553
-76.347686
-76.778697
-77.249411
-78.825287
-79.436234
-80.102543
-80.719834
-81.314716
-81.911900
-82.463042
-83.040017
-83.572020
-84.105911
-84.618880
-85.155066
-85.648531
-86.164083
-86.617425
-87.092573
-87.588015
-88.043358
-88.460191
-88.935087
-89.371356
-89.788942
-90.224518
-90.605882
-91.040122
-91.421336
-91.802456
-92.216425
-92.579730
-92.958777
-93.336745
-93.697926
-94.042896
-94.402210
-94.745436
-95.087637
-95.414390
-72.637821
-73.076838
-73.562182
-74.005070
-74.463511
-74.878811
-75.395012
-75.809529
-76.208746
-76.677648
-77.101666
-77.537231
-78.011589
-79.568190
-80.179172
-80.844087
-81.460752
-82.055237
-82.651716
-83.202943
-83.779171
-84.311229
-84.844902
-85.357928
-85.893371
-86.386922
-86.901775
-87.355800
-87.830857
-88.325441
-88.780786
-89.198485
-89.672416
-90.108596
-90.526431
-90.961523
-91.343830
-91.777208
-92.158998
-92.540518
-92.953632
-93.317532
-93.696469
-94.074167
-94.435458
-94.780924
-95.140044
-95.483467
-95.825721
-96.152925
-73.342628
-73.787126
-74.277062
-74.725172
-75.188461
-75.609291
-76.129063
-76.548928
-76.953704
-77.426722
-77.855626
-78.295745
-78.773747
-80.311076
-80.922095
-81.585615
-82.201655
-82.795743
-83.391519
-83.942832
-84.518313
-85.050428
-85.583883
-86.096967
-86.631666
-87.125305
-87.639458
-88.094167
-88.569134
-89.062861
-89.518208
-89.955030
-90.409741
-90.845831
-91.263917
-91.698524
-92.081776
-92.514292
-92.896659
-93.278578
-93.690838
-94.055335
-94.434163
-94.811590
-95.172992
-95.518955
-95.877880
-96.221501
-96.563808
-96.891465
-74.047408
-74.497389
-74.991918
-75.445249
-75.913387
-76.339747
-76.863092
-77.315851
-77.698640
-78.175774
-78.609565
-79.054239
-79.535887
-81.053945
-81.665000
-82.327128
-82.942543
-83.536235
-84.131309
-84.682708
-85.257442
-85.789615
-86.322853
-86.835995
-87.369953
-87.863679
-88.377134
-88.832527
-89.307405
-89.800275
-90.255625
-90.692773
-91.164408
-91.583063
-92.018126
-92.435523
-92.835858
-93.251375
-93.634318
-94.016637
-94.428044
-94.793138
-95.171857
-95.549014
-95.910528
-96.270612
-96.615718
-96.959538
-97.301898
-97.630008
-74.752162
-75.207626
-75.706748
-76.165302
-76.638289
-77.070179
-77.597098
-78.054664
-78.443554
-78.924806
-79.363484
-79.812714
-80.298007
-81.796796
-82.407889
-83.068625
-83.683415
-84.276712
-84.871085
-85.422571
-85.996560
-86.528790
-87.061812
-87.575014
-88.108229
-88.602044
-89.114802
-89.570880
-90.045669
-90.537683
-90.993036
-91.430512
-91.901185
-92.320290
-92.755066
-93.172519
-93.573259
-93.988456
-94.371976
-94.769421
-95.165250
-95.530941
-95.909552
-96.286439
-96.648065
-97.008107
-97.353559
-97.697578
-98.039992
-98.368555
-75.456890
-75.917837
-76.421553
-76.885330
-77.363166
-77.800588
-78.331081
-78.793454
-79.188447
-79.673816
-80.117382
-80.571168
-81.060108
-82.539630
-83.150761
-83.810106
-84.424273
-85.017176
-85.610848
-86.162422
-86.735666
-87.267954
-87.800761
-88.314022
-88.846497
-89.340400
-89.852462
-90.309225
-90.783925
-91.275084
-91.730441
-92.168245
-92.637957
-93.057514
-93.492002
-93.909512
-94.310658
-94.725535
-95.109634
-95.506939
-95.902455
-96.268744
-96.647248
-97.023865
-97.385604
-97.745603
-98.091403
-98.435620
-98.778090
-99.107107
-76.161591
-76.628023
-77.136332
-77.605333
-78.088019
-78.530973
-79.065041
-79.532222
-79.959117
-80.422805
-80.871260
-81.329603
-81.822190
-83.282446
-83.893617
-84.551571
-85.165116
-85.757625
-86.350597
-86.902260
-87.474760
-88.007107
-88.539699
-89.053021
-89.603268
-90.096902
-90.590113
-91.047562
-91.522176
-92.012479
-92.467841
-92.905973
-93.374724
-93.794733
-94.228935
-94.646502
-95.048054
-95.462613
-95.847289
-96.244456
-96.639660
-97.006547
-97.397737
-97.761293
-98.123144
-98.483103
-98.829250
-99.185155
-99.516190
-99.845662
-76.866266
-77.364602
-77.851086
-78.325312
-78.812849
-79.261335
-79.798978
-80.270968
-80.703416
-81.171774
-81.625117
-82.088018
-82.584253
-84.025245
-84.636456
-85.293021
-85.905944
-86.498060
-87.090333
-87.662062
-88.213841
-88.746249
-89.278626
-89.792009
-90.340976
-90.834701
-91.327757
-91.785893
-92.260419
-92.749869
-93.205235
-93.643696
-94.111487
-94.531949
-94.965865
-95.383490
-95.785448
-96.199689
-96.584944
-96.981972
-97.376865
-97.744351
-98.134894
-98.498722
-98.860687
-99.220604
-99.567099
-99.922664
-100.254295
-100.584221
-77.570914
-78.074235
-78.565815
-79.045265
-79.537654
-79.991673
-80.532892
-81.009691
-81.447693
-81.920721
-82.378954
-82.846413
-83.346297
-84.768026
-85.379279
-86.034454
-86.646757
-87.238481
-87.830055
-88.401331
-88.952911
-89.485379
-90.017543
-90.530988
-91.078675
-91.572491
-92.065392
-92.540579
-92.998655
-93.487251
-93.957929
-94.381414
-94.848246
-95.269161
-95.702791
-96.120474
-96.522840
-96.936763
-97.322597
-97.719488
-98.114070
-98.482155
-98.872052
-99.236152
-99.598231
-99.958107
-100.304950
-100.660176
-100.992403
-101.322784
-78.275536
-78.783843
-79.280519
-79.790249
-80.262435
-80.721987
-81.266783
-81.748393
-82.191949
-82.669647
-83.132771
-83.604788
-84.108321
-85.510791
-86.122085
-86.775872
-87.387555
-87.978888
-88.569764
-89.140588
-89.691968
-90.224498
-90.756449
-91.269956
-91.816365
-92.310272
-92.803020
-93.278354
-93.752359
-94.224628
-94.694772
-95.119127
-95.585000
-96.006369
-96.439714
-96.857456
-97.260230
-97.673835
-98.060249
-98.457003
-98.851275
-99.219959
-99.609211
-99.973583
-100.335776
-100.695613
-101.042804
-101.397691
-101.730514
-102.061351
-78.980132
-79.493425
-79.995197
-80.509639
-80.987192
-81.452278
-82.000652
-82.487071
-82.936183
-83.418552
-83.886566
-84.363143
-84.870326
-86.253537
-86.864874
-87.517274
-88.128338
-88.719280
-89.309460
-89.879832
-90.431014
-90.963605
-91.495344
-92.008915
-92.554046
-93.048045
-93.540640
-94.016121
-94.490041
-94.961999
-95.431610
-95.856835
-96.321750
-96.756827
-97.176633
-97.594435
-97.997617
-98.410905
-98.797900
-99.194517
-99.588479
-99.957764
-100.346371
-100.711016
-101.073324
-101.433120
-101.780661
-102.135209
-102.468629
-102.799922
-79.684701
-80.202980
-80.709851
-81.229005
-81.711925
-82.182546
-82.734497
-83.225728
-83.680395
-84.167435
-84.640342
-85.121479
-85.632312
-86.996267
-87.607647
-88.258661
-88.869106
-89.459658
-90.049142
-90.619063
-91.170047
-91.702701
-92.250818
-92.747863
-93.291717
-93.785809
-94.278251
-94.753881
-95.227717
-95.699363
-96.168443
-96.594538
-97.058495
-97.493489
-97.913550
-98.331411
-98.735003
-99.147974
-99.535550
-99.932030
-100.325683
-100.695568
-101.083531
-101.448449
-101.810873
-102.170630
-102.527559
-102.872730
-103.206747
-103.538497
-80.389243
-80.912510
-81.424478
-81.948346
-82.436633
-82.912789
-83.468320
-83.964362
-84.424585
-84.916298
-85.394097
-85.879795
-86.394279
-87.738979
-88.350403
-89.000031
-89.609859
-90.200022
-90.788810
-91.358282
-91.909069
-92.458228
-92.989150
-93.486802
-94.029378
-94.523565
-95.015855
-95.491634
-95.965386
-96.436721
-96.905269
-97.332236
-97.795235
-98.230146
-98.650462
-99.068385
-99.472385
-99.885041
-100.273198
-100.669543
-101.062887
-101.433373
-101.820692
-102.185884
-102.548423
-102.908142
-103.264881
-103.610254
-103.944869
-104.277075
-81.093760
-81.622014
-82.139081
-82.667662
-83.161318
-83.643010
-84.202119
-84.702975
-85.168754
-85.665140
-86.147831
-86.638090
-87.156227
-88.481673
-89.093142
-89.741386
-90.350597
-90.940372
-91.528465
-92.097488
-92.648078
-93.196759
-93.727472
-94.225730
-94.767031
-95.261311
-95.753450
-96.229379
-96.703048
-97.187015
-97.642090
-98.069929
-98.531972
-98.966799
-99.387372
-99.805355
-100.209766
-100.622106
-101.010845
-101.407055
-101.800090
-102.171178
-102.557854
-102.923320
-103.294449
-103.645656
-104.002206
-104.347781
-104.682995
-105.015658
-81.798250
-82.331493
-82.853658
-83.386954
-83.885978
-84.373206
-84.935896
-85.441564
-85.912901
-86.413960
-86.901545
-87.396366
-87.918156
-89.224350
-89.835865
-90.500657
-91.091320
-91.680708
-92.268106
-92.836681
-93.387076
-93.935280
-94.465784
-94.964649
-95.504674
-95.999049
-96.491038
-96.967117
-97.440703
-97.923822
-98.378906
-98.807617
-99.268703
-99.703449
-100.124278
-100.542323
-100.947144
-101.359169
-101.748491
-102.144566
-102.537293
-102.917737
-103.295017
-103.660758
-104.031464
-104.383172
-104.739533
-105.085311
-105.428040
-105.754245
-82.502713
-83.040945
-83.568210
-84.106221
-84.610615
-85.103379
-85.669650
-86.180132
-86.657026
-87.162760
-87.655239
-88.154623
-88.680065
-89.967010
-90.578571
-91.241435
-91.832028
-92.421029
-93.007735
-93.560226
-94.126061
-94.673789
-95.204085
-95.703557
-96.242308
-96.736779
-97.228617
-97.704847
-98.178351
-98.660622
-99.115716
-99.545300
-100.005431
-100.440094
-100.861181
-101.279288
-101.684520
-102.096231
-102.495196
-102.882076
-103.274496
-103.655003
-104.032180
-104.398196
-104.768480
-105.120691
-105.476863
-105.822845
-106.165632
-106.498971
-83.207150
-83.750372
-84.282737
-84.825463
-85.335227
-85.833529
-86.403382
-86.918677
-87.401130
-87.911538
-88.408912
-88.912859
-89.441955
-90.709652
-91.321261
-91.982198
-92.572721
-93.161336
-93.747349
-94.299936
-94.865035
-95.412287
-95.942375
-96.442456
-96.979933
-97.474499
-97.966188
-98.442570
-98.915993
-99.397416
-99.852520
-100.282978
-100.742154
-101.176736
-101.598080
-102.016250
-102.421894
-102.833290
-103.232300
-103.619586
-104.011699
-104.392269
-104.769344
-105.135636
-105.505498
-105.858211
-106.214195
-106.560381
-106.903227
-107.237024
-83.911561
-84.459773
-84.997239
-85.544681
-86.059815
-86.563655
-87.137090
-87.657200
-88.145211
-88.660295
-89.162564
-89.671075
-90.203826
-91.452277
-92.063934
-92.722944
-93.313399
-93.917026
-94.486950
-95.039633
-95.603996
-96.150774
-96.680654
-97.181345
-97.717548
-98.224402
-98.703752
-99.180286
-99.653627
-100.134204
-100.589319
-101.030785
-101.478872
-101.913374
-102.334976
-102.753209
-103.159265
-103.570348
-103.969402
-104.357095
-104.748902
-105.129535
-105.506509
-105.873077
-106.242517
-106.595734
-106.951530
-107.297920
-107.640826
-107.975082
-84.615945
-85.169148
-85.711715
-86.263874
-86.784379
-87.293757
-87.870775
-88.395701
-88.889272
-89.409032
-89.916196
-90.429272
-90.965678
-92.194885
-92.806590
-93.463676
-94.054062
-94.656761
-95.226538
-95.779318
-96.342946
-96.889249
-97.418923
-97.932647
-98.455154
-98.961565
-99.441307
-99.917994
-100.391255
-100.870986
-101.326112
-101.767913
-102.215586
-102.650008
-103.071869
-103.498485
-103.896634
-104.307405
-104.706503
-105.094603
-105.486104
-105.866802
-106.243674
-106.616560
-106.979539
-107.333258
-107.688868
-108.035462
-108.378429
-108.713143
-85.320303
-85.878497
-86.426166
-86.983043
-87.508919
-88.023836
-88.604438
-89.134180
-89.633310
-90.157747
-90.669808
-91.187448
-91.727511
-92.937475
-93.549230
-94.204391
-94.794710
-95.396482
-95.979981
-96.518990
-97.081883
-97.627713
-98.157182
-98.670974
-99.192751
-99.698720
-100.189604
-100.655695
-101.128877
-101.607762
-102.062900
-102.505036
-102.952295
-103.386638
-103.808758
-104.234900
-104.634001
-105.051643
-105.443603
-105.832110
-106.223306
-106.604068
-106.980840
-107.353464
-107.716562
-108.075759
-108.426208
-108.773008
-109.116035
-109.451208
-86.024634
-86.587820
-87.140591
-87.702186
-88.233435
-88.753892
-89.338077
-89.872636
-90.377327
-90.906441
-91.423399
-91.945605
-92.489324
-93.680048
-94.291853
-94.945091
-95.535343
-96.136189
-96.718999
-97.258649
-97.820808
-98.366165
-98.895429
-99.409292
-99.930338
-100.435867
-100.926603
-101.393388
-101.866491
-102.344531
-102.799681
-103.242154
-103.689000
-104.123264
-104.553191
-104.971312
-105.371365
-105.788157
-106.180702
-106.569617
-106.966292
-107.341336
-107.718007
-108.090369
-108.453586
-108.812748
-109.163551
-109.510556
-109.853644
-110.189277
-86.728939
-87.297118
-87.854992
-88.421305
-88.957926
-89.483923
-90.071694
-90.611070
-91.121322
-91.655114
-92.176970
-92.703742
-93.251119
-94.422603
-95.034460
-95.685774
-96.275961
-96.875882
-97.458004
-97.998296
-98.559722
-99.104607
-99.633666
-100.147599
-100.667916
-101.173004
-101.663595
-102.131074
-102.604098
-103.081294
-103.536458
-103.979267
-104.425701
-104.859886
-105.289536
-105.707722
-106.108727
-106.524669
-106.917799
-107.312656
-107.702954
-108.078603
-108.455175
-108.827275
-109.190612
-109.549740
-109.900896
-110.251488
-110.591257
-110.927350
-87.433217
-88.006389
-88.569367
-89.140400
-89.682394
-90.213932
-90.805288
-91.349481
-91.865295
-92.403765
-92.930520
-93.461860
-94.012894
-95.165141
-95.777050
-96.426443
-97.016564
-97.615560
-98.196996
-98.749767
-99.298623
-99.843037
-100.371893
-100.885896
-101.405485
-101.910134
-102.400579
-102.868752
-103.341699
-103.818051
-104.273228
-104.716375
-105.162397
-105.596504
-106.025876
-106.444128
-106.846087
-107.261180
-107.654896
-108.049622
-108.439617
-108.815870
-109.192343
-109.564183
-109.927640
-110.286734
-110.638244
-110.988503
-111.328874
-111.665427
-88.137470
-88.715635
-89.283717
-89.859469
-90.406838
-90.943916
-91.538859
-92.087871
-92.609247
-93.152396
-93.684049
-94.219957
-94.774650
-95.907662
-96.519623
-97.167095
-97.757152
-98.355224
-98.935974
-99.488846
-100.037512
-100.581455
-101.110108
-101.624184
-102.143044
-102.647254
-103.137555
-103.606423
-104.079293
-104.554802
-105.009993
-105.453477
-105.899088
-106.333118
-106.762214
-107.180532
-107.588775
-107.997688
-108.391990
-108.786587
-109.176279
-109.553138
-109.933125
-110.301092
-110.664670
-111.023730
-111.375595
-111.725521
-112.066494
-112.403508
-88.841695
-89.424855
-89.998042
-90.578514
-91.131257
-91.673878
-92.272407
-92.826238
-93.353177
-93.901006
-94.437559
-94.978034
-95.536387
-96.650165
-97.262180
-97.907732
-98.497725
-99.094874
-99.674938
-100.227911
-100.776390
-101.319863
-101.848313
-102.362461
-102.880595
-103.384366
-103.874522
-104.344087
-104.816880
-105.291546
-105.746753
-106.190575
-106.635776
-107.069729
-107.498548
-107.916933
-108.325591
-108.734195
-109.129084
-109.523551
-109.912941
-110.290406
-110.669756
-111.038002
-111.401701
-111.760728
-112.112948
-112.462542
-112.804117
-113.141593
-89.545895
-90.134049
-90.712341
-91.297535
-91.855652
-92.403815
-93.005933
-93.564583
-94.097085
-94.649594
-95.191047
-95.736092
-96.298105
-97.392650
-98.004720
-98.648353
-99.238284
-99.834510
-100.413890
-100.966965
-101.515255
-102.058259
-102.586508
-103.100728
-103.618135
-104.121469
-104.611482
-105.081743
-105.554461
-106.028285
-106.483507
-106.927668
-107.372458
-107.806335
-108.234878
-108.653331
-109.062405
-109.470700
-109.866177
-110.260515
-110.649602
-111.027675
-111.406388
-111.774913
-112.138734
-112.497728
-112.850304
-113.199567
-113.541744
-113.879682
-90.250068
-90.843217
-91.426615
-92.016531
-92.580023
-93.133729
-93.739435
-94.302905
-94.840971
-95.398162
-95.944516
-96.494130
-97.059803
-98.135119
-98.747243
-99.388958
-99.978827
-100.574132
-101.152827
-101.706005
-102.254108
-102.796643
-103.333149
-103.838986
-104.355667
-104.858563
-105.348434
-105.819392
-106.292034
-106.765017
-107.220255
-107.664756
-108.114079
-108.542938
-108.971206
-109.389727
-109.799217
-110.207204
-110.603268
-110.997477
-111.386264
-111.764943
-112.143020
-112.511825
-112.875769
-113.234730
-113.587662
-113.936594
-114.279374
-114.617775
-90.954214
-91.552360
-92.140864
-92.735502
-93.304371
-93.863620
-94.472915
-95.041206
-95.584836
-96.146708
-96.697963
-97.252148
-97.821483
-98.877570
-99.489750
-100.129547
-100.719355
-101.313739
-101.891752
-102.445032
-102.992949
-103.535017
-104.070782
-104.577233
-105.093189
-105.595649
-106.085378
-106.557033
-107.029601
-107.501743
-107.956998
-108.401838
-108.850215
-109.279537
-109.707530
-110.126119
-110.536026
-110.943706
-111.340358
-111.734439
-112.122925
-112.502212
-112.879653
-113.248739
-113.612805
-113.971735
-114.325023
-114.673624
-115.017008
-115.355872
-91.658334
-92.261477
-92.855088
-93.454448
-94.028694
-94.593487
-95.206371
-95.779484
-96.328679
-96.895234
-97.451391
-98.010146
-98.583143
-99.620003
-100.243025
-100.870121
-101.459868
-102.053332
-102.630662
-103.184047
-103.731778
-104.273379
-104.808404
-105.315471
-105.830702
-106.332727
-106.822313
-107.294667
-107.767161
-108.238463
-108.693735
-109.138916
-109.586346
-110.016131
-110.443850
-110.862509
-111.272833
-111.680205
-112.077446
-112.471401
-112.859586
-113.239481
-113.616287
-113.985654
-114.349843
-114.708742
-115.062386
-115.410657
-115.754646
-116.093972
-92.362428
-92.970567
-93.569286
-94.173370
-94.752992
-95.323330
-95.939805
-96.517740
-97.072501
-97.643738
-98.204798
-98.768124
-99.344784
-100.362419
-100.984953
-101.610679
-102.200367
-102.792911
-103.369560
-103.923049
-104.470596
-105.011730
-105.546016
-106.053698
-106.568206
-107.069795
-107.559241
-108.032294
-108.504714
-108.979487
-109.430466
-109.875989
-110.322472
-110.752722
-111.180167
-111.598896
-112.009638
-112.416704
-112.814534
-113.208361
-113.596246
-113.976750
-114.352922
-114.722570
-115.086883
-115.445750
-115.799073
-116.147694
-116.491099
-116.832077
-93.066496
-93.679632
-94.283459
-94.892267
-95.477267
-96.053150
-96.673216
-97.255973
-97.816301
-98.392221
-98.958184
-99.526083
-100.106406
-101.104818
-101.726863
-102.351221
-102.940850
-103.532476
-104.108444
-104.662039
-105.209401
-105.750069
-106.283617
-106.791916
-107.305700
-107.806855
-108.296161
-108.769913
-109.242260
-109.715657
-110.170632
-110.613056
-111.058595
-111.489309
-111.916481
-112.335280
-112.746440
-113.153200
-113.551620
-113.945321
-114.332906
-114.714020
-115.089557
-115.459487
-115.823924
-116.182761
-116.535902
-116.884733
-117.228204
-117.570185
-93.770537
-94.388672
-94.997607
-95.611139
-96.201518
-96.782946
-97.406604
-97.994185
-98.560079
-99.140684
-99.711550
-100.284021
-100.868009
-101.847200
-102.468757
-103.091747
-103.681318
-104.272027
-104.847314
-105.401016
-105.948194
-106.488397
-107.021207
-107.530124
-108.048184
-108.543906
-109.033072
-109.507525
-109.979800
-110.451820
-110.906814
-111.350119
-111.794712
-112.227827
-112.652792
-113.071661
-113.483240
-113.889694
-114.288705
-114.682280
-115.069567
-115.451289
-115.826193
-116.196406
-116.560967
-116.919774
-117.272734
-117.621775
-117.965312
-118.308298
-94.474551
-95.097685
-95.711730
-96.329987
-96.925745
-97.512719
-98.139970
-98.732374
-99.303835
-99.889125
-100.464896
-101.041940
-101.629592
-102.598612
-103.210634
-103.832258
-104.421772
-105.011563
-105.586171
-106.139980
-106.686975
-107.226714
-107.758787
-108.268321
-108.785120
-109.280949
-109.769976
-110.248517
-110.717332
-111.187976
-111.642990
-112.087176
-112.530826
-112.963868
-113.389099
-113.808039
-114.220038
-114.626187
-115.025788
-115.419238
-115.806226
-116.188559
-116.562830
-116.933325
-117.296238
-117.656790
-118.009569
-118.358821
-118.702424
-119.046414
-95.178539
-95.806673
-96.425827
-97.048811
-97.649947
-98.242469
-98.873312
-99.470541
-100.047570
-100.637545
-101.218221
-101.799839
-102.391157
-103.340412
-103.952495
-104.572753
-105.162210
-105.751085
-106.325015
-106.878931
-107.431205
-107.965020
-108.496356
-109.006509
-109.522048
-110.017983
-110.506871
-110.985574
-111.454858
-111.924127
-112.379161
-112.824229
-113.266934
-113.699906
-114.125403
-114.544415
-114.956833
-115.362678
-115.762871
-116.156196
-116.542886
-116.925830
-117.299467
-117.670246
-118.032745
-118.393807
-118.746406
-119.095869
-119.439539
-119.784534
-95.882501
-96.515634
-97.139899
-97.767609
-98.385981
-98.972194
-99.606632
-100.208685
-100.791283
-101.385944
-101.981169
-102.557718
-103.152702
-104.082195
-104.694339
-105.313232
-105.902633
-106.490594
-107.063845
-107.617869
-108.169421
-108.703314
-109.233915
-109.744687
-110.258965
-110.755008
-111.243759
-111.722624
-112.194340
-112.660271
-113.115326
-113.561276
-114.003039
-114.435939
-114.861703
-115.280788
-115.693627
-116.099168
-116.499952
-116.893153
-117.279545
-117.663100
-118.036105
-118.404584
-118.769255
-119.130826
-119.483246
-119.832921
-120.176658
-120.522658
-96.586437
-97.224570
-97.853946
-98.486383
-99.109615
-99.712882
-100.339928
-100.946807
-101.534974
-102.134321
-102.733891
-103.315578
-103.914228
-104.823960
-105.436167
-106.053696
-106.643042
-107.235698
-107.802662
-108.356795
-108.907624
-109.441597
-109.971462
-110.482854
-110.995874
-111.492025
-111.980639
-112.459667
-112.931313
-113.396410
-113.851486
-114.298319
-114.739139
-115.171968
-115.598001
-116.017158
-116.430417
-116.835655
-117.237032
-117.630109
-118.016205
-118.397791
-118.772744
-119.140969
-119.505766
-119.867848
-120.220089
-120.569975
-120.913780
-121.256108
-97.290346
-97.933481
-98.567968
-99.205132
-99.833225
-100.442032
-101.073202
-101.684908
-102.278644
-102.882678
-103.486592
-104.073417
-104.675735
-105.565708
-106.177978
-106.794144
-107.383435
-107.974635
-108.541465
-109.095708
-109.645816
-110.179868
-110.709000
-111.221012
-111.732773
-112.229033
-112.717510
-113.196702
-113.668279
-114.132542
-114.587640
-115.035356
-115.475234
-115.907994
-116.334294
-116.753525
-117.167206
-117.572141
-117.974110
-118.367064
-118.752863
-119.134523
-119.509384
-119.877354
-120.242278
-120.604872
-120.956934
-121.307033
-121.650905
-121.993700
-97.994228
-98.642365
-99.281964
-99.923857
-100.556812
-101.171160
-101.806453
-102.422985
-103.022291
-103.631014
-104.239272
-104.831237
-105.437223
-106.307439
-106.919772
-107.534576
-108.128775
-108.713558
-109.280255
-109.834608
-110.383996
-110.918129
-111.446527
-111.959160
-112.469663
-112.966032
-113.454374
-113.933730
-114.405238
-114.868668
-115.323788
-115.772389
-116.211325
-116.644016
-117.070585
-117.489889
-117.903992
-118.308625
-118.711188
-119.104019
-119.486149
-119.871255
-120.246024
-120.613742
-120.978792
-121.341898
-121.693781
-122.044093
-122.388034
-122.731295
-98.698085
-99.351223
-99.995936
-100.642557
-101.280374
-101.900263
-102.539681
-103.161041
-103.765918
-104.379329
-104.991932
-105.589037
-106.198692
-107.049152
-107.661550
-108.274992
-108.868595
-109.452467
-110.019032
-110.573496
-111.122164
-111.658737
-112.184043
-112.697298
-113.206544
-113.703023
-114.191229
-114.670750
-115.142191
-115.604787
-116.059931
-116.509416
-116.947412
-117.380033
-117.806872
-118.226251
-118.640777
-119.045107
-119.444919
-119.840973
-120.222269
-120.607987
-120.982665
-121.350130
-121.715308
-122.078926
-122.430632
-122.781157
-123.125167
-123.468895
-99.401914
-100.060056
-100.709882
-101.361232
-102.003912
-102.629343
-103.272887
-103.899074
-104.509522
-105.127622
-105.744572
-106.346817
-106.960141
-107.796064
-108.403312
-109.019700
-109.608400
-110.191362
-110.757795
-111.314985
-111.860320
-112.396434
-112.921548
-113.435426
-113.943416
-114.440005
-114.928040
-115.407763
-115.879137
-116.340901
-116.796068
-117.244705
-117.683494
-118.116047
-118.543155
-118.962610
-119.377558
-119.781588
-120.181455
-120.577926
-120.958389
-121.344720
-121.719307
-122.086519
-122.451826
-122.810148
-123.167484
-123.518224
-123.862303
-124.206498
-100.105718
-100.768863
-101.423802
-102.079883
-102.718691
-103.358400
-104.006069
-104.637085
-105.253105
-105.875895
-106.497191
-107.104577
-107.721572
-108.537197
-109.145056
-109.759541
-110.348190
-110.930243
-111.496544
-112.053306
-112.598464
-113.134120
-113.659043
-114.173544
-114.680278
-115.176979
-115.664341
-116.144769
-116.616076
-117.077008
-117.532199
-117.981184
-118.419571
-118.852057
-119.279436
-119.695442
-120.114338
-120.518066
-120.917990
-121.314878
-121.694509
-122.081453
-122.450409
-122.822910
-123.188345
-123.546642
-123.904340
-124.255293
-124.599443
-124.944106
-100.809495
-101.477644
-102.137698
-102.798509
-103.442701
-104.087433
-104.739229
-105.375074
-105.996666
-106.624146
-107.249790
-107.862317
-108.482983
-109.278313
-109.886785
-110.499367
-111.087965
-111.669109
-112.235280
-112.791614
-113.336596
-113.871795
-114.396527
-114.911652
-115.417131
-115.913943
-116.400634
-116.881767
-117.353008
-117.813110
-118.268325
-118.717657
-119.155645
-119.588063
-120.015713
-120.431257
-120.851115
-121.249882
-121.654524
-122.051830
-122.430628
-122.818186
-123.186514
-123.559302
-123.924866
-124.283138
-124.641198
-124.992366
-125.336586
-125.681717
-101.513246
-102.186399
-102.851568
-103.517110
-104.166686
-104.816443
-105.472366
-106.113041
-106.740206
-107.372376
-108.002368
-108.624744
-109.244375
-110.019411
-110.628496
-111.239177
-111.827725
-112.407962
-112.974003
-113.529909
-114.074716
-114.609458
-115.134001
-115.649750
-116.153974
-116.650899
-117.136919
-117.618758
-118.089933
-118.549205
-119.004446
-119.454126
-119.891713
-120.324065
-120.751986
-121.167070
-121.587890
-121.985820
-122.391056
-122.788781
-123.166747
-123.554919
-123.922620
-124.295695
-124.661389
-125.019635
-125.378058
-125.729442
-126.073732
-126.419332
-102.216970
-102.895129
-103.565413
-104.235687
-104.890648
-105.545429
-106.205480
-106.850985
-107.483724
-108.120586
-108.754926
-109.381875
-110.005748
-110.760493
-111.370191
-111.978971
-112.567470
-113.146800
-113.712712
-114.268192
-114.812823
-115.347110
-115.871464
-116.387838
-116.890809
-117.387847
-117.873196
-118.355741
-118.826852
-119.285293
-119.740561
-120.190589
-120.627778
-121.060064
-121.488257
-121.902880
-122.324663
-122.721755
-123.127587
-123.525731
-123.902866
-124.291653
-124.658726
-125.032089
-125.397913
-125.756135
-126.114922
-126.458044
-126.810882
-127.156952
-102.920668
-103.603833
-104.279233
-104.954239
-105.614586
-106.274392
-106.938571
-107.588907
-108.227220
-108.868774
-109.507464
-110.138987
-110.767102
-111.501556
-112.111870
-112.718749
-113.307201
-113.885624
-114.451408
-115.006462
-115.550919
-116.084751
-116.608916
-117.125916
-117.627634
-118.124786
-118.609465
-119.092717
-119.563763
-120.021376
-120.476670
-120.927048
-121.363837
-121.796058
-122.224524
-122.638687
-123.061433
-123.457689
-123.864117
-124.262680
-124.638985
-125.028387
-125.394834
-125.768485
-126.134439
-126.492638
-126.851787
-127.194587
-127.548036
-127.894575
-103.624340
-104.312511
-104.993027
-105.672767
-106.338499
-107.003331
-107.671639
-108.326807
-108.970694
-109.616941
-110.259981
-110.896079
-111.528437
-112.242603
-112.853532
-113.458512
-114.046916
-114.624434
-115.190091
-115.744719
-116.289003
-116.822380
-117.346358
-117.863984
-118.364450
-118.861716
-119.345726
-119.829686
-120.300668
-120.757452
-121.212773
-121.663501
-122.099893
-122.532048
-122.960787
-123.374491
-123.798201
-124.193621
-124.600646
-124.999629
-125.375104
-125.765121
-126.130942
-126.504882
-126.870967
-127.229142
-127.588656
-127.931134
-128.285193
-128.632202
-104.327985
-105.021163
-105.706797
-106.391270
-107.062389
-107.732247
-108.404684
-109.064685
-109.714147
-110.365087
-111.012478
-111.653151
-112.289752
-112.983632
-113.595177
-114.198259
-114.786616
-115.363230
-115.928759
-116.482964
-117.027075
-117.559999
-118.083789
-118.602042
-119.101256
-119.598638
-120.081979
-120.566647
-121.037566
-121.493523
-121.948871
-122.399949
-122.835944
-123.268035
-123.697047
-124.110292
-124.534967
-124.929551
-125.337173
-125.728637
-126.111222
-126.501855
-126.867051
-127.241280
-127.607496
-127.965648
-128.325527
-128.667683
-129.022353
-129.369833
-105.031604
-105.729789
-106.420541
-107.109748
-107.791352
-108.461139
-109.137707
-109.802540
-110.457578
-111.113212
-111.764954
-112.410203
-113.051048
-113.724643
-114.336806
-114.937990
-115.525829
-116.102011
-116.667415
-117.221196
-117.765135
-118.297605
-118.821210
-119.340090
-119.838053
-120.335551
-120.818224
-121.303601
-121.774458
-122.229587
-122.684964
-123.136393
-123.565642
-124.004018
-124.426325
-124.846091
-125.271730
-125.665480
-126.073699
-126.465045
-126.847340
-127.238590
-127.603160
-127.977679
-128.344027
-128.702157
-129.062400
-129.404235
-129.759517
-130.107467
-105.735197
-106.438389
-107.134260
-107.828202
-108.514674
-109.190008
-109.870706
-110.540373
-111.200987
-111.861316
-112.517410
-113.167235
-113.812326
-114.465330
-115.078418
-115.677706
-116.264957
-116.840779
-117.406057
-117.959415
-118.503183
-119.035201
-119.558620
-120.074322
-120.574841
-121.067928
-121.554461
-122.040547
-122.511342
-122.965645
-123.421050
-123.872831
-124.301146
-124.739996
-125.162041
-125.581886
-126.008491
-126.401406
-126.810224
-127.201453
-127.583458
-127.975325
-128.339270
-128.714079
-129.080560
-129.438667
-129.788367
-130.140790
-130.496684
-130.845106
-106.438763
-107.146964
-107.847953
-108.546631
-109.237971
-109.918853
-110.603683
-111.278184
-111.944375
-112.609399
-113.269845
-113.924248
-114.573584
-115.206853
-115.820014
-116.417406
-117.004070
-117.579532
-118.144686
-118.697622
-119.241219
-119.772785
-120.296019
-120.811811
-121.311620
-121.804285
-122.290690
-122.777486
-123.248220
-123.701696
-124.157132
-124.609264
-125.036647
-125.475971
-125.897753
-126.317679
-126.745250
-127.137331
-127.546748
-127.937860
-128.319575
-128.712060
-129.075381
-129.450481
-129.817094
-130.175180
-130.524707
-130.877349
-131.233855
-131.582749
-107.142303
-107.855513
-108.561622
-109.265035
-109.961245
-110.647675
-111.336637
-112.015973
-112.687741
-113.357461
-114.022260
-114.681241
-115.334823
-115.948358
-116.561593
-117.157090
-117.743168
-118.318271
-118.883301
-119.435815
-119.979243
-120.510358
-121.033408
-121.549289
-122.048389
-122.540633
-123.026911
-123.514418
-123.985091
-124.437742
-124.893207
-125.345693
-125.772142
-126.211942
-126.633462
-127.053469
-127.472794
-127.873254
-128.283270
-128.674266
-129.055692
-129.448795
-129.811493
-130.186883
-130.542175
-130.911695
-131.261050
-131.613910
-131.971029
-132.320396
-107.845816
-108.564036
-109.275265
-109.983415
-110.684495
-111.376474
-112.069568
-112.753739
-113.431086
-114.105502
-114.774655
-115.438214
-116.096042
-116.689845
-117.303155
-117.896758
-118.482251
-119.056996
-119.621903
-120.173996
-120.717255
-121.247920
-121.770786
-122.286757
-122.785150
-123.276973
-123.763124
-124.251342
-124.721955
-125.173781
-125.629277
-126.082116
-126.507634
-126.947909
-127.369168
-127.789256
-128.209010
-128.609176
-129.019791
-129.410672
-129.791810
-130.185531
-130.547605
-130.923287
-131.278175
-131.648212
-131.997395
-132.350474
-132.708207
-133.058046
-108.549303
-109.272534
-109.988883
-110.701770
-111.407720
-112.105248
-112.802477
-113.491483
-114.174408
-114.853522
-115.527029
-116.195167
-116.857243
-117.431316
-118.044701
-118.636411
-119.221319
-119.795706
-120.360491
-120.912165
-121.455255
-121.985470
-122.508154
-123.024215
-123.521900
-124.013304
-124.499329
-124.988259
-125.458813
-125.909814
-126.365342
-126.818534
-127.243121
-127.683872
-128.104871
-128.525041
-128.945224
-129.345096
-129.756311
-130.147077
-130.527926
-130.910540
-131.283718
-131.659692
-132.014177
-132.384731
-132.733743
-133.087042
-133.431809
-133.795701
-109.252764
-109.981005
-110.702476
-111.420100
-112.130922
-112.834000
-113.535362
-114.229205
-114.917709
-115.601521
-116.279383
-116.952100
-117.618424
-118.172769
-118.786231
-119.376048
-119.960373
-120.534403
-121.099066
-121.650320
-122.193243
-122.723009
-123.239392
-123.761663
-124.251788
-124.749627
-125.235526
-125.725168
-126.195663
-126.645841
-127.101400
-127.554947
-127.978603
-128.419832
-128.840570
-129.260822
-129.681435
-130.081013
-130.492829
-130.883481
-131.264043
-131.646738
-132.019832
-132.396099
-132.750180
-133.121252
-133.470094
-133.823612
-134.168455
-134.533359
-109.956198
-110.689451
-111.416043
-112.138406
-112.854100
-113.562728
-114.268225
-114.966905
-115.660989
-116.349498
-117.031716
-117.709014
-118.379587
-118.911240
-119.527743
-120.115669
-120.699411
-121.273085
-121.837628
-122.388463
-122.931219
-123.460537
-123.976199
-124.499102
-124.987982
-125.485941
-125.971715
-126.453603
-126.932507
-127.381862
-127.837454
-128.291356
-128.714081
-129.155787
-129.576266
-129.996601
-130.417645
-130.816930
-131.229347
-131.619884
-132.000159
-132.382936
-132.755947
-133.132506
-133.486184
-133.857776
-134.206447
-134.560185
-134.905104
-135.271021
-110.659606
-111.397871
-112.129585
-112.856688
-113.577253
-114.291432
-115.001065
-115.704583
-116.404246
-117.097455
-117.784029
-118.465908
-119.137517
-119.652114
-120.269240
-120.855275
-121.438434
-122.011754
-122.570539
-123.126594
-123.662750
-124.191238
-124.712996
-125.236530
-125.724167
-126.222246
-126.707896
-127.189959
-127.669344
-128.117877
-128.563502
-129.027759
-129.449555
-129.880778
-130.311958
-130.732377
-131.153851
-131.552844
-131.965863
-132.356287
-132.736275
-133.119134
-133.492062
-133.868915
-134.222191
-134.594301
-134.942803
-135.296762
-135.641757
-136.008688
-111.362988
-112.106265
-112.841652
-113.574944
-114.300383
-115.020113
-115.733882
-116.442238
-117.147482
-117.845390
-118.536322
-119.222782
-119.898067
-120.392969
-121.010719
-121.594865
-122.177443
-122.750408
-123.308533
-123.864711
-124.400162
-124.928204
-125.449782
-125.973948
-126.460342
-126.958543
-127.434894
-127.926308
-128.406174
-128.843682
-129.299007
-129.764157
-130.185024
-130.616188
-131.047648
-131.468150
-131.890056
-132.288757
-132.702378
-133.092689
-133.472391
-133.855332
-134.228178
-134.605325
-134.958199
-135.330829
-135.679161
-136.033342
-136.378413
-136.730355
-112.066343
-112.814634
-113.555650
-114.293176
-115.023488
-115.748771
-116.466676
-117.179871
-117.890697
-118.593305
-119.288594
-119.979636
-120.658597
-121.133808
-121.752183
-122.334439
-122.916437
-123.489047
-124.046514
-124.602816
-125.137562
-125.665158
-126.186557
-126.711357
-127.196508
-127.694831
-128.170522
-128.662649
-129.142998
-129.579147
-130.034506
-130.500550
-130.920488
-131.351595
-131.783333
-132.203921
-132.626258
-133.024667
-133.438891
-133.829090
-134.208506
-134.591531
-134.964295
-135.341736
-135.694208
-136.067359
-136.415522
-136.769924
-137.115073
-137.467489
-112.769672
-113.522976
-114.269622
-115.011384
-115.746570
-116.477405
-117.199447
-117.917482
-118.633889
-119.341198
-120.040845
-120.736471
-121.419109
-121.874629
-122.493629
-123.073998
-123.655415
-124.227673
-124.784481
-125.340908
-125.874950
-126.402102
-126.923322
-127.448755
-127.932665
-128.431111
-128.906142
-129.398983
-129.879814
-130.314606
-130.770000
-131.236938
-131.655949
-132.086997
-132.519016
-132.939688
-133.362458
-133.760577
-134.161305
-134.565490
-134.944622
-135.327730
-135.700412
-136.062661
-136.430220
-136.787871
-137.151886
-137.489975
-137.851737
-138.204628
-113.472975
-114.231293
-114.983569
-115.729567
-116.469627
-117.206015
-117.932196
-118.655070
-119.377060
-120.089071
-120.793077
-121.493285
-122.179601
-122.615433
-123.235059
-123.813540
-124.394379
-124.966285
-125.522434
-126.078988
-126.612326
-127.139034
-127.660076
-128.186144
-128.668813
-129.167382
-129.641753
-130.135310
-130.616624
-131.050059
-131.505488
-131.973321
-132.391404
-132.822396
-133.254695
-133.661734
-134.098656
-134.496484
-134.897278
-135.301890
-135.680737
-136.063929
-136.436530
-136.798537
-137.166233
-137.523867
-137.888252
-138.226026
-138.588403
-138.941770
-114.176251
-114.939584
-115.697490
-116.447725
-117.192661
-117.934602
-118.664922
-119.392637
-120.116352
-120.836922
-121.545288
-122.250080
-122.940074
-123.356219
-123.976473
-124.553067
-125.133328
-125.704882
-126.260374
-126.817054
-127.349690
-127.875954
-128.396820
-128.923523
-129.404951
-129.903644
-130.377357
-130.871629
-131.353427
-131.785505
-132.240970
-132.709699
-133.126856
-133.557791
-133.990371
-134.396959
-134.834852
-135.232389
-135.633250
-136.038289
-136.401124
-136.800129
-137.156370
-137.534414
-137.902248
-138.259865
-138.624620
-138.962079
-139.325073
-139.678916
-114.879501
-115.647850
-116.411387
-117.165858
-117.915670
-118.663166
-119.397624
-120.130181
-120.858933
-121.584753
-122.297478
-123.006856
-123.700528
-124.096988
-124.717870
-125.292579
-125.872262
-126.443465
-126.998301
-127.555109
-128.087042
-128.612864
-129.133553
-129.660891
-130.141081
-130.639897
-131.112952
-131.607941
-132.090223
-132.520946
-132.976447
-133.446072
-133.862303
-134.293182
-134.726043
-135.132181
-135.571045
-135.952898
-136.369220
-136.774687
-137.136701
-137.536329
-137.891952
-138.270292
-138.638264
-138.995866
-139.360992
-139.698136
-140.061747
-140.416066
-115.582724
-116.356089
-117.123676
-117.883967
-118.638655
-119.391706
-120.130304
-120.867703
-121.601491
-122.332562
-123.049648
-123.763611
-124.460963
-124.837740
-125.459250
-126.032075
-126.611181
-127.182034
-127.736214
-128.293150
-128.824382
-129.349762
-129.870275
-130.398250
-130.877200
-131.376142
-131.848540
-132.344245
-132.827013
-133.256380
-133.711918
-134.182440
-134.597745
-135.028569
-135.461712
-135.867401
-136.307236
-136.688263
-137.105190
-137.511084
-137.872278
-138.272529
-138.627535
-139.006171
-139.374282
-139.731868
-140.097365
-140.434196
-140.798424
-141.153220
-116.285922
-117.064303
-117.837016
-118.602052
-119.361617
-120.120223
-120.862962
-121.605202
-122.344028
-123.080350
-123.801798
-124.520347
-125.221379
-125.578475
-126.192292
-126.771555
-127.350085
-127.920589
-128.474114
-129.031179
-129.561710
-130.086649
-130.606987
-131.135599
-131.613311
-132.112379
-132.584120
-133.080542
-133.550140
-133.991808
-134.447384
-134.904165
-135.333183
-135.763952
-136.197378
-136.602617
-137.043424
-137.423626
-137.841158
-138.247481
-138.607855
-139.008729
-139.363119
-139.742052
-140.110302
-140.467873
-140.833742
-141.170258
-141.515625
-141.890378
-116.989093
-117.772491
-118.550332
-119.320111
-120.084554
-120.848716
-121.595596
-122.342680
-123.086543
-123.828117
-124.553927
-125.277062
-125.981776
-126.319192
-126.933094
-127.511019
-128.088974
-128.659130
-129.212001
-129.769195
-130.299026
-130.823525
-131.343688
-131.872938
-132.349412
-132.848606
-133.319691
-133.816832
-134.286378
-134.727230
-135.182844
-135.639985
-136.068617
-136.499332
-136.933040
-137.337831
-137.762887
-138.158987
-138.577125
-138.966268
-139.343431
-139.744929
-140.098703
-140.477934
-140.846323
-141.203879
-141.570121
-141.906324
-142.251771
-142.627540
-117.692237
-118.480653
-119.263622
-120.038147
-120.807468
-121.577185
-122.328208
-123.080135
-123.829037
-124.575863
-125.306036
-126.033758
-126.742153
-127.059892
-127.673880
-128.250468
-128.827848
-129.397657
-129.949874
-130.507198
-131.036330
-131.560389
-132.080379
-132.610267
-133.085505
-133.584825
-134.055255
-134.553114
-135.022608
-135.462646
-135.918298
-136.375801
-136.804046
-137.234707
-137.668699
-138.073042
-138.498533
-138.894347
-139.313090
-139.702126
-140.079007
-140.481130
-140.834288
-141.213817
-141.582346
-141.939888
-142.306502
-142.642393
-142.987921
-143.364706
-118.395355
-119.188790
-119.976887
-120.751980
-121.530357
-122.305632
-123.060796
-123.817568
-124.571508
-125.323588
-126.058124
-126.790435
-127.502512
-127.800574
-128.414649
-128.989900
-129.566708
-130.136169
-130.687733
-131.245188
-131.773623
-132.297242
-132.817059
-133.347585
-133.821587
-134.321036
-134.790811
-135.289389
-135.758832
-136.198055
-136.653747
-137.111611
-137.539470
-137.970079
-138.387187
-138.808251
-139.234177
-139.629705
-140.049055
-140.437982
-140.814583
-141.217331
-141.569874
-141.949701
-142.318371
-142.675899
-143.022314
-143.378465
-143.724074
-144.101876
-119.098447
-119.896900
-120.690127
-121.469454
-122.253222
-123.034054
-123.793362
-124.554979
-125.313959
-126.071293
-126.810192
-127.547091
-128.262851
-128.541239
-129.155402
-129.729318
-130.305552
-130.874667
-131.425580
-131.983166
-132.510903
-133.034084
-133.553728
-134.084894
-134.557661
-135.057237
-135.526359
-136.025656
-136.495050
-136.933458
-137.389190
-137.847416
-138.274891
-138.705446
-139.122303
-139.543456
-139.969819
-140.365061
-140.785018
-141.173838
-141.550159
-141.953532
-142.305461
-142.685586
-143.054397
-143.411912
-143.758163
-144.114539
-144.460230
-144.839049
-119.801513
-120.604985
-121.403341
-122.186904
-122.976064
-123.762454
-124.525905
-125.292367
-126.056387
-126.818976
-127.562240
-128.303728
-129.023172
-129.281887
-129.896138
-130.468719
-131.044382
-131.613152
-132.163413
-132.721132
-133.248171
-133.770915
-134.290387
-134.822193
-135.293725
-135.793431
-136.261898
-136.761916
-137.231260
-137.668856
-138.124628
-138.583216
-139.010306
-139.440810
-139.857415
-140.278659
-140.705459
-141.100416
-141.520980
-141.909693
-142.285734
-142.689734
-143.041048
-143.421473
-143.790425
-144.147928
-144.494015
-144.850617
-145.196390
-145.576227
-120.504552
-121.313044
-122.116531
-122.904330
-123.698881
-124.490830
-125.258426
-126.029734
-126.798794
-127.566637
-128.314267
-129.060345
-129.783473
-130.022518
-130.636857
-131.196132
-131.783196
-132.351622
-132.901232
-133.459084
-133.985427
-134.507734
-135.027035
-135.544359
-136.029780
-136.529615
-136.997430
-137.498169
-137.967464
-138.404247
-138.860060
-139.319011
-139.727577
-140.176170
-140.592524
-141.013859
-141.441097
-141.835768
-142.256941
-142.645548
-143.021310
-143.425935
-143.776636
-144.157360
-144.526455
-144.883945
-145.229869
-145.586698
-145.932553
-146.313408
-121.207565
-122.021078
-122.829695
-123.621731
-124.421674
-125.219182
-125.990923
-126.767078
-127.541180
-128.304320
-129.066274
-129.816942
-130.543755
-130.763131
-131.377560
-131.934960
-132.521996
-133.090077
-133.639038
-134.197024
-134.722672
-135.244542
-135.763673
-136.281099
-136.765826
-137.249444
-137.732954
-138.234414
-138.703661
-139.139631
-139.595487
-140.054801
-140.462448
-140.911526
-141.327630
-141.749056
-142.176732
-142.571119
-142.992900
-143.381401
-143.756885
-144.162137
-144.512225
-144.893249
-145.262486
-145.619965
-145.965726
-146.322782
-146.668720
-147.050594
-121.910551
-122.729086
-123.542834
-124.339108
-125.144443
-125.947511
-126.723398
-127.504400
-128.283544
-129.051386
-129.818260
-130.573519
-131.304018
-131.503727
-132.118247
-132.673772
-133.260781
-133.828519
-134.376831
-134.934951
-135.459904
-135.981339
-136.500300
-137.017829
-137.501863
-137.985074
-138.468470
-138.970652
-139.439851
-139.875010
-140.330908
-140.790586
-141.197314
-141.646878
-142.062732
-142.484250
-142.912365
-143.306468
-143.728858
-144.117254
-144.492459
-144.898339
-145.247814
-145.629139
-145.998520
-146.355986
-146.701585
-147.058869
-147.404890
-147.787783
-122.613511
-123.437067
-124.255948
-125.056460
-125.867189
-126.675816
-127.455850
-128.241699
-129.025886
-129.798431
-130.570226
-131.330077
-132.064262
-132.244306
-132.858917
-133.412569
-133.999551
-134.552528
-135.114610
-135.672865
-136.197124
-136.718124
-137.236917
-137.754550
-138.237890
-138.720695
-139.203977
-139.706882
-140.176034
-140.610383
-141.047219
-141.526366
-141.932176
-142.362164
-142.797831
-143.219441
-143.647995
-144.041816
-144.464815
-144.853106
-145.228034
-145.612082
-145.983405
-146.365031
-146.711297
-147.092010
-147.437447
-147.794959
-148.141064
-148.524976
-123.316445
-124.145024
-124.969037
-125.773787
-126.589910
-127.404098
-128.188279
-128.978977
-129.768206
-130.545454
-131.322172
-132.086615
-132.824487
-132.984867
-133.599570
-134.151350
-134.738305
-135.290400
-135.852376
-136.395008
-136.934333
-137.454899
-137.973523
-138.491260
-138.973908
-139.456308
-139.939477
-140.443105
-140.912211
-141.345749
-141.782093
-142.262141
-142.667033
-143.096972
-143.532927
-143.954630
-144.383624
-144.777161
-145.200771
-145.588958
-145.963608
-146.347748
-146.718996
-147.100923
-147.446796
-147.828036
-148.173311
-148.531052
-148.877241
-149.262173
-124.019353
-124.852954
-125.682100
-126.491090
-127.312607
-128.132357
-128.910490
-129.716232
-130.510505
-131.292457
-132.074097
-132.843133
-133.584692
-133.725411
-134.340207
-134.890115
-135.477046
-136.028259
-136.590128
-137.132358
-137.671529
-138.191662
-138.710118
-139.227960
-139.709916
-140.191912
-140.674969
-141.179321
-141.648380
-142.081109
-142.516961
-142.997911
-143.401886
-143.831777
-144.268019
-144.689816
-145.119250
-145.512505
-145.936725
-146.324809
-146.699182
-147.083413
-147.454587
-147.836817
-148.182297
-148.564064
-148.909178
-149.267148
-149.613422
-149.999374
-124.722234
-125.560859
-126.395138
-127.208368
-128.035281
-128.860592
-129.642341
-130.453465
-131.252783
-132.039438
-132.826002
-133.599631
-134.344879
-134.465938
-135.080827
-135.628865
-136.215771
-136.766103
-137.327867
-137.869694
-138.408714
-138.928413
-139.446703
-139.964651
-140.445916
-140.927507
-141.410453
-141.915529
-142.384543
-142.816463
-143.251823
-143.733676
-144.136734
-144.566577
-145.003108
-145.424999
-145.854873
-146.247847
-146.649469
-147.060658
-147.434756
-147.819079
-148.190180
-148.548118
-148.917800
-149.274965
-149.645048
-150.003247
-150.349606
-150.710360
-125.425089
-126.268737
-127.108151
-127.925622
-128.757930
-129.588804
-130.374170
-131.190676
-131.995038
-132.786399
-133.577886
-134.356109
-135.105047
-135.206447
-135.821431
-136.367599
-136.954481
-137.503934
-138.065593
-138.607018
-139.145886
-139.665154
-140.183277
-140.701331
-141.181906
-141.663094
-142.145929
-142.651730
-143.120700
-143.530896
-143.986680
-144.469436
-144.871578
-145.301373
-145.738193
-146.160179
-146.590495
-146.983188
-147.384883
-147.796508
-148.170329
-148.554744
-148.925773
-149.283477
-149.653304
-150.010460
-150.380920
-150.713167
-151.085793
-151.447030
-126.127917
-126.976590
-127.821139
-128.642851
-129.480555
-130.316992
-131.105976
-131.927865
-132.737272
-133.533339
-134.329750
-135.112568
-135.865195
-135.946939
-136.562019
-137.106317
-137.693176
-138.241750
-138.803305
-139.344329
-139.864764
-140.383232
-140.919840
-141.438002
-141.917887
-142.398672
-142.881396
-143.387924
-143.856849
-144.265702
-144.721531
-145.205191
-145.606417
-146.036166
-146.473275
-146.895356
-147.326114
-147.718526
-148.120297
-148.532356
-148.905903
-149.290411
-149.661367
-150.018837
-150.388810
-150.745957
-151.116795
-151.448735
-151.821984
-152.183704
-126.830720
-127.684418
-128.534102
-129.360055
-130.203156
-131.045157
-131.837759
-132.665031
-133.479485
-134.280257
-135.081594
-135.869007
-136.625324
-136.687414
-137.302589
-137.845020
-138.431856
-138.979552
-139.541004
-140.081627
-140.601374
-141.119411
-141.656393
-142.174662
-142.653859
-143.134241
-143.616856
-144.124110
-144.571294
-145.000501
-145.456376
-145.940941
-146.341252
-146.770954
-147.208354
-147.630531
-148.061731
-148.429374
-148.855709
-149.268204
-149.641476
-150.026077
-150.396961
-150.754199
-151.124317
-151.481456
-151.852672
-152.184306
-152.558179
-152.920382
-127.533495
-128.392219
-129.247040
-130.077235
-130.925734
-131.773298
-132.569519
-133.402175
-134.221676
-135.027155
-135.833417
-136.625426
-137.385435
-137.427872
-138.043144
-138.583707
-139.170522
-139.717339
-140.278690
-140.818913
-141.337972
-141.855580
-142.392936
-142.911313
-143.389821
-143.869802
-144.352308
-144.860289
-145.306893
-145.735294
-146.191216
-146.676686
-147.076083
-147.505739
-147.943430
-148.365702
-148.797346
-149.164173
-149.591120
-150.004051
-150.377048
-150.761744
-151.132557
-151.489561
-151.859826
-152.216958
-152.588552
-152.919880
-153.294377
-153.657063
-128.236245
-129.099995
-129.959952
-130.794391
-131.648287
-132.501416
-133.301257
-134.139297
-134.963845
-135.774031
-136.585220
-137.381826
-138.145526
-138.168312
-138.783681
-139.322378
-139.909173
-140.455113
-141.016362
-141.556186
-142.074557
-142.591737
-143.129467
-143.647954
-144.104423
-144.605355
-145.087752
-145.596460
-146.042484
-146.470081
-146.926051
-147.412426
-147.810909
-148.240520
-148.678502
-149.100871
-149.532958
-149.898970
-150.326530
-150.739897
-151.086184
-151.497411
-151.868153
-152.224925
-152.595337
-152.952461
-153.324435
-153.655456
-154.030578
-154.393749
-128.938968
-129.807745
-130.672839
-131.511522
-132.370816
-133.229510
-134.032972
-134.876397
-135.705993
-136.520887
-137.337002
-138.138205
-138.905598
-138.908734
-139.524203
-140.061034
-140.647808
-141.192873
-141.754020
-142.293446
-142.811131
-143.327883
-143.865989
-144.384585
-144.839830
-145.340898
-145.823188
-146.332624
-146.778069
-147.204861
-147.660879
-148.148161
-148.545730
-148.975297
-149.413571
-149.810546
-150.268568
-150.633765
-151.061939
-151.475742
-151.821220
-152.233078
-152.576225
-152.960290
-153.330849
-153.687967
-154.060320
-154.391036
-154.766783
-155.130438
-129.641665
-130.515470
-131.374036
-132.228628
-133.093321
-133.957581
-134.764664
-135.613475
-136.448119
-137.267722
-138.088764
-138.894565
-139.665651
-139.630950
-140.264707
-140.799674
-141.386429
-141.930618
-142.491666
-143.030694
-143.547693
-144.064018
-144.602499
-145.121206
-145.575228
-146.076433
-146.558616
-147.045275
-147.513647
-147.939636
-148.395703
-148.883891
-149.280548
-149.710070
-150.148636
-150.545173
-151.004176
-151.368559
-151.797346
-152.211587
-152.556255
-152.968745
-153.311286
-153.695657
-154.066364
-154.423475
-154.796208
-155.126619
-155.502992
-155.867132
-130.344336
-131.223168
-132.086369
-132.958573
-133.815803
-134.685629
-135.496333
-136.350530
-137.190223
-138.014535
-138.840506
-139.650906
-140.425685
-140.370794
-141.005196
-141.538298
-142.125035
-142.668349
-143.229297
-143.767929
-144.284243
-144.800141
-145.316746
-145.857817
-146.310616
-146.811960
-147.294036
-147.780886
-148.249219
-148.674404
-149.130520
-149.619615
-150.015360
-150.444839
-150.883698
-151.279798
-151.739781
-152.103350
-152.532752
-152.947431
-153.291291
-153.704413
-154.046347
-154.431024
-154.801879
-155.158985
-155.532098
-155.862205
-156.239204
-156.603829
-131.046980
-131.930841
-132.798676
-133.676141
-134.538260
-135.413653
-136.227980
-137.087563
-137.932306
-138.761328
-139.592227
-140.407226
-141.185699
-141.110621
-141.745667
-142.276907
-142.863626
-143.406066
-143.966916
-144.505151
-145.020781
-145.536253
-146.052697
-146.594418
-147.045995
-147.547478
-148.029448
-148.516491
-148.984783
-149.409167
-149.865332
-150.355335
-150.750169
-151.179604
-151.618757
-152.014419
-152.475384
-152.838141
-153.268157
-153.683274
-154.026326
-154.440080
-154.781410
-155.166393
-155.537397
-155.894497
-156.267991
-156.597794
-156.944681
-157.340530
-131.737847
-132.638488
-133.510959
-134.393684
-135.260693
-136.141653
-136.959603
-137.824574
-138.674367
-139.508099
-140.343928
-141.163526
-141.945695
-141.850432
-142.486122
-143.015500
-143.602202
-144.143770
-144.704521
-145.242361
-145.757307
-146.272354
-146.788638
-147.331009
-147.781365
-148.282987
-148.764852
-149.252088
-149.720341
-150.143923
-150.600139
-151.091050
-151.484973
-151.914366
-152.353813
-152.749038
-153.210985
-153.572929
-154.003560
-154.419117
-154.761360
-155.175748
-155.516473
-155.901763
-156.272916
-156.630011
-157.003887
-157.333386
-157.680362
-158.077236
-132.439949
-133.346110
-134.223216
-135.111203
-135.983102
-136.869630
-137.691204
-138.561563
-139.416406
-140.254850
-141.095609
-141.919807
-142.705672
-142.590224
-143.226561
-143.754077
-144.340763
-144.881458
-145.442113
-145.979558
-146.493821
-147.008444
-147.524569
-148.067590
-148.516725
-149.018487
-149.500248
-149.987678
-150.455892
-150.878673
-151.334940
-151.826760
-152.219772
-152.649123
-153.088865
-153.483654
-153.946584
-154.307715
-154.738963
-155.154959
-155.496395
-155.911417
-156.251536
-156.637134
-157.008437
-157.365527
-157.708502
-158.068981
-158.416047
-158.813945
-133.142025
-134.053705
-134.935449
-135.828697
-136.705488
-137.597584
-138.422783
-139.298530
-140.158424
-141.001580
-141.827163
-142.676068
-143.465629
-143.330000
-143.966983
-144.492639
-145.079309
-145.619133
-146.156789
-146.716742
-147.230323
-147.744522
-148.260488
-148.804162
-149.252077
-149.753979
-150.235636
-150.723260
-151.191437
-151.613417
-152.069735
-152.534964
-152.954567
-153.383877
-153.795518
-154.218268
-154.653138
-155.042500
-155.474364
-155.860867
-156.231429
-156.647085
-156.986601
-157.372506
-157.712689
-158.101046
-158.443865
-158.804579
-159.151735
-159.518018
-133.844075
-134.761275
-135.647656
-136.546167
-137.427849
-138.325514
-139.171977
-140.035474
-140.900421
-141.748288
-142.578242
-143.432310
-144.225568
-144.069758
-144.707389
-145.231185
-145.817840
-146.356794
-146.893815
-147.453914
-147.966814
-148.480589
-148.996398
-149.540723
-149.987419
-150.489463
-150.944687
-151.458835
-151.926974
-152.348154
-152.804525
-153.270127
-153.689357
-154.118626
-154.530028
-154.952878
-155.388196
-155.777283
-156.209763
-156.596170
-156.966463
-157.382754
-157.721666
-158.107880
-158.447676
-158.836566
-159.179231
-159.540180
-159.887427
-160.254197
-134.546098
-135.454374
-136.375030
-137.263612
-138.133516
-139.053421
-139.904041
-140.772396
-141.642395
-142.494976
-143.329301
-144.188531
-144.985487
-144.809499
-145.447778
-145.969715
-146.556357
-147.094440
-147.630827
-148.191073
-148.703292
-149.216645
-149.732296
-150.277274
-150.722751
-151.224938
-151.679523
-152.194403
-152.662505
-153.082886
-153.539309
-154.005285
-154.424144
-154.853372
-155.264534
-155.687486
-156.123251
-156.512065
-156.945162
-157.331472
-157.701497
-158.118423
-158.456732
-158.843254
-159.182666
-159.572089
-159.914600
-160.275784
-160.623122
-160.990379
-135.248095
-136.161396
-137.087691
-137.981032
-138.855311
-139.781305
-140.636082
-141.509296
-142.384349
-143.241642
-144.080340
-144.944733
-145.745387
-145.549222
-146.188150
-146.708230
-147.294858
-147.832073
-148.367825
-148.928219
-149.439758
-149.952690
-150.468184
-151.013816
-151.458075
-151.960404
-152.414351
-152.929963
-153.398029
-153.817611
-154.274087
-154.740438
-155.158925
-155.558445
-155.999037
-156.422091
-156.858304
-157.246844
-157.680559
-158.066774
-158.436530
-158.854093
-159.191799
-159.578630
-159.917657
-160.307614
-160.649972
-161.011391
-161.358821
-161.726566
-135.950066
-136.868392
-137.800326
-138.698428
-139.577084
-140.509165
-141.368101
-142.226171
-143.126280
-143.988288
-144.831358
-145.700915
-146.505268
-146.288929
-146.928506
-147.446729
-148.009056
-148.569691
-149.104811
-149.665353
-150.176213
-150.688723
-151.204062
-151.750347
-152.193389
-152.695861
-153.149170
-153.665516
-154.133546
-154.552330
-155.008860
-155.475586
-155.893702
-156.292647
-156.733536
-157.156693
-157.593354
-157.981622
-158.415955
-158.802075
-159.171563
-159.589762
-159.926866
-160.280868
-160.652649
-161.043141
-161.385345
-161.747002
-162.094523
-162.462756
-136.652011
-137.575363
-138.512936
-139.415799
-140.298832
-141.237001
-142.100096
-142.962489
-143.868190
-144.734913
-145.582356
-146.457077
-147.265131
-147.028618
-147.668846
-148.185212
-148.746987
-149.307295
-149.841783
-150.402474
-150.912655
-151.424746
-151.939929
-152.486869
-152.928694
-153.431310
-153.883982
-154.401061
-154.869057
-155.287043
-155.743628
-156.210729
-156.628475
-157.026846
-157.468033
-157.891292
-158.328403
-158.716398
-159.151350
-159.537376
-159.906596
-160.325432
-160.661934
-161.015710
-161.387644
-161.778670
-162.120722
-162.482615
-162.830229
-163.198950
-137.353929
-138.282308
-139.225521
-140.133146
-141.020556
-141.964814
-142.832069
-143.698784
-144.610078
-145.481516
-146.333334
-147.213220
-148.024974
-147.768290
-148.384544
-148.923680
-149.484903
-150.044885
-150.578741
-151.113067
-151.649085
-152.160756
-152.675785
-153.223381
-153.663990
-154.166751
-154.618786
-155.136599
-155.604560
-156.021750
-156.478389
-156.945867
-157.332279
-157.761041
-158.202525
-158.625889
-159.063449
-159.451172
-159.886744
-160.272675
-160.641629
-161.027404
-161.397003
-161.750554
-162.122640
-162.514201
-162.856101
-163.218231
-163.565938
-163.935149
-138.055821
-138.989227
-139.938081
-140.850468
-141.742256
-142.692604
-143.564019
-144.435057
-145.351945
-146.228099
-147.084291
-147.969343
-148.784797
-148.507944
-149.124307
-149.662132
-150.222804
-150.782461
-151.315686
-151.849624
-152.385504
-152.896756
-153.411631
-153.931329
-154.399277
-154.872983
-155.353582
-155.872130
-156.340057
-156.756450
-157.213146
-157.681000
-158.066507
-158.495232
-158.937015
-159.360483
-159.798493
-160.185945
-160.622136
-161.007974
-161.376662
-161.762538
-162.132073
-162.485398
-162.857637
-163.249734
-163.591483
-163.953850
-164.301650
-164.671351
-138.757687
-139.696121
-140.650616
-141.548777
-142.463932
-143.420370
-144.295947
-145.171307
-146.093790
-146.974661
-147.835228
-148.725446
-149.544602
-149.247581
-149.864053
-150.400568
-150.960691
-151.520023
-152.052618
-152.586168
-153.121911
-153.632745
-154.147466
-154.667283
-155.134554
-155.607870
-156.088370
-156.607653
-157.075547
-157.491145
-157.947896
-158.416128
-158.800731
-159.229419
-159.671501
-160.062127
-160.533534
-160.920715
-161.357527
-161.743272
-162.077259
-162.497672
-162.867143
-163.220243
-163.592637
-163.985270
-164.326867
-164.653133
-165.037366
-165.407557
-139.459526
-140.402988
-141.363125
-142.265540
-143.185584
-144.148113
-145.027851
-145.907536
-146.835614
-147.721202
-148.611292
-149.481529
-150.304388
-149.987201
-150.603783
-151.138989
-151.698562
-152.257570
-152.789536
-153.322700
-153.858305
-154.368722
-154.883291
-155.403227
-155.869822
-156.342748
-156.823150
-157.343169
-157.811031
-158.225833
-158.650715
-159.151250
-159.534951
-159.963603
-160.405984
-160.796180
-161.268573
-161.655484
-162.092917
-162.478570
-162.811755
-163.232806
-163.602214
-163.955090
-164.327637
-164.720807
-165.062254
-165.388222
-165.773086
-166.143766
-140.161340
-141.109831
-142.075610
-142.982278
-143.907213
-144.875832
-145.759733
-146.643742
-147.577416
-148.467721
-149.362749
-150.237592
-151.064155
-150.726804
-151.343497
-151.877394
-152.436418
-152.995104
-153.526441
-154.059219
-154.594688
-155.104688
-155.619105
-156.139161
-156.605081
-157.077617
-157.557922
-158.047158
-158.546507
-158.960515
-159.384919
-159.886368
-160.269166
-160.697782
-161.140464
-161.530230
-162.003610
-162.390252
-162.793331
-163.213866
-163.546251
-163.967940
-164.337286
-164.689938
-165.062640
-165.456347
-165.797643
-166.123313
-166.508809
-166.879980
-140.881239
-141.816647
-142.788069
-143.698992
-144.628817
-145.603528
-146.491592
-147.379926
-148.319196
-149.214220
-150.114184
-150.993636
-151.823902
-151.466389
-152.083194
-152.615783
-153.174260
-153.732623
-154.263333
-154.795725
-155.331059
-155.840642
-156.354909
-156.875085
-157.340330
-157.812478
-158.292686
-158.782122
-159.281977
-159.695191
-160.119118
-160.621481
-161.003377
-161.431958
-161.874940
-162.264277
-162.738645
-163.125017
-163.528182
-163.949162
-164.280747
-164.703074
-165.072358
-165.424787
-165.797644
-166.154457
-166.533035
-166.858408
-167.244535
-167.616198
-141.583488
-142.523438
-143.500503
-144.415681
-145.350398
-146.331201
-147.223428
-148.116089
-149.060955
-149.960698
-150.865600
-151.749660
-152.583631
-152.205958
-152.822874
-153.354157
-153.912087
-154.470128
-155.000211
-155.532219
-156.067417
-156.576586
-157.090702
-157.611000
-158.075571
-158.547331
-159.027442
-159.517080
-160.017440
-160.429861
-160.853311
-161.356589
-161.737583
-162.166129
-162.609413
-162.998322
-163.473678
-163.859781
-164.263031
-164.684457
-165.015243
-165.438209
-165.770302
-166.159638
-166.532650
-166.889464
-167.268429
-167.593506
-167.980265
-142.285712
-143.230203
-144.212912
-145.132346
-146.071954
-147.058850
-147.931228
-148.852228
-149.802692
-150.707155
-151.616995
-152.505664
-153.343340
-152.945508
-153.562538
-154.092515
-154.649899
-155.207620
-155.737076
-156.268700
-156.803764
-157.312518
-157.826484
-158.346904
-158.810802
-159.282174
-159.762190
-160.252030
-160.752897
-161.164525
-161.587498
-162.057264
-162.471785
-162.900297
-163.343882
-163.732364
-164.208708
-164.558310
-164.997880
-165.419752
-165.749738
-166.173344
-166.504840
-166.894489
-167.267658
-167.624474
-168.003827
-168.328606
-168.715998
-142.987909
-143.936942
-144.925296
-145.848986
-146.793487
-147.786476
-148.662488
-149.588346
-150.544407
-151.453590
-152.368370
-153.261649
-154.103031
-153.685042
-154.302186
-154.830857
-155.387696
-155.945097
-156.473927
-157.005168
-157.540099
-158.048439
-158.562256
-159.082799
-159.513444
-160.017010
-160.496930
-160.986972
-161.488346
-161.864915
-162.321680
-162.791826
-163.205983
-163.634461
-164.078349
-164.466403
-164.943736
-165.292535
-165.732727
-166.155045
-166.484233
-166.908479
-167.239378
-167.629342
-168.002667
-168.359485
-168.699945
-169.063710
-169.411917
-143.690080
-144.664552
-145.637655
-146.565602
-147.514995
-148.514078
-149.393725
-150.324442
-151.286101
-152.200005
-153.119724
-154.017614
-154.862702
-154.424558
-155.041817
-155.539377
-156.125478
-156.651973
-157.210766
-157.741624
-158.276422
-158.784349
-159.298017
-159.818683
-160.248121
-160.751836
-161.231662
-161.721908
-162.223789
-162.599031
-163.055856
-163.526383
-163.940176
-164.368621
-164.812811
-165.200439
-165.678761
-166.026758
-166.467573
-166.852406
-167.218728
-167.643615
-167.973918
-168.364196
-168.737678
-169.094499
-169.434810
-169.798817
-170.147120
-144.392225
-145.371736
-146.349988
-147.282193
-148.236480
-149.241657
-150.124939
-151.060515
-152.027774
-152.946399
-153.871058
-154.773559
-155.622354
-155.164057
-155.781431
-156.277148
-156.863245
-157.388883
-157.947590
-158.478067
-159.012733
-159.520247
-160.000808
-160.554558
-160.982788
-161.486654
-161.966386
-162.456836
-162.924147
-163.333141
-163.790027
-164.260935
-164.674364
-165.102777
-165.547271
-165.934472
-166.413784
-166.760979
-167.202418
-167.587162
-167.953222
-168.378751
-168.708458
-169.099051
-169.472691
-169.829515
-170.169679
-170.533927
-170.882327
-145.094343
-146.078895
-147.062296
-147.998760
-148.957941
-149.969212
-150.856130
-151.796567
-152.769424
-153.692772
-154.622372
-155.498995
-156.381987
-155.903539
-156.521029
-157.014903
-157.600997
-158.125778
-158.684402
-159.214497
-159.749032
-160.256134
-160.736011
-161.290423
-161.717446
-162.221463
-162.701102
-163.191756
-163.659040
-164.067245
-164.524192
-164.995482
-165.408548
-165.836929
-166.244278
-166.668503
-167.110697
-167.495199
-167.937262
-168.321917
-168.687716
-169.113887
-169.442999
-169.833907
-170.207705
-170.564533
-170.904550
-171.269039
-171.617538
-145.796435
-146.786027
-147.774580
-148.715302
-149.679377
-150.696744
-151.587299
-152.532596
-153.511053
-154.439124
-155.373665
-156.254334
-157.141601
-156.643004
-157.260611
-157.752642
-158.338735
-158.862659
-159.421200
-159.950915
-160.485319
-160.992010
-161.471204
-162.026277
-162.452095
-162.956264
-163.400418
-163.926669
-164.393926
-164.801342
-165.258352
-165.730024
-166.142728
-166.571078
-166.978196
-167.402530
-167.845180
-168.229417
-168.672104
-169.056672
-169.422210
-169.849023
-170.177541
-170.568765
-170.942721
-171.299553
-171.639424
-172.004155
-172.352752
-146.498501
-147.493134
-148.486838
-149.431819
-150.400790
-151.424253
-152.318444
-153.268603
-154.252661
-155.185455
-156.124938
-157.009653
-157.901196
-157.382451
-158.000176
-158.490366
-159.076457
-159.599527
-160.157984
-160.687320
-161.221594
-161.693672
-162.206386
-162.762122
-163.186735
-163.691056
-164.134583
-164.661575
-165.128806
-165.535434
-165.992506
-166.464561
-166.876903
-167.305222
-167.712111
-168.136555
-168.579661
-168.963633
-169.406945
-169.791426
-170.156704
-170.584159
-170.912083
-171.303624
-171.677738
-172.034576
-172.374300
-172.739274
-173.087969
-147.200540
-148.200215
-149.199071
-150.148312
-151.122179
-152.151738
-153.049568
-154.004588
-154.994247
-155.931765
-156.876190
-157.764953
-158.660772
-158.121881
-158.739725
-159.228074
-159.814165
-160.336380
-160.894756
-161.423712
-161.957858
-162.428988
-162.941558
-163.497957
-163.921365
-164.425840
-164.868740
-165.396474
-165.863678
-166.269519
-166.726654
-167.199093
-167.611074
-168.039363
-168.446022
-168.870578
-169.314139
-169.697847
-170.141785
-170.526179
-170.891198
-171.278144
-171.646626
-172.038484
-172.412758
-172.769600
-173.109179
-173.474396
-173.823190
-147.902554
-148.907271
-149.911278
-150.864781
-151.843544
-152.879199
-153.780668
-154.740550
-155.735811
-156.678054
-157.627422
-158.520233
-159.420329
-158.861293
-159.479257
-159.965766
-160.551858
-161.073219
-161.631513
-162.160092
-162.659181
-163.164294
-163.676719
-164.233783
-164.655986
-165.160615
-165.602889
-166.131365
-166.598544
-167.003599
-167.460797
-167.933620
-168.345241
-168.773500
-169.179930
-169.604597
-170.048615
-170.432059
-170.876624
-171.260931
-171.625691
-172.012745
-172.381170
-172.773345
-173.105303
-173.504626
-173.844060
-174.209521
-174.558414
-148.604541
-149.614300
-150.623461
-151.581225
-152.564885
-153.606638
-154.511746
-155.476491
-156.477354
-157.424321
-158.378634
-159.275493
-160.179867
-159.600689
-160.218773
-160.703443
-161.289536
-161.810043
-162.368258
-162.896459
-163.394883
-163.899588
-164.411869
-164.969598
-165.390598
-165.895381
-166.337030
-166.866249
-167.333403
-167.737672
-168.194935
-168.668142
-169.079403
-169.507633
-169.913835
-170.338614
-170.783089
-171.166270
-171.611461
-171.995683
-172.360184
-172.747347
-173.115715
-173.508207
-173.839790
-174.239655
-174.578944
-174.944649
-175.293642
-149.306501
-150.321304
-151.335618
-152.297644
-153.286203
-154.334053
-155.242800
-156.212409
-157.218875
-158.170568
-159.096842
-160.030733
-160.939385
-160.340067
-160.958272
-161.441104
-162.027199
-162.546854
-163.104989
-163.632814
-164.130573
-164.634871
-165.147009
-165.705403
-166.125201
-166.630139
-167.071163
-167.601125
-168.068255
-168.471739
-168.929066
-169.402659
-169.813560
-170.241762
-170.647736
-171.072627
-171.517561
-171.900479
-172.346297
-172.730433
-173.094677
-173.481948
-173.850260
-174.199805
-174.574278
-174.974686
-175.313831
-175.679780
-176.028873
-149.983969
-151.028283
-152.047751
-153.014039
-154.007496
-155.061444
-155.973833
-156.948306
-157.960375
-158.916795
-159.847453
-160.785953
-161.698885
-161.079428
-161.697754
-162.178749
-162.729798
-163.283651
-163.841707
-164.369156
-164.866251
-165.370142
-165.882139
-166.441198
-166.859794
-167.364888
-167.805288
-168.335994
-168.803101
-169.205799
-169.663193
-170.137171
-170.507172
-170.935035
-171.381634
-171.806638
-172.252030
-172.634687
-173.081132
-173.465183
-173.829169
-174.216550
-174.584806
-174.934134
-175.308768
-175.665376
-176.048720
-176.414914
-176.764107
-150.685389
-151.735235
-152.759858
-153.730410
-154.728765
-155.788812
-156.704842
-157.684180
-158.701853
-159.663000
-160.598044
-161.541154
-162.458365
-161.818771
-162.437221
-162.916379
-163.466892
-164.020433
-164.542082
-165.105485
-165.601917
-166.105402
-166.617258
-167.138806
-167.594379
-168.060834
-168.539405
-169.070856
-169.537940
-169.939854
-170.397313
-170.871678
-171.240786
-171.668622
-172.115528
-172.540647
-172.986497
-173.368892
-173.815966
-174.199933
-174.563662
-174.951152
-175.319353
-175.668465
-176.043260
-176.399875
-176.783611
-177.150051
-177.499345
-151.386782
-152.442162
-153.471940
-154.446756
-155.450011
-156.516157
-157.435829
-158.420032
-159.443310
-160.409184
-161.348615
-162.296335
-163.217827
-162.558098
-163.176670
-163.653993
-164.203971
-164.757202
-165.278235
-165.841801
-166.337571
-166.840652
-167.352366
-167.874045
-168.328954
-168.795030
-169.273515
-169.805710
-170.272772
-170.673903
-171.090462
-171.606180
-171.974395
-172.402205
-172.849419
-173.274652
-173.720962
-174.103096
-174.507306
-174.934681
-175.298154
-175.685754
-176.053900
-176.402796
-176.777754
-177.134377
-177.518506
-177.885191
-178.234587
-152.088149
-153.149064
-154.183997
-155.163077
-156.171232
-157.243478
-158.166793
-159.155862
-160.184744
-161.155347
-162.099165
-163.051497
-163.977269
-163.297407
-163.916104
-164.391592
-164.941035
-165.493956
-166.014375
-166.578105
-167.073213
-167.575890
-168.087464
-168.609274
-169.063519
-169.529218
-170.007616
-170.540557
-171.007597
-171.407945
-171.824037
-172.340677
-172.708001
-173.135784
-173.583307
-174.008655
-174.455425
-174.837298
-175.241601
-175.669429
-176.032645
-176.420356
-176.788448
-177.137129
-177.512249
-177.868880
-178.253403
-178.573865
-178.969832
-152.789490
-153.855939
-154.867753
-155.879374
-156.892430
-157.970776
-158.897734
-159.891670
-160.926158
-161.901489
-162.849696
-163.806639
-164.736693
-164.036699
-164.618998
-165.129175
-165.678084
-166.230696
-166.750501
-167.314397
-167.808843
-168.311116
-168.822551
-169.344493
-169.798076
-170.263398
-170.741709
-171.275397
-171.742416
-172.141981
-172.557606
-173.075169
-173.441602
-173.869359
-174.317192
-174.742654
-175.189885
-175.571498
-175.975896
-176.404176
-176.722052
-177.154959
-177.522997
-177.871463
-178.246745
-178.603386
-178.988302
-179.308475
-179.705081
-153.490805
-154.562789
-155.579257
-156.595646
-157.613603
-158.698050
-159.628652
-160.627455
-161.667549
-162.647610
-163.600205
-164.561761
-165.496097
-164.775973
-165.357856
-165.866742
-166.415119
-166.967423
-167.486614
-168.050675
-168.544462
-169.046332
-169.557628
-170.079702
-170.532623
-170.997569
-171.475794
-172.010229
-172.477228
-172.876011
-173.291170
-173.809656
-174.175198
-174.602930
-175.051073
-175.476651
-175.924343
-176.305697
-176.710189
-177.138923
-177.456009
-177.889562
-178.257547
-178.605798
-178.981244
-179.337893
-179.723204
-180.043088
-180.440332
-154.192093
-155.269613
-156.290736
-157.311894
-158.334753
-159.425301
-160.359548
-161.363219
-162.408920
-163.393710
-164.350695
-165.316863
-166.255482
-165.515230
-166.096698
-166.604294
-167.152138
-167.704135
-168.222713
-168.786941
-169.280068
-169.781536
-170.292694
-170.814901
-171.267161
-171.731731
-172.209872
-172.745054
-173.212033
-173.610035
-174.024728
-174.544138
-174.908790
-175.336498
-175.784951
-176.210646
-176.658799
-177.039893
-177.444481
-177.873668
-178.189965
-178.624165
-178.992097
-179.340134
-179.715744
-180.072403
-180.458109
-180.777704
-181.175588
-154.893355
-155.976411
-157.002190
-158.028118
-159.055879
-160.152529
-161.090421
-162.098960
-163.150268
-164.139790
-165.101164
-166.071946
-167.014848
-166.254470
-166.835523
-167.341830
-167.889143
-168.440833
-168.958799
-169.523195
-170.015663
-170.516729
-171.027750
-171.550090
-172.001690
-172.465885
-172.943941
-173.479871
-173.946831
-174.344053
-174.758281
-175.278615
-175.642378
-176.070061
-176.518826
-176.944637
-177.393252
-177.728286
-178.178772
-178.608413
-178.923921
-179.358769
-179.679406
-180.074472
-180.450246
-180.806915
-181.193016
-181.512323
-181.861973
-155.594591
-156.683184
-157.713618
-158.744317
-159.776981
-160.879733
-161.821271
-162.834679
-163.891595
-164.848823
-165.851613
-166.827008
-167.774195
-166.993693
-167.574332
-168.079350
-168.626133
-169.177516
-169.694872
-170.259435
-170.751245
-171.251911
-171.721308
-172.285269
-172.694045
-173.200030
-173.678003
-174.214682
-174.638028
-175.034228
-175.491828
-176.013087
-176.375961
-176.803621
-177.252697
-177.678626
-178.127703
-178.461944
-178.913061
-179.343157
-179.657876
-180.093372
-180.413423
-180.808811
-181.184749
-181.541429
-181.927925
-182.246946
-182.596699
-156.295801
-157.389931
-158.425022
-159.460491
-160.498059
-161.606914
-162.552099
-163.570376
-164.632901
-165.594308
-166.602041
-167.582052
-168.533523
-167.694126
-168.313124
-168.816855
-169.363107
-169.914186
-170.430931
-170.995664
-171.486816
-171.987081
-172.455807
-173.020439
-173.428021
-173.934166
-174.412056
-174.949484
-175.372277
-175.767699
-176.225370
-176.747553
-177.109540
-177.537177
-177.986565
-178.366355
-178.862152
-179.195601
-179.647349
-180.077901
-180.391831
-180.827976
-181.147440
-181.543151
-181.919254
-182.275946
-182.662838
-182.981571
-183.331429
-156.996985
-158.096653
-159.136400
-160.176641
-161.219113
-162.334071
-163.282903
-164.306051
-165.374184
-166.339772
-167.352449
-168.337075
-169.292832
-168.432773
-169.051900
-169.554344
-170.100068
-170.650842
-171.166977
-171.690346
-172.222375
-172.722241
-173.190295
-173.755598
-174.161987
-174.668294
-175.146102
-175.684280
-176.106520
-176.501164
-176.958906
-177.482015
-177.843114
-178.270729
-178.720429
-179.099803
-179.596599
-179.929257
-180.381636
-180.812643
-181.125787
-181.562581
-181.881459
-182.277492
-182.653761
-183.010464
-183.397752
-183.716199
-184.066162
-157.698142
-158.803348
-159.847754
-160.892766
-161.940143
-163.061205
-164.013685
-165.041704
-166.115447
-167.085216
-168.102837
-169.092079
-170.052122
-169.171402
-169.790659
-170.291818
-170.837013
-171.387483
-171.903010
-172.426011
-172.957922
-173.457389
-173.924773
-174.490748
-174.895944
-175.402414
-175.880139
-176.419068
-176.840755
-177.234623
-177.692437
-178.216472
-178.576684
-179.004277
-179.454291
-179.833249
-180.331043
-180.662910
-181.115922
-181.498801
-181.859741
-182.297185
-182.615477
-183.011834
-183.388269
-183.744984
-184.132670
-184.450830
-184.800899
-158.399273
-159.510018
-160.559082
-161.608867
-162.661149
-163.788316
-164.744445
-165.777335
-166.856687
-167.830639
-168.853205
-169.847063
-170.769246
-169.910014
-170.529402
-171.029276
-171.573943
-172.124111
-172.639029
-173.161664
-173.693456
-174.192526
-174.659240
-175.225888
-175.629892
-176.136524
-176.614169
-177.108450
-177.574985
-177.968076
-178.425962
-178.950924
-179.310250
-179.737821
-180.188149
-180.566693
-181.065485
-181.396562
-181.850206
-182.233007
-182.593696
-183.031790
-183.349497
-183.746178
-184.122779
-184.479507
-184.816583
-185.185465
-185.535639
-159.100378
-160.216662
-161.270385
-162.324944
-163.382131
-164.515403
-165.475181
-166.512943
-167.597906
-168.576040
-169.603552
-170.602027
-171.527926
-170.648609
-171.268129
-171.766718
-172.310859
-172.860724
-173.375035
-173.897304
-174.428979
-174.927652
-175.393696
-175.961018
-176.363830
-176.870627
-177.348190
-177.842688
-178.309207
-178.701522
-179.159481
-179.685371
-180.043811
-180.471361
-180.922003
-181.300133
-181.799925
-182.130212
-182.584489
-182.967212
-183.327650
-183.766395
-184.083517
-184.480522
-184.806317
-185.214031
-185.550969
-185.920102
-186.270382
-159.801456
-160.923281
-161.981663
-163.040995
-164.103090
-165.242467
-166.205895
-167.248529
-168.339104
-169.321421
-170.353879
-171.356972
-172.286587
-171.387186
-172.006839
-172.504144
-173.047760
-173.597324
-174.111028
-174.632931
-175.164491
-175.662766
-176.128142
-176.696138
-177.097760
-177.604720
-178.082204
-178.576919
-179.043423
-179.434963
-179.892995
-180.419813
-180.777367
-181.204897
-181.655854
-182.033570
-182.534362
-182.863860
-183.318771
-183.701416
-184.061604
-184.501000
-184.817538
-185.214868
-185.540295
-185.948558
-186.285359
-186.654742
-187.005129
-160.502509
-161.629874
-162.692916
-163.757023
-164.824024
-165.969507
-166.936586
-167.984094
-169.080280
-170.066781
-171.104185
-172.111897
-173.045229
-172.125746
-172.745533
-173.241556
-173.784645
-174.333909
-174.847007
-175.368546
-175.899990
-176.397869
-176.862578
-177.431248
-177.831680
-178.338805
-178.816210
-179.311142
-179.777631
-180.168397
-180.626503
-181.154250
-181.510919
-181.938430
-182.340558
-182.767005
-183.268798
-183.597506
-184.053052
-184.435620
-184.795558
-185.235605
-185.551560
-185.949215
-186.274275
-186.683087
-187.019751
-187.389385
-187.739880
-161.203535
-162.303157
-163.404144
-164.473026
-165.544935
-166.696524
-167.667255
-168.719636
-169.821434
-170.812120
-171.854471
-172.866802
-173.803852
-172.864289
-173.441246
-173.978951
-174.521516
-175.070480
-175.582973
-176.104148
-176.590405
-177.087551
-177.597003
-178.166348
-178.565591
-179.072882
-179.550208
-180.045358
-180.511834
-180.901825
-181.360006
-181.839859
-182.244467
-182.671959
-183.073868
-183.500437
-183.952874
-184.331151
-184.787331
-185.169823
-185.529512
-185.918416
-186.285583
-186.683564
-187.008257
-187.417618
-187.754146
-188.124032
-188.474634
-161.904535
-163.009204
-164.115347
-165.189004
-166.265821
-167.423518
-168.397900
-169.455156
-170.562567
-171.557438
-172.604737
-173.621688
-174.562456
-173.602815
-174.179366
-174.716331
-175.258373
-175.807037
-176.318926
-176.839738
-177.325344
-177.822096
-178.331418
-178.901439
-179.299492
-179.806950
-180.284198
-180.779567
-181.246029
-181.635247
-182.093503
-182.573751
-182.978011
-183.405483
-183.807175
-184.233866
-184.686770
-185.064794
-185.521610
-185.904025
-186.263465
-186.652486
-187.019606
-187.365085
-187.742240
-188.152151
-188.488543
-188.858681
-189.209391
-162.605509
-163.715225
-164.826525
-165.904958
-166.986684
-168.150488
-169.128523
-170.190654
-171.303678
-172.302735
-173.354983
-174.376553
-175.321041
-174.341323
-174.917469
-175.453695
-175.995214
-176.543580
-177.054865
-177.575315
-178.060271
-178.556630
-179.065821
-179.636519
-180.033385
-180.541009
-181.018179
-181.513768
-181.980218
-182.368663
-182.826995
-183.307638
-183.711550
-184.139004
-184.540479
-184.967293
-185.420663
-185.798435
-186.255887
-186.638226
-186.997418
-187.386557
-187.753630
-188.098900
-188.476225
-188.886687
-189.222943
-189.593333
-189.944152
-163.306456
-164.421220
-165.537677
-166.620888
-167.707523
-168.877435
-169.859124
-170.926130
-172.044768
-173.048011
-174.105208
-175.131400
-176.079607
-175.079815
-175.655556
-176.191044
-176.732040
-177.280109
-177.744845
-178.310879
-178.795186
-179.291153
-179.800215
-180.371590
-180.767268
-181.275060
-181.752153
-182.247962
-182.714400
-183.102073
-183.560481
-184.041521
-184.445084
-184.872521
-185.273780
-185.700716
-186.154554
-186.532074
-186.990162
-187.372427
-187.731371
-188.120628
-188.487654
-188.832718
-189.210212
-189.621224
-189.957345
-190.327989
-190.678916
-164.007378
-165.127190
-166.248805
-167.336793
-168.428338
-169.604358
-170.589701
-171.661583
-172.785836
-173.793266
-174.855413
-175.886226
-176.838154
-175.818289
-176.393626
-176.928376
-177.468852
-178.016623
-178.480221
-179.046431
-179.530089
-180.025664
-180.534598
-181.106650
-181.501142
-182.009102
-182.486119
-182.982148
-183.448575
-183.835476
-184.293962
-184.775398
-185.178614
-185.606035
-186.007077
-186.434137
-186.888443
-187.265712
-187.724437
-188.106627
-188.465324
-188.854700
-189.221680
-189.566536
-189.944200
-190.355764
-190.691750
-191.062647
-191.413684
-164.708273
-165.833134
-166.959907
-168.052673
-169.149129
-170.331258
-171.320256
-172.397015
-173.526883
-174.538500
-175.605597
-176.641033
-177.596682
-176.556746
-177.131680
-177.665694
-178.205649
-178.753124
-179.215583
-179.781970
-180.264980
-180.760164
-181.268970
-181.841701
-182.235007
-182.743135
-183.220077
-183.716327
-184.182743
-184.568874
-185.027436
-185.509270
-185.912140
-186.339544
-186.740371
-187.167555
-187.622330
-187.999348
-188.458710
-188.840826
-189.199276
-189.588772
-189.955706
-190.300355
-190.678190
-191.090305
-191.426158
-191.741274
-192.148455
-165.409142
-166.539052
-167.670985
-168.768529
-169.869896
-171.058135
-172.050788
-173.132424
-174.267908
-175.283714
-176.355761
-177.395820
-178.355191
-177.295185
-177.869718
-178.402995
-178.942431
-179.489610
-179.950932
-180.517497
-180.999860
-181.494653
-182.003332
-182.576742
-182.968863
-183.477160
-183.954027
-184.450499
-184.916905
-185.302265
-185.760906
-186.243137
-186.645661
-187.073049
-187.473661
-187.900970
-188.356214
-188.732982
-189.192982
-189.575024
-189.933228
-190.322843
-190.689733
-191.034176
-191.412182
-191.824849
-192.160568
-192.475403
-192.883229
-166.109985
-167.244944
-168.382037
-169.484361
-170.590640
-171.784988
-172.781297
-173.867811
-175.008911
-176.028906
-177.105905
-178.150587
-179.113680
-178.033608
-178.607739
-179.140282
-179.679198
-180.226083
-180.686267
-181.253010
-181.734727
-182.229131
-182.737683
-183.311773
-183.702709
-184.211177
-184.687969
-185.184664
-185.651060
-186.035650
-186.494370
-186.976999
-187.379178
-187.806551
-188.206949
-188.634383
-189.090097
-189.466615
-189.927253
-190.309222
-190.667180
-191.056916
-191.423760
-191.767998
-192.146175
-192.502811
-192.894980
-193.209535
-193.618008
-166.810801
-167.950812
-169.093064
-170.200168
-171.311359
-172.511818
-173.511784
-174.603177
-175.749893
-176.774078
-177.856029
-178.905335
-179.872151
-178.772013
-179.345743
-179.877552
-180.415950
-180.914240
-181.421589
-181.988512
-182.469583
-182.963597
-183.472024
-184.046794
-184.436546
-184.945185
-185.370533
-185.918821
-186.385208
-186.769029
-187.227828
-187.710856
-188.059400
-188.540048
-188.940232
-189.367793
-189.823976
-190.200245
-190.606330
-191.043419
-191.345429
-191.790988
-192.157788
-192.501821
-192.880170
-193.236824
-193.629396
-193.943670
-194.352789
-167.511592
-168.656653
-169.804066
-170.915950
-172.032054
-173.238624
-174.242248
-175.338520
-176.490853
-177.519228
-178.606132
-179.660063
-180.630603
-179.510401
-180.131564
-180.566705
-181.152688
-181.650147
-182.156898
-182.724000
-183.204426
-183.698053
-184.206354
-184.781805
-185.170374
-185.679184
-186.103925
-186.652971
-187.119349
-187.502402
-187.961281
-188.444708
-188.792374
-189.273542
-189.673513
-190.101199
-190.557854
-190.933874
-191.340064
-191.777615
-192.078846
-192.525061
-192.891817
-193.235645
-193.614167
-193.970839
-194.363814
-194.677809
-195.087574
-168.212356
-169.362469
-170.515044
-171.631708
-172.752726
-173.965407
-174.972689
-176.073840
-177.231792
-178.264358
-179.356215
-180.414771
-181.389036
-180.248771
-180.870077
-181.303405
-181.840412
-182.386039
-182.892194
-183.459476
-183.939258
-184.432497
-184.940674
-185.516807
-185.904193
-186.413174
-186.837309
-187.387113
-187.853484
-188.235769
-188.694728
-189.178555
-189.525344
-190.007032
-190.406790
-190.834603
-191.291729
-191.667501
-192.073796
-192.511811
-192.812263
-193.259133
-193.568522
-193.969470
-194.348165
-194.704856
-195.098234
-195.411950
-195.822363
-168.913094
-170.068259
-171.225996
-172.347442
-173.473374
-174.692167
-175.703108
-176.809139
-177.972709
-179.009467
-180.106278
-181.169460
-182.147449
-180.987125
-181.608573
-182.040090
-182.576581
-183.121917
-183.627476
-184.194940
-184.674078
-185.166930
-185.674983
-186.251798
-186.638003
-187.147157
-187.570685
-188.121248
-188.587612
-188.969130
-189.428169
-189.912397
-190.258310
-190.740518
-191.140064
-191.512213
-192.025602
-192.401127
-192.807527
-193.246005
-193.545680
-193.993207
-194.302018
-194.703297
-195.082165
-195.438875
-195.832657
-196.146094
-196.557154
-169.613806
-170.774023
-171.936923
-173.063151
-174.193997
-175.418904
-176.433504
-177.544416
-178.713605
-179.754554
-180.856320
-181.924129
-182.905844
-181.725461
-182.347053
-182.776759
-183.312736
-183.857782
-184.362745
-184.930391
-185.408886
-185.901351
-186.409282
-186.986780
-187.371803
-187.881130
-188.304053
-188.855376
-189.321733
-189.702484
-190.106826
-190.646234
-190.991271
-191.474000
-191.873335
-192.245078
-192.759473
-193.134751
-193.541257
-193.980199
-194.279096
-194.727280
-195.035515
-195.437125
-195.816167
-196.172896
-196.567082
-196.880241
-197.231904
-170.314491
-171.479762
-172.647824
-173.778835
-174.914597
-176.101413
-177.163877
-178.279671
-179.454479
-180.499621
-181.606342
-182.678778
-183.664220
-182.414249
-183.085516
-183.513412
-184.048876
-184.593632
-185.098001
-185.665829
-186.143682
-186.635762
-187.143570
-187.721751
-188.105594
-188.615095
-189.037413
-189.589496
-190.055848
-190.435832
-190.839723
-191.380066
-191.724228
-192.207479
-192.606602
-192.977941
-193.493342
-193.868372
-194.274986
-194.714393
-195.012512
-195.461354
-195.769012
-196.170954
-196.550170
-196.906920
-197.301511
-197.614392
-197.966168
-171.015150
-172.185475
-173.358701
-174.494496
-175.635173
-176.827578
-177.894227
-179.014903
-180.195331
-181.244667
-182.356344
-183.433407
-184.422576
-183.152010
-183.823963
-184.250050
-184.785001
-185.329468
-185.833243
-186.401254
-186.878466
-187.370161
-187.877848
-188.456713
-188.839376
-189.349051
-189.770766
-190.323609
-190.789955
-191.169175
-191.572614
-192.113893
-192.457180
-192.884153
-193.339866
-193.710800
-194.227208
-194.601993
-195.008713
-195.389915
-195.745928
-196.195427
-196.502510
-196.904784
-197.284175
-197.640946
-198.035941
-198.348545
-198.700434
-171.715784
-172.891163
-174.069553
-175.210131
-176.355725
-177.553721
-178.624555
-179.750113
-180.936162
-181.989692
-183.106325
-184.188017
-185.180914
-183.889754
-184.562393
-184.986672
-185.521111
-186.065290
-186.568472
-187.136667
-187.613239
-188.104549
-188.612115
-189.191665
-189.573149
-190.082999
-190.504110
-191.057715
-191.524056
-191.902511
-192.305500
-192.847716
-193.190128
-193.617090
-194.073127
-194.443657
-194.961072
-195.277065
-195.742440
-196.123572
-196.479344
-196.929501
-197.236009
-197.638616
-198.018181
-198.374973
-198.770374
-199.082701
-199.434705
-172.416391
-173.596825
-174.780380
-175.925743
-177.076254
-178.279840
-179.354860
-180.485302
-181.676972
-182.734696
-183.856286
-184.942607
-185.939233
-184.627481
-185.300807
-185.723279
-186.257207
-186.801098
-187.303688
-187.818792
-188.347999
-188.838926
-189.346371
-189.926607
-190.306912
-190.816938
-191.237446
-191.791813
-192.258151
-192.579266
-193.038381
-193.581533
-193.923071
-194.350024
-194.806384
-195.176511
-195.694934
-196.010148
-196.476164
-196.857228
-197.212759
-197.663576
-197.969509
-198.372448
-198.752189
-199.109003
-199.504810
-199.816861
-200.168978
-173.116971
-174.302461
-175.491181
-176.641329
-177.796758
-179.005936
-180.085142
-181.220468
-182.417759
-183.479680
-184.606227
-185.697178
-186.697532
-185.365190
-185.987047
-186.459870
-186.993288
-187.536892
-188.038890
-188.553643
-189.082748
-189.573292
-190.080617
-190.661539
-191.040667
-191.495031
-191.970775
-192.525904
-192.992238
-193.312057
-193.771256
-194.315345
-194.656010
-195.082953
-195.480966
-195.909362
-196.428793
-196.743229
-197.209888
-197.590884
-197.946175
-198.397650
-198.703009
-199.106282
-199.486199
-199.843035
-200.177083
-200.551023
-200.903256
-173.817526
-175.008072
-176.201958
-177.356891
-178.517238
-179.732009
-180.815402
-181.955612
-183.158526
-184.224642
-185.356148
-186.451728
-187.455813
-186.102883
-186.724887
-187.196446
-187.729353
-188.272672
-188.774079
-189.288482
-189.817484
-190.307646
-190.814853
-191.396461
-191.774412
-192.228418
-192.704095
-193.202897
-193.726319
-194.044841
-194.504125
-194.990787
-195.388945
-195.815878
-196.213684
-196.642210
-197.162650
-197.476308
-197.943611
-198.324539
-198.679590
-199.131725
-199.436511
-199.840117
-200.220211
-200.577069
-200.910989
-201.285188
-201.637536
-174.518055
-175.713657
-176.912710
-178.072429
-179.237695
-180.458058
-181.545639
-182.690734
-183.899270
-184.969584
-186.106048
-187.206259
-188.214074
-186.840558
-187.462711
-187.933006
-188.465404
-189.008437
-189.509255
-190.023308
-190.552209
-191.041990
-191.549078
-192.131374
-192.508148
-192.961798
-193.437408
-193.936439
-194.460393
-194.777619
-195.236989
-195.724055
-196.121875
-196.548800
-196.946398
-197.375055
-197.896505
-198.209386
-198.677332
-199.058193
-199.413004
-199.865800
-200.170012
-200.573953
-200.891570
-201.311105
-201.644897
-202.019357
-202.371820
-175.218557
-176.419217
-177.623436
-178.787943
-179.958128
-181.184084
-182.275853
-183.425833
-184.639994
-185.714504
-186.855928
-187.960771
-188.972317
-187.578216
-188.200519
-188.669550
-189.201441
-189.744189
-190.244418
-190.758122
-191.286922
-191.776322
-192.283292
-192.866276
-193.241874
-193.695168
-194.170712
-194.669973
-195.194460
-195.510392
-195.969847
-196.457319
-196.854801
-197.281718
-197.679109
-198.107898
-198.630358
-198.942462
-199.411052
-199.791847
-200.146419
-200.599876
-200.903515
-201.307790
-201.625051
-202.045144
-202.378809
-202.753528
-203.106108
-175.919033
-177.124751
-178.334137
-179.503431
-180.678536
-181.910086
-183.006044
-184.160911
-185.380695
-186.459404
-187.605787
-188.715262
-189.730540
-188.315857
-188.938310
-189.406079
-189.937462
-190.479927
-190.979567
-191.492923
-192.021623
-192.510643
-193.017496
-193.601169
-193.975592
-194.428530
-194.904009
-195.403500
-195.928520
-196.243157
-196.702699
-197.190577
-197.587722
-198.014631
-198.411816
-198.840738
-199.364208
-199.675536
-200.144770
-200.525499
-200.879833
-201.333951
-201.637018
-201.978197
-202.358533
-202.779184
-203.112722
-203.487702
-203.840399
-176.619483
-177.830259
-179.044814
-180.218896
-181.398921
-182.636065
-183.736213
-184.895967
-186.121375
-187.204282
-188.355626
-189.469734
-190.488745
-189.053481
-189.676085
-190.142592
-190.673469
-191.215650
-191.714702
-192.227712
-192.756312
-193.244952
-193.751689
-194.278104
-194.709300
-195.161884
-195.637298
-196.137020
-196.662574
-196.975917
-197.435546
-197.923830
-198.320639
-198.747541
-199.144520
-199.573575
-200.098056
-200.408609
-200.878488
-201.259151
-201.613247
-202.004551
-202.370522
-202.711502
-203.092017
-203.513227
-203.846639
-204.221880
-204.574693
-177.319906
-178.535742
-179.755465
-180.934336
-182.119282
-183.362021
-184.466359
-185.631000
-186.862034
-187.949140
-189.105445
-190.224187
-191.246930
-189.791087
-190.413843
-190.879089
-191.409460
-191.951360
-192.449825
-192.962487
-193.490989
-193.979251
-194.485872
-195.012441
-195.442999
-195.895229
-196.370579
-196.870533
-197.396621
-197.708671
-198.168388
-198.657078
-199.053551
-199.480447
-199.877221
-200.306410
-200.831902
-201.141679
-201.612204
-201.992803
-202.346661
-202.738092
-203.104027
-203.444809
-203.825502
-204.247271
-204.580558
-204.956060
-205.308991
-178.020304
-179.241199
-180.466091
-181.649751
-182.839619
-184.087954
-185.196482
-186.366012
-187.602671
-188.693977
-189.855244
-190.978619
-192.005097
-190.528677
-191.207528
-191.615571
-192.145437
-192.687055
-193.184934
-193.697251
-194.225654
-194.713538
-195.220044
-195.746768
-196.117497
-196.628566
-197.103852
-197.604038
-198.070027
-198.441419
-198.901224
-199.390321
-199.786459
-200.213350
-200.609919
-201.039241
-201.502644
-201.874748
-202.282265
-202.726453
-203.080075
-203.471634
-203.837533
-204.178117
-204.558989
-204.981318
-205.314479
-205.624135
-206.043293
-178.720675
-179.946630
-181.176693
-182.365142
-183.559933
-184.813863
-185.926583
-187.101001
-188.343286
-189.438793
-190.605022
-191.733032
-192.763244
-191.266249
-191.945794
-192.352038
-192.881399
-193.365379
-193.920030
-194.432001
-194.960307
-195.447814
-195.954206
-196.481086
-196.850644
-197.361893
-197.837116
-198.337536
-198.803526
-199.174160
-199.634054
-200.123560
-200.519363
-200.946248
-201.342613
-201.772070
-202.235951
-202.607816
-203.015445
-203.460103
-203.813488
-204.205176
-204.571039
-204.911427
-205.292478
-205.649247
-206.048403
-206.357786
-206.777598
-179.421021
-180.652036
-181.887269
-183.080509
-184.280222
-185.539749
-186.656661
-187.835968
-189.083880
-190.183588
-191.354780
-192.487426
-193.521373
-192.003804
-192.684043
-193.088488
-193.617347
-194.100510
-194.655112
-195.166739
-195.694949
-196.182079
-196.688357
-197.215394
-197.583781
-198.095213
-198.509478
-199.071027
-199.537018
-199.906895
-200.366879
-200.856793
-201.252262
-201.679142
-202.075304
-202.504896
-202.969256
-203.340881
-203.748624
-204.193752
-204.546901
-204.938719
-205.304546
-205.644737
-206.025969
-206.382764
-206.782330
-207.091441
-207.511906
-180.121340
-181.357416
-182.597820
-183.795851
-185.000488
-186.265611
-187.386716
-188.570913
-189.824452
-190.928362
-192.104518
-193.241799
-194.279482
-192.741341
-193.422277
-193.824924
-194.353279
-194.835627
-195.390182
-195.901465
-196.429578
-196.916333
-197.422498
-197.949691
-198.316910
-198.828523
-199.242194
-199.804510
-200.270504
-200.639625
-201.099698
-201.590021
-201.985157
-202.412033
-202.807991
-203.237719
-203.702559
-204.073945
-204.481801
-204.927400
-205.214556
-205.672261
-205.971741
-206.378049
-206.759461
-207.116283
-207.516259
-207.825099
-208.246218
-180.821632
-182.062771
-183.308346
-184.511168
-185.720729
-186.991450
-188.116749
-189.305836
-190.565003
-191.673116
-192.854235
-193.996153
-195.037572
-193.478862
-194.160493
-194.561343
-195.089197
-195.570729
-196.125237
-196.636178
-197.104198
-197.650575
-198.156628
-198.683979
-199.050029
-199.561826
-199.974902
-200.537986
-201.003983
-201.372348
-201.832512
-202.323245
-202.654180
-203.144920
-203.540675
-203.970540
-204.435859
-204.807007
-205.214977
-205.661048
-205.947435
-206.405804
-206.704715
-207.111362
-207.492955
-207.849804
-208.250190
-208.558760
-208.980533
-181.521899
-182.768100
-184.018847
-185.226462
-186.440947
-187.717266
-188.846759
-190.040737
-191.305532
-192.417848
-193.603932
-194.750487
-195.795644
-194.216365
-194.898694
-195.297747
-195.825100
-196.305818
-196.860280
-197.370878
-197.838269
-198.384806
-198.890748
-199.418257
-199.783139
-200.295119
-200.707602
-201.271454
-201.737455
-202.105065
-202.565320
-203.056463
-203.386534
-203.877803
-204.273356
-204.703357
-205.169157
-205.540067
-205.948152
-206.394695
-206.680314
-207.139347
-207.437691
-207.844676
-208.226450
-208.583327
-208.984125
-209.292424
-209.714852
-182.222139
-183.473403
-184.729323
-185.941730
-187.161141
-188.443058
-189.576746
-190.775616
-192.046040
-193.162559
-194.353609
-195.504802
-196.553696
-194.953851
-195.636878
-196.034136
-196.560988
-197.040892
-197.595309
-198.105566
-198.572328
-199.119027
-199.563112
-200.152525
-200.516240
-201.028404
-201.440294
-202.004916
-202.470921
-202.837775
-203.233836
-203.789676
-204.118882
-204.610682
-205.006034
-205.436172
-205.902453
-206.273125
-206.681326
-207.128341
-207.413193
-207.872890
-208.170667
-208.577991
-208.959947
-209.316852
-209.718062
-210.026091
-210.379591
-182.922354
-184.178681
-185.439774
-186.656975
-187.881311
-189.168828
-190.306710
-191.510472
-192.786526
-193.907250
-195.103266
-196.259097
-197.311730
-195.691320
-196.375045
-196.770509
-197.296861
-197.775953
-198.330325
-198.840241
-199.306375
-199.853235
-200.296676
-200.886784
-201.249332
-201.761681
-202.172978
-202.738369
-203.204380
-203.570480
-203.966101
-204.522884
-204.851227
-205.343557
-205.738708
-206.168984
-206.635747
-207.006182
-207.414498
-207.861986
-208.146071
-208.606434
-208.903644
-209.311307
-209.693446
-210.050379
-210.452001
-210.759761
-211.113381
-183.622542
-184.883933
-186.150200
-187.372194
-188.601457
-189.894573
-191.036652
-192.245307
-193.526991
-194.651920
-195.852902
-197.013372
-198.069744
-196.428772
-197.052930
-197.506866
-198.032720
-198.510999
-199.065328
-199.574903
-200.040410
-200.524976
-201.030230
-201.621032
-201.982414
-202.494949
-202.905654
-203.471816
-203.937832
-204.303179
-204.698360
-205.256088
-205.583567
-206.010123
-206.471379
-206.901793
-207.369038
-207.671716
-208.147670
-208.527438
-208.878949
-209.339978
-209.636622
-210.044625
-210.426946
-210.783908
-211.185943
-211.493434
-211.847176
-184.322704
-185.589160
-186.860600
-188.087390
-189.321579
-190.620296
-191.766571
-192.980120
-194.267434
-195.396568
-196.602518
-197.767627
-198.827739
-197.166207
-197.790525
-198.243208
-198.768563
-199.246031
-199.800317
-200.309553
-200.774433
-201.258628
-201.763773
-202.355271
-202.715487
-203.228208
-203.638323
-204.205255
-204.671277
-205.035871
-205.430613
-205.989286
-206.315903
-206.742458
-207.204046
-207.634600
-208.102327
-208.404237
-208.880840
-209.260548
-209.611827
-210.073522
-210.369600
-210.777944
-211.160448
-211.517440
-211.919887
-212.227110
-212.580973
-185.022840
-186.294361
-187.570976
-188.802561
-190.041678
-191.345995
-192.496468
-193.714910
-195.007856
-196.141196
-197.352113
-198.521863
-199.585716
-197.903624
-198.528103
-198.979534
-199.504392
-199.981050
-200.535293
-201.044190
-201.508444
-201.992268
-202.497306
-203.089499
-203.448552
-203.961459
-204.370983
-204.938687
-205.404716
-205.768557
-206.162861
-206.722480
-207.048234
-207.474788
-207.936711
-208.367403
-208.835614
-209.136755
-209.614008
-209.993657
-210.344705
-210.807066
-211.102579
-211.511264
-211.893952
-212.250973
-212.653835
-212.960789
-213.314774
-185.722949
-186.999536
-188.281327
-189.517707
-190.761752
-192.071671
-193.226341
-194.449678
-195.748256
-196.885803
-198.101689
-199.276079
-200.343673
-198.641024
-199.265664
-199.715844
-200.240206
-200.716054
-201.270256
-201.778815
-202.242443
-202.725898
-203.230828
-203.823718
-204.181606
-204.694701
-205.103635
-205.672112
-206.138147
-206.434629
-206.895104
-207.455668
-207.780561
-208.207116
-208.669372
-209.031712
-209.568899
-209.869272
-210.347176
-210.726766
-211.077582
-211.540611
-211.835559
-212.244585
-212.556358
-212.984509
-213.316094
-213.694471
-214.048579
-186.423033
-187.704686
-188.991653
-190.232829
-191.481803
-192.797324
-193.956192
-195.184424
-196.488634
-197.630389
-198.851244
-200.030276
-201.101611
-199.378407
-200.003209
-200.452139
-200.976005
-201.451044
-202.005205
-202.513427
-202.976431
-203.459516
-203.964340
-204.557927
-204.914652
-205.427935
-205.836280
-206.405529
-206.871573
-207.166771
-207.627341
-208.188851
-208.512883
-208.939439
-209.402029
-209.763978
-210.302181
-210.601787
-211.080342
-211.459874
-211.810459
-212.274155
-212.568540
-212.977907
-213.289331
-213.718047
-214.049512
-214.428156
-214.782387
-187.123090
-188.409810
-189.649161
-190.947927
-192.201830
-193.522953
-194.686021
-195.919149
-197.228991
-198.374955
-199.600779
-200.784453
-201.859531
-200.115773
-200.740738
-201.125326
-201.711790
-202.186020
-202.740141
-203.248027
-203.710406
-204.193124
-204.697841
-205.292126
-205.647689
-206.161160
-206.568916
-207.138939
-207.604991
-207.898906
-208.359572
-208.922030
-209.245201
-209.671758
-210.134683
-210.496240
-211.035461
-211.334300
-211.813507
-212.192981
-212.543336
-213.007700
-213.301521
-213.639358
-214.022307
-214.379160
-214.782932
-215.161844
-215.516199
-187.823121
-189.114909
-190.358936
-191.663000
-192.921833
-194.248559
-195.415827
-196.653851
-197.969326
-199.119499
-200.350293
-201.538610
-202.617431
-200.853122
-201.478250
-201.861052
-202.447559
-202.920983
-203.475064
-203.982614
-204.444370
-204.926720
-205.431332
-206.026315
-206.380716
-206.894376
-207.301545
-207.872341
-208.338403
-208.631036
-209.091798
-209.655203
-209.977515
-210.404074
-210.867334
-211.228500
-211.698264
-212.066812
-212.546671
-212.926088
-213.276213
-213.741246
-214.034503
-214.372150
-214.755283
-215.112168
-215.516356
-215.895535
-216.250014
-188.523127
-189.819982
-191.068687
-192.378048
-193.641812
-194.974141
-196.145610
-197.388531
-198.709640
-199.864022
-201.099787
-202.292747
-203.375313
-201.590453
-202.215746
-202.596763
-203.183314
-203.655931
-204.209973
-204.717188
-205.178322
-205.660305
-206.164812
-206.760495
-207.113734
-207.560096
-208.034166
-208.605737
-209.003259
-209.363159
-209.824018
-210.388372
-210.709824
-211.136385
-211.599982
-211.960758
-212.431006
-212.799322
-213.279833
-213.659193
-214.009089
-214.474791
-214.767485
-215.104942
-215.488262
-215.845179
-216.249781
-216.555209
-216.983832
-189.223105
-190.525029
-191.778412
-193.093073
-194.361767
-195.699701
-196.875370
-198.123188
-199.449933
-200.608525
-201.849261
-203.046865
-204.133175
-202.327768
-202.953226
-203.332458
-203.919054
-204.390865
-204.944870
-205.451750
-205.912262
-206.393878
-206.898282
-207.494664
-207.846743
-208.292762
-208.766778
-209.339124
-209.736124
-210.095276
-210.556233
-211.121535
-211.442129
-211.868693
-212.332626
-212.693012
-213.163746
-213.531830
-214.012995
-214.392298
-214.741966
-215.208337
-215.500469
-215.837736
-216.221242
-216.578192
-216.983210
-217.288372
-217.717654
-189.923058
-191.230051
-192.488112
-193.808072
-195.081699
-196.425237
-197.605108
-198.857824
-200.190203
-201.353006
-202.598714
-203.800963
-204.891018
-203.065065
-203.690689
-204.068138
-204.654779
-205.125785
-205.679752
-206.186299
-206.646190
-207.127441
-207.631741
-208.228824
-208.579743
-209.025420
-209.499383
-210.072505
-210.468982
-210.827387
-211.288442
-211.854694
-212.174429
-212.600997
-212.993905
-213.425264
-213.896484
-214.264336
-214.673531
-215.125403
-215.474842
-215.941883
-216.233453
-216.570531
-216.954224
-217.311206
-217.716640
-218.021538
-218.451479
-190.622985
-191.935047
-193.197788
-194.523048
-195.801606
-197.150749
-198.334822
-199.592438
-200.930453
-202.097467
-203.348148
-204.555042
-205.648843
-203.802345
-204.428135
-204.803802
-205.390490
-205.860691
-206.414622
-206.920836
-207.380106
-207.860992
-208.365189
-208.894418
-209.312733
-209.758069
-210.231980
-210.805878
-211.201833
-211.559492
-212.020646
-212.587847
-212.906725
-213.333297
-213.726010
-214.157512
-214.629219
-214.996841
-215.406157
-215.858506
-216.207717
-216.675429
-216.966438
-217.303327
-217.687207
-218.044223
-218.450074
-218.754708
-219.185308
-191.322885
-192.640018
-193.907438
-195.237999
-196.521490
-197.876238
-199.064515
-200.327029
-201.670680
-202.841907
-204.097561
-205.309100
-206.406648
-204.539607
-205.165566
-205.539450
-206.126185
-206.595583
-207.082163
-207.655360
-208.114011
-208.594532
-209.098627
-209.628023
-210.045715
-210.490710
-210.964569
-211.539244
-211.934678
-212.291591
-212.752844
-213.320996
-213.639017
-214.065593
-214.458112
-214.889758
-215.361952
-215.729344
-216.138781
-216.591609
-216.940593
-217.334386
-217.699423
-218.036125
-218.420192
-218.777242
-219.183510
-219.487880
-219.919140
-192.022759
-193.344963
-194.617064
-195.952925
-197.241350
-198.601704
-199.794184
-201.061599
-202.346533
-203.586326
-204.846953
-206.063140
-207.164434
-205.276853
-205.902979
-206.275083
-206.861866
-207.330461
-207.816471
-208.389871
-208.847903
-209.328061
-209.832055
-210.361619
-210.778687
-211.223342
-211.697150
-212.201724
-212.667516
-213.023684
-213.485036
-214.054139
-214.371304
-214.797885
-215.190211
-215.622002
-216.094683
-216.461845
-216.871405
-217.324711
-217.673468
-218.067399
-218.432410
-218.768924
-219.153179
-219.510263
-219.916948
-220.221055
-220.652976
-192.722608
-194.049882
-195.326664
-196.667827
-197.961186
-199.327147
-200.523831
-201.796146
-203.086174
-204.330724
-205.596326
-206.817159
-207.922202
-206.014081
-206.640377
-207.010700
-207.597532
-208.065325
-208.550765
-209.124370
-209.581784
-210.061579
-210.565472
-211.095204
-211.511650
-211.955965
-212.429723
-212.934542
-213.400347
-213.755771
-214.217223
-214.714604
-215.103586
-215.530174
-215.922306
-216.354242
-216.827412
-217.194344
-217.604027
-218.057812
-218.406343
-218.800412
-219.089590
-219.501723
-219.886167
-220.243287
-220.650390
-220.954233
-221.386815
-193.422429
-194.754776
-196.036239
-197.382705
-198.680998
-200.052567
-201.253456
-202.530672
-203.825794
-205.075101
-206.345678
-207.571159
-208.679950
-206.751292
-207.377758
-207.746302
-208.333183
-208.800175
-209.285046
-209.858856
-210.315653
-210.795086
-211.298879
-211.828780
-212.244603
-212.688580
-213.162288
-213.667353
-214.133171
-214.487851
-214.949405
-215.447204
-215.835865
-216.188804
-216.654398
-217.086480
-217.560138
-217.926842
-218.336647
-218.790913
-219.139218
-219.533426
-219.822045
-220.234524
-220.619157
-220.976312
-221.383833
-221.687415
-222.042631
-194.122225
-195.459644
-196.745790
-198.097558
-199.400786
-200.777963
-201.983057
-203.265175
-204.565392
-205.819458
-207.095010
-208.325139
-209.437679
-207.488486
-208.115123
-208.481888
-209.068820
-209.535011
-210.019313
-210.523540
-211.049509
-211.528581
-212.032275
-212.562346
-212.977548
-213.421187
-213.894846
-214.400156
-214.865989
-215.219925
-215.681580
-216.179800
-216.568139
-216.920553
-217.386487
-217.818715
-218.292862
-218.659338
-219.069267
-219.524012
-219.795777
-220.266439
-220.554501
-220.967326
-221.352149
-221.709339
-222.117279
-222.420599
-222.775943
-194.821995
-196.164487
-197.455315
-198.812387
-200.120550
-201.503335
-202.712636
-203.999656
-205.304969
-206.563793
-207.844321
-209.079099
-210.195390
-208.225663
-208.852471
-209.217459
-209.804441
-210.269833
-210.753567
-211.257466
-211.783354
-212.262065
-212.765661
-213.295902
-213.638588
-214.153784
-214.627395
-215.132952
-215.598800
-215.951994
-216.413751
-216.912390
-217.225997
-217.652298
-218.118573
-218.550947
-219.025584
-219.391832
-219.801885
-220.257111
-220.528119
-220.999453
-221.286957
-221.700130
-222.085142
-222.442369
-222.850728
-223.153786
-223.509258
-195.521739
-196.869304
-198.164816
-199.527191
-200.840291
-202.228685
-203.442192
-204.734115
-206.044525
-207.308107
-208.593613
-209.833040
-210.953081
-208.962823
-209.520457
-209.953014
-210.540048
-211.004640
-211.487808
-211.991380
-212.446059
-212.995538
-213.499036
-214.029448
-214.370982
-214.886374
-215.359936
-215.865740
-216.331604
-216.684056
-217.145916
-217.644976
-217.957730
-218.384039
-218.850655
-219.283176
-219.758304
-220.047856
-220.534502
-220.990210
-221.260460
-221.732468
-222.019414
-222.432934
-222.818137
-223.175400
-223.505125
-223.886976
-224.242577
-196.221456
-197.574096
-198.874291
-200.241971
-201.560008
-202.954011
-204.171726
-205.468552
-206.784058
-208.052401
-209.342883
-210.586961
-211.710753
-209.699965
-210.257233
-210.688554
-211.275640
-211.739434
-212.222036
-212.725281
-213.179346
-213.729000
-214.232400
-214.762985
-215.103366
-215.618955
-216.092470
-216.598522
-217.064402
-217.416112
-217.878075
-218.377557
-218.689459
-219.115776
-219.582734
-220.015403
-220.491021
-220.779814
-221.267118
-221.723307
-221.992801
-222.465482
-222.751872
-223.165740
-223.551134
-223.908434
-224.238045
-224.620170
-224.975900
-196.921147
-198.278862
-199.583742
-200.956726
-202.279700
-203.679314
-204.901237
-206.202967
-207.523571
-208.796674
-210.092134
-211.340863
-212.468407
-210.437091
-210.993993
-211.424078
-212.011217
-212.474214
-212.956250
-213.459169
-213.912622
-214.462451
-214.892896
-215.496511
-215.835741
-216.351527
-216.824995
-217.331296
-217.797193
-218.148162
-218.610229
-219.110132
-219.421184
-219.847510
-220.314809
-220.747627
-221.223736
-221.511771
-221.999733
-222.456404
-222.725142
-223.198497
-223.484330
-223.898547
-224.284132
-224.641470
-224.970968
-225.353366
-225.709225
-197.620812
-198.983602
-200.293167
-201.671457
-202.999369
-204.404593
-205.630725
-206.937360
-208.263062
-209.540926
-210.841365
-212.094745
-213.226041
-211.103708
-211.730737
-212.159586
-212.746780
-213.208980
-213.690451
-214.193045
-214.645885
-215.195891
-215.625706
-216.230028
-216.568107
-217.084091
-217.557513
-218.064062
-218.529977
-218.880206
-219.342377
-219.842703
-220.152904
-220.579240
-221.046881
-221.402415
-221.956449
-222.243726
-222.732346
-223.189500
-223.457483
-223.931512
-224.216790
-224.631355
-225.017132
-225.374508
-225.703894
-226.086565
-226.442554
-198.320451
-199.688317
-201.002568
-202.386164
-203.719015
-205.129850
-206.360191
-207.671731
-209.002531
-210.285157
-211.590575
-212.848607
-213.983656
-211.840261
-212.467464
-212.895079
-213.482327
-213.943731
-214.424639
-214.926908
-215.379137
-215.929319
-216.358506
-216.963535
-217.300464
-217.816646
-218.290023
-218.796822
-219.262754
-219.612243
-220.074520
-220.575269
-220.884620
-221.310965
-221.778950
-222.134102
-222.689160
-222.975679
-223.464958
-223.922596
-224.189823
-224.664527
-224.949249
-225.364165
-225.669547
-226.107548
-226.436822
-226.819768
-227.175887
-199.020064
-200.393006
-201.711943
-203.100846
-204.438636
-205.855083
-207.089633
-208.406080
-209.741979
-211.029367
-212.339765
-213.602449
-214.741253
-212.576796
-213.204175
-213.630556
-214.217860
-214.678469
-215.158814
-215.660759
-216.112377
-216.662736
-217.091295
-217.697032
-218.032812
-218.549192
-218.946815
-219.529574
-219.995525
-220.344275
-220.729704
-221.307829
-221.616331
-222.042687
-222.511016
-222.865786
-223.421868
-223.707631
-224.197569
-224.575871
-224.922163
-225.397543
-225.681710
-226.096975
-226.402017
-226.840590
-227.169753
-227.552973
-227.909223
-199.719651
-201.097670
-202.421294
-203.815504
-205.158233
-206.580292
-207.819054
-209.140406
-210.481406
-211.773556
-213.088934
-214.356272
-215.498830
-213.313314
-213.940869
-214.366018
-214.953378
-215.413193
-215.892975
-216.394597
-216.845605
-217.396142
-217.824074
-218.430519
-218.765150
-219.281730
-219.678777
-220.262318
-220.728289
-221.076300
-221.461304
-222.040385
-222.348038
-222.774405
-223.243078
-223.597467
-224.154574
-224.439581
-224.930179
-225.308432
-225.654503
-226.130558
-226.414172
-226.829787
-227.134489
-227.573635
-227.902686
-228.286181
-228.642563
-200.419212
-201.802308
-203.130619
-204.530137
-205.877807
-207.305479
-208.548451
-209.874711
-211.220811
-212.517724
-213.838083
-215.110075
-216.180109
-214.049814
-214.677547
-215.101464
-215.615255
-216.147902
-216.627123
-217.128423
-217.578821
-218.054365
-218.556842
-219.163996
-219.497479
-220.014260
-220.410730
-220.995056
-221.461046
-221.730647
-222.192898
-222.772936
-223.079740
-223.506120
-223.895906
-224.329145
-224.887278
-225.171529
-225.662787
-226.040992
-226.386843
-226.863574
-227.146634
-227.562600
-227.866963
-228.306681
-228.635622
-229.019393
-229.375906
-201.118746
-202.506921
-203.839920
-205.244746
-206.597357
-208.030642
-209.277826
-210.608994
-211.960194
-213.261872
-214.587212
-215.863859
-216.937079
-214.786298
-215.414209
-215.836895
-216.350207
-216.882598
-217.361258
-217.862236
-218.312026
-218.787215
-219.289600
-219.897464
-220.229799
-220.746781
-221.142676
-221.727786
-222.193797
-222.462129
-222.924487
-223.505482
-223.811438
-224.237830
-224.627430
-225.060820
-225.539490
-225.903475
-226.395394
-226.773551
-227.119182
-227.596591
-227.879096
-228.295414
-228.599439
-229.039730
-229.368560
-229.752607
-230.109252
-201.818254
-203.211508
-204.549196
-205.959330
-207.316883
-208.755781
-210.007178
-211.343254
-212.699556
-214.005998
-215.336321
-216.617623
-217.694031
-215.522764
-216.150855
-216.572310
-217.085144
-217.617279
-218.095379
-218.596036
-219.045218
-219.520054
-220.022348
-220.630921
-220.962110
-221.479293
-221.874614
-222.460508
-222.926541
-223.193604
-223.656070
-224.238023
-224.543132
-224.969537
-225.358951
-225.792493
-226.271657
-226.635420
-227.128000
-227.506110
-227.851521
-228.329607
-228.611560
-229.028229
-229.331916
-229.772780
-230.101501
-230.485824
-230.842602
-202.517737
-203.916069
-205.258446
-206.673890
-208.036385
-209.480898
-210.736508
-212.077492
-213.438897
-214.750104
-216.085410
-217.371367
-218.450963
-216.259214
-216.887484
-217.307710
-217.820066
-218.351947
-218.829487
-219.329824
-219.778399
-220.252882
-220.755084
-221.364369
-221.694412
-222.133762
-222.606544
-223.193224
-223.659278
-223.925074
-224.387648
-224.970558
-225.274821
-225.701239
-226.090468
-226.524163
-227.003822
-227.367363
-227.860605
-228.238668
-228.583860
-228.979617
-229.344024
-229.677561
-230.064394
-230.505833
-230.834445
-231.219045
-231.575955
-203.217193
-204.620605
-206.031962
-207.388426
-208.755863
-210.205991
-211.465815
-212.811709
-214.178216
-215.494189
-216.834478
-218.125091
-219.207877
-216.995646
-217.624096
-218.043094
-218.554974
-219.010582
-219.563582
-220.063599
-220.511567
-220.985699
-221.487811
-222.097807
-222.426704
-222.865725
-223.338467
-223.925932
-224.392008
-224.656537
-225.119221
-225.703089
-226.006506
-226.432938
-226.821982
-227.255830
-227.735984
-228.099304
-228.593209
-228.971225
-229.316199
-229.712101
-230.076489
-230.409846
-230.796875
-231.238888
-231.567391
-231.952268
-232.309312
-203.916623
-205.325115
-206.741662
-208.102937
-209.475318
-210.931061
-212.195099
-213.473930
-214.917513
-216.238253
-217.583526
-218.878796
-219.964771
-217.732061
-218.360693
-218.778463
-219.289867
-219.744686
-220.297663
-220.797362
-221.244724
-221.718505
-222.220527
-222.831235
-223.158988
-223.597680
-224.070381
-224.658633
-225.124732
-225.387995
-225.850788
-226.435615
-226.738186
-227.164633
-227.553493
-227.987494
-228.468144
-228.831243
-229.325811
-229.703782
-230.048537
-230.444585
-230.808955
-231.142133
-231.529357
-231.971945
-232.300339
-232.685494
-233.042672
-204.616026
-206.029600
-207.451337
-208.817424
-210.194748
-211.656107
-212.924361
-214.207567
-215.656789
-216.982296
-218.332553
-219.632481
-220.721647
-218.468459
-219.097272
-219.513816
-220.024745
-220.478776
-221.031732
-221.531112
-221.977869
-222.451299
-222.953232
-223.564653
-223.891262
-224.329626
-224.802287
-225.391326
-225.857449
-226.119446
-226.582349
-227.168136
-227.469862
-227.896324
-228.285001
-228.719155
-229.200302
-229.563181
-230.058412
-230.436338
-230.780875
-231.177070
-231.541421
-231.874420
-232.261840
-232.619360
-233.033290
-233.332549
-233.776036
-205.315404
-206.734059
-208.160987
-209.531886
-210.914155
-212.381131
-213.653600
-214.941183
-216.396044
-217.726318
-219.081561
-220.386147
-221.478503
-219.204839
-219.833836
-220.249153
-220.759608
-221.212852
-221.765786
-222.264850
-222.711003
-223.184083
-223.685927
-224.218401
-224.623527
-225.061564
-225.534186
-226.124012
-226.590159
-226.850891
-227.313905
-227.900652
-228.201534
-228.628011
-229.016505
-229.450814
-229.932458
-230.295117
-230.791012
-231.168893
-231.513213
-231.909555
-232.273888
-232.606709
-232.994326
-233.351889
-233.766244
-234.065249
-234.509403
-206.014756
-207.438493
-208.870613
-210.246324
-211.633538
-213.106131
-214.382816
-215.674776
-217.135277
-218.470320
-219.830548
-221.139793
-222.235341
-219.941203
-220.570383
-220.906989
-221.416654
-221.946915
-222.421387
-222.998575
-223.444124
-223.916855
-224.418611
-224.951266
-225.355783
-225.793493
-226.266076
-226.856691
-227.241101
-227.582330
-228.045455
-228.633163
-228.933201
-229.359695
-229.748006
-230.182470
-230.664611
-231.027051
-231.523610
-231.901447
-232.245551
-232.642040
-233.006356
-233.338998
-233.726812
-234.084419
-234.499200
-234.797951
-235.242773
-206.714081
-208.142901
-209.580213
-210.960738
-212.352897
-213.831107
-215.112009
-216.408348
-217.874489
-219.214300
-220.579514
-221.813302
-222.992159
-220.677549
-221.306914
-221.641760
-222.150952
-222.680963
-223.154881
-223.732288
-224.177233
-224.649616
-225.151285
-225.684122
-226.088029
-226.525413
-226.997959
-227.507406
-227.973265
-228.313763
-228.776999
-229.365669
-229.664864
-230.091374
-230.479504
-230.914123
-231.396762
-231.758983
-232.256207
-232.634001
-232.977889
-233.374525
-233.652487
-234.071289
-234.459301
-234.816952
-235.232159
-235.530656
-235.976147
-207.413381
-208.847284
-210.289788
-211.675127
-213.072232
-214.556061
-215.841180
-217.141898
-218.613679
-219.958260
-221.328461
-222.566346
-223.748959
-221.413879
-222.043428
-222.376514
-222.885235
-223.414997
-223.888361
-224.386153
-224.910331
-225.382366
-225.883949
-226.416967
-226.820267
-227.257325
-227.729834
-228.239537
-228.705423
-229.045190
-229.508539
-230.014426
-230.396522
-230.823050
-231.210998
-231.645774
-232.128911
-232.490914
-232.902979
-233.366553
-233.710226
-234.107010
-234.384425
-234.803582
-235.191791
-235.549486
-235.965121
-236.263364
-236.709524
-208.112654
-209.551641
-210.931553
-212.389492
-213.791544
-215.280991
-216.570329
-217.875425
-219.352848
-220.702199
-222.077387
-223.319370
-224.505740
-222.150191
-222.779926
-223.111253
-223.619504
-224.149017
-224.621829
-225.119307
-225.643417
-226.115105
-226.616602
-227.149803
-227.552495
-227.989229
-228.461700
-228.971662
-229.437574
-229.776610
-230.240072
-230.746390
-231.128176
-231.554722
-231.942489
-232.377421
-232.861057
-233.222843
-233.635041
-234.099105
-234.442563
-234.839496
-235.116363
-235.535875
-235.924283
-236.282023
-236.698085
-236.996075
-237.442905
-208.811901
-210.255972
-211.640579
-213.103832
-214.510831
-216.005898
-217.299454
-218.608931
-220.091995
-221.446117
-222.826293
-224.072374
-225.262502
-222.886486
-223.516408
-223.845977
-224.353758
-224.883024
-225.355283
-225.852448
-226.376491
-226.847832
-227.349244
-227.882628
-228.284714
-228.721124
-229.193559
-229.703779
-230.169718
-230.508025
-230.971600
-231.478349
-231.859826
-232.286390
-232.673977
-233.109066
-233.593201
-233.954770
-234.367103
-234.831657
-235.087526
-235.571982
-235.848301
-236.268170
-236.656777
-237.014562
-237.431051
-237.728790
-238.086643
-209.511122
-210.960278
-212.349580
-213.818148
-215.230095
-216.730781
-218.028557
-219.342414
-220.831121
-222.190014
-223.575179
-224.825358
-226.019245
-223.622764
-224.252873
-224.580685
-225.087997
-225.617016
-226.088724
-226.585576
-227.109553
-227.580549
-228.081876
-228.615444
-229.016924
-229.453010
-229.925410
-230.435889
-230.901856
-231.239434
-231.703123
-232.210303
-232.591471
-232.932294
-233.405461
-233.840708
-234.325343
-234.686695
-235.099163
-235.564207
-235.819331
-236.304468
-236.580241
-237.000465
-237.389272
-237.747103
-238.164020
-238.461507
-238.819498
-210.210317
-211.596804
-213.058556
-214.532439
-215.949335
-217.455641
-218.757638
-220.075876
-221.570225
-222.933890
-224.324044
-225.578323
-226.775969
-224.359024
-224.989322
-225.315378
-225.822222
-226.350994
-226.822152
-227.318692
-227.842603
-228.313254
-228.814498
-229.348250
-229.749125
-230.184888
-230.657253
-231.167991
-231.633986
-231.970836
-232.434640
-232.942252
-233.323112
-233.663424
-234.136943
-234.572347
-235.057483
-235.418619
-235.831222
-236.296757
-236.551135
-237.036955
-237.312181
-237.732762
-238.121769
-238.479646
-238.896992
-239.194227
-239.552355
-210.909486
-212.300567
-213.767507
-215.246707
-216.668551
-218.180478
-219.486695
-220.809315
-222.309308
-223.677745
-224.990905
-226.331269
-227.532673
-225.095268
-225.725755
-226.050055
-226.556432
-227.084958
-227.555567
-228.051796
-228.575642
-229.045948
-229.547109
-230.081047
-230.481317
-230.916757
-231.389088
-231.900087
-232.366111
-232.702232
-233.166151
-233.674196
-233.968235
-234.394549
-234.868420
-235.303984
-235.789621
-236.150541
-236.563279
-237.029306
-237.282939
-237.769442
-238.044121
-238.465061
-238.854267
-239.212191
-239.539306
-239.926950
-240.285217
-211.608628
-213.004304
-214.476433
-215.960949
-217.387744
-218.905292
-220.215731
-221.542732
-223.048369
-224.421579
-225.739173
-227.084194
-228.289359
-225.831494
-226.462171
-226.784716
-227.290627
-227.818908
-228.288968
-228.784887
-229.308668
-229.778631
-230.279709
-230.813833
-231.128946
-231.648618
-232.035754
-232.632175
-233.098228
-233.433622
-233.811263
-234.406135
-234.699336
-235.125671
-235.599895
-236.035617
-236.521756
-236.793884
-237.295336
-237.761855
-238.014743
-238.501929
-238.776063
-239.197360
-239.496188
-239.944738
-240.271750
-240.659676
-240.926435
-212.307745
-213.708016
-215.185334
-216.675168
-218.106912
-219.630082
-220.944743
-222.276128
-223.787409
-225.165393
-226.487422
-227.837100
-229.046026
-226.567704
-227.116414
-227.519362
-228.024807
-228.552845
-229.022356
-229.517965
-230.041683
-230.511303
-231.012299
-231.546610
-231.860587
-232.380470
-232.767042
-233.364255
-233.830339
-234.165006
-234.542233
-235.138069
-235.430432
-235.856789
-236.331366
-236.678780
-237.253889
-237.525271
-238.027391
-238.494403
-238.746547
-239.234416
-239.508005
-239.929660
-240.228158
-240.677288
-241.004196
-241.392406
-241.658770
-213.006836
-214.411702
-215.894211
-217.389361
-218.826057
-220.354850
-221.673733
-223.009501
-224.526427
-225.909186
-227.235650
-228.589987
-229.802675
-227.303896
-227.852260
-228.253993
-228.758972
-229.286767
-229.755731
-230.251031
-230.774686
-231.243963
-231.744879
-232.279376
-232.592220
-233.112314
-233.498322
-234.096329
-234.562443
-234.896384
-235.273197
-235.869998
-236.161525
-236.587903
-237.062834
-237.409877
-237.986019
-238.256657
-238.759445
-239.136602
-239.478350
-239.966903
-240.239948
-240.661962
-240.960129
-241.409839
-241.736645
-242.032700
-242.206089
-213.705900
-215.115363
-216.603062
-218.103531
-219.545178
-221.079593
-222.402700
-223.742852
-225.265424
-226.652958
-227.983859
-229.342854
-230.559304
-228.040071
-228.588089
-228.988608
-229.493123
-230.020675
-230.489092
-230.984084
-231.507677
-231.891433
-232.477448
-233.012133
-233.323843
-233.844149
-234.229595
-234.828395
-235.294540
-235.627756
-236.004156
-236.601923
-236.892613
-237.319013
-237.794298
-238.140972
-238.718148
-238.988040
-239.491497
-239.868616
-240.210153
-240.699391
-240.971892
-241.394265
-241.692102
-242.142393
-242.469097
-242.764902
-214.404938
-215.818999
-217.311888
-218.817676
-220.264275
-221.804314
-223.131644
-224.476182
-226.004400
-227.396708
-228.732047
-230.095701
-231.315914
-228.776229
-229.323902
-229.723207
-230.227259
-230.754569
-231.222440
-231.717125
-232.240656
-232.623539
-233.210007
-233.744880
-234.055457
-234.575976
-234.960859
-235.560453
-236.026631
-236.359122
-236.735109
-237.333842
-237.623696
-238.050119
-238.525760
-238.872063
-239.450274
-239.719422
-240.223549
-240.600630
-240.941956
-241.431879
-241.703836
-242.126569
-242.424077
-242.874948
-243.201551
-243.403741
-215.103950
-216.522608
-218.020690
-219.531797
-220.983348
-222.529011
-223.860566
-225.209489
-226.743354
-228.140439
-229.480214
-230.848529
-232.072505
-229.512370
-230.059699
-230.457791
-230.961381
-231.488449
-231.955775
-232.450153
-232.973623
-233.355634
-233.855961
-234.477618
-234.787062
-235.307794
-235.692116
-236.292505
-236.758714
-237.090482
-237.466057
-238.065756
-238.354775
-238.781222
-239.257217
-239.603152
-240.182398
-240.450803
-240.955599
-241.332642
-241.673759
-242.164367
-242.435781
-242.858874
-243.156053
-243.514005
-243.840287
-215.802936
-217.226193
-218.729466
-220.245893
-221.702398
-223.253685
-224.589465
-225.942774
-227.482286
-228.884148
-230.228362
-231.601337
-232.829077
-230.248493
-230.795480
-231.192360
-231.695487
-232.222316
-232.689097
-233.183168
-233.620097
-234.087718
-234.587967
-235.210345
-235.518658
-235.951589
-236.423365
-237.024549
-237.490792
-237.821835
-238.196999
-238.797665
-239.085850
-239.512320
-239.988672
-240.334238
-240.914520
-241.182181
-241.687648
-242.064654
-242.405561
-242.896856
-243.167727
-243.591181
-243.888031
-244.246032
-244.478098
-216.501896
-217.929752
-219.438218
-220.959965
-222.421423
-223.978336
-225.318342
-226.676038
-228.221197
-229.627836
-230.976489
-232.354125
-233.585631
-230.899696
-231.531244
-231.926913
-232.429579
-232.956168
-233.422405
-233.916172
-234.352508
-234.819791
-235.319962
-235.943063
-236.250245
-236.682859
-237.154605
-237.756586
-238.222862
-238.463421
-238.927936
-239.529570
-239.816920
-240.243415
-240.720123
-241.065322
-241.646639
-241.913558
-242.419696
-242.796665
-243.137363
-243.629344
-243.899674
-244.323489
-244.620011
-244.978062
-217.200830
-218.633285
-220.146944
-221.674012
-223.140425
-224.702964
-226.047196
-227.409279
-228.960087
-230.371504
-231.724596
-233.106894
-234.342165
-231.635248
-232.266992
-232.661450
-233.163656
-233.690006
-234.155700
-234.649162
-235.084907
-235.551852
-236.051946
-236.675770
-236.981822
-237.414121
-237.885838
-238.488615
-238.954926
-239.194231
-239.658867
-240.261469
-240.547986
-240.974506
-241.451571
-241.796402
-242.378756
-242.644933
-243.151742
-243.528676
-243.869165
-244.361833
-244.631621
-245.055797
-245.351992
-245.615134
-217.899738
-219.336793
-220.855646
-222.311725
-223.859403
-225.427568
-226.694969
-228.142498
-229.698955
-231.115150
-232.472683
-233.859643
-235.098681
-232.370783
-233.002723
-233.395972
-233.897718
-234.423830
-234.888982
-235.382140
-235.817295
-236.283903
-236.783920
-237.408468
-237.713391
-238.145374
-238.617063
-239.220637
-239.686983
-239.925036
-240.389792
-240.993363
-241.279048
-241.705593
-242.183016
-242.527480
-243.110871
-243.376306
-243.883788
-244.260685
-244.600967
-245.094322
-245.363569
-245.788107
-245.988745
-246.251283
-218.598620
-220.040275
-221.564322
-223.025219
-224.578357
-226.152149
-227.423251
-228.875695
-230.437802
-231.858776
-233.220749
-234.612373
-235.855177
-233.106300
-233.738438
-234.130478
-234.631766
-235.157640
-235.622251
-236.115106
-236.549670
-237.015942
-237.515884
-238.141156
-238.444950
-238.876618
-239.348280
-239.952652
-240.419033
-240.655835
-241.120712
-241.725253
-242.010105
-242.436676
-242.914457
-243.258555
-243.749322
-244.107678
-244.615832
-244.992694
-245.332768
-245.731687
-246.095518
-246.424824
-246.720198
-219.297475
-220.743732
-222.272974
-223.738687
-225.297288
-226.876706
-228.151510
-229.608871
-231.176627
-232.602381
-233.968796
-235.365083
-236.611655
-233.841801
-234.474137
-234.864969
-235.365799
-235.803242
-236.355506
-236.848058
-237.282034
-237.747970
-238.247837
-238.873835
-239.176500
-239.607854
-240.079490
-240.684660
-241.151077
-241.386628
-241.851627
-242.457137
-242.741158
-243.167756
-243.645895
-243.989628
-244.480901
-244.839047
-245.347874
-245.724702
-246.064570
-246.463645
-246.827467
-247.156605
-247.355500
-219.996305
-221.521801
-223.057868
-224.452132
-226.016194
-227.601241
-228.879747
-230.342024
-231.915431
-233.345965
-234.716822
-236.117773
-237.368113
-234.577285
-235.209819
-235.599444
-236.099817
-236.536491
-237.088749
-237.580999
-238.014386
-238.479987
-238.979780
-239.606503
-239.908041
-240.339081
-240.810691
-241.416660
-241.883114
-242.117414
-242.582536
-243.189017
-243.472206
-243.898831
-244.377330
-244.720697
-245.212477
-245.570416
-246.079916
-246.456710
-246.796370
-247.195603
-247.559417
-247.888386
-247.893478
-220.695108
-222.225698
-223.766969
-225.165552
-226.735077
-228.325752
-229.607961
-231.075155
-232.654213
-234.089529
-235.464828
-236.870444
-238.124553
-235.312751
-235.945485
-236.333904
-236.833820
-237.269725
-237.821977
-238.313927
-238.746725
-239.211993
-239.711712
-240.339162
-240.639573
-241.070300
-241.541884
-242.148653
-242.615144
-242.848194
-243.313440
-243.920891
-244.203250
-244.629903
-245.108762
-245.451764
-245.944052
-246.301782
-246.811956
-247.188716
-247.528171
-247.927561
-248.291368
-248.523120
-221.393886
-222.929570
-224.476044
-225.878948
-227.453936
-229.050240
-230.336153
-231.808264
-233.392974
-234.833071
-236.212814
-237.623095
-238.880974
-236.048201
-236.681135
-237.068349
-237.567809
-238.002945
-238.555193
-239.046842
-239.479054
-239.943987
-240.443634
-241.071810
-241.371095
-241.801511
-242.273070
-242.880639
-243.253831
-243.578969
-244.044338
-244.652761
-244.934290
-245.360971
-245.840190
-246.182828
-246.675624
-247.033146
-247.543995
-247.920722
-248.259972
-248.659519
-248.925950
-249.059637
-222.092637
-223.633416
-225.185095
-226.592319
-228.172771
-229.774704
-231.064321
-232.541351
-234.131713
-235.576593
-236.960779
-238.375727
-239.637376
-236.783633
-237.416769
-237.802777
-238.301782
-238.736152
-239.288395
-239.779745
-240.211370
-240.675971
-241.175545
-241.804449
-242.102609
-242.532712
-243.004247
-243.612617
-243.985317
-244.309737
-244.775230
-245.384625
-245.665325
-246.092034
-246.571615
-246.913889
-247.407194
-247.764509
-248.276033
-248.652727
-248.991772
-249.391477
-249.657371
-222.791362
-224.337236
-225.894121
-227.305666
-228.891582
-230.499146
-231.792468
-233.274416
-234.870431
-236.320093
-237.708724
-239.128339
-240.393759
-237.519048
-238.152386
-238.537191
-239.035742
-239.469344
-240.021585
-240.512635
-240.943674
-241.407943
-241.907446
-242.537078
-242.834113
-243.263906
-243.735417
-244.344588
-244.716795
-245.040499
-245.506117
-246.116485
-246.396356
-246.823095
-247.206940
-247.644947
-248.138761
-248.495870
-249.008070
-249.384732
-249.723572
-250.123436
-250.290504
-223.490061
-225.041032
-226.603121
-228.018989
-229.610370
-231.223564
-232.520592
-234.007460
-235.609128
-237.063573
-238.456649
-239.880931
-241.150122
-238.254446
-238.887986
-239.271589
-239.769686
-240.202522
-240.754760
-241.245513
-241.675967
-242.139905
-242.639336
-243.269698
-243.565608
-243.995090
-244.466579
-245.076552
-245.448267
-245.771255
-246.236998
-246.848340
-247.127382
-247.554151
-247.937828
-248.376003
-248.870326
-249.227230
-249.740105
-250.116735
-250.455372
-250.756690
-250.922719
-224.188734
-225.744801
-227.312097
-228.732288
-230.329134
-231.947959
-233.248693
-234.740481
-236.347803
-237.807032
-239.204554
-240.633504
-241.906467
-238.989827
-239.623571
-240.005971
-240.503616
-240.935687
-241.487923
-241.978378
-242.408248
-242.871855
-243.371216
-244.002307
-244.297094
-244.726267
-245.197733
-245.808508
-246.179733
-246.502005
-246.967874
-247.580189
-247.858404
-248.285203
-248.668712
-249.107056
-249.601889
-249.958587
-250.472139
-250.848738
-251.088241
-251.488117
-224.887381
-226.448545
-228.021048
-229.445562
-231.047873
-232.672330
-233.976771
-235.473480
-237.086456
-238.550470
-239.952439
-241.386057
-242.662794
-239.725191
-240.359139
-240.740338
-241.237530
-241.668837
-242.221072
-242.711230
-243.140517
-243.603794
-244.103086
-244.734907
-245.028571
-245.457434
-245.928879
-246.540457
-246.911191
-247.232749
-247.698745
-248.312034
-248.589422
-249.016252
-249.399593
-249.838106
-250.333450
-250.689943
-251.105186
-251.580741
-251.819509
-252.119922
-225.586002
-227.152264
-228.729973
-230.158811
-231.766590
-233.396678
-234.704827
-236.206457
-237.825088
-239.293888
-240.700303
-242.138591
-243.419101
-240.460538
-241.094691
-241.474689
-241.971431
-242.401974
-242.954208
-243.444070
-243.872774
-244.335722
-244.834944
-245.467496
-245.760038
-246.188594
-246.660017
-247.176213
-247.642643
-247.963486
-248.429610
-249.043874
-249.320435
-249.747297
-250.130471
-250.569153
-251.065009
-251.421297
-251.836686
-252.312742
-252.450929
-252.750811
-226.284597
-227.855957
-229.358120
-230.872037
-232.485282
-234.121004
-235.432860
-236.939412
-238.563699
-240.037284
-241.448147
-242.891104
-244.175389
-241.195868
-241.830226
-242.209025
-242.705316
-243.135096
-243.687331
-244.176898
-244.605020
-245.067638
-245.566793
-246.104560
-246.491497
-246.919744
-247.391147
-247.907616
-248.374088
-248.694218
-249.160469
-249.775708
-250.051444
-250.478337
-250.861345
-251.300198
-251.796565
-252.152650
-252.568185
-253.044743
-253.181666
-226.983165
-228.559624
-230.066498
-231.585238
-233.203951
-234.845305
-236.160871
-237.672345
-239.302288
-240.780660
-242.195971
-243.643599
-244.931658
-241.931180
-242.565745
-242.943345
-243.439187
-243.868205
-244.420441
-244.909713
-245.337253
-245.799544
-246.298631
-246.836598
-247.222946
-247.650886
-248.122269
-248.639012
-249.105527
-249.424944
-249.891323
-250.409042
-250.683870
-251.209374
-251.592216
-252.031239
-252.528119
-252.884000
-253.299683
-253.675899
-253.811641
-227.681708
-229.263267
-230.774850
-232.298414
-233.922595
-235.569584
-236.888859
-238.405256
-240.040856
-241.524015
-242.943775
-244.396074
-245.687908
-242.666476
-243.301248
-243.677650
-244.173043
-244.601299
-245.153537
-245.642516
-246.069475
-246.531438
-247.030459
-247.568626
-247.954386
-248.382020
-248.853384
-249.370401
-249.836959
-250.155663
-250.622171
-251.140336
-251.414340
-251.940408
-252.323084
-252.662278
-253.259671
-253.615349
-254.031180
-254.407367
-228.380225
-229.966883
-231.483178
-233.011567
-234.641216
-236.293839
-237.616825
-239.138146
-240.779402
-242.267349
-243.691558
-245.148529
-246.444140
-243.401754
-244.036735
-244.411939
-244.906884
-245.334380
-245.886620
-246.375305
-246.801685
-247.263322
-247.762276
-248.300644
-248.588650
-249.113145
-249.584490
-250.101782
-250.568384
-250.886376
-251.353014
-251.871624
-252.144805
-252.671437
-253.053949
-253.392784
-253.991220
-254.245517
-254.762675
-255.037076
-229.078715
-230.670474
-232.191481
-233.724695
-235.359813
-237.018071
-238.344768
-239.871013
-241.517927
-243.010662
-244.439321
-245.900964
-247.200352
-244.137015
-244.772205
-245.146213
-245.640710
-246.067446
-246.619690
-247.108083
-247.533883
-247.995194
-248.494082
-249.032653
-249.319541
-249.844262
-250.315589
-250.833156
-251.299802
-251.617084
-252.083851
-252.602908
-252.875267
-253.402462
-253.784810
-254.123288
-254.722767
-254.976332
-255.392143
-255.665871
-229.777179
-231.374040
-232.899758
-234.437798
-236.078387
-237.742280
-239.072688
-240.603858
-242.256430
-243.753954
-245.187064
-246.653380
-247.956546
-244.872260
-245.507659
-245.880471
-246.374522
-246.800499
-247.352747
-247.840848
-248.266069
-248.727055
-249.225878
-249.764651
-250.050423
-250.575370
-251.046679
-251.564523
-252.031214
-252.347785
-252.814683
-253.334187
-253.605723
-254.133484
-254.515668
-254.853788
-255.454312
-255.707145
-256.123105
-230.475618
-232.077580
-233.608011
-235.150878
-236.796936
-238.466465
-239.800586
-241.336681
-242.994912
-244.497225
-245.934787
-247.405777
-248.712720
-245.607487
-246.243096
-246.614714
-247.108319
-247.533537
-248.085790
-248.573600
-248.998244
-249.458905
-249.957664
-250.496640
-250.781297
-251.306469
-251.777762
-252.295883
-252.762619
-253.078480
-253.545509
-254.065461
-254.336176
-254.762966
-255.246522
-255.584286
-256.185855
-256.437957
-256.751128
-231.174030
-232.781094
-234.316239
-235.863933
-237.515462
-239.190628
-240.528461
-242.069482
-243.733373
-245.240476
-246.682490
-248.158153
-249.468876
-246.342697
-246.978517
-247.348941
-247.842101
-248.266562
-248.818820
-249.306340
-249.730406
-250.190744
-250.689439
-251.228619
-251.512160
-252.037560
-252.508837
-253.027235
-253.494017
-253.809169
-254.276330
-254.796730
-255.066624
-255.493450
-255.977374
-256.314781
-256.917395
-257.065615
-257.378240
-231.872416
-233.484583
-235.024442
-236.576963
-238.233964
-239.914767
-241.256314
-242.802261
-244.471812
-245.983706
-247.430172
-248.910510
-250.225013
-247.077890
-247.713922
-248.083153
-248.575869
-248.999573
-249.551837
-250.039067
-250.462557
-250.922571
-251.421204
-251.960588
-252.243015
-252.768643
-253.239904
-253.758580
-254.225409
-254.539851
-255.007145
-255.527994
-255.797068
-256.223930
-256.708222
-257.045274
-257.648934
-257.692362
-232.570776
-234.188046
-235.732620
-237.289970
-238.952442
-240.638882
-241.984144
-243.535018
-245.210230
-246.726915
-248.177834
-249.662848
-250.981130
-247.813065
-248.449311
-248.719648
-249.309622
-249.732570
-250.284841
-250.771782
-251.194696
-251.654388
-252.152959
-252.692548
-252.973861
-253.499717
-253.970963
-254.489917
-254.956794
-255.270528
-255.737954
-256.259253
-256.527507
-256.954406
-257.439066
-257.775763
-258.276329
-258.318201
-233.269110
-234.891484
-236.440774
-238.002952
-239.670897
-241.362975
-242.711951
-244.267754
-245.948626
-247.470103
-248.925476
-250.415166
-251.737229
-248.548224
-249.184683
-249.453294
-250.043360
-250.465552
-250.918710
-251.504484
-251.926823
-252.386193
-252.884702
-253.424497
-253.704697
-254.230782
-254.702014
-255.221247
-255.688172
-256.001199
-256.468759
-256.990507
-257.257942
-257.684879
-258.169908
-258.506250
-259.007332
-233.967418
-235.594897
-237.148902
-238.715910
-240.389327
-242.087044
-243.439736
-245.000467
-246.687000
-248.114768
-249.673098
-251.167464
-252.493309
-249.283366
-249.920039
-250.186925
-250.777083
-251.198521
-251.651155
-252.237174
-252.658938
-253.117988
-253.616436
-254.156437
-254.435524
-254.961839
-255.433058
-255.952570
-256.419544
-256.731863
-257.199557
-257.721756
-257.988373
-258.415347
-258.900746
-259.236734
-259.633284
-234.665700
-236.298284
-237.857005
-239.428843
-241.107734
-242.811090
-244.167499
-245.733158
-247.425354
-248.857367
-250.420700
-251.919743
-253.249370
-250.018490
-250.655379
-250.920540
-251.510791
-251.931476
-252.383586
-252.969851
-253.391042
-253.849771
-254.348159
-254.888367
-255.166343
-255.692888
-256.164093
-256.683886
-257.150908
-257.462522
-257.930350
-258.453000
-258.718799
-259.145812
-259.631580
-259.862068
-260.258327
-235.363956
-237.001645
-238.565084
-240.141752
-241.826117
-243.535113
-244.895238
-246.465827
-248.163686
-249.599945
-251.168281
-252.672002
-254.005412
-250.753598
-251.390702
-251.654140
-252.244485
-252.664417
-253.116004
-253.702515
-254.123134
-254.581543
-255.079871
-255.620287
-255.897152
-256.423928
-256.792058
-257.415194
-257.882267
-258.193174
-258.661138
-259.184239
-259.449220
-259.876273
-260.362412
-260.592017
-236.062186
-237.704981
-239.273137
-240.854637
-242.544477
-244.259113
-245.622955
-247.198474
-248.901996
-250.342502
-251.915842
-253.424242
-254.761435
-251.488688
-252.126009
-252.387724
-252.978164
-253.397344
-253.848408
-254.435168
-254.855213
-255.313304
-255.811573
-256.352198
-256.627952
-257.154959
-257.522547
-258.146496
-258.613618
-258.923820
-259.391920
-259.915473
-260.179638
-260.606730
-260.987219
-261.215912
-236.760390
-238.408292
-239.981166
-241.567497
-243.262812
-244.983089
-246.350650
-247.931100
-249.640285
-251.085038
-252.663383
-254.176462
-255.517440
-252.223761
-252.861299
-253.121293
-253.711829
-254.130257
-254.580800
-255.167807
-255.587282
-256.045054
-256.543265
-257.084098
-257.358742
-257.885982
-258.253029
-258.877789
-259.344963
-259.654461
-260.122696
-260.646702
-260.910051
-261.337183
-261.717514
-261.838901
-237.458568
-239.111577
-240.689170
-242.280333
-243.981124
-245.707042
-247.078322
-248.663703
-250.378553
-251.827554
-253.410904
-254.928662
-256.273425
-252.958817
-253.596574
-253.854846
-254.445478
-254.863155
-255.313178
-255.900434
-256.319338
-256.673674
-257.274946
-257.815989
-258.089524
-258.616997
-258.983503
-259.609076
-260.076301
-260.385095
-260.747598
-261.377927
-261.640459
-262.067633
-262.340880
-238.156719
-239.814836
-241.397149
-242.993145
-244.699412
-246.430972
-247.805971
-249.396284
-251.116799
-252.570049
-254.158404
-255.680843
-257.029391
-253.693856
-254.331832
-254.588384
-255.179113
-255.596040
-256.045543
-256.633049
-257.051382
-257.404871
-258.006616
-258.547870
-258.820296
-259.348002
-259.713969
-260.340355
-260.807632
-261.009676
-261.477834
-262.109146
-262.370864
-262.798078
-262.963342
-238.854845
-240.518070
-242.105103
-243.705932
-245.417676
-247.154878
-248.533598
-250.128843
-251.855023
-253.312523
-254.905885
-256.433005
-257.785339
-254.428878
-255.067073
-255.321906
-255.912734
-256.328911
-256.777894
-257.261964
-257.783415
-258.136056
-258.738277
-259.279741
-259.551060
-260.079000
-260.444427
-261.071627
-261.538957
-261.739769
-262.208065
-262.840360
-263.101263
-263.420781
-263.584899
-239.552944
-241.221279
-242.813032
-244.418695
-246.042155
-247.878762
-249.261203
-250.861381
-252.593227
-254.054976
-255.653345
-257.185146
-258.541267
-255.163883
-255.802299
-256.055413
-256.646339
-257.061769
-257.510233
-257.994021
-258.515436
-258.867230
-259.469926
-260.011602
-260.281814
-260.809989
-261.174877
-261.802892
-262.270275
-262.469855
-262.938289
-263.571570
-263.831659
-264.150690
-240.251018
-241.924462
-243.520936
-245.131434
-246.759860
-248.602622
-249.988784
-251.593896
-253.229791
-254.797408
-256.400785
-257.937268
-259.297177
-255.898871
-256.537508
-256.788904
-257.379930
-257.794612
-258.242558
-258.726066
-259.247445
-259.598394
-260.201566
-260.743454
-261.012559
-261.540969
-261.905320
-262.534149
-263.001586
-263.199935
-263.668509
-264.194345
-264.562050
-264.771956
-240.949065
-242.627619
-244.228815
-245.844149
-247.477542
-249.326459
-250.716343
-252.326389
-253.967411
-255.539820
-257.148205
-258.689371
-260.053068
-256.633842
-257.272701
-257.522380
-258.113506
-258.527441
-258.974870
-259.458098
-259.979442
-260.329546
-260.933194
-261.475295
-261.743295
-262.271941
-262.635754
-263.265399
-263.732891
-263.930009
-264.398723
-264.925015
-265.183419
-265.392319
-241.647087
-243.330751
-244.936669
-246.556839
-248.195199
-250.050272
-251.443880
-253.058860
-254.705009
-256.282210
-257.895604
-259.441454
-260.808939
-257.368795
-258.007877
-258.255841
-258.847067
-259.260256
-259.707169
-260.190118
-260.711427
-261.060687
-261.664813
-262.207127
-262.474022
-263.002904
-263.366181
-263.996642
-264.464189
-264.660078
-265.128931
-265.655679
-265.913272
-242.345082
-244.033858
-245.644499
-247.269505
-248.912833
-250.774063
-252.171394
-253.791310
-255.442587
-257.024580
-258.642983
-260.193517
-261.564792
-258.103732
-258.743037
-258.989286
-259.580613
-259.993057
-260.439455
-260.922125
-261.443401
-261.791817
-262.289241
-262.938949
-263.204739
-263.733859
-264.096600
-264.727877
-265.195480
-265.390140
-265.859134
-266.386338
-266.533205
-243.043052
-244.736939
-246.352303
-247.982146
-249.630444
-251.497830
-252.898885
-254.523737
-256.180142
-257.766930
-259.390343
-260.945561
-262.320626
-258.838651
-259.478181
-259.722715
-260.314145
-260.725844
-261.171727
-261.654120
-262.175362
-262.522935
-263.020307
-263.670761
-263.935448
-264.464805
-264.827010
-265.459105
-265.926764
-266.120196
-266.589331
-267.006604
-267.152237
-243.740995
-245.439994
-247.060083
-248.694763
-250.348030
-252.221574
-253.626354
-255.256143
-256.917677
-258.509258
-260.137681
-261.697585
-263.076441
-259.573553
-260.213308
-260.456129
-261.047662
-261.458618
-261.903986
-262.386102
-262.799691
-263.254043
-263.751364
-264.402564
-264.666147
-265.195743
-265.557413
-266.190326
-266.658042
-266.850246
-267.319523
-267.736724
-244.438912
-246.051212
-247.767838
-249.407356
-251.065593
-252.945294
-254.353800
-255.988526
-257.655190
-259.251565
-260.885000
-262.449590
-263.832237
-260.308439
-260.948419
-261.189528
-261.781165
-262.191377
-262.636232
-263.118071
-263.531098
-263.985139
-264.482409
-265.134356
-265.396837
-265.926672
-266.287808
-266.921540
-267.389313
-267.580289
-268.049709
-268.355552
-245.136803
-246.753726
-248.475568
-250.119925
-251.783132
-253.668992
-255.081224
-256.720887
-258.392682
-259.993852
-261.632299
-263.201575
-264.588014
-261.043307
-261.683514
-261.922911
-262.407053
-262.924122
-263.368465
-263.850029
-264.262493
-264.716225
-265.213445
-265.866139
-266.127518
-266.657593
-267.018196
-267.652746
-268.120577
-268.310327
-268.668358
-268.973480
-245.834669
-247.456215
-249.183273
-250.832469
-252.500647
-254.392666
-255.808625
-257.453227
-259.130152
-260.736118
-262.379577
-263.953540
-265.343773
-261.778158
-262.418593
-262.656278
-263.139992
-263.656854
-264.100684
-264.581973
-264.993876
-265.447299
-265.944469
-266.597912
-266.858190
-267.388505
-267.748575
-268.272518
-268.851835
-269.040359
-269.398004
-246.532508
-248.158679
-249.890953
-251.544989
-253.218138
-255.116317
-256.536004
-258.185544
-259.867601
-261.478363
-263.126835
-264.705486
-266.099512
-262.405164
-263.153655
-263.389631
-263.872917
-264.389571
-264.832890
-265.313905
-265.725248
-266.178362
-266.675484
-267.329675
-267.588853
-268.119409
-268.478946
-269.003180
-269.583086
-269.770384
-270.015219
-247.230321
-248.861117
-250.598608
-252.257485
-253.935606
-255.839945
-257.263360
-258.917840
-260.605028
-262.220588
-263.874073
-265.457412
-266.855232
-263.139446
-263.888701
-264.122967
-264.605827
-265.122274
-265.565083
-266.045825
-266.456607
-266.909414
-267.406488
-268.061429
-268.319507
-268.850304
-269.209310
-269.733834
-270.201503
-270.387640
-270.631535
-247.928108
-249.563530
-251.306238
-252.969956
-254.653050
-256.563550
-257.990693
-259.650113
-261.342434
-262.962792
-264.621291
-266.209319
-267.610934
-263.873710
-264.623730
-264.856289
-265.338722
-265.854964
-266.297263
-266.777732
-267.187955
-267.640455
-268.137481
-268.793172
-269.050151
-269.468923
-269.939665
-270.464481
-270.932211
-271.117124
-248.625869
-250.265917
-252.013844
-253.682403
-255.370471
-257.287131
-258.718004
-260.382365
-262.079819
-263.704974
-265.368488
-266.961206
-268.366616
-264.607957
-265.358744
-265.589594
-266.071603
-266.587639
-267.029430
-267.509627
-267.919291
-268.371485
-268.868464
-269.524906
-269.780787
-270.199272
-270.670013
-271.195121
-271.662911
-271.732947
-249.323604
-250.968279
-252.721424
-254.394826
-256.087867
-258.010689
-259.445293
-261.114595
-262.817182
-264.447136
-266.115666
-267.713073
-269.122280
-265.342188
-266.093741
-266.322884
-266.804468
-267.320301
-267.761583
-268.241509
-268.650615
-269.102504
-269.599437
-270.256630
-270.511413
-270.929611
-271.400353
-271.925753
-272.393605
-272.347873
-250.021313
-251.670616
-253.428980
-255.107225
-256.805240
-258.734224
-260.172558
-261.846802
-263.554524
-265.189278
-266.862823
-268.464921
-269.877925
-266.076401
-266.828721
-267.056159
-267.537320
-268.052949
-268.493723
-268.973378
-269.381928
-269.833512
-270.330399
-270.988344
-271.242030
-271.659943
-272.130685
-272.656378
-273.009511
-250.718996
-252.372927
-254.136511
-255.819599
-257.522589
-259.353681
-260.899802
-262.578988
-264.291845
-265.931398
-267.609960
-269.216750
-270.633551
-266.810597
-267.563686
-267.789419
-268.270156
-268.785582
-269.225850
-269.705235
-270.226161
-270.564508
-271.061351
-271.720048
-271.972638
-272.390266
-272.861009
-273.386996
-273.624519
-251.416653
-253.075212
-254.844017
-256.531949
-258.239915
-260.076650
-261.627022
-263.311152
-265.029144
-266.673498
-268.357077
-269.852632
-271.389158
-267.544776
-268.298634
-268.522662
-269.002978
-269.518202
-269.957964
-270.437080
-270.957981
-271.295494
-271.792292
-272.451743
-272.703237
-273.120580
-273.591325
-274.117606
-274.238630
-252.114284
-253.777472
-255.551498
-257.244274
-258.957216
-260.799596
-262.354221
-264.043293
-265.766422
-267.415577
-269.104173
-270.603860
-272.144746
-268.278938
-269.033565
-269.255891
-269.735785
-270.250808
-270.690064
-271.168912
-271.689789
-272.026468
-272.523223
-273.183428
-273.433826
-273.850886
-274.321634
-274.732180
-274.851847
-252.811889
-254.479707
-256.258954
-257.956575
-259.674494
-261.522519
-263.081396
-264.775413
-266.503678
-268.157635
-269.851250
-271.355070
-272.900315
-269.013083
-269.768481
-269.989104
-270.468577
-270.983399
-271.422151
-271.900731
-272.421585
-272.757431
-273.254144
-273.915103
-274.164407
-274.581183
-275.051934
-275.462247
-253.509468
-255.181916
-256.966385
-258.668852
-260.391749
-262.245419
-263.700826
-265.507511
-267.240913
-268.899672
-270.598306
-272.106259
-273.655865
-269.747211
-270.389704
-270.722301
-271.201355
-271.715977
-272.154225
-272.632538
-273.153370
-273.488383
-273.985054
-274.646768
-274.894978
-275.311472
-275.782227
-276.075388
-254.207021
-255.884100
-257.673792
-259.381105
-261.108979
-262.968296
-264.427432
-266.239587
-267.978127
-269.641689
-271.345342
-272.857429
-274.411396
-270.481322
-271.124051
-271.455483
-271.934118
-272.448541
-272.886286
-273.364333
-273.885143
-274.219324
-274.715953
-275.378423
-275.625541
-276.041753
-276.395314
-276.687635
-254.904547
-256.586259
-258.381173
-260.093334
-261.826186
-263.691150
-265.154016
-266.971641
-268.715319
-270.383685
-272.092358
-273.608580
-275.166909
-271.215416
-271.858382
-272.188650
-272.666866
-273.181091
-273.618334
-274.096115
-274.616903
-274.950254
-275.446842
-276.110068
-276.356094
-276.772025
-277.125062
-255.602048
-257.288392
-259.088530
-260.805538
-262.543369
-264.413980
-265.880577
-267.703672
-269.452490
-271.125660
-272.839354
-274.359711
-275.922402
-271.949493
-272.592697
-272.921801
-273.399600
-273.913627
-274.350368
-274.827885
-275.348652
-275.681173
-276.177721
-276.841704
-277.086638
-277.502288
-277.736719
-256.299523
-257.990499
-259.795862
-261.517718
-263.260529
-265.136787
-266.607116
-268.435682
-270.189639
-271.867614
-273.586329
-275.110823
-276.677877
-272.683553
-273.326995
-273.654936
-274.132319
-274.646149
-275.082389
-275.559642
-276.080390
-276.412081
-276.908589
-277.573330
-277.817173
-278.114091
-278.347483
-256.996972
-258.692581
-260.503168
-262.229873
-263.977664
-265.859571
-267.333632
-269.167670
-270.926767
-272.609548
-274.333285
-275.861915
-277.433333
-273.417595
-274.061277
-274.271830
-274.865023
-275.378657
-275.814397
-276.291386
-276.812115
-277.142977
-277.639447
-278.186199
-278.547698
-278.843809
-257.694395
-259.394638
-261.210451
-262.942004
-264.694776
-266.582332
-268.060125
-269.899636
-271.663874
-273.351460
-275.080220
-276.612987
-278.188769
-274.151621
-274.795543
-275.004402
-275.597712
-276.111151
-276.546392
-277.023118
-277.543829
-277.873863
-278.370294
-278.917275
-279.158950
-279.454182
-258.391792
-260.096669
-261.917708
-263.654111
-265.411864
-267.305069
-268.786596
-270.631580
-272.400959
-274.093352
-275.827135
-277.364040
-278.944187
-274.885630
-275.529793
-275.736958
-276.330387
-276.843631
-277.278373
-277.754838
-278.275531
-278.604737
-279.101131
-279.648340
-279.888929
-280.063664
-259.089162
-260.798675
-262.624940
-264.366194
-266.128929
-268.027784
-269.513045
-271.363503
-273.138023
-274.835223
-276.574029
-278.115073
-279.699586
-275.619621
-276.264026
-276.469499
-277.063047
-277.576097
-278.010342
-278.486545
-279.007221
-279.335601
-279.831958
-280.379396
-280.498749
-280.432690
-259.786507
-261.500656
-263.332147
-265.078252
-266.845970
-268.750475
-270.239471
-272.095403
-273.875066
-275.577074
-277.320904
-278.866087
-280.454966
-276.353596
-276.998243
-277.202024
-277.795693
-278.308549
-278.742297
-279.218239
-279.738899
-280.066453
-280.562774
-281.110442
-281.228181
-260.483826
-262.202611
-264.039330
-265.790287
-267.562987
-269.473143
-270.965875
-272.827281
-274.612087
-276.318903
-278.067758
-279.617082
-281.210327
-277.087553
-277.732444
-277.934534
-278.528323
-279.040988
-279.474239
-279.949921
-280.470565
-280.797294
-281.293579
-281.841479
-281.715719
-261.181119
-262.904541
-264.746488
-266.502296
-268.279981
-270.195788
-271.692256
-273.559137
-275.349087
-277.060712
-278.814593
-280.368056
-281.965670
-277.821493
-278.466628
-278.667029
-279.260939
-279.773412
-280.206167
-280.681591
-281.202220
-281.528124
-282.024374
-282.450751
-282.322873
-261.878385
-263.606445
-265.453621
-267.214282
-268.996950
-270.918410
-272.418614
-274.290972
-276.086065
-277.802500
-279.561407
-281.119012
-282.594935
-278.555417
-279.200797
-279.399508
-279.993541
-280.385270
-280.938083
-281.413248
-281.933862
-282.258943
-282.755159
-283.181238
-262.575626
-264.412867
-266.160729
-267.926243
-269.713896
-271.641009
-273.144950
-274.906194
-276.823023
-278.544267
-280.308201
-281.869947
-283.349673
-279.289323
-279.934948
-280.131971
-280.726127
-281.117135
-281.669985
-282.144892
-282.665493
-282.989750
-283.485933
-283.789079
-263.169845
-265.115210
-266.867812
-268.638180
-270.430819
-272.363584
-273.871264
-275.637453
-277.559958
-279.286014
-281.054974
-282.620864
-284.104393
-280.023212
-280.669084
-280.864420
-281.458699
-281.848985
-282.401874
-282.876524
-283.397112
-283.720547
-284.093779
-284.396030
-263.866551
-265.817527
-267.574870
-269.350093
-271.147717
-273.086136
-274.597555
-276.368691
-278.296873
-280.027740
-281.801728
-283.371760
-284.859094
-280.757085
-281.403203
-281.596852
-282.191256
-282.580822
-283.011383
-283.608144
-284.005699
-284.451332
-284.824003
-284.878937
-264.563232
-266.519819
-268.281904
-270.061981
-271.864592
-273.808666
-275.323823
-277.099906
-279.033766
-280.769445
-282.548461
-284.122637
-285.613777
-281.490940
-282.137307
-282.329270
-282.923799
-283.312645
-283.742715
-284.339751
-284.736764
-285.182107
-285.430420
-265.259887
-267.222085
-268.988912
-270.773846
-272.581444
-274.531172
-276.050069
-277.831100
-279.770637
-281.511129
-283.295175
-284.873495
-286.368440
-282.224778
-282.871393
-283.061672
-283.656327
-284.044453
-284.474033
-285.071345
-285.467817
-285.912870
-286.035948
-265.956516
-267.924326
-269.695896
-271.485686
-273.298271
-275.253654
-276.776293
-278.562272
-280.507487
-282.252792
-284.041868
-285.624333
-287.123084
-282.958599
-283.605464
-283.794058
-284.388840
-284.776248
-285.205338
-285.678679
-286.198858
-286.518929
-286.640591
-266.653119
-268.519063
-270.402855
-272.197501
-274.015075
-275.976114
-277.502494
-279.293422
-281.244316
-282.994435
-284.788540
-286.375152
-287.877710
-283.692403
-284.339518
-284.526429
-285.121338
-285.508029
-285.936630
-286.409717
-286.929888
-287.249141
-267.349696
-269.220764
-271.109789
-272.909293
-274.731855
-276.698551
-278.228672
-280.024549
-281.981124
-283.736057
-285.535193
-287.125951
-288.632316
-284.426190
-285.073556
-285.258785
-285.853822
-286.239796
-286.667908
-287.140744
-287.660905
-287.853772
-268.046247
-269.922440
-271.816698
-273.621060
-275.448612
-277.420964
-278.954828
-280.755655
-282.717910
-284.477658
-286.154534
-287.876730
-289.386904
-285.159960
-285.807578
-285.991125
-286.586291
-286.971549
-287.399174
-287.871758
-288.391911
-288.457516
-268.742772
-270.624090
-272.523582
-274.332803
-276.165344
-278.143354
-279.680962
-281.486739
-283.454675
-285.219239
-286.900593
-288.627490
-290.141473
-285.893713
-286.541583
-286.723449
-287.318745
-287.703288
-288.130426
-288.602759
-288.996354
-288.808405
-269.439271
-271.325715
-273.230442
-275.044521
-276.882054
-278.865721
-280.407073
-282.217802
-284.191418
-285.960798
-287.646633
-289.378230
-290.896023
-286.627449
-287.275573
-287.455759
-287.925110
-288.435013
-288.861665
-289.333748
-289.726806
-270.135744
-272.027314
-273.937277
-275.756215
-277.598739
-279.588065
-281.133161
-282.948842
-284.928140
-286.702337
-288.392652
-290.128951
-291.650555
-287.361168
-288.009546
-288.188053
-288.657003
-289.166724
-289.592891
-290.064724
-290.329820
-270.832191
-272.728888
-274.644086
-276.467885
-278.315401
-280.310386
-281.859227
-283.679860
-285.664841
-287.443855
-289.138651
-290.879653
-292.405067
-288.094870
-288.743502
-288.920331
-289.388881
-289.898422
-290.324103
-290.795688
-290.804366
-271.528612
-273.430437
-275.350871
-277.179531
-279.032039
-281.032683
-282.585271
-284.410857
-286.401520
-288.185353
-289.884630
-291.630335
-293.159560
-288.828555
-289.477443
-289.652594
-290.120745
-290.630105
-291.055303
-291.398332
-272.225008
-274.131960
-276.057631
-277.891153
-279.748653
-281.754958
-283.311292
-285.141831
-287.138178
-288.926829
-290.630589
-292.380997
-293.914035
-289.562222
-290.211367
-290.384842
-290.852594
-291.361774
-291.786489
-292.000091
-272.921377
-274.833458
-276.764367
-278.602750
-280.465244
-282.477209
-284.037291
-285.872784
-287.874815
-289.668285
-291.376528
-293.131640
-294.668491
-290.295873
-290.945275
-291.117074
-291.584428
-292.093430
-292.517662
-292.600967
-273.617721
-275.534931
-277.471077
-279.314323
-281.181811
-283.199437
-284.763267
-286.603714
-288.611430
-290.409720
-292.122447
-293.882263
-295.422928
-291.029507
-291.679166
-291.849290
-292.316248
-292.825072
-293.119210
-293.200962
-274.314038
-276.236378
-278.177763
-280.025872
-281.898354
-283.921642
-285.489220
-287.334623
-289.348024
-291.151135
-292.868345
-294.632867
-296.177346
-291.763123
-292.413042
-292.581492
-293.048053
-293.556699
-293.849826
-275.010330
-276.937800
-278.884424
-280.737396
-282.614874
-284.643824
-286.215151
-288.065510
-290.084597
-291.892528
-293.614224
-295.383451
-296.931745
-292.496723
-293.146901
-293.313677
-293.779843
-294.288313
-294.449947
-275.706595
-277.639196
-279.591060
-281.448897
-283.331370
-285.365982
-286.941060
-288.796375
-290.821148
-292.633901
-294.360082
-296.134016
-297.686125
-293.230305
-293.880743
-294.045848
-294.511619
-295.019913
-295.049186
-276.402835
-278.340567
-280.297671
-282.160373
-284.047842
-286.088118
-287.666946
-289.527218
-291.557678
-293.375253
-295.105920
-296.884561
-298.440487
-293.963871
-294.614570
-294.778003
-295.243380
-295.619972
-295.516576
-277.099049
-279.041912
-281.004257
-282.871824
-284.764290
-286.810230
-288.392810
-290.258039
-292.294186
-294.116584
-295.851738
-297.635087
-299.056540
-294.697419
-295.348380
-295.510142
-295.975126
-296.351013
-277.795236
-279.743232
-281.710818
-283.583252
-285.480715
-287.532320
-289.118651
-290.988839
-293.030673
-294.857895
-296.597536
-298.385593
-295.430951
-296.082174
-296.242266
-296.706858
-296.949645
-278.604990
-280.444527
-282.417355
-284.294655
-286.197116
-288.254386
-289.844470
-291.719616
-293.767139
-295.599185
-297.343313
-299.136080
-296.032226
-296.815952
-296.974375
-297.438575
-297.547396
-279.301608
-281.145797
-283.123867
-285.006034
-286.913494
-288.976429
-290.570266
-292.450372
-294.503584
-296.340454
-298.089071
-299.886547
-296.765190
-297.549713
-297.706468
-298.036951
-298.011394
-279.998199
-281.847041
-283.830354
-285.596393
-287.629848
-289.698448
-291.296040
-293.181105
-295.240007
-296.947320
-298.834809
-300.636995
-297.498137
-298.283459
-298.438546
-298.768107
-280.694764
-282.548259
-284.536816
-286.307221
-288.346178
-290.420445
-292.021791
-293.911817
-295.976408
-297.688003
-299.580526
-301.248190
-298.231067
-299.017188
-299.170609
-299.365056
-281.391303
-283.249453
-285.243253
-287.018026
-289.062485
-291.142419
-292.747520
-294.642507
-296.712789
-298.428665
-300.326223
-301.998040
-298.963979
-299.750900
-299.767985
-299.961126
-282.087816
-283.950621
-285.949666
-287.728806
-289.778767
-291.864369
-293.473226
-295.373175
-297.449148
-299.169306
-300.933764
-302.607731
-299.562165
-300.349181
-300.499486
-300.421653
-282.784304
-284.651763
-286.656053
-288.439562
-290.495027
-292.586296
-294.198910
-296.103821
-298.185486
-299.909927
-301.678870
-303.216497
-300.294511
-301.082327
-301.095435
-283.480765
-285.352880
-287.362416
-289.150294
-291.211262
-293.308200
-294.924571
-296.834445
-298.921802
-300.650527
-302.284923
-303.683715
-300.891263
-301.679172
-301.690505
-284.059760
-286.053972
-288.068754
-289.861002
-291.927474
-294.030081
-295.650210
-297.565047
-299.658097
-301.391106
-302.890062
-301.487132
-302.275135
-302.148696
-284.755688
-286.755039
-288.775068
-290.571685
-292.643662
-294.751939
-296.375826
-298.295628
-300.394371
-301.993673
-303.354777
-301.946075
-302.733465
-285.451591
-287.456080
-289.481356
-291.282345
-293.359827
-295.473774
-297.101420
-299.026186
-301.130623
-302.733667
-286.147468
-288.157095
-290.064313
-291.992980
-294.075968
-296.195586
-297.826992
-299.756723
-301.729843
-303.334766
-286.843318
-288.858086
-290.770057
-292.703591
-294.792085
-296.917374
-298.552541
-300.487237
-302.465515
-303.795956
-287.539143
-289.559051
-291.475777
-293.414177
-295.508178
-297.639140
-299.278067
-301.217730
-303.063283
-288.234942
-290.259990
-292.181471
-294.124740
-296.224248
-298.360882
-300.003571
-301.812182
-303.660158
-288.930715
-290.960905
-292.887141
-294.962795
-296.940295
-299.082601
-300.729053
-302.542102
-304.117796
-289.626462
-291.661794
-293.592786
-295.673810
-297.656317
-299.671417
-301.454512
-303.135122
-290.322184
-292.362657
-294.298406
-296.384801
-298.372316
-300.392573
-302.044678
-303.727264
-291.017879
-293.063495
-295.004002
-297.095768
-298.956956
-301.113707
-302.633974
-291.590989
-293.764308
-295.709573
-297.806711
-299.672400
-301.700581
-303.222402
-292.286153
-294.465096
-296.415119
-298.517630
-300.387819
-302.421152
-303.809964
-292.981291
-295.165858
-297.120640
-299.228524
-301.103215
-303.006628
-293.676403
-295.866595
-297.826136
-299.939394
-301.685410
-303.591245
-294.371489
-296.567306
-298.531608
-300.518714
-302.266756
-304.039487
-295.066549
-297.267992
-299.237055
-301.229034
-302.847256
-295.761583
-297.968653
-299.942477
-301.939331
-303.292976
-296.456592
-298.669289
-300.647875
-302.516762
-297.277971
-299.369899
-301.222216
-303.093357
-297.973408
-300.070484
-301.927070
-303.535843
-298.668818
-300.771043
-302.500067
-299.364203
-301.341339
-303.072240
-300.059561
-302.041361
-303.511330
-300.754894
-302.610330
-301.320927
-303.178485
-302.015729
-303.614378
-302.580452
-303.144373
-303.577026
