-1.050462493658491354e+02
-1.000521164704483823e+02
-9.508906787087781254e+01
-8.524853218491652740e+01
-8.037689171312180747e+01
-7.191826755647780089e+01
-6.832473916720988427e+01
-6.594057196188012426e+01
-6.356374686193251478e+01
-6.238163107902341409e+01
-6.238873890480421380e+01
-6.120850353084912143e+01
-6.003011538976056016e+01
-6.003728016115825739e+01
-6.004444451650886094e+01
-5.886795633751900425e+01
-5.887514880616686241e+01
-5.888234085750989522e+01
-5.888953249158459613e+01
-5.889672370842747284e+01
-5.890391450807443618e+01
-5.891110489056193700e+01
-5.891829485592640481e+01
-9.557054400486424584e+01
-5.892548440420395650e+01
-8.922565265195548534e+01
-5.893267353543113529e+01
-8.167626370072190412e+01
-5.893986224964392306e+01
-7.419826405124059931e+01
-5.894705054687892698e+01
-7.049061576769523185e+01
-5.895423842717210050e+01
-6.803188976556218392e+01
-5.896142589055967420e+01
-6.681038894220843360e+01
-5.896861293707841156e+01
-6.559085897823878497e+01
-5.897579956676415236e+01
-6.437329510760372386e+01
-5.898298577965331191e+01
-6.315769257960882754e+01
-5.899017157578218473e+01
-6.316764052427575393e+01
-5.899735695518684508e+01
-6.195402015238916249e+01
-5.900454191790393565e+01
-6.196399309445064318e+01
-5.901172646396900490e+01
-6.197396548508255876e+01
-5.901891059341898682e+01
-6.198393732433086001e+01
-5.902609430628967147e+01
-6.199390861224129168e+01
-5.903327760261752388e+01
-6.200387934885930719e+01
-5.904046048243884570e+01
-6.201384953423109181e+01
-5.904764294578959039e+01
-6.202381916840185738e+01
-5.905482499270605246e+01
-6.203378825141758313e+01
-5.906200662322459749e+01
-6.204375678332390009e+01
-9.873752247018748562e+01
-5.906918783738154133e+01
-6.205372476416657435e+01
-9.088823216230326807e+01
-5.907636863521264559e+01
-6.206369219399118009e+01
-8.570217351154833807e+01
-5.908354901675438953e+01
-6.207365907284351891e+01
-7.798018602366776975e+01
-5.909072898204301794e+01
-6.208362540076926450e+01
-7.160453324384626228e+01
-5.909790853111448428e+01
-6.209359117781412607e+01
-6.654358676302553022e+01
-5.910508766400555913e+01
-6.210355640402358546e+01
-6.277248495133975581e+01
-5.911226638075179096e+01
-6.211352107944347267e+01
-6.152802230007086592e+01
-5.911944468138960218e+01
-6.212348520411937614e+01
-6.028561203885063691e+01
-5.794578920045101711e+01
-6.213344877809725375e+01
-5.904524909460387505e+01
-5.795299547022666786e+01
-6.214341180142218946e+01
-5.780692841096296775e+01
-5.678119894704789061e+01
-6.215337427414025484e+01
-5.781975811843376789e+01
-5.678843308612060525e+01
-6.216333619629691043e+01
-5.783258715391463056e+01
-5.561849104572230118e+01
-6.217329756793801465e+01
-5.659634728640245527e+01
-5.445037093559743369e+01
-6.218325838910878645e+01
-5.660919744669153886e+01
-5.211223318878116118e+01
-6.219321865985538977e+01
-5.662204693450811277e+01
-4.978122084486991383e+01
-6.220317838022327805e+01
-5.663489574990511244e+01
-3.820119872939929451e+01
-6.221313755025765602e+01
-5.664774389293506118e+01
-1.666036548461676503e+01
-6.100213043291726933e+01
-5.666059136365102944e+01
-1.443512667286125861e+01
-6.101211448054053932e+01
-5.667343816210568974e+01
-9.403406125549757633e+01
-1.332911767851570062e+01
-5.980307732545396959e+01
-5.668628428835172173e+01
-8.735942344214744537e+01
-1.222478423273898152e+01
-5.859598002484695911e+01
-5.669912974244204662e+01
-8.206293832567949664e+01
-1.112212253085386848e+01
-5.739081791382653108e+01
-5.671197452442908116e+01
-7.417678311470062624e+01
-1.113042577886543150e+01
-5.618758634244575489e+01
-5.672481863436603788e+01
-6.766739963855947337e+01
-1.113872856053398230e+01
-5.377676164973538420e+01
-5.673766207230532643e+01
-6.379377514074863598e+01
-1.003778403982269651e+01
-5.016959712227333057e+01
-5.675050483829974723e+01
-6.122721739440189737e+01
-1.004611096886919341e+01
-4.061511908903855783e+01
-5.676334693240213625e+01
-5.995489025184028264e+01
-1.005443743062226858e+01
-3.470699284489602121e+01
-5.552942124053644335e+01
-5.868471024552875548e+01
-1.006276342512144595e+01
-2.884407648112837919e+01
-5.554228436301951177e+01
-5.741667194489780002e+01
-1.007108895240636315e+01
-1.839442777820827502e+01
-5.555514681313351844e+01
-5.615076993767547719e+01
-1.007941401251585134e+01
-1.495008794687088205e+01
-5.556800859093108613e+01
-5.616632138975179345e+01
-1.008773860548962098e+01
-1.381276643938992699e+01
-5.433617359480768272e+01
-5.618187207014514684e+01
-1.009606273136700949e+01
-1.267721568621438877e+01
-5.310635921154950267e+01
-5.491813744355664539e+01
-1.010438639018697238e+01
-1.154343155509320695e+01
-5.311926344883307394e+01
-5.493370559257963492e+01
-1.011270958198914549e+01
-1.041140992662295695e+01
-5.189148614478516208e+01
-5.494927296977952125e+01
-1.012103230681276678e+01
-1.042241837803315718e+01
-5.066571944714517883e+01
-5.496483957521358832e+01
-1.012935456469695161e+01
-9.292176753162260994e+00
-4.820720869830763178e+01
-5.498040540893940431e+01
-1.013767635568135361e+01
-9.303206223543892150e+00
-4.575659651779155723e+01
-5.499597047101422476e+01
-8.762599976758612286e+01
-1.014599767980497624e+01
-9.314235105390229918e+00
-3.720815761842204239e+01
-5.501153476149558941e+01
-8.084215506258520634e+01
-1.015431853710704324e+01
-9.325263398748674604e+00
-3.116354841132132591e+01
-5.502709828044063300e+01
-7.411617037505753558e+01
-9.055381342205569339e+00
-9.336291103665947944e+00
-1.801539911510786496e+01
-5.504266102790692372e+01
-6.744730860849784904e+01
-9.063726248241117389e+00
-8.207889802748189467e+00
-1.447838963281630065e+01
-5.505822300395169577e+01
-6.348034502703252713e+01
-9.072070686512224924e+00
-8.218938443062343779e+00
-1.213413121844007669e+01
-5.379677713759092939e+01
-6.085296754204385650e+01
-9.080414657057835015e+00
-8.229986494338545455e+00
-1.097157348946753785e+01
-5.381235649695478429e+01
-5.955170525886845212e+01
-7.983209817541666808e+00
-8.241033956624235657e+00
-9.810869172910832603e+00
-5.255304795538504692e+01
-5.825268905503458683e+01
-7.991577749396221897e+00
-8.252080829966169873e+00
-8.652013840084210372e+00
-5.129585324816826386e+01
-5.695591312019720931e+01
-7.999945212589502752e+00
-8.263127114411675578e+00
-8.665672039804420024e+00
-5.004076705744702025e+01
-5.566137166403439096e+01
-8.008312207159933749e+00
-8.274172810007510037e+00
-8.679329547391768429e+00
-4.752123014754189256e+01
-5.567955270357056463e+01
-8.016678733147392322e+00
-8.285217916801299154e+00
-7.522355630528023696e+00
-3.623002521313240010e+01
-5.569773288909451736e+01
-8.025044790591453037e+00
-8.296262434839611899e+00
-7.536030868871941735e+00
-2.142315334251034287e+01
-5.571591222066652449e+01
-8.033410379531124690e+00
-8.307306364169734891e+00
-7.549705414806274995e+00
-1.534669096702781310e+01
-5.573409069834662688e+01
-8.041775500005741151e+00
-8.318349704838768233e+00
-7.563379268383540577e+00
-1.293939592129790839e+01
-5.706489802420785651e+01
-8.050140152054799714e+00
-8.329392456893657481e+00
-7.577052429656430554e+00
-1.174674240220815591e+01
-5.839787677286759049e+01
-8.058504335717737277e+00
-8.340434620381538267e+00
-7.590724898677549959e+00
-1.055603805226760450e+01
-5.973303226319548997e+01
-8.743510468197267471e+01
-8.066868051033560860e+00
-8.351476195349393450e+00
-7.604396675499337732e+00
-9.367278097049400287e+00
-8.049454381544772730e+01
-8.075231298042046646e+00
-8.362517181844436820e+00
-7.618067760174461966e+00
-8.180457777706267919e+00
-7.361456266873624088e+01
-8.083594076782176785e+00
-8.373557579913537552e+00
-7.631738152755477067e+00
-8.196672005171814490e+00
-6.679437154573136581e+01
-8.091956387293260278e+00
-8.384597389603984041e+00
-7.645407853294924116e+00
-7.011801810650656108e+00
-6.273890363852675733e+01
-8.100318229615046661e+00
-8.395636610962494473e+00
-7.659076861845443673e+00
-7.028030491072472685e+00
-3.517431328774432586e+01
-6.140557252241736563e+01
-8.108679603786356438e+00
-8.406675244036280858e+00
-7.672745178459377868e+00
-7.044258392230063670e+00
-2.378513182863526509e+01
-6.142626067611853813e+01
-8.117040509846674468e+00
-8.417713288872176847e+00
-6.517813074628139525e+00
-7.060485514179317690e+00
-1.753869697609773226e+01
-6.144694790769468540e+01
-7.021880141194076330e+00
-7.291469124043842953e+00
-6.531499042194977456e+00
-7.076711856976491966e+00
-1.382287314216260832e+01
-6.146763421720744702e+01
-7.030264908877247088e+00
-7.302528011470045932e+00
-6.545184317552750208e+00
-7.092937420677712268e+00
-1.260077497292521009e+01
-6.284227797736389931e+01
-7.038649207519934947e+00
-7.313586310067087481e+00
-6.558868900753658693e+00
-7.109162205338915186e+00
-1.138072180388407517e+01
-7.047033037161450686e+00
-7.324644019882102342e+00
-6.572552791850571730e+00
-7.125386211016416560e+00
-1.016270850632321121e+01
-7.055416397841014486e+00
-7.335701140962188838e+00
-6.586235990895779047e+00
-7.141609437766190283e+00
-8.946729968662111787e+00
-7.063799289598101439e+00
-7.346757673354255225e+00
-6.599918497941682283e+00
-7.157831885644261760e+00
-7.732781096384144348e+00
-7.072181712472170645e+00
-7.357813617105285253e+00
-6.613600313041124501e+00
-7.174053554706987690e+00
-7.751483454860637501e+00
-3.892720407280971529e+01
-5.978816801761891675e+00
-6.233441789969414337e+00
-6.627281436246319934e+00
-7.190274445010207849e+00
-7.770184962336941226e+00
-2.205311685459068016e+01
-5.987222996704318234e+00
-6.244518492236887042e+00
-5.474330260699808548e+00
-7.206494556610102187e+00
-6.558284588155662398e+00
-1.694967923738698801e+01
-5.995628721840346564e+00
-6.255594605277371656e+00
-5.488028956408231629e+00
-7.222713889562644596e+00
-6.576997200057390636e+00
-1.314988208469894460e+01
-6.004033977209791928e+00
-6.266670129138267598e+00
-5.501726959954024387e+00
-7.238932443924031013e+00
-6.595708961241063761e+00
-1.063436480601367329e+01
-6.012438762851711971e+00
-6.277745063866218445e+00
-5.515424271389536948e+00
-7.255150219750305496e+00
-6.614419871764774861e+00
-9.390345418978089498e+00
-6.020843078805731885e+00
-6.288819409508133340e+00
-5.529120890767209140e+00
-6.072437525014182214e+00
-6.633129931686427838e+00
-8.148449346145968164e+00
-6.029246925111110045e+00
-6.299893166111563581e+00
-5.542816818139594481e+00
-6.088669682032048058e+00
-6.651839141064157523e+00
-8.169571282557694047e+00
-6.037650301807168773e+00
-6.310966333723039945e+00
-5.556512053559196751e+00
-6.104901060533631352e+00
-5.442017612149014916e+00
-6.929801739141717043e+00
-3.527568198922158160e+01
-6.046053208933344081e+00
-6.322038912389621679e+00
-5.570206597078051658e+00
-6.121131660574785194e+00
-5.460737861464004084e+00
-6.950931413652932989e+00
-1.810340297189529224e+01
-6.054455646528845492e+00
-6.333110902158255229e+00
-5.583900448748964074e+00
-6.137361482211576735e+00
-5.479457260519432715e+00
-5.713282866808890859e+00
-1.421290782096063232e+01
-6.062857614633271552e+00
-6.344182303076189910e+00
-5.597593608624260142e+00
-6.153590525499994079e+00
-5.498175809373239353e+00
-5.734420220173713112e+00
-1.163822107888298163e+01
-6.071259113285782050e+00
-6.355253115190257596e+00
-5.611286076756379693e+00
-6.169818790496047534e+00
-5.516893508083178688e+00
-5.755556665417471685e+00
-1.036594772566242817e+01
-6.079660142525747268e+00
-5.232854913386875140e+00
-5.624977853197878019e+00
-6.186046277255774939e+00
-5.535610356707175050e+00
-4.520032129548846811e+00
-9.095893355148847448e+00
-6.088060702392794177e+00
-5.243946397167355222e+00
-5.638668938000939157e+00
-6.202272985834967223e+00
-5.554326355303338403e+00
-4.541176195140360861e+00
-7.828052167181074772e+00
-4.996655544716296582e+00
-5.255037291563484203e+00
-5.652359331217928329e+00
-5.021605319053546346e+00
-5.573041503929330176e+00
-4.562319353134604683e+00
-6.562418381794173250e+00
-5.005079780779276177e+00
-5.266127596622019347e+00
-5.666049032901412374e+00
-5.037846337684960041e+00
-5.591755802643183060e+00
-4.583461603589976896e+00
-6.585910364342693946e+00
-3.273443230284721039e+01
-5.013503546553240930e+00
-5.277217312390135362e+00
-5.679738043103615297e+00
-5.054086578157674481e+00
-5.610469251502824939e+00
-4.604602946564967603e+00
-6.609401393742698971e+00
-2.462990526476245634e+01
-5.021926842077032660e+00
-5.288306438914738727e+00
-5.693426361877330422e+00
-5.070326040527762146e+00
-4.402768178070901151e+00
-4.625743382117944336e+00
-5.345979605007135760e+00
-1.661078003716016482e+01
-5.030349667390037638e+00
-4.167748951040069372e+00
-4.542595998319276518e+00
-5.086564724851178276e+00
-4.421492603600296611e+00
-4.646882910307363446e+00
-5.369474859208239081e+00
-1.397367105993557779e+01
-5.038772022531740724e+00
-4.178858666527582422e+00
-4.556301808975134371e+00
-5.102802631183740445e+00
-4.440216179561686793e+00
-4.668021531191603124e+00
-5.392969160995839673e+00
-1.134585970883622963e+01
-5.047193907541831948e+00
-4.189967792196151564e+00
-4.570006927937519059e+00
-5.119039759581401228e+00
-4.458938906012959613e+00
-4.689159244829146367e+00
-5.416462510427798804e+00
-1.004831927649724754e+01
-5.055615322459253491e+00
-4.201076328093178880e+00
-4.583711355259009856e+00
-5.135276110100114089e+00
-4.477660783011828016e+00
-4.710296051278305640e+00
-5.439954907562056796e+00
-8.753086965330693303e+00
-5.064036267323354323e+00
-4.212184274265268868e+00
-4.597415090991892050e+00
-5.151511682795733904e+00
-4.496381810616307817e+00
-4.731431950597564828e+00
-5.463446352456472255e+00
-8.778876044128745448e+00
-5.072456742173833355e+00
-4.223291630759595350e+00
-4.611118135188595701e+00
-5.167746477724083576e+00
-4.515101988883907680e+00
-4.752566942845247056e+00
-5.486936845168981058e+00
-7.485947501727510556e+00
-5.080876747049813069e+00
-4.234398397622877397e+00
-4.624820487901293298e+00
-5.183980494941089923e+00
-4.533821317872757106e+00
-4.773701028079831765e+00
-5.510426385757452472e+00
-7.511737395239287629e+00
-5.089296281990462134e+00
-4.245504574902628114e+00
-3.475923048719275155e+00
-4.005382064294341404e+00
-3.328210990072801412e+00
-4.794834206359619877e+00
-4.249236276976168902e+00
-6.221106396960014884e+00
-5.097715347035546074e+00
-4.256610162644999029e+00
-3.489642816248150758e+00
-4.021630320703200034e+00
-3.346941232324498472e+00
-4.815966477742987806e+00
-4.272729994262719266e+00
-6.246897059810062380e+00
-5.106133942224057698e+00
-4.267715160897429527e+00
-3.503361892032948788e+00
-4.037877799425444891e+00
-3.365670625585634124e+00
-4.837097842288394567e+00
-4.296222760160453014e+00
-6.272686737496101728e+00
-3.077839769679610171e+01
-5.114552067595420581e+00
-4.278819569706826087e+00
-3.517080276125693405e+00
-4.054124500517115592e+00
-3.384399169913830718e+00
-4.858228300054169502e+00
-4.319714574727152367e+00
-6.298475430074581993e+00
-2.390388769418792947e+01
-5.122969723188970370e+00
-4.289923389120059660e+00
-3.530797968578848867e+00
-4.070370424033860068e+00
-3.403126865366894904e+00
-4.879357851098661492e+00
-4.343205438020584452e+00
-6.324263137601938922e+00
-1.709104734433394412e+01
-5.131386909044243438e+00
-4.301026619184002087e+00
-3.544514969444412245e+00
-4.086615570031460365e+00
-3.421853712002635106e+00
-3.646078801563405580e+00
-4.366695350098547479e+00
-6.350049860134618029e+00
-1.439981826756458538e+01
-5.139803625200232595e+00
-4.312129259945559845e+00
-3.558231278775124906e+00
-4.102859938565884157e+00
-3.440579709878576864e+00
-3.667215921721316718e+00
-4.390184311018825447e+00
-5.061717046144726950e+00
-1.171826958646988182e+01
-4.050448401767656748e+00
-4.323231311451717573e+00
-3.571946896623137579e+00
-4.119103529692901056e+00
-3.459304859052602765e+00
-3.688352135681941757e+00
-4.413672320839170382e+00
-5.087504496342056370e+00
-1.039512810574593260e+01
-4.058888694916520379e+00
-4.334332773749535406e+00
-3.585661823040509510e+00
-4.135346343468308206e+00
-3.478029159582296526e+00
-3.709487443503645121e+00
-4.437159379617368060e+00
-5.113290962465717904e+00
-9.074385781519833216e+00
-4.067328517456896719e+00
-4.345433646885541457e+00
-3.599376058079818641e+00
-4.151588379947800611e+00
-3.496752611525333343e+00
-3.730621845244666446e+00
-4.460645487411148302e+00
-5.139076444572022062e+00
-9.102421390841620052e+00
-4.075767869428299051e+00
-4.356533930906757668e+00
-3.613089601793277428e+00
-4.167829639187363711e+00
-3.515475214939351556e+00
-3.751755340963237373e+00
-4.484130644278308431e+00
-5.164860942717300674e+00
-7.784069992118217485e+00
-4.084206750869972424e+00
-4.367633625860434243e+00
-3.626802454232996187e+00
-2.991294357999504161e+00
-3.534196969882215100e+00
-3.772887930717657934e+00
-4.507614850276563168e+00
-5.190644456957877573e+00
-7.812102882693186423e+00
-4.092645161821075739e+00
-4.378732731793061106e+00
-3.640514615451376557e+00
-3.007549785922207786e+00
-3.552917876411450404e+00
-3.794019614566155330e+00
-4.531098105463697401e+00
-5.216426987350063271e+00
-6.496135835177533124e+00
-4.101083102321158691e+00
-4.389831248751699277e+00
-3.654226085500694055e+00
-3.023804436632576920e+00
-3.571637934584749985e+00
-3.815150392566969639e+00
-4.554580409897409865e+00
-5.242208533950170057e+00
-6.524165969281173538e+00
-4.109520572409731010e+00
-4.400929176782953256e+00
-3.667936864433247290e+00
-3.040058310186323887e+00
-2.368182641940573152e+00
-3.836280264778416438e+00
-4.578061763635457915e+00
-5.267989096814504002e+00
-6.552195097301723337e+00
-2.995043280775817252e+01
-4.117957572125903631e+00
-4.412026515934224236e+00
-3.681646952301009801e+00
-3.056311406639259598e+00
-2.386913551676782319e+00
-3.857409231258605686e+00
-4.601542166735598904e+00
-3.981952946882897582e+00
-5.238604062971608855e+00
-2.155261842766619651e+01
-4.126394101508869205e+00
-4.423123266251926644e+00
-3.695356349156684761e+00
-3.072563726046989352e+00
-2.405643613347128174e+00
-3.878537292065931563e+00
-4.625021619255544003e+00
-4.007734198571722750e+00
-5.266630398046547867e+00
-1.601529851421216577e+01
-4.134830160598494508e+00
-4.434219427783157919e+00
-3.709065055051904203e+00
-3.088815268465389785e+00
-2.424372827009099396e+00
-3.899664447258474276e+00
-3.366102497973489704e+00
-4.033514467445092677e+00
-5.294655728120315707e+00
-1.327693013806756284e+01
-4.143265749433432177e+00
-4.445315000574637132e+00
-2.562293604172591888e+00
-3.105066033950093285e+00
-2.443101192720334325e+00
-3.920790696894571603e+00
-3.389586085449486141e+00
-4.059293753559204632e+00
-5.322680053246926946e+00
-1.192663028704961015e+01
-4.151700868053445959e+00
-3.327015203513030261e+00
-2.576019644766073924e+00
-3.121316022556819725e+00
-2.461828710538354059e+00
-2.689716189536399682e+00
-3.413068723079866196e+00
-4.085072056970253662e+00
-5.350703373480447667e+00
-1.057882609731933066e+01
-4.160135516497655672e+00
-3.338131270575063425e+00
-2.589744994143007517e+00
-3.137565234341365805e+00
-2.480555380520891973e+00
-2.710849955491784424e+00
-3.436550410922210474e+00
-4.110849377734429488e+00
-4.039478103080306859e+00
-9.233510656439937847e+00
-4.168569694805460912e+00
-3.349246748327458167e+00
-2.603469652355680175e+00
-3.153813669359237348e+00
-2.499281202725303075e+00
-2.731982816415316595e+00
-3.460031149034170639e+00
-4.136625715907915612e+00
-4.067498596167928859e+00
-7.890677077479124613e+00
-4.177003403016056104e+00
-3.360361636817236430e+00
-2.617193619456026354e+00
-3.170061327666303441e+00
-2.518006177209336727e+00
-2.753114772365060858e+00
-3.483510937473357938e+00
-4.162401071546895537e+00
-4.095518085443362821e+00
-7.920899819527948971e+00
-3.089643453230181525e+00
-3.371475936091191450e+00
-2.630916895496458796e+00
-1.995598009135173045e+00
-2.536730304030384353e+00
-2.774245823399211996e+00
-3.506989776297383621e+00
-4.188175444707545658e+00
-4.123536570960492753e+00
-6.580535933044454389e+00
-3.098100641629104146e+00
-3.382589646196308308e+00
-2.644639480529013653e+00
-2.011859765941392375e+00
-2.555453583246177551e+00
-2.795375969575875974e+00
-3.530467665563843394e+00
-4.213948835446037045e+00
-4.151554052773301251e+00
-6.610752350752575168e+00
-3.106557359028253806e+00
-3.393702767179342494e+00
-2.658361374606053040e+00
-2.028120746067175961e+00
-2.574176014914222321e+00
-2.816505210953191174e+00
-3.553944605330336515e+00
-4.239721243818538987e+00
-4.179570530935701633e+00
-6.640967752066846863e+00
-2.794866484870694734e+01
-3.115013605467142899e+00
-3.404815299087089464e+00
-2.672082577779863577e+00
-2.044380949568364692e+00
-2.592897599092003347e+00
-2.837633547589204941e+00
-3.577420595654484892e+00
-4.265492669881216337e+00
-4.207586005501620541e+00
-6.671182137038607074e+00
-2.083848569845095966e+01
-3.123469380985130606e+00
-3.415927241966455696e+00
-2.685803090102329094e+00
-2.060640376500392446e+00
-2.611618335837102123e+00
-2.858760979542092961e+00
-3.600895636593901550e+00
-4.291263113690228614e+00
-4.235600476524984614e+00
-5.333270370855532683e+00
-1.661713402102810377e+01
-3.131924685621741311e+00
-3.427038595864123405e+00
-2.699522911625599431e+00
-2.076899026919071023e+00
-2.630338225207003777e+00
-2.879887506869935443e+00
-3.624369728206119579e+00
-4.317032575301728237e+00
-4.263613944059692074e+00
-5.363478404400555455e+00
-1.382681086262437375e+01
-3.140379519415793297e+00
-3.438149360827189138e+00
-2.713242042402161491e+00
-2.093156900880006610e+00
-1.429042968142138825e+00
-2.901013129630875209e+00
-3.647842870548772432e+00
-4.342801054771870284e+00
-4.291626408159697093e+00
-5.393685422820445829e+00
-1.245175135627392748e+01
-3.148833882407060969e+00
-3.449259536902219647e+00
-1.568481955664233318e+00
-2.109413998438768978e+00
-1.447773647942038444e+00
-2.922137847882980921e+00
-2.391167340004876074e+00
-4.368568552156801843e+00
-4.319637868878898779e+00
-5.423891426166428609e+00
-1.107927858010858913e+01
-3.157287774634704558e+00
-3.460369124136124075e+00
-1.582218343278996020e+00
-2.125670319650998952e+00
-1.466503480658318592e+00
-1.693244348826849377e+00
-2.414644573117665782e+00
-4.394335067512660231e+00
-4.347648326271223773e+00
-5.454096414489593592e+00
-9.709385241841779646e+00
-3.165741196138083247e+00
-3.471478122575808900e+00
-1.595954039894231125e+00
-2.141925864572330251e+00
-1.485232466348409996e+00
-1.714376529968574037e+00
-2.438120857695148302e+00
-4.420100600895589871e+00
-4.375657780390555196e+00
-4.118624415413982831e+00
-8.342064076571295672e+00
-3.174194146956380358e+00
-3.482586532267955004e+00
-1.609689045562441523e+00
-2.158180633258247827e+00
-1.503960605069813106e+00
-1.735507807126817070e+00
-2.461596193794826082e+00
-3.136369083706223471e+00
-4.403666231290807254e+00
-4.148823026582434181e+00
-8.374425839593719445e+00
-3.182646627128993710e+00
-3.493694353259357399e+00
-1.623423360335522370e+00
-2.174434625764421369e+00
-1.522687896879884262e+00
-1.756638180359521018e+00
-2.485070581474174922e+00
-3.162135275077837537e+00
-4.431673679025847967e+00
-4.179020623943869417e+00
-7.009660711536009892e+00
-3.191098636695459678e+00
-3.504801585597037139e+00
-1.637156984265823789e+00
-2.190687842146505915e+00
-1.541414341836143675e+00
-1.777767649724808496e+00
-2.508544020790626661e+00
-3.187900485395203098e+00
-4.459680123649591543e+00
-4.209217207549341033e+00
-7.042012559220891532e+00
-3.199550175694722220e+00
-2.388562225594951016e+00
-1.650889917404989804e+00
-2.206940282459964653e+00
-1.560139939996021852e+00
-1.798896215280552768e+00
-2.532016511801718828e+00
-3.213664714714353554e+00
-4.487685565215948635e+00
-4.239412777449865111e+00
-7.074363389754603659e+00
-2.232707110521251437e+01
-3.208001244166254651e+00
-2.399689863571554671e+00
-1.664622159805609902e+00
-2.223191946760531668e+00
-1.578864691417021904e+00
-1.820023877084823605e+00
-2.555488054564867717e+00
-3.239427963091308538e+00
-4.515690003778775719e+00
-4.269607333696491480e+00
-5.712138123467815021e+00
-1.658237721488093186e+01
-3.216451842149392171e+00
-2.410816912329790895e+00
-1.678353711519743552e+00
-2.239442835103684359e+00
-1.597588596156401364e+00
-1.841150635195543117e+00
-2.578958649137553572e+00
-3.265190230582090347e+00
-3.206799704155632202e+00
-4.299800876340310829e+00
-5.744479018964381289e+00
-1.374360179658047265e+01
-3.224901969683279468e+00
-2.421943371916529752e+00
-1.692084572599223513e+00
-2.255692947544956972e+00
-3.983887650031563976e-01
-1.862276489670768642e+00
-2.602428295577199346e+00
-3.290951517242720392e+00
-3.234801294917088565e+00
-4.329993405432269959e+00
-5.776818898638746091e+00
-1.234550169866861502e+01
-3.233351626807365431e+00
-2.433069242378337549e+00
-1.705814743096387920e+00
-1.083369436678454978e+00
-4.171233981948418990e-01
-1.883401440568349683e+00
-1.347974526377085924e+00
-3.316711823129205872e+00
-3.262801883753504217e+00
-4.360184921023479987e+00
-5.809157762538791125e+00
-1.095007558508046408e+01
-3.241800813560503869e+00
-2.444194523762123428e+00
-1.719544223063245392e+00
-1.099633577676725427e+00
-4.358571849982377233e-01
-1.904525487946379769e+00
-1.371448217633808753e+00
-3.342471148297560202e+00
-3.290801470718623278e+00
-4.390375423164950774e+00
-5.841495610712335917e+00
-9.557315791814460226e+00
-3.250249529982662366e+00
-2.455319216114603798e+00
-1.733273012551981740e+00
-1.115896942806296366e+00
-4.545901254710367212e-01
-1.925648631862749038e+00
-1.394920961491837197e+00
-3.368229492803782588e+00
-3.318800055866228949e+00
-4.420564911907678862e+00
-5.873832443207342102e+00
-8.167214684128863311e+00
-3.258697776112745359e+00
-2.466443319482840124e+00
-1.747001111614480129e+00
-1.132159532122659851e+00
-4.733222196703263940e-01
-6.989295865433904353e-01
-1.418392758008488741e+00
-3.393986856703875787e+00
-3.346797639250134626e+00
-4.450753387302730069e+00
-5.906168260071536835e+00
-8.201662270770645691e+00
-3.267145551989810492e+00
-2.477566833913208644e+00
-1.760728520302976774e+00
-1.148421345681321704e+00
-4.920534676534213392e-01
-7.200601402137164486e-01
-1.441863607241127054e+00
-3.419743240053836342e+00
-2.040257351616856063e+00
-4.480940849401102710e+00
-5.938503061352737866e+00
-6.814199709887767575e+00
-3.275592857653683243e+00
-1.363213995293405478e+00
-1.774455238669606194e+00
-1.164682383537853250e+00
-5.107838694778616961e-01
-7.411897909484644886e-01
-1.465333509247101818e+00
-2.138299352406256570e+00
-2.068252054441321430e+00
-4.511127298253830631e+00
-5.970836847098882849e+00
-6.848633755039296389e+00
-3.284039693143069094e+00
-1.374357832038678451e+00
-1.788181266766279087e+00
-1.180942645747773634e+00
6.863611570825027819e-01
-7.623185388055901957e-01
-1.488802464083739174e+00
-2.164056357957645726e+00
-2.096245756579413477e+00
-4.541312733911913035e+00
-6.003169617357821508e+00
-6.883066791901318204e+00
-1.776471353988297253e+01
-3.292486058497389845e+00
-1.385501079287211557e+00
-6.455159222289847953e-01
-1.197202132366440575e+00
6.676200891833510287e-01
-7.834463838428699090e-01
-1.512270471808391248e+00
-2.189812383876575730e+00
-2.124238458084789283e+00
-4.571497156426328701e+00
-6.035501372177390245e+00
-5.498222627643504445e+00
-1.341451000604696731e+01
-3.300931953755879444e+00
-1.396643737085343506e+00
-6.592591281805573189e-01
-1.213460843449466697e+00
6.488798671475054514e-01
-8.045733261181700069e-01
-1.535737532478390843e+00
-2.215567430218932099e+00
-2.152230159011106370e+00
-3.238398688261370229e+00
-6.067832111605293122e+00
-5.532642112298093551e+00
-1.199438368219985129e+01
-3.309377378957897520e+00
-1.407785805480095798e+00
-6.730016436133053892e-01
-1.229718779052244138e+00
6.301404909177453773e-01
-8.256993656894050515e-01
-1.559203646151043454e+00
-2.241321497040599908e+00
-2.180220859411993839e+00
-3.268576720870381536e+00
-6.100161835689589473e+00
-5.567060590079091043e+00
-9.125901943593992982e+00
-3.317822334142678464e+00
-1.418927284518111565e+00
-6.867434685797435545e-01
-1.245975939230286933e+00
6.114019604368152727e-01
-8.468245026144453069e-01
-1.582668812883702758e+00
-2.267074584397455794e+00
-2.208210559341108770e+00
-3.298753741548683394e+00
-6.132490544477898986e+00
-5.601478061030808142e+00
-7.714045396750074168e+00
-2.232737503211894570e+00
-1.430068174246222457e+00
-7.004846031316650512e-01
-1.262232324039150866e+00
5.926642756474548301e-01
-8.679487369510143768e-01
-1.606133032733631394e+00
-2.292826692345378170e+00
-2.236199258852079819e+00
-3.328929750347136007e+00
-6.164818238018145991e+00
-5.635894525197378435e+00
-7.750527921750377303e+00
-2.241205831047380581e+00
-1.441208474711070719e+00
-7.142250473210435269e-01
-1.278487933534228072e+00
5.739274364923362404e-01
-8.890720687570679015e-01
-1.629596305758211461e+00
-2.318577820940233014e+00
-2.264186957998548966e+00
-3.359104747316719042e+00
-4.805018377549316710e+00
-5.670309982623013667e+00
-6.341390396711739541e+00
-2.249673687970515257e+00
-1.452348185959640547e+00
-7.279648012002251090e-01
-1.294742767770933112e+00
5.551914429143109952e-01
-9.101944980904230764e-01
-1.653058632014714702e+00
-2.344327970237889414e+00
-2.292173656834132434e+00
-3.389278732508207437e+00
-4.837336131865708211e+00
-5.704724433351841206e+00
-6.377855735553460192e+00
-2.258141074020128425e+00
-1.463487308038422530e+00
-7.417038648211323748e-01
-1.310996826804970983e+00
5.364562948562019429e-01
-9.313160250089298486e-01
-1.676520011560418633e+00
-2.370077140294209350e+00
-2.320159355412500179e+00
-3.419451705972606614e+00
-4.869652872259719878e+00
-5.739137877427975098e+00
-4.971429281586174476e+00
-2.266607989236160137e+00
-1.474625840994248982e+00
-7.554422382355859833e-01
-1.327250110691457152e+00
5.177219922605237334e-01
2.932350939341341056e-01
-4.243061957261051176e-01
-2.395825331165046812e+00
-2.348144053787225349e+00
-2.088767897068240842e+00
-4.901968598779024688e+00
-4.356841742375458182e+00
-5.007877431436690507e+00
-1.766753477918545201e+01
-2.275074433657252371e+00
-1.485763784873837645e+00
-7.691799214956811515e-01
-1.343502619485989591e+00
4.989885350703399114e-01
2.721062101052431625e-01
-4.477715777812476539e-01
-2.421572542906260672e+00
-2.376127752011949479e+00
-2.118934457580248676e+00
-4.934283311471423517e+00
-4.391241630513197158e+00
-5.044324591968881499e+00
-1.324754276395823638e+01
-2.283540407323066290e+00
-1.496901139724021057e+00
-7.829169146534150636e-01
-1.359754353244040148e+00
4.802559232282264112e-01
2.509782281644441504e-01
-4.712360138594353653e-01
-1.142409357876854159e+00
-1.071917372273232250e+00
-2.149100007576097315e+00
-3.576990660713597947e+00
-4.425640513411098986e+00
-3.640585087020577149e+00
-1.032812657275171198e+01
-2.292005910272608471e+00
-1.508037905591403272e+00
-7.966532177607965615e-01
-1.376005312021036930e+00
4.615241566770389436e-01
2.298511480540048890e-01
-4.946995040178808756e-01
-1.168157156261855345e+00
-1.099898164547756352e+00
-2.179264547106703365e+00
-3.609295417350641522e+00
-4.460038391113324785e+00
-3.677015057280434984e+00
-8.891950669390835671e+00
-1.208712538583593510e+00
-1.519174082522892322e+00
-8.103888308698345977e-01
-1.392255495872385618e+00
4.427932353595940285e-01
2.087249697161529249e-01
-5.181620483137606703e-01
-1.193903976433887459e+00
-1.127877957747791315e+00
-2.209428076222770265e+00
-3.641599161484213365e+00
-4.494435263663892677e+00
-3.713444039698388988e+00
-7.458602388531836880e+00
-1.217201325850101989e+00
-1.530309670564979241e+00
-8.241237540326007416e-01
-2.221091398513959092e-01
4.240631592186379639e-01
1.875996930931436990e-01
-5.416236468042678887e-01
-1.219649818448701684e+00
-1.155856751926838788e+00
-2.239590594975040094e+00
-3.673901893161892751e+00
-4.528831131106915819e+00
-3.749872034314370328e+00
-6.028073387618914758e+00
-1.225689641511423345e+00
-1.541444669764381992e+00
-8.378579873009274204e-01
-2.383732826372937097e-01
4.053339281969697283e-01
1.664753181272899674e-01
-5.650842995466101026e-01
-1.245394682362037209e+00
-1.183834547138371551e+00
-2.269752103414322431e+00
-3.706203612431417493e+00
-4.563225993486442533e+00
-3.786299041168724067e+00
-4.600355356881416391e+00
-1.234177485606917424e+00
-1.552579080167894698e+00
-8.515915307267845069e-01
-2.546366505330871499e-01
3.866055422374079509e-01
1.453518447608027619e-01
-5.885440065979403723e-01
-1.271138568229630783e+00
-1.211811343435961197e+00
-2.299912601591362904e+00
-3.738504319340245186e+00
-4.597619850846436762e+00
-3.822725060301543465e+00
-4.638784075641935623e+00
-1.242664858176096399e+00
-4.402949459476985239e-01
-8.653243843623336096e-01
-2.708992435941545707e-01
1.581586946283690898e+00
1.242292729360108677e-01
-6.120027680154830341e-01
-1.296881476107217379e+00
-1.239787140873038096e+00
-2.330072089556886272e+00
-3.770804013936029264e+00
-4.632012703231119133e+00
-3.859150091753052347e+00
-3.213848873800946748e+00
-1.251151759258092300e+00
-4.514495903069698501e-01
-8.790565482593564184e-01
-2.871610618758534961e-01
1.562847953927294142e+00
1.031076025951821323e-01
-6.354605838564015841e-01
-1.322623406050519757e+00
-1.267761939503145863e+00
-2.360230567361670140e+00
-3.803102696266318805e+00
-4.666404550684325692e+00
-3.895574135563335982e+00
-3.252256765908928760e+00
-1.356049543987077044e+01
-1.259638188892150845e+00
-4.626036453161899709e-01
2.615029900773979676e-01
8.810353465546165719e-01
1.544109806336245727e+00
8.198683368069015209e-02
-6.589174541778504146e-01
-1.348364358115266892e+00
-1.295735739379728635e+00
-2.390388035056546734e+00
-3.835400366378710402e+00
-4.700795393250228216e+00
-3.931997191772552025e+00
-3.290663695533758482e+00
-1.059483529099867738e+01
-1.268124147117658973e+00
-4.737571110221140969e-01
2.477537271890542514e-01
8.647596383126139319e-01
1.525372503453442663e+00
6.086696613468912248e-02
5.910829930811899446e-01
-1.374104332357175551e+00
-1.323708540556288060e+00
-2.420544492692128014e+00
-3.867697024320871702e+00
-3.321001970840532280e+00
-3.968419260421013561e+00
-3.329069662711452438e+00
-9.136648864234143019e+00
-1.276609633974050917e+00
-4.849099874714599134e-01
2.340051542839613752e-01
8.484847048113441925e-01
1.506636045221777742e+00
3.974799989954424378e-02
5.676221650047896805e-01
-1.399843328831967826e+00
-1.351680343086310687e+00
-2.450699940319219117e+00
-3.899992670140274065e+00
-3.355379257947715299e+00
-4.004840341548797866e+00
-1.906869341368254478e+00
-7.681376569080414107e+00
-1.285094649500093666e+00
-4.960622747108716091e-01
2.202572713102241009e-01
8.322105459955496665e-01
1.487900431584093797e+00
1.862993491756421288e-02
5.441622817141319457e-01
-1.425581347595348936e+00
-1.379651147023269742e+00
-2.480854377988569670e+00
-3.932287303884490992e+00
-3.389755541577022413e+00
-2.603650300050627919e+00
-1.945254491740843417e+00
-6.229009678581471476e+00
-1.293579193735425070e+00
-5.072139727872170267e-01
2.065100782157708870e-01
8.159371618098727463e-01
1.469165662483264079e+00
-2.487228868918204064e-03
5.207033431521786992e-01
-1.451318388703029649e+00
-1.407620952420637117e+00
-2.511007805750873789e+00
-3.964580925601127959e+00
-3.424130821772560118e+00
-2.640054201195996875e+00
-1.983638681179445529e+00
-4.779539500592584922e+00
-1.302063266719404977e+00
-5.183650817470639716e-01
1.927635749490984596e-01
7.996645521990350947e-01
1.450431737862185821e+00
-2.360349151763111233e-02
4.972453492618423843e-01
-1.477054452210711633e+00
-1.435589759331886484e+00
-1.182688219668348362e+00
-2.609716544750091849e+00
-3.458505098578116943e+00
-2.676457116293107230e+00
-2.022021909720085997e+00
-4.819907799083692268e+00
-1.310546868490976902e+00
-5.295156016370546892e-01
1.790177614577549703e-01
7.833927171076427998e-01
1.431698657663845742e+00
-4.471885308625377781e-02
4.737882999860589806e-01
-2.001681306042510933e-01
-1.463557567810489957e+00
-1.212835220876163023e+00
-2.642000203926260227e+00
-3.492878372037751866e+00
-2.712859045382077117e+00
-2.060404177398775794e+00
-3.373302136948726826e+00
-1.319029999089676997e+00
-5.406655325037933446e-01
1.652726376902254601e-01
7.671216564805951599e-01
1.412966421831086672e+00
-6.583331363243703771e-02
4.503321952677930007e-01
-2.259047471459731116e-01
-1.491524377909906329e+00
-1.242981213385305095e+00
-2.674282852395318155e+00
-3.527250642195243646e+00
-2.749259988502966490e+00
-2.098785484251673772e+00
-3.413645966061595871e+00
-1.320357890142134139e+01
-2.376652553354327568e-01
-5.518148743941877488e-01
1.515282035945010319e-01
7.508513702623639263e-01
1.394235030306838707e+00
1.156507139044779420e+00
4.268770350499659916e-01
-2.516403870031316270e-01
-1.519490189683565529e+00
-1.273126197246381874e+00
-2.706564490204633078e+00
-3.561621909094712990e+00
-2.785659945695658557e+00
-2.137165830314776027e+00
-3.453988864978124962e+00
-8.674724554454394720e+00
-2.461715767613007755e-01
-5.629636273546902991e-01
1.377844591185100609e-01
7.345818583978689364e-01
1.375504483034018843e+00
1.135385371323895054e+00
4.034228192755527909e-01
-2.773750502313258592e-01
-1.547455003184969202e+00
-1.303270172510034186e+00
-2.738845117401773166e+00
-3.595992172779830298e+00
-2.822058917000465517e+00
-2.175545215624277606e+00
-2.010215601983722067e+00
-7.199388056042915984e+00
-2.546774261315919441e-01
-5.741117914320578164e-01
1.240414042105102144e-01
7.183131208317317107e-01
1.356774779955519872e+00
1.114264504098498643e+00
3.799695478875046994e-01
-3.031087368861428710e-01
-1.575418818467547499e+00
-1.333413139226837574e+00
-2.771124734034078330e+00
-3.630361433294710949e+00
-2.858456902457261251e+00
-2.213923640216231004e+00
-2.050534049680727389e+00
-4.215412033330432351e+00
-2.631828034861085630e-01
-5.852593666730072641e-01
1.102990388185161180e-01
7.020451575086017471e-01
1.338045921014409556e+00
1.093144537310935194e+00
3.565172208287849531e-01
-3.288414470231737496e-01
-2.735196326389678356e-01
-1.363555097447461062e+00
-2.803403340149109191e+00
-3.664729690683195873e+00
-2.894853902106123034e+00
-2.252301104126506193e+00
-2.090851568713009367e+00
-2.749035814505470743e+00
-2.716877088638692261e-01
-5.964063531239552907e-01
1.248865888869674201e+00
6.857779683734056553e-01
1.319317906153355979e+00
1.072025470903663402e+00
3.330658380423616172e-01
-3.545731806980012557e-01
-3.014805228909510082e-01
-1.393696047222485079e+00
-2.835680935794279822e+00
-3.699096944989339164e+00
-2.931249915987168997e+00
-2.290677607391459869e+00
-2.131168159112830196e+00
-2.791262761558864103e+00
-2.801921423043351456e-01
-6.075527508318080416e-01
1.235106501170393667e+00
6.695115533706944566e-01
1.300590735315651614e+00
1.050907304819080901e+00
3.096153994712004809e-01
-3.803039379661997677e-01
-3.294404159971089374e-01
-1.423835988602547564e+00
-2.867957521017015843e+00
-3.733463196256816108e+00
-2.967644944140475971e+00
-2.329053150047045495e+00
-2.171483820912109675e+00
-1.327818983705668199e+00
-2.886961038465757912e-01
5.027109139157273088e-01
1.221347803227927242e+00
6.532459124453585675e-01
1.281864408443872616e+00
1.029790038999670809e+00
1.557399344875485259e+00
8.943214893054586279e-01
-3.573993120107873400e-01
-9.790589052531661896e-02
-2.900233095864792610e+00
-3.767828444529637277e+00
-3.004038986605853001e+00
-2.367427732129324447e+00
-2.211798554143018070e+00
-1.370017844006251817e+00
-2.971995935298250013e-01
4.915443689563331331e-01
1.207589794990747700e+00
6.369810455420130690e-01
1.263138925481233299e+00
1.008673673387806780e+00
1.533944991692395732e+00
8.685902175442768991e-01
-3.853572109853027339e-01
-1.280393849609823276e-01
-2.932507660384980230e+00
-2.390492438959861854e+00
-3.040432043423678010e+00
-2.405801353674291931e+00
-7.707786536662390997e-01
9.050239511550517424e-02
-3.057026113936068823e-01
4.803784132891062431e-01
1.193832476406807563e+00
6.207169526055843489e-01
2.455952208138134640e+00
9.875582079259634938e-01
1.510491581991147525e+00
8.428599212748948410e-01
-4.133141129740004471e-01
-1.581718722078659378e-01
-2.964781214625149541e+00
-2.424844136434678887e+00
-3.076824114633703200e+00
-2.444174014718221599e+00
-8.110689583653239998e-01
4.833159481649673683e-02
-3.142051574770537425e-01
4.692130468673652577e-01
1.180075847424313373e+00
6.044536335805943406e-01
2.437216177881241119e+00
9.664436425565549049e-01
1.487039115714831272e+00
8.171306004418402713e-01
-4.412700180302109865e-01
-1.883033523165729139e-01
-2.997053758632636900e+00
-2.459194832320656943e+00
-3.113215200276135519e+00
-2.482545715296896383e+00
-8.513583360240245534e-01
6.161682065970745283e-03
-3.227072318193365819e-01
4.580482696444313495e-01
1.166319907991283378e+00
5.881910884119333494e-01
2.418480991235380184e+00
9.453299772221088748e-01
1.463587592806540938e+00
7.914022549896442271e-01
-4.692249262072373250e-01
-2.184338253375469052e-01
-3.029325292454848828e+00
-2.493544526661802596e+00
-1.714502078643234340e+00
-2.520916455446589488e+00
-8.916467866743982285e-01
-3.600734316416488723e-02
-3.312088344598150269e-01
4.468840815736987437e-01
1.152564658056022706e+00
5.719293170444162966e-01
2.399746648143483707e+00
2.165523951469995989e+00
1.440137013209317862e+00
7.656748848628468496e-01
-4.971788375584386133e-01
-2.485632913212583173e-01
-3.061595816139347725e+00
-2.527893219501776478e+00
-1.750876000364082863e+00
-2.559286235203275250e+00
-9.319343103481153578e-01
1.421652513267683604e+00
-3.397099654378995526e-01
4.357204826084513094e-01
1.138810097566714141e+00
5.556683194227767242e-01
2.381013148548810410e+00
2.144403031690706563e+00
1.416687376866312853e+00
7.399484900059899450e-01
-5.251317521371025032e-01
-2.786917503181989275e-01
-3.093865329733410441e+00
-2.562240910884368006e+00
-1.787248937985704833e+00
-1.139534905780209773e+00
-9.722209070773474293e-01
1.379511518292006134e+00
-3.482106247924829368e-01
4.245574727020449135e-01
1.125056226471286447e+00
5.394080954917001014e-01
2.362280492394160714e+00
2.123283011418640509e+00
1.393238683720550819e+00
7.142230703636134326e-01
7.744460539779917108e-01
-3.088192023788975948e-01
-3.126133833284536756e+00
-2.596587600853526023e+00
-1.823620891547860889e+00
-1.177883899269488888e+00
-1.012506576894219412e+00
1.337371409316445492e+00
-3.567108125632658666e-01
4.133950518080656278e-01
1.111303044718196853e+00
5.231486451960923878e-01
2.343548679622771136e+00
2.102163890596228768e+00
1.369790933715147263e+00
6.884986258802733294e-01
7.464960925046312257e-01
-3.389456475537662161e-01
-1.773654423541204617e+00
-2.630933289452817014e+00
-1.859991861090619869e+00
-1.216231933873974214e+00
-1.052791319830561401e+00
1.295232186312713196e+00
-3.652105287890274887e-01
4.022332198797955449e-01
2.247900732677637237e+00
5.068899684807235406e-01
2.324817710177595309e+00
2.081045669166043055e+00
1.346344126793207252e+00
6.627751565005193246e-01
7.185471267323667588e-01
-3.690710858933266003e-01
-1.805912963264370896e+00
-2.665277976726124098e+00
-1.896361846653872307e+00
-1.254579009629805064e+00
-1.093075135918475382e+00
1.253093849253109626e+00
-3.737097735092291262e-01
3.910719768704404853e-01
2.234130604639386952e+00
4.906320652903425894e-01
2.306087584001642821e+00
2.059928347070655530e+00
1.322898262897852950e+00
6.370526621689129865e-01
6.905991566079382471e-01
-3.991955174480207869e-01
-1.838170494261590404e+00
-2.699621662717297976e+00
-5.002634934383012322e-01
-1.292925126572841643e+00
-1.133358025189905582e+00
1.210956398109532373e+00
-3.822085467628892896e-01
3.799113227335854659e-01
2.220361166180417900e+00
1.656591753040150161e+00
2.287358301038074693e+00
2.038811924252631247e+00
1.299453341972140130e+00
1.909419375472005020e+00
6.626521820781720029e-01
-4.293189422683457712e-01
-1.870427016580091362e+00
-1.324785660258442910e+00
-5.366163183439627282e-01
-1.331270284739088483e+00
-1.173639987676795560e+00
1.168819832854095964e+00
-3.907068485898222976e-01
3.687512574225508821e-01
2.206592417249050087e+00
1.640320028838802013e+00
2.268629861229788602e+00
2.017696400654456657e+00
1.276009363959238918e+00
1.883696402381813018e+00
6.347062030898911189e-01
-4.594413604047417055e-01
-1.902682530267134409e+00
-1.359115794750808792e+00
-5.729681607350488592e-01
-1.369614484164463297e+00
-1.213921023410952760e+00
1.126684153458914706e+00
6.886173124490524433e-01
3.575917808909209739e-01
2.192824357793251799e+00
1.624049078121727163e+00
2.249902264520114770e+00
7.553474812887975842e-01
1.252566328802239948e+00
1.857974403425871390e+00
1.931961580714832705e+00
-4.895627719076789397e-01
-1.934937035370132508e+00
-1.393444929363643725e+00
-6.093190206514255136e-01
-1.407957724884990824e+00
-1.254201132424729526e+00
1.084549359895855103e+00
6.800959174100346116e-01
3.464328930918658678e-01
2.179056987761354591e+00
1.607778900833845448e+00
2.231175510851874044e+00
7.342428131390936752e-01
1.229124236444282037e+00
1.832253378548831080e+00
1.904018586776969224e+00
-5.196831768276493069e-01
-5.849337200968867112e-01
-1.427773064140722914e+00
-6.456688981331779598e-01
-1.446300006936454219e+00
-1.294480314749819172e+00
1.042415452137269272e+00
6.715749946737328280e-01
3.352745939789307794e-01
2.165290307101577660e+00
1.591509496919949029e+00
2.212449600168229669e+00
-5.301236036471063118e-01
1.205683086828454931e+00
1.806533327695366120e+00
1.876076587310216093e+00
-5.498025752150662582e-01
-6.171782462423135440e-01
-1.462100199125673239e+00
-6.820177932199530391e-01
-1.484641330355127353e+00
-1.334758570418393298e+00
2.497386314608683655e+00
6.630545442010270518e-01
3.241168835053995778e-01
2.151524315762001649e+00
1.575240866324928435e+00
2.193724532412282713e+00
-1.796522362532005257e+00
1.182242879897922982e+00
1.780814250810152100e+00
1.848135582261482668e+00
-5.799209671203735539e-01
-6.494217651182653261e-01
-1.496426334362046751e+00
-7.183657059515597965e-01
-6.748979861425002946e-02
1.037276052227845274e-01
2.455280398430707223e+00
6.545345659525066973e-01
3.129597616248556147e-01
2.137759013691060694e+00
1.558973008993653320e+00
2.175000307527160004e+00
-3.064958367636038350e+00
1.158803615595820125e+00
1.755096147837865272e+00
1.820195571577665206e+00
-6.100383525940629159e-01
-6.816642767719683915e-01
-1.530751469893636862e+00
-7.547126363679617089e-01
-1.058103545171029669e-01
6.347374195307829703e-02
2.413175366540722955e+00
6.460150598887495210e-01
3.018032282905454555e-01
3.272428374625481418e+00
1.542705924870923173e+00
2.156276925455756999e+00
1.135365293865275849e+00
1.729379018723190109e+00
1.792256555205744561e+00
-6.401547316865815462e-01
-7.139057812506032219e-01
-1.565075605764104205e+00
-7.910585845087485524e-01
-1.441299532914365189e-01
2.322080381646269426e-02
2.371071218911382505e+00
6.374960259709373522e-01
2.906472834560524521e-01
3.258646201359296501e+00
1.526439613901614312e+00
2.137554386141367946e+00
-1.591951745292208564e-01
1.703662863410805528e+00
1.764318533092603003e+00
-6.702701044483074799e-01
-7.461462786013235426e-01
-1.599398742017066999e+00
-8.274035504139815034e-01
-1.824485949729139911e-01
-1.703120921882523425e-02
2.328967955514252619e+00
6.289774641590674120e-01
2.794919270747724949e-01
3.244864717594836190e+00
2.690402864055176035e+00
2.118832689527077040e+00
-1.826257977452362402e-01
1.677947681845409322e+00
1.736381505185150331e+00
-7.003844709297395443e-01
-7.783857688713556877e-01
-1.633720878696313550e+00
-8.637475341232420112e-01
-2.207662795975665337e-01
-5.728229718445575908e-02
2.286865576321974736e+00
6.204593744147762768e-01
2.683371591002541301e-01
3.231083923280130499e+00
2.674122800423550217e+00
3.309473500936532808e+00
-1.479312682038729232e+00
1.652233473971689737e+00
1.708445471430353413e+00
-7.304978311812361236e-01
-8.106242521078754759e-01
-1.668042015845353276e+00
-9.000905356766074616e-01
-2.590830072010574803e-01
-9.753246011262341197e-02
2.244764081306363845e+00
6.119417566984143297e-01
1.376462851057465242e+00
3.217303818363688173e+00
2.657843509901864465e+00
3.290741315553030510e+00
2.259796780360225554e+01
-2.778138015155330987e+00
1.626520239734351669e+00
1.680510431775137370e+00
5.931207739718726835e-01
-8.428617283580981390e-01
-1.702362153507903431e+00
-9.364325551137163695e-01
-2.973987778194689402e-01
-1.377816980351121712e-01
2.202663470439596427e+00
6.034246109703945704e-01
1.365288025637259262e+00
3.203524402793641812e+00
2.641564992434932702e+00
3.272009972570471881e+00
3.454103202473967826e+01
-6.640704738932567963e+00
3.027489400208056014e-01
1.652576386166440203e+00
5.630138658939743967e-01
-8.750981976691821762e-01
-1.736681291727852905e+00
-9.727735924744589369e-01
-3.357135914885687189e-01
-1.780300109838660050e-01
2.160563743694023930e+00
5.949079371921143222e-01
1.354113789167531223e+00
3.189745676518323414e+00
2.625287247967814874e+00
3.253279471932016165e+00
3.807150467206141542e+01
2.770400905441813277e-01
1.624643334551186591e+00
5.329079628431521165e-01
-9.073336600882748737e-01
-1.770999430548397147e+00
-1.009113647798490332e+00
-3.740274482442266790e-01
-2.182773989907825507e-01
2.118464901041658521e+00
5.863917353241002717e-01
1.342940141601487003e+00
3.175967639486154681e+00
2.609010276445310250e+00
3.234549813580809730e+00
4.040851529738286274e+01
-1.048961090189243439e+00
1.596711276876342955e+00
5.028030647690793220e-01
-9.395681156625126373e-01
-1.805316570013519639e+00
-1.045452721125749385e+00
-4.123403481222615574e-01
-2.585238620876479376e-01
2.076366942454572317e+00
5.778760053271184693e-01
1.331767082892864273e+00
3.162190291645127438e+00
2.592734077812409943e+00
3.215820997460049568e+00
4.156349082305925435e+01
-2.377201219482042216e+00
1.568780213088849074e+00
4.726991716214598016e-01
-9.718015644391548857e-01
-1.839632710166852370e+00
-1.081790812495996512e+00
-4.506522911584144309e-01
-2.987694003062462134e-01
3.528684176632473690e+00
5.693607471618723492e-01
1.320594612994755224e+00
3.148413632943777518e+00
2.576458652014160577e+00
3.197093023512864729e+00
4.271656958664915038e+01
-3.707685972810966568e+00
2.156359470776199605e-01
4.425962833500168281e-01
-1.004034006465394757e+00
-1.873947851051942504e+00
-1.118127921949146675e+00
-4.889632773887941930e-01
1.137097157449055596e+00
3.486614169519581807e+00
5.608459607892295473e-01
1.309422731861161537e+00
3.134637663330197555e+00
2.560183998995388954e+00
3.178365891682543687e+00
4.386775625676413171e+01
3.199609033987511353e+01
-6.349721082184531795e+00
1.877058895208277289e-01
4.124943999043705345e-01
-1.036265441788289943e+00
-5.015164347119683841e-01
-1.154464049524870806e+00
-5.272733068490014219e-01
1.096875981499732200e+00
3.444545044960261038e+00
5.523316461698932756e-01
1.298251439444986888e+00
3.120862382752936259e+00
2.543910118701214529e+00
3.159639601912309637e+00
4.501705548670685886e+01
3.924537134538982741e+01
-1.167773800799799533e+00
3.823935212342193801e-01
-1.068495870455031582e+00
-5.358180329849211443e-01
-1.190799195262904897e+00
-5.655823795749327365e-01
1.056655728909356107e+00
3.402476802926853061e+00
5.438178032648570692e-01
2.404534421178146975e+00
3.107087791160073831e+00
2.527637011076392159e+00
3.140914154145173054e+00
4.499566683092751873e+01
4.163016245567838780e+01
-2.525594979259827788e+00
3.522936472892901905e-01
-1.100725292512813258e+00
-5.701186333885233104e-01
2.029185152357257382e-01
-6.038904956024487847e-01
1.016436399646234001e+00
3.360409443391245254e+00
1.621131653001873119e+00
2.393343152430264631e+00
3.093313888500068387e+00
2.511364676066104362e+00
4.329491002810195610e+00
4.614307707861197372e+01
4.280779642808217744e+01
-3.885763718218420149e+00
3.221947780192582211e-01
2.469079533460367404e-01
-6.044182359660132953e-01
1.666005069024761587e-01
-6.421976549673983348e-01
9.762179936784214362e-01
3.318342966325976029e+00
1.612594813078723321e+00
2.382152472938807719e+00
3.079540674721091165e+00
3.673293751665549500e+00
4.310755126658605718e+00
4.612168312647536084e+01
4.398345708501044271e+01
-6.585238905642571083e+00
-1.061678397197328261e+00
2.146885113123099820e-01
-6.387168407612840992e-01
1.302834789461595755e-01
7.724807644695536046e-01
9.360005109742693952e-01
3.276277371703169461e+00
1.604058445738566263e+00
2.370962382656982559e+00
3.065768149771497697e+00
3.657007732041766879e+00
4.292020092209372528e+00
4.610029005806885749e+01
4.515714938222337338e+01
3.059367540052667067e+01
-1.091779686623040480e+00
1.824700745764746834e-01
-6.730144478175085210e-01
9.396743132730786541e-02
7.341943450566962293e-01
8.957839515019265786e-01
3.234212659495240061e+00
1.595522550942458206e+00
2.359772881538488853e+00
3.051996313599852240e+00
3.640722484986072427e+00
4.273285899405737887e+00
4.607889787333764531e+01
4.632887825889989841e+01
3.924595232947891787e+01
-2.478099041036761374e+00
1.502526430914119526e-01
-7.073110571785745648e-01
5.765236400608755168e-02
6.959088808064174403e-01
8.555683152294931704e-01
3.192148829674095634e+00
1.586987128650913847e+00
2.348583969536834903e+00
3.038225166154207901e+00
3.624438010443583380e+00
4.254552548190973837e+00
4.722441159403982169e+01
4.630527568455147502e+01
4.168093657644340055e+01
-3.866867623335087600e+00
-1.261857305317608313e+00
-7.416066688877733792e-01
2.133827694291686589e-02
6.576243716831375874e-01
8.153536021255934907e-01
3.150085882212273702e+00
1.578452178824648389e+00
2.337395646605341604e+00
3.024454707383049445e+00
3.608154308359333040e+00
4.235820038508379071e+00
4.720301415978379822e+01
4.628167403032067995e+01
4.288246004465899119e+01
-5.258091929879457282e+00
-1.294080688711741312e+00
-7.759012829887703688e-01
-1.497482990192402184e-02
6.193408176510470931e-01
7.751398121578753075e-01
3.108023817081879248e+00
1.569917701424756951e+00
2.326207912697518143e+00
4.157026291510991456e+00
3.591871378678369364e+00
4.217088370301247835e+00
4.718161760862369647e+01
4.745143829361584409e+01
4.408192955836661753e+01
-8.017815928834842509e+00
-1.326303065826978989e+00
-8.101948995250271013e-01
-5.128695656820365240e-02
5.810582186742611066e-01
7.349269452950303316e-01
3.065962634255036789e+00
1.561383696411892119e+00
2.315020767766874155e+00
4.143239039099419152e+00
3.575589221345689239e+00
4.198357543512837076e+00
4.716022194050489702e+01
4.742783450071753037e+01
4.527935037979349886e+01
3.867685231873059593e+01
-2.740972011431138444e+00
-8.444875185399816075e-01
-8.759810309543067386e-02
5.427765747172449418e-01
6.947150015050241878e-01
3.023902333704046264e+00
1.552850163746529510e+00
2.303834211766958351e+00
4.129452475591886440e+00
3.559307836306289552e+00
4.179627558086498773e+00
4.713882715537263834e+01
4.740423162717954852e+01
4.647472775320644445e+01
4.116276462374265321e+01
-4.158192927876907419e+00
-8.787791400774226380e-01
-1.239082695234711429e-01
5.044958857442368716e-01
6.545039807560031342e-01
2.981842915401466954e+00
1.544317103389764467e+00
2.292648244651051215e+00
4.115666600936474850e+00
3.543027223505324841e+00
4.160898413965605336e+00
4.711743325317228681e+01
4.738062967294822414e+01
4.644897307235652306e+01
4.238856723574561869e+01
-5.577972726781992741e+00
-2.319953769007799149e+00
-1.602174558918011416e-01
4.662161517193458837e-01
6.142938830164108577e-01
4.431595790710492366e+00
1.535784515302300202e+00
2.281462866372966580e+00
4.101881415081833460e+00
3.526747382887855942e+00
4.142170111093337326e+00
4.826104316987184717e+01
4.735702863796980466e+01
4.642321933702586279e+01
4.361223313797894718e+01
2.920223425877826173e+01
-2.388313343512108844e+01
-2.354254924719890507e+00
-1.965256622403517284e-01
4.279373726070017092e-01
5.740847082543705238e-01
4.389564279396731550e+00
1.527252399445079512e+00
2.270278076885985374e+00
4.088096917976056233e+00
3.510468314398909051e+00
5.328677745305637536e+00
4.823964406370556901e+01
4.733342852219064412e+01
4.761655862720581922e+01
4.483376791236002390e+01
3.822159245382263038e+01
-3.798091199344399538e+00
-2.328328886085665739e-01
3.896595483712867458e-01
5.338764564380287236e-01
4.347533648823857177e+00
1.518720755778793174e+00
2.259093876143732693e+00
4.074313109567879287e+00
3.494190017983495267e+00
5.309939073882397054e+00
4.821824583989108959e+01
4.730982932555698994e+01
4.759080590532853705e+01
4.605317712138100461e+01
4.075686321220621977e+01
-5.244585910023670472e+00
-2.691391350362385970e-01
3.513826789767350300e-01
4.936691275357615316e-01
4.305503898964222920e+00
1.510189584263854634e+00
2.247910264099565847e+00
4.060529989805409912e+00
3.477912493586896581e+00
5.291201243405403432e+00
4.819684849837387475e+01
4.728623104801516774e+01
4.756505412805793043e+01
4.602532130927427545e+01
4.200618577353016292e+01
-8.111236974489004936e+00
-1.735708587878251441e+00
3.131067643875067863e-01
4.534627215155322966e-01
4.263475029790169124e+00
1.501658884861837517e+00
2.236727240707183650e+00
4.046747558636980990e+00
3.461635741153918477e+00
5.272464253817900293e+00
4.817545203909928375e+01
4.726263368951148891e+01
4.753930329534204446e+01
4.724261372463180209e+01
4.325328978093320842e+01
4.135706184084857284e+01
-1.958194101735425008e+01
-1.772028029625446921e+00
2.748318045677833332e-01
4.132572383460118015e-01
4.221447041273965084e+00
2.577039127928683726e+00
2.225544805920057989e+00
4.032965816011304661e+00
3.445359760629856272e+00
5.253728105063198761e+00
4.815405646201286061e+01
4.723903724999225773e+01
4.751355340712890296e+01
4.721476210139084628e+01
4.449818113875366521e+01
4.522583446029953080e+01
-3.241359939629585796e+00
2.365577994818025831e-01
3.730526779949149829e-01
4.179419933387994668e+00
2.568485524501278761e+00
2.214362959691698940e+00
4.019184761876577028e+00
4.605217517246500414e+00
5.234992797084748517e+00
4.813266176705991484e+01
4.721544172940381401e+01
4.748780446336653682e+01
4.718691143841977009e+01
4.446826657767035584e+01
4.519391402190370144e+01
-4.713447863972071161e+00
1.982847490941554158e-01
3.328490404308199202e-01
4.137393706104434798e+00
2.559932394048646032e+00
2.203181701975692075e+00
4.005404396181179827e+00
4.588927919834752345e+00
5.216258329826051643e+00
4.811126795418603308e+01
4.719184712769244072e+01
4.746205646400300537e+01
4.715906173566885684e+01
4.571095758114345387e+01
4.645764084828677909e+01
-7.629546795226250566e+00
1.600126533688048247e-01
2.926463256218290176e-01
4.095368359395521907e+00
2.551379736532171094e+00
2.192001032725395593e+00
3.991624718873751920e+00
4.572639094283012184e+00
5.197524703230445908e+00
4.808987502333657460e+01
4.716825344480450610e+01
4.743630940898634663e+01
4.837424945592437098e+01
4.568105039947369050e+01
4.771909076284701001e+01
3.043005011547009886e+01
-1.637152685877781622e+01
1.217415122701501762e-01
1.726158749370854117e+00
4.053343893234023554e+00
2.542827551912165251e+00
2.180820951894734794e+00
3.977845729902437011e+00
4.556351040536546826e+00
5.178791917241355236e+00
4.806848297445701235e+01
4.833602797247908711e+01
4.741056329826459148e+01
4.834640396891896330e+01
4.565114418533996599e+01
4.768719067152551361e+01
3.843566298438015139e+01
8.347132576246546476e-02
1.685980350412600082e+00
4.011320307591918599e+00
2.534275840149383008e+00
2.169641459436841835e+00
3.964067429215857086e+00
4.540063758540254568e+00
6.363258690348103208e+00
4.804709180749280506e+01
4.831243218495281866e+01
4.738481813178582058e+01
4.831855944108849599e+01
4.562123893869532765e+01
4.765529154352897478e+01
4.106219269642401315e+01
4.520209381008735705e-02
1.645802872695349084e+00
3.969297602441651751e+00
2.525724601204641040e+00
2.158462555305491914e+00
3.950289816762348138e+00
4.523777248239615467e+00
6.344515595830349852e+00
4.802570152238941859e+01
4.828883731549337455e+01
4.735907390949806484e+01
4.829071587238343000e+01
4.686174836451879600e+01
4.762339337881388701e+01
4.367914421540761083e+01
4.108873506345809545e+01
-1.446427076026032266e+00
1.605626316187542368e+00
3.927275777755442121e+00
2.517173835039109075e+00
3.262600623526390464e+00
3.936512892490356297e+00
4.507491509579434563e+00
6.325773341614701728e+00
4.800431211909229745e+01
4.826524336404712301e+01
4.733333063134939067e+01
4.826287326275414102e+01
4.683185051710298552e+01
4.759149617733650928e+01
4.496710600630249388e+01
4.509487195204386012e+01
-2.940901628255301326e+00
1.565450680857486176e+00
5.374445219582955957e+00
2.508623541612961194e+00
3.251401832525294466e+00
3.922736656348366768e+00
4.491206542505143062e+00
6.307031927644681346e+00
4.798292359754700698e+01
4.824165033056052465e+01
4.730758829728785742e+01
4.823503161215113977e+01
4.680195363601796288e+01
4.755959993905324978e+01
4.493322971406549016e+01
4.640146800078588285e+01
-5.900078903122322416e+00
1.525275966673508510e+00
5.332451258962058738e+00
2.500073720887304063e+00
3.240203630384353772e+00
3.908961108284664476e+00
4.474922346961695219e+00
6.288291353863756150e+00
4.796153595769894906e+01
4.821805821497999744e+01
4.728184690726154571e+01
4.820719092052492982e+01
4.677205772121677541e+01
4.752770466392049542e+01
4.621884222820661847e+01
4.770563078133594104e+01
1.485102173604029074e+00
5.290458177302570952e+00
2.491524372823131550e+00
3.229006017057117095e+00
3.895186248247832328e+00
4.458638922894421874e+00
6.269551620215430887e+00
4.794014919949360376e+01
4.819446701725198068e+01
4.725610646121851488e+01
4.817935118782580872e+01
4.801039154582952051e+01
4.749581035189461886e+01
4.618497985311131515e+01
4.766987127790199708e+01
1.444929301617127404e+00
5.248465974576832949e+00
2.482975497380970342e+00
3.217808992497131371e+00
3.881412076186434135e+00
4.442356270248478012e+00
6.250812726643228068e+00
4.908179994776426014e+01
4.817087673732288522e+01
4.723036695910683846e+01
4.815151241400438664e+01
4.798050304992304405e+01
4.746391700293199278e+01
4.746824960092673962e+01
4.897162386329888761e+01
1.404757350681449024e+00
5.206474650757065170e+00
2.474427094521637116e+00
3.206612556657717938e+00
3.867638592048789903e+00
4.426074388969051476e+00
6.232074673090502337e+00
4.906040802566852932e+01
4.814728737513919299e+01
4.720462840087460421e+01
4.812367459901101796e+01
4.795061551914359654e+01
4.743202461698905381e+01
4.743440114984147016e+01
4.893588157470401256e+01
2.835619204422271000e+00
5.164484205816009421e+00
2.465879164205948992e+00
3.195416709492915341e+00
3.853865795783384396e+00
4.409793279001309685e+00
6.213337459501060422e+00
4.903901698463562298e+01
4.931308993967433452e+01
4.717889078646988565e+01
4.809583774279625601e+01
4.792072895344460903e+01
4.740013319402213909e+01
4.740055365106370289e+01
4.890014021874731043e+01
2.795471542251184882e+00
5.122494639725998944e+00
2.457331706395064153e+00
3.184221450955855737e+00
3.840093687338527406e+00
4.393512940290420943e+00
6.194601085818199238e+00
4.901762682461102827e+01
4.928949850948893641e+01
4.715315411584078475e+01
4.806800184531047648e+01
4.789084335277922833e+01
4.736824273398752894e+01
4.736670710455315003e+01
4.886439979539211720e+01
2.755324799621237553e+00
5.080505952459251517e+00
2.448784721049458213e+00
3.173026781000428453e+00
3.826322266662918192e+00
4.377233372781610399e+00
6.175865551985538104e+00
4.899623754554039579e+01
4.926590799629261141e+01
4.712741838893536084e+01
4.804016690650426114e+01
4.786095871710072203e+01
4.733635323684174523e+01
4.864766652803827895e+01
4.882866030460188966e+01
2.715178976500733032e+00
5.038518143988211406e+00
3.522214061283562181e+00
3.161832699579913974e+00
3.812551533705117457e+00
4.360954576419923789e+00
6.157130857946561342e+00
4.897484914736922690e+01
4.924231840003189120e+01
4.831872659952099980e+01
4.801233292632801408e+01
4.783107504636239327e+01
4.730446470254126723e+01
4.861383390974279450e+01
4.879292174634021251e+01
2.675034072858319067e+00
4.996531214285499622e+00
3.513644265346525852e+00
3.150639206648202961e+00
3.798781488413284002e+00
4.344676551150791433e+00
6.138397003644907812e+00
4.895346163004316509e+01
4.921872972065330742e+01
4.829299190606570136e+01
4.798449990473216786e+01
4.780119234051745281e+01
4.727257713104228287e+01
4.858000224239793141e+01
4.875718412057061357e+01
2.634890088661801411e+00
4.954545163323250456e+00
3.505074942731217114e+00
3.139446302158766411e+00
4.929122961390006274e+00
4.328399296919390515e+00
6.119663989024005879e+00
4.893207499350781120e+01
4.919514195810342727e+01
4.826725815542355491e+01
4.795666784166730423e+01
4.903738240545978044e+01
4.724069052230121457e+01
4.854617152596361507e+01
5.005661466907729817e+01
2.594747023880122239e+00
4.912559991073890409e+00
3.496506093397707460e+00
3.128253986065076209e+00
4.915336201813216732e+00
4.312122813670935528e+00
6.100931814027453548e+00
4.891068923770865240e+01
4.917155511232878951e+01
4.824152534754271926e+01
4.792883673708384151e+01
4.900750713359363431e+01
4.720880487627450606e+01
4.851234176039972112e+01
5.002089425016561819e+01
2.554604878481699259e+00
4.870575697510296287e+00
3.487937717307445507e+00
3.117062258321021684e+00
4.901550130128725868e+00
4.295847101350631192e+00
7.283296980774824014e+00
4.888930436259136769e+01
4.914796918327594710e+01
4.943080688956921165e+01
4.790100659093231883e+01
4.897763282546612373e+01
4.717692019291867922e+01
4.847851294566613234e+01
4.998517476238232149e+01
2.514463652434658858e+00
6.315169664405308581e+00
3.479369814420843809e+00
3.105871118879960147e+00
4.887764746284920747e+00
4.279572159903552553e+00
7.264554555476657072e+00
4.886792036810150819e+01
4.912438417089145304e+01
4.940507514870399319e+01
4.911414117730874551e+01
4.894775948103060870e+01
4.714503647218993621e+01
4.844468508172282384e+01
4.994945620569083644e+01
2.474323345707555077e+00
6.273213192060607568e+00
3.470802384698782550e+00
3.094680567695668127e+00
4.873980050230651173e+00
4.263297989275237398e+00
7.245812969497038125e+00
4.768357684932348661e+01
4.910080007512188160e+01
4.937934434969004371e+01
4.908631525969671117e+01
4.891788710024047049e+01
4.711315371404483443e+01
4.841085816852973522e+01
4.991373858005491826e+01
2.434183958268875791e+00
6.231257596903116536e+00
3.462235428101953172e+00
4.196823963029737037e+00
4.860196041913923182e+00
5.420990589010274086e+00
7.227072222779587385e+00
4.766220154751444227e+01
4.907721689591377867e+01
4.935361449247564991e+01
4.905849029947378170e+01
4.888801568304907619e+01
4.708127191843970394e+01
4.837703220604667109e+01
4.987802188543817294e+01
2.394045490086995187e+00
6.189302878905085237e+00
3.453668944591473888e+00
4.185613609909294652e+00
4.846412721283677172e+00
5.404702868890350231e+00
7.208332315267981016e+00
4.647602647957771183e+01
4.905363463321373274e+01
4.932788557700911980e+01
4.903066629659049624e+01
4.885814522940979998e+01
4.704939108533104530e+01
4.834320719423368473e+01
4.984230612180404307e+01
3.822334899484226778e+00
6.147349038039248370e+00
3.445102934127923344e+00
4.174403845574221172e+00
5.974878710183102903e+00
5.388415919538081411e+00
7.189593246905855217e+00
4.645465992118033682e+01
4.784070915721952133e+01
4.930215760323873297e+01
4.900284325099754312e+01
4.882827573927603027e+01
4.701751121467511751e+01
4.830938313305049547e+01
4.980659128911620570e+01
3.782220688563518785e+00
6.105396074277946283e+00
3.436537396672054712e+00
4.163194669977988482e+00
5.961078748671788219e+00
5.372129740898770933e+00
8.369962558551607756e+00
4.526664911645021050e+01
4.781713263784991597e+01
4.927643057111279745e+01
4.897502116264550409e+01
4.879840721260107728e+01
4.698563230642847799e+01
4.827556002245733424e+01
4.977087738733835920e+01
3.742107395393970748e+00
6.063443987593708506e+00
3.427972332185038606e+00
4.151986083074371336e+00
5.947279475068958376e+00
5.355844332917712336e+00
8.351213300058795141e+00
4.290642215814450111e+01
4.660228056303851218e+01
4.803569681768823330e+01
4.894720003148490406e+01
4.876853964933848573e+01
4.695375436054747809e+01
4.824173786241382800e+01
4.973516441643398878e+01
3.701995019943933318e+00
6.021492777958875386e+00
3.419407740627389281e+00
4.140778084816691518e+00
5.933480889323235807e+00
5.339559695540117445e+00
8.332464880407755459e+00
4.171284662820475830e+01
4.538549244552436335e+01
4.800997249232858621e+01
4.891937985746636741e+01
4.873867304944148060e+01
4.821316637425125151e+01
4.820791665288017214e+01
4.969945237636671465e+01
3.661883562181961871e+00
5.979542445346296198e+00
3.410843621959885219e+00
4.129570675158912074e+00
5.919682991383081294e+00
5.323275828711415691e+00
8.313717299541998784e+00
3.816355983591903822e+01
4.416676365357017175e+01
4.798424910921237796e+01
4.889156064054052564e+01
4.870880741286352134e+01
4.818129907882816809e+01
4.817409639381612863e+01
4.966374126710022807e+01
3.621773022076590021e+00
5.937592989728208259e+00
3.402279976143558926e+00
4.118363854054542195e+00
5.905885781197271811e+00
5.306992732376761168e+00
8.294970557405331846e+00
4.054598081245562469e+01
4.674149569691022066e+01
4.762275783228198378e+01
4.867894273955803186e+01
4.814943274452569000e+01
4.945289471012884519e+01
4.962803108859801426e+01
3.581663399596349606e+00
5.895644411077129554e+00
3.393716803139340321e+00
4.107157621457170116e+00
5.892089258714090505e+00
5.290710406481676564e+00
8.276224653941545384e+00
8.380806605829053524e+01
4.549671414198816422e+01
4.759493822561471177e+01
4.864907902947832952e+01
4.811756737130011174e+01
4.941908836937468408e+01
4.959232184082370054e+01
3.541554694709728501e+00
5.853696709365504347e+00
3.385154102907705465e+00
4.095951977320607895e+00
7.018684790193326251e+00
5.274428850971335514e+00
8.257479589094256056e+00
8.709885702185050604e+01
4.424989947557403269e+01
4.632401690935526517e+01
4.735306750828360123e+01
4.808570295910819681e+01
4.938528297777703813e+01
4.955661352374110606e+01
3.501446907385190155e+00
7.295696222785838181e+00
3.376591875409926669e+00
4.084746921598213731e+00
7.004871699909960725e+00
5.258148065791098169e+00
8.238735362807332763e+00
8.817797008149683791e+01
4.177586480198637275e+01
4.505097312832542400e+01
4.732320023437995360e+01
4.805383950790643155e+01
4.935147853529594641e+01
4.952090613731351709e+01
3.461340037591269958e+00
7.253776300990959491e+00
3.368030120606529731e+00
4.073542454243800570e+00
6.991059297547738360e+00
5.241868050886338892e+00
8.219991975024356634e+00
8.925537042161718659e+01
7.335349359470026798e+01
4.377580156124208344e+01
4.602497375648296440e+01
4.673063568195869522e+01
4.931767504189151197e+01
4.948519968150482384e+01
3.421234085296498417e+00
7.211857254641741655e+00
3.359468838458622653e+00
4.062338575211105862e+00
6.977247583055120828e+00
5.225588806202322800e+00
8.201249425689118411e+00
9.033106211650516570e+01
8.246112406394614425e+01
4.124687951825156773e+01
4.472453118903847269e+01
4.669876543343446684e+01
4.928387249752355359e+01
4.944949415627844758e+01
3.381129050469386499e+00
7.169939083710763938e+00
4.430860666209548882e+00
4.051135284453715180e+00
6.963436556380933951e+00
5.209310331684432249e+00
8.182507714745405281e+00
9.140504922754111305e+01
8.583178861514910807e+01
4.342186685285851411e+01
4.537324878753070578e+01
4.925007090215238037e+01
4.941378956159821456e+01
3.341024933078399428e+00
7.128021788170337381e+00
4.422276669994809950e+00
4.039932581925291366e+00
6.949626217473840128e+00
6.364959122537309888e+00
8.163766842136839230e+00
9.247733580324464242e+01
8.806203350829521526e+01
8.336957394567552626e+01
4.083973954619843028e+01
4.404542105149187137e+01
4.790356853340378507e+01
4.937808589742758159e+01
3.300921733092204935e+00
7.086105367993434712e+00
4.413693147285002283e+00
4.028730467579494601e+00
6.935816566282224649e+00
6.348667165526492795e+00
8.145026807807266067e+00
9.245573249628550627e+01
8.916263616492128108e+01
8.680775647001401296e+01
3.567853598877228904e+01
4.271527617583004144e+01
4.786975682676392552e+01
4.934238316373020439e+01
3.260819450479200743e+00
7.044189823152045449e+00
4.405110098040476707e+00
4.017528941370138718e+00
5.781741829982173897e+00
6.332375978628357771e+00
8.126287611700419689e+00
9.243413005185487918e+01
9.026145623581726340e+01
8.793292955055851223e+01
4.007991941929214619e+01
4.652085281113163973e+01
4.930668136046988081e+01
3.220718085207850745e+00
7.002275153619399894e+00
4.396527522222567264e+00
5.117663629486612464e+00
5.767951494511310173e+00
6.316085561788080227e+00
9.304578694758243174e+00
9.350471159487300099e+01
9.135849804821344833e+01
8.905624157393121720e+01
7.536383199614122930e+01
2.689045348707528760e+01
4.648703100947021483e+01
4.927098048760996818e+01
4.646536178805843242e+00
6.960361359367674972e+00
4.387945419792217194e+00
5.106442386415311674e+00
5.754161846229435717e+00
6.299795914951411113e+00
9.285829366383325123e+00
9.348310574562033537e+01
9.245376591534554223e+01
9.017769715365170669e+01
8.483151494685428418e+01
4.513571900420578231e+01
4.923528054511417196e+01
4.606459033442658502e+00
6.918448440369521890e+00
4.379363790709650317e+00
5.095221732003888171e+00
5.740372885084909171e+00
6.283507038063573802e+00
9.267080875921978489e+00
9.346150075828091985e+01
9.243008199287434934e+01
9.129730088800273791e+01
8.715801312278979651e+01
8.290375123860999906e+01
4.245973341093183961e+01
5.053267214382653094e+01
4.566382803919845301e+00
6.876536396597717093e+00
4.370782634936150934e+00
5.084001666205962167e+00
5.726584611026836136e+00
6.267218931069977295e+00
9.248333223318033092e+00
9.343989663280321167e+01
9.240639896287831334e+01
9.127158392006759868e+01
8.830449146712662412e+01
8.528165319659535726e+01
3.844464639109083492e+01
5.049698937765039375e+01
4.526307490206389339e+00
6.834625228024684418e+00
5.440420983737504379e+00
5.072782188975349271e+00
5.712797024003398505e+00
6.250931593915938222e+00
9.229586408515373819e+00
9.341829336913559700e+01
9.349989427573963496e+01
9.238934176981065605e+01
8.944903739094974071e+01
8.765145403179998596e+01
8.907534749897378390e+01
5.046130754047924682e+01
4.486233092270643041e+00
6.792714934622982703e+00
5.431817199320780887e+00
5.061563300265710552e+00
6.839168259664366367e+00
6.234645026547078750e+00
9.210840431457736344e+00
9.339669096722653308e+01
9.347621068301684488e+01
9.236362709229219092e+01
9.059165577586654194e+01
8.881850163919069985e+01
9.026089799574842232e+01
5.042562663227683828e+01
4.446159610081434010e+00
6.750805516365139702e+00
5.423213889056407666e+00
5.050345000030820763e+00
6.825364108348787262e+00
6.218359228908743042e+00
9.192095292089080161e+00
9.337508942702444870e+01
9.345252798200226607e+01
9.233791332748948832e+01
9.173235148705519748e+01
8.998354641122850239e+01
9.144437974540451819e+01
5.038994665300689491e+01
4.406087043607067599e+00
8.190272272880722682e+00
5.414611052905188515e+00
5.039127288224229062e+00
6.811560644286851485e+00
7.372027166009395671e+00
9.173350990353158707e+00
9.335348874847784373e+01
9.342884617264554947e+01
9.345383132708450091e+01
9.170465214198360115e+01
8.995389867846361653e+01
9.262579815806692807e+01
8.345241955263492173e+01
5.035426760263302981e+01
4.366015392816508189e+00
8.148390590381673348e+00
5.406008690828004504e+00
5.027910164799898496e+00
6.797757867427021594e+00
7.355727952537448822e+00
9.154607526194007860e+00
9.333188893153503329e+01
9.340516525489628918e+01
9.342811988060005035e+01
9.167695372125616871e+01
9.111695298597462056e+01
9.259427409030138278e+01
8.591488118028856036e+01
5.031858948111919005e+01
4.325944657678106431e+00
8.106509781537155845e+00
5.397406802785506663e+00
5.016693629711113545e+00
6.783955777718111868e+00
7.339429508739831576e+00
9.135864899555269147e+00
9.331028997614460252e+01
9.338148522870419299e+01
9.340240934593212785e+01
9.281574020569185279e+01
9.227801476195585906e+01
9.256275094370441536e+01
8.836865124928324633e+01
5.028291228842889637e+01
4.285874838160736111e+00
8.064629846319693485e+00
5.388805388738614255e+00
5.005477682912027326e+00
6.770154375108709210e+00
7.323131834562060405e+00
9.117123110380804363e+00
9.328869188225496600e+01
9.447320814748277940e+01
9.337669972303221755e+01
9.278804700695964414e+01
9.224838241347868006e+01
9.253122871823592277e+01
8.957559192346488430e+01
5.024723602452603899e+01
4.245805934232816270e+00
8.022750784702147087e+00
5.380204448648207460e+00
4.994262324355998928e+00
6.756353659547400525e+00
7.306834929949608259e+00
9.098382158614768400e+00
9.326709464981448150e+01
9.444952758987037100e+01
9.335099101185184622e+01
9.276035473155883437e+01
9.221875099150176425e+01
9.249970741385536144e+01
9.078038990680201437e+01
5.021156068937417416e+01
4.205737945862947136e+00
7.980872596656877427e+00
5.371603982474925765e+00
6.092495828054294016e+00
6.742553630983112889e+00
7.290538794848003157e+00
1.027462314814295574e+01
9.324549827877174835e+01
9.442584792304843688e+01
9.332528321234248381e+01
9.273266337944332349e+01
9.218912049598175429e+01
9.246818703052238675e+01
9.074700502823702664e+01
5.017588628293714947e+01
4.165670873019685416e+00
7.938995282156929179e+00
5.363003990179826985e+00
6.081260834448759311e+00
6.728754289364548669e+00
7.274243429202647881e+00
1.025587212217065591e+01
9.322390276907516693e+01
9.440216914696674166e+01
9.329957632445565707e+01
9.386954988505408437e+01
9.334821662106017470e+01
9.243666756819669672e+01
9.194967925206130133e+01
5.147103407355545812e+01
4.125604715671994605e+00
7.897118841174531667e+00
5.354404471723537284e+00
6.070026429605233531e+00
6.714955634640282334e+00
7.257948832959129071e+00
1.023712193329600950e+01
9.320230812067322290e+01
9.437849126157502155e+01
9.327387034814287858e+01
9.384186377576152438e+01
9.331859430479323692e+01
9.240514902683786147e+01
9.191630851283929360e+01
5.143537683011594908e+01
4.085539473788044162e+00
7.855243273682779304e+00
5.345805427067229054e+00
6.058792613477302247e+00
6.701157666759076648e+00
7.241655006062918787e+00
1.021837258146279304e+01
9.427113804582724299e+01
9.435481426682304118e+01
9.324816528335563248e+01
9.381417858874260673e+01
9.328897291387684731e+01
9.237363140640553638e+01
9.311686466772397353e+01
5.139972051403544384e+01
4.045475147336797583e+00
7.813368579654087931e+00
5.337206856171427205e+00
6.047559386018742877e+00
6.687360385669507856e+00
8.393361860410101016e+00
1.019962406661513477e+01
9.424954002467417524e+01
9.433113816266053675e+01
9.322246113004547396e+01
9.378649432395131669e+01
9.325935244826780490e+01
9.234211470685939105e+01
9.308350807102770830e+01
5.136406512527766210e+01
4.005411736286902169e+00
7.771494759061241098e+00
5.328608758996937311e+00
6.036326747183140107e+00
6.673563791320616723e+00
8.377054684022136044e+00
1.018087638869683076e+01
9.422794286420094068e+01
9.430746294903723026e+01
9.319675788816392981e+01
9.375881098134154001e+01
9.322973290792265288e+01
9.231059892815896717e+01
9.305015238194543770e+01
5.132841066380677120e+01
5.428789391271486409e+00
7.729621811876738136e+00
5.320011135504815414e+00
6.025094696924458759e+00
6.659767883660786758e+00
8.360748276922533861e+00
1.135513845000025057e+01
9.420634656435611021e+01
9.428378862590292897e+01
9.317105555766245573e+01
9.373112856086717670e+01
9.320011429279809079e+01
9.227908407026404802e+01
9.301679760044002876e+01
5.129275712958639843e+01
5.388750161375333469e+00
7.687749738073477168e+00
5.311413985655816461e+00
6.013863235196359902e+00
6.645972662639012540e+00
8.344442639056971700e+00
1.133638075717482430e+01
9.418475112508822633e+01
9.426011519320736909e+01
9.314535413849264955e+01
9.370344706248221200e+01
9.317049660285074708e+01
9.224757013313416110e+01
9.298344372647459011e+01
5.125710452258020666e+01
5.348711845383672170e+00
7.645878537624110294e+00
5.302817309410984059e+00
6.002632361952280782e+00
6.632178128203968015e+00
8.328137770370886983e+00
1.131762390096618454e+01
9.416315654634587418e+01
9.423644265090028682e+01
9.311965363060602385e+01
9.367576648614050328e+01
9.314087983803722182e+01
9.221605711672896177e+01
9.295009076001203141e+01
5.122145284275232058e+01
5.308674443265578802e+00
7.604008210501050691e+00
5.294221106730731208e+00
5.991402077146524618e+00
7.756530264385152584e+00
8.311833670809896546e+00
1.129886788131833697e+01
9.414156282807755360e+01
9.421277099893153206e+01
9.309395403395413382e+01
9.364808683179603577e+01
9.311126399831424294e+01
9.218454502100824755e+01
9.291673870101521970e+01
5.118580209006643855e+01
5.268637954989745964e+00
9.040976802102271392e+00
5.285625377576494088e+00
7.087780237853462673e+00
7.742719240762610866e+00
8.295530340319626106e+00
1.128011269817548445e+01
9.411996997023190659e+01
9.418910023725076996e+01
9.420805401267223544e+01
9.362040809940272368e+01
9.308164908363846735e+01
9.215303384593141800e+01
9.411524863556002174e+01
5.115015226448645791e+01
5.228602380524637994e+00
8.999134165208262814e+00
5.277030121908824256e+00
7.076530398306042358e+00
7.728908903942081743e+00
8.279227778845728025e+00
1.126135835148149766e+01
9.409837797275748983e+01
9.416543036580785042e+01
9.418235675189045253e+01
9.359273028891453805e+01
9.305203509396652350e+01
9.333254779071718588e+01
9.408191071618524859e+01
5.111450336597609123e+01
5.188567719839150882e+00
8.957292400155882461e+00
5.268435339688626762e+00
7.065281147710277487e+00
7.715099253872141460e+00
8.262925986333595318e+00
1.124260484118037695e+01
9.516548651223837396e+01
9.525537435339346359e+01
9.415666040144581928e+01
9.356505340028539308e+01
9.302242202925506831e+01
9.330104775929655148e+01
9.404857370303938069e+01
5.107885539449926426e+01
5.148533972901795153e+00
8.915451506917790425e+00
5.259841030876782675e+00
7.054032486020247461e+00
7.701290290501239255e+00
8.246624962728979824e+00
1.122385216721642465e+01
9.514389117728089218e+01
9.523170397594422809e+01
9.413096496128999036e+01
9.353737743346924560e+01
9.299280988946080129e+01
9.326954864733916395e+01
9.401523759608528508e+01
5.104320835001983880e+01
5.108501139681601799e+00
8.873611485466611271e+00
5.251247195434387116e+00
7.042784413189386861e+00
7.687482013778730305e+00
8.230324707977345611e+00
1.120510032953348833e+01
9.512229670207983645e+01
9.520803448796715429e+01
9.410527043137453518e+01
9.350970238842000981e+01
9.296319867454039354e+01
9.323805045480494869e+01
9.398190239528628354e+01
5.100756223250167665e+01
6.529259977238859314e+00
8.831772335775456284e+00
5.242653833321978318e+00
7.031536929171696926e+00
7.673674423652938614e+00
9.380047872080890414e+00
1.118634932807560567e+01
9.510070308658389138e+01
9.518436588941216314e+01
9.407957681165112263e+01
9.348202826509168517e+01
9.293358838445040249e+01
9.320655318165357528e+01
9.394856810060508678e+01
5.230052146049985851e+01
6.489251298179237182e+00
8.789934057816724433e+00
5.234060944500765089e+00
7.020290033920690398e+00
7.659867520072804581e+00
9.363734333850436187e+00
1.235859461109422242e+01
9.507911033074162788e+01
9.516069818022911875e+01
9.405388410207143579e+01
9.345435506343814325e+01
9.290397901914766976e+01
9.317505682784475596e+01
9.391523471200508766e+01
5.226489248867791559e+01
6.449243531343933356e+00
8.748096651563320947e+00
5.225468528931324741e+00
7.009043727390404932e+00
7.646061302987256170e+00
9.347421564411448003e+00
1.233983365271628685e+01
9.505751843450173055e+01
9.513703136036787100e+01
9.402819230258702987e+01
9.458939858041277660e+01
9.287437057858878120e+01
9.314356139333830242e+01
9.388190222944911056e+01
5.090062944135254241e+01
6.409236676702072089e+00
8.706260116987973419e+00
5.216876586575055263e+00
6.997798009534505148e+00
7.632255772345020617e+00
9.331109563709626187e+00
1.232107353024920648e+01
9.503592739781294085e+01
9.511336542977829822e+01
9.400250141314963059e+01
9.456173063070808382e+01
9.284476306273040791e+01
9.311206687809391269e+01
9.384857065290024991e+01
6.369230734222185220e+00
8.664424454063455627e+00
5.208285117392357222e+00
6.986552880306916791e+00
7.618450928094811836e+00
9.314798331690784750e+00
1.230231424363719128e+01
9.501433722062384390e+01
9.508970038841029293e+01
9.397681143371082158e+01
9.453406360166891886e+01
9.281515647152929205e+01
9.428960005487097362e+01
9.381523998232175643e+01
6.329225703873190945e+00
8.622589662762523588e+00
5.199694121344514919e+00
6.975308339660998946e+00
7.604646770185419236e+00
9.298487868300380654e+00
1.228355579282435350e+01
9.499274790288315273e+01
9.506603623621373345e+01
9.395112236422228591e+01
9.450639749324935224e+01
9.397240106412156990e+01
9.425811668635375895e+01
9.378191021767649715e+01
6.289221585623759658e+00
8.580755743057817853e+00
5.191103598391928919e+00
6.964064387550981117e+00
7.590843298565909336e+00
9.282178173484222583e+00
1.226479817775480896e+01
9.497115944453959457e+01
9.504237297313849808e+01
9.392543420463573511e+01
9.447873230540342604e+01
9.394280265059134649e+01
9.422663423592032927e+01
9.374858135892750965e+01
6.249218379442785576e+00
8.538922694922424839e+00
6.258486976627755105e+00
6.952821023930602529e+00
7.577040513184832626e+00
9.265869247187865199e+00
1.224604139837272676e+01
9.494957184554175456e+01
9.501871059913447937e+01
9.389974695490266754e+01
9.445106803808509710e+01
9.391320516061507817e+01
9.419515270353055314e+01
9.371525340603805887e+01
6.209216085299370746e+00
9.973347225213286649e+00
6.249873929369877068e+00
8.047288865268050984e+00
7.563238413991169473e+00
9.249561089357081656e+00
1.222728545462233463e+01
9.492798510583845939e+01
9.499504911415161246e+01
9.387406061497489418e+01
9.442340469124856384e+01
9.388360859414950710e+01
9.416367208914417120e+01
9.368192635897105447e+01
6.169214703161977731e+00
9.931541824778369332e+00
6.241261356044403463e+00
8.036026028516227271e+00
8.685594865509271401e+00
9.233253699937577608e+00
1.220853034644761692e+01
9.490639922537827999e+01
9.497138851813973304e+01
9.384837518480402707e+01
9.439574226484782571e+01
9.385401295115141806e+01
9.413219239272105199e+01
9.364860021768963350e+01
6.129214232999276035e+00
9.889737294431959924e+00
6.232649256611859201e+00
8.024763780762890875e+00
8.671776351583075026e+00
9.216947078875055155e+00
1.218977607379285644e+01
9.488481420410998624e+01
9.494772881104877627e+01
9.382269066434173510e+01
9.436808075883692482e+01
9.500930977428220103e+01
9.410071361422109248e+01
9.361527498215679088e+01
6.089214674780479619e+00
9.847933634147029380e+00
6.224037631033113804e+00
8.013502121961703750e+00
8.657958524055935357e+00
9.200641226115056526e+00
1.217102263660220451e+01
9.486323004198223430e+01
9.492406999282864888e+01
9.379700705353970136e+01
9.434042017317000273e+01
9.497972232212990207e+01
9.406923575360414702e+01
9.358195065233572052e+01
6.049216028474166507e+00
9.806130843896248450e+00
6.215426479269273052e+00
8.002241052066745297e+00
8.644141382876492585e+00
9.184336141603557380e+00
1.215227003481991019e+01
9.484164673894373720e+01
9.490041206342925761e+01
9.377132435234956631e+01
9.431276050780104470e+01
9.495013579234353074e+01
9.403775881083005572e+01
9.477855228347941363e+01
6.009218294049208708e+00
9.764328923652465519e+00
6.206815801281091005e+00
7.990980571031600199e+00
8.630324927993486384e+00
9.168031825285945402e+00
1.213351826839000935e+01
9.482006429494329325e+01
9.487675502280050921e+01
9.374564256072304147e+01
9.428510176268412124e+01
9.492055018487991447e+01
9.400628278585875819e+01
9.474524207834357981e+01
7.427482344078981669e+00
9.722527873388560948e+00
6.198205597029499359e+00
7.979720678810007684e+00
8.616509159356136038e+00
9.151728277108135856e+00
1.211476733725673327e+01
9.479848270992945913e+01
9.485309887089232461e+01
9.371996167861179572e+01
9.425744393777334551e+01
9.489096549969589489e+01
9.397480767864989559e+01
9.471193277768594498e+01
7.387508729541607089e+00
9.680727693077404439e+00
7.263846691019967494e+00
7.968461375356046261e+00
9.737029314802834179e+00
9.135425497015846830e+00
1.209601724136440204e+01
9.477690198385111842e+01
9.371587188680742031e+01
9.369428170596754057e+01
9.422978703302278802e+01
9.486138173674837049e+01
9.394333348916356385e+01
9.467862438146961779e+01
7.347536025397350734e+00
9.638928382691727137e+00
7.255214047037655156e+00
7.957202660623340584e+00
9.723197203180315995e+00
1.028310078155830887e+01
1.207726798065697871e+01
9.475532211665689886e+01
9.369221980957958351e+01
9.366860264274190229e+01
9.420213104838654772e+01
9.483179889599423973e+01
9.391186021735947520e+01
9.464531688965766421e+01
7.307564231615130801e+00
9.597129942204420061e+00
7.246581877622265466e+00
7.945944534565853701e+00
9.709365778010866421e+00
1.026678478362750369e+01
1.205851955507892015e+01
9.473374310829552769e+01
9.255324560201987083e+01
9.364292448888663500e+01
9.417447598381866669e+01
9.480221697739040110e+01
9.388038786319749818e+01
9.461201030221350550e+01
7.267593348163956968e+00
9.555332371588454166e+00
7.237950182735143123e+00
7.934686997137021969e+00
9.695535039243514674e+00
1.025046955371824353e+01
1.203977196457418941e+01
9.362357159820489017e+01
9.141251694052964183e+01
9.361724724435342182e+01
9.414682183927327230e+01
9.477263598089372465e+01
9.384891642663762923e+01
9.457870461910013660e+01
7.227623375012633744e+00
9.513535670816473555e+00
7.229318962336754417e+00
7.923430048291264960e+00
9.681704986827069703e+00
1.023415509177644900e+01
1.202102520908714567e+01
9.360199937508444634e+01
9.027002976819373714e+01
9.245176012724537884e+01
9.411916861470442086e+01
9.474305590646098096e+01
9.381744590763973690e+01
9.454539984028075139e+01
7.187654312130058010e+00
1.094539719301802272e+01
7.220688216388192693e+00
7.912173687982166470e+00
9.667875620710450590e+00
1.021784139774779732e+01
1.200227928856194026e+01
9.358042801110225639e+01
8.912578001557938023e+01
9.242608420569574434e+01
9.409151631006622551e+01
9.471347675404921063e+01
9.378597630616346237e+01
9.451209596571854377e+01
8.603268951917467433e+00
1.090362809894463503e+01
7.212057944850338131e+00
9.004736883545128023e+00
9.654046940842683000e+00
1.020152847157815046e+01
1.198353420294280802e+01
9.355885750620699071e+01
8.572967269935026025e+01
9.125875874499496376e+01
9.290108451120021016e+01
9.349893724990843680e+01
9.254532275164541488e+01
9.447879299537666498e+01
8.563323984868002725e+00
1.086185987323910496e+01
7.203428147683919924e+00
8.993461131324878011e+00
9.640218947172513708e+00
1.018521631321318210e+01
1.196478995217395003e+01
9.353728786034734810e+01
9.008959017211920184e+01
9.170873199896630013e+01
9.346935360805557025e+01
9.251384569473692920e+01
9.567339934324054695e+01
8.523379926602951073e+00
1.082009251587426135e+01
7.194798824849943486e+00
8.982185968145124377e+00
9.626391639649090948e+00
1.016890492259881285e+01
1.194604653619969170e+01
9.351571907347192791e+01
8.777138013401413730e+01
9.051445412112190070e+01
9.225280686598559043e+01
9.127109456152061284e+01
9.564011049099867989e+01
8.483436777091181824e+00
1.077832602682298990e+01
7.186169976309404461e+00
8.970911393960097513e+00
9.612565018221090440e+00
1.015259429968070393e+01
1.192730395496411333e+01
9.240391114937465034e+01
8.814776797338961956e+01
9.103425334417408976e+01
9.002624894091340479e+01
9.560682254174628270e+01
8.443494536301681563e+00
1.073656040605838058e+01
8.250027767410706758e+00
8.959637408723535756e+00
9.598739082837496994e+00
1.013628444440474041e+01
1.190856220841164692e+01
9.238234919202591300e+01
8.877930353349044879e+01
9.557353549544683347e+01
8.403553204203758398e+00
1.069479565355316453e+01
8.241376565085804629e+00
8.948364012389177446e+00
9.584913833447510356e+00
1.011997535671677895e+01
1.188982129648631592e+01
9.236078809396532563e+01
1.186314045978338498e+02
8.631061074394901311e+01
9.554024935206354030e+01
8.363612780765896204e+00
1.065303176928044060e+01
8.232725837878689390e+00
8.937091204910835529e+00
9.571089269999818683e+00
1.010366703656256249e+01
1.305988379313252068e+01
9.233922785514153020e+01
1.303341961852220550e+02
1.289154507320357084e+02
1.312263306431329397e+02
7.520715050996719242e+01
9.550696411155959709e+01
8.323673265957468814e+00
1.061126875321298080e+01
8.224075585750489026e+00
8.925818986242701314e+00
9.557265392443436980e+00
1.008735948388791215e+01
1.304113297783026937e+01
9.231766847550319710e+01
1.324213513859064051e+02
1.310512243175906804e+02
1.333978798040279230e+02
1.311674608796033965e+02
9.547367977389831140e+01
8.283734659747372220e+00
1.056950660532371877e+01
8.215425808661761309e+00
8.914547356338324846e+00
9.543442200727360714e+00
1.007105269863864550e+01
1.302238299684045764e+01
9.120421480157665428e+01
1.334506531403472707e+02
1.331802396425391919e+02
1.344672749080455674e+02
1.345619293205124904e+02
9.544039633904293396e+01
8.243796962104614323e+00
1.052774532558579068e+01
8.206776506573572050e+00
7.799642444254712537e+00
9.529619694800487650e+00
1.005474668076064049e+01
1.300363385010752282e+01
9.118266229555264601e+01
1.344783430991919317e+02
1.342294094454157687e+02
1.355349294466427352e+02
1.356688982007636923e+02
9.540711380695680077e+01
8.203860172997933020e+00
1.048598491397167365e+01
8.198127679446653104e+00
7.788392554803499124e+00
9.515797874611727991e+00
1.003844143019974133e+01
1.298488553757574948e+01
9.116111064901656391e+01
1.355044250453727273e+02
1.352769039258721193e+02
1.355074297322701682e+02
1.301635377088042560e+02
1.367740009118421654e+02
9.537383217760296361e+01
8.163924292396767868e+00
1.044422537045485555e+01
8.189479327241766526e+00
7.777143253335657036e+00
1.063430001650987400e+01
1.002213694690175139e+01
1.296613805918942397e+01
9.113955986191699310e+01
1.365289027499930512e+02
1.352512799979122349e+02
1.354799309055453591e+02
1.323801524126080267e+02
1.378772421688592260e+02
9.534055145094505690e+01
8.123989320269766168e+00
1.187355841901104192e+01
8.180831449920326293e+00
7.765894539804622632e+00
1.062046192758124619e+01
1.000583323081241538e+01
1.413423894465833364e+01
9.111800993420256134e+01
1.365052003805443803e+02
1.362971056580729510e+02
1.354524329664253059e+02
1.345894801420304248e+02
1.378461466460399265e+02
9.530727162694606136e+01
8.084055256586253790e+00
1.183182643981426097e+01
8.172184047442657473e+00
7.754646414164510837e+00
1.060662452459514782e+01
9.989530281877794238e+00
1.411548162131711592e+01
9.109646086582182534e+01
1.364814988746815345e+02
1.362714851021304412e+02
1.365183666976384700e+02
1.345601470723313753e+02
1.378150520011029130e+02
9.527399270556934141e+01
8.044122101314901130e+00
1.179009532724268361e+01
8.163537119769852524e+00
7.743398876369324668e+00
1.059278780750036297e+01
9.973228100043542099e+00
1.409672513180472997e+01
9.107491265672337022e+01
1.375043758848910329e+02
1.373156459872111554e+02
1.364908748149803728e+02
1.356474344698133621e+02
1.377839582340110383e+02
9.524071468677816199e+01
8.004189854424874184e+00
1.174836508126918844e+01
8.154890666862767645e+00
7.732151926372917927e+00
1.057895177624602390e+01
9.956926685255639953e+00
1.407796947606565041e+01
9.105336530685589480e+01
1.374806751354752237e+02
1.372900288262850665e+02
1.364633838189527637e+02
1.367329212295375953e+02
1.377528653447272120e+02
9.520743757053585909e+01
7.964258515884978351e+00
1.170663570186696312e+01
8.146244688682585888e+00
7.720905564129139975e+00
1.056511643078106033e+01
9.940626037459843189e+00
1.405921465404421689e+01
9.212367271363103782e+01
1.374569752488802408e+02
1.372644125439246920e+02
1.364358937095127260e+02
1.367036047878543457e+02
1.377217733332141734e+02
9.640012026674735068e+01
7.924328085664632759e+00
1.166490718900864820e+01
8.137599185189884565e+00
8.813129173963218932e+00
1.055128177105460807e+01
9.924326156602219839e+00
1.404046066568490758e+01
9.210212192302324752e+01
1.374332762250590179e+02
1.372387971400848130e+02
1.375001109746003181e+02
1.366742892322409659e+02
1.376906821994346899e+02
9.636685725601880392e+01
7.884398563732458953e+00
1.162317954266734255e+01
8.128954156345507442e+00
8.801863429161357999e+00
1.053744779701563417e+01
1.106986250128381499e+01
1.402170751093210477e+01
9.208057199103618018e+01
1.374095780639644602e+02
1.372131826147202673e+02
1.374726269374514231e+02
1.377579956048683982e+02
1.376595919433517281e+02
9.633359514661154321e+01
7.844469950057717966e+00
1.158145276281643987e+01
8.120309602110673097e+00
8.790598272616190201e+00
1.052361450861311987e+01
1.105354946779763559e+01
1.400295518973022091e+01
1.333673475618130055e+02
1.373858807655494161e+02
1.371875689677858929e+02
1.374451437859169971e+02
1.377286888245048431e+02
1.376285025649280840e+02
9.630033393848893297e+01
9.257744187393281976e+00
1.153972684942836580e+01
8.111665522446074306e+00
8.779333704281643946e+00
1.050978190579606419e+01
1.103723720118362372e+01
1.398420370202370044e+01
1.343731623606946926e+02
1.373621843297668192e+02
1.371619561992364993e+02
1.374176615199543221e+02
1.376993829291596398e+02
1.375974140641265535e+02
9.626707363161440867e+01
9.217839626649954710e+00
1.149800180247667036e+01
8.103021917312728917e+00
8.768069724111532182e+00
1.049594998851369176e+01
1.102092570138787764e+01
1.396545304775695939e+01
1.343514407412606602e+02
1.373384887565694896e+02
1.371363443090268106e+02
1.373901801395205382e+02
1.376700779187927139e+02
1.375663264409100179e+02
9.623381422595136314e+01
9.177935972684261756e+00
1.145627762193407584e+01
8.094378786671683201e+00
8.756806332060197207e+00
1.048211875671472448e+01
1.100461496835610298e+01
1.394670322687438002e+01
1.343297199613274699e+02
1.373147940459104461e+02
1.381788596752753904e+02
1.384526904674658283e+02
1.376407737933640760e+02
1.375352396952413017e+02
9.620055572146314660e+01
9.138033225465575171e+00
1.141455430777367042e+01
8.085736130483448747e+00
9.847271562624889896e+00
1.046828821034847401e+01
1.098830500203453120e+01
1.392795423932047427e+01
1.343080000208464355e+02
1.372911001977425371e+02
1.381532511979653464e+02
1.384252151741147259e+02
1.376114705528335094e+02
1.375041538270832291e+02
9.616729811811309503e+01
9.098131384962675483e+00
1.284133994944843060e+01
8.077093948709400451e+00
9.835988864947980304e+00
1.045445834936386120e+01
1.097199580236881289e+01
1.390920608503975409e+01
9.195129042727640467e+01
1.383123798066295933e+02
1.381276435981184250e+02
1.383977407653207763e+02
1.375821681971609678e+02
1.374730688363986815e+02
9.613404141586458707e+01
9.058230451144709150e+00
1.279964415874773742e+01
8.068452241310392736e+00
9.824706755888898968e+00
1.044062917371006627e+01
1.095568736930502673e+01
1.270376091589118239e+01
9.192974650419807858e+01
1.382886867369900585e+02
1.381020368756895778e+02
1.383702672410413754e+02
1.375528667263062914e+02
1.385745914780845567e+02
9.610078561468097291e+01
1.046884782510300660e+01
1.275794923296141192e+01
9.130258832270376601e+00
9.813425235401609825e+00
1.042680068333601184e+01
1.093937970278914484e+01
1.268502594300964859e+01
9.299832575039813776e+01
1.382649945290775975e+02
1.380764310306336995e+02
1.383427946012336065e+02
1.375235661402296614e+02
1.385435179836847226e+02
9.606753071452570225e+01
1.042897092163890349e+01
1.271625517206265599e+01
9.121594866945530455e+00
9.802144303439854767e+00
1.041297287819084616e+01
1.092307280276700254e+01
1.266629180338349769e+01
9.297677842146423188e+01
1.382413031828452290e+02
1.380508260629057986e+02
1.383153228458548938e+02
1.374942664388907758e+02
1.385124453656464709e+02
9.603427671536223897e+01
1.038909492338385832e+01
1.267456197602454360e+01
9.112931376813850903e+00
9.790863959957823326e+00
1.152946339091251815e+01
1.090676666918464299e+01
1.264755849695714929e+01
9.295523195018185447e+01
1.382176126982458300e+02
1.390916950747468661e+02
1.382878519748624910e+02
1.374649676222495884e+02
1.384813736239326545e+02
9.600102361715377697e+01
1.034921983030713299e+01
1.263286964482003683e+01
9.104268361836370005e+00
9.779584204909257394e+00
1.151561939088498576e+01
1.089046130198817686e+01
1.262882602367506024e+01
9.293368633649977539e+01
1.381939230752325045e+02
1.390660935393474347e+02
1.382603819882136804e+02
1.374356696902661383e+02
1.384503027585062398e+02
9.596777141986379434e+01
1.030934564237775852e+01
1.259117817842276921e+01
9.095605821973588689e+00
9.768305038248495720e+00
1.150177607628707044e+01
1.087415670112334354e+01
1.261009438348149914e+01
9.291214158036683557e+01
1.381702343137581863e+02
1.390404928804002225e+02
1.382329128858657725e+02
1.374063726429002656e+02
1.384192327693302218e+02
9.593452012345572655e+01
1.026947235956517268e+01
1.254948757680508109e+01
9.086943757186601189e+00
9.757026459929054596e+00
1.148793344706801989e+01
1.085785286653613646e+01
1.259136357632112713e+01
9.289059768173179066e+01
1.381465464137758943e+02
1.390148930978602380e+02
1.382054446677760211e+02
1.373770764801118958e+02
1.383881636563673965e+02
9.590126972789288118e+01
1.022959998183829811e+01
1.250779783994044081e+01
9.078282167436466210e+00
1.084567838517815908e+01
1.147409150317661997e+01
1.084154979817268760e+01
9.286905464054348158e+01
2.104421563550648955e+02
1.381228593752387042e+02
1.389892941916826032e+02
1.381779773339018220e+02
1.373477812018610109e+02
1.383570954195807303e+02
9.586802023313860843e+01
1.018972850916641271e+01
1.246610896780187439e+01
9.069621052683974227e+00
1.083438057946942656e+01
1.146025024456219121e+01
1.082524749597891756e+01
9.284751245675070663e+01
2.113158013457246795e+02
1.380991731980994928e+02
1.389636961618221846e+02
1.381505108842004859e+02
1.373184868081076218e+02
1.383260280589332751e+02
9.583477163915645747e+01
1.014985794151864162e+01
1.242442096036254640e+01
9.060960412889954796e+00
1.082308336259661985e+01
1.144640967117378949e+01
1.196874914828018710e+01
9.282597113030229252e+01
2.112957273544957673e+02
1.380754878823113927e+02
1.389380990082341043e+02
1.381230453186291811e+02
1.372891932988115116e+02
1.382949615743879406e+02
9.580152394590973586e+01
1.010998827886424323e+01
1.238273381759564806e+01
9.052300248015530570e+00
1.081178673451400307e+01
1.143256978296057191e+01
1.195243375838887268e+01
9.280443066114703754e+01
2.112756541373882158e+02
1.380518034278273376e+02
1.389125027308732570e+02
1.380955806371453605e+02
1.372599006739326910e+02
1.382638959659075510e+02
9.576827715336180802e+01
1.007011952117252029e+01
1.380697982301919957e+01
9.043640558021794007e+00
1.080049069517520266e+01
1.141873057987163165e+01
1.193611913459909246e+01
9.278289104923379682e+01
2.112555816943572609e+02
1.390714897176313514e+02
1.388869073296947079e+02
1.380681168397062208e+02
1.383419495832738448e+02
1.382328312334551299e+02
9.695910764374360724e+01
1.003025166841234572e+01
1.376532016291989713e+01
1.010365211450389289e+01
1.078919524453426249e+01
1.140489206185605653e+01
1.191980527685690561e+01
9.276135229451138287e+01
2.103418073909948305e+02
1.390478060621958036e+02
1.388613128046534371e+02
1.380406539262692434e+02
1.383126657295001110e+02
1.382017673769936721e+02
9.692587493816918709e+01
9.990384720553230125e+00
1.372366136602961717e+01
1.009497025255827296e+01
1.077790038254529392e+01
1.139105422886302321e+01
1.190349218510849028e+01
9.273981439692859396e+01
2.103217399215233172e+02
1.390241232673012348e+02
1.388357191557045098e+02
1.380131918967915965e+02
1.382833827590948488e+02
1.381707043964860588e+02
9.689264313206975032e+01
9.950518677564158310e+00
1.368200343232114413e+01
1.008628886630527077e+01
1.076660610916215433e+01
1.250564031126681108e+01
1.188717985929969778e+01
9.271827735643431367e+01
2.094067461233342158e+02
1.390004413329008059e+02
1.388101263828029062e+02
1.379857307512306477e+02
1.382541006720181826e+02
1.392705131451407397e+02
9.685941222540876083e+01
9.910653539414298052e+00
1.364034636176797832e+01
1.007760795570571410e+01
1.075531242433895862e+01
1.249178635537531257e+01
1.187086829937667609e+01
1.242282378919789210e+01
9.269674117297738292e+01
1.389767602589475928e+02
1.387845344859036629e+02
1.390466062426145868e+02
1.382248194682299527e+02
1.392394616541751020e+02
9.682618221814965409e+01
1.131882989871033374e+01
1.359869015434299833e+01
1.006892752072062613e+01
1.074401932802959614e+01
1.247793308470365581e+01
1.301246567685104338e+01
1.240410130931258337e+01
9.267520584650658577e+01
1.389530800453947279e+02
1.387589434649617601e+02
1.390191511867680845e+02
1.381955391476902264e+02
1.392084110380539528e+02
9.679295311025595083e+01
1.127898875535164436e+01
1.355703481001970268e+01
1.006024756131099629e+01
1.073272682018829549e+01
1.246408049920073502e+01
1.299614109396888217e+01
1.238537966184941475e+01
9.265367137697083422e+01
1.389294006921952302e+02
1.387333533199323199e+02
1.389916970138689010e+02
1.381662597103592702e+02
1.391773612967404574e+02
9.675972490169125706e+01
1.123914851536076753e+01
1.351538032877107653e+01
1.005156807743756886e+01
1.072143490076857297e+01
1.245022859881599331e+01
1.297981727690165243e+01
1.236665884675275073e+01
9.263213776431895496e+01
1.389057221993022893e+02
1.387077640507702938e+02
1.389642437238744606e+02
1.392465689988832196e+02
1.391463124301975824e+02
9.672649759241886613e+01
1.119930917870688702e+01
1.347372671057031468e+01
1.110987994205532914e+01
1.071014356972507109e+01
1.243637738349842614e+01
1.296349422559544351e+01
1.234793886396724893e+01
1.359023714861151859e+02
1.388820445666690659e+02
1.386821756574307472e+02
1.389367913167421875e+02
1.392172983395510641e+02
1.391152644383883512e+02
9.669327118240236985e+01
1.115947074535928785e+01
1.343207395539048576e+01
1.110117836843778427e+01
1.069885282701115159e+01
1.242252685319723504e+01
1.294717193999651172e+01
1.232921971343716727e+01
1.369035162097088971e+02
1.388583677942485508e+02
1.386565881398687168e+02
1.389093397924294777e+02
1.391880285623805094e+02
1.390842173212758723e+02
9.666004567160524630e+01
1.111963321528740778e+01
1.339042206320499417e+01
1.109247727116281723e+01
1.068756267258123493e+01
1.240867700786160910e+01
1.293085042005078833e+01
1.231050139510720420e+01
1.368818048379802974e+02
1.388346918819939617e+02
1.386310014980392111e+02
1.388818891508937554e+02
1.391587596673315943e+02
1.390531710788231692e+02
9.662682105999091675e+01
1.107979658846019078e+01
1.334877103398694587e+01
1.108377665019151159e+01
1.067627310638943605e+01
1.239482784744083155e+01
1.291452966570455452e+01
1.347822839225880109e+01
1.368600943030768349e+02
1.388110168298584597e+02
1.386054157318972955e+02
1.388544393920924165e+02
1.391294916543646139e+02
1.390221257109933219e+02
9.781568610295788346e+01
1.103996086484730199e+01
1.330712086770950897e+01
1.107507650548446598e+01
1.066498412838945775e+01
1.238097937188383568e+01
1.289820967690381082e+01
1.345950021987913381e+01
1.368383846049502495e+02
1.377439838768343918e+02
1.385798308413980351e+02
1.388269905159829136e+02
1.391002245234394650e+02
1.389910812177492119e+02
9.778247557045155247e+01
1.100012604441768538e+01
1.472886155367722871e+01
1.106637683700267871e+01
1.065369573853556773e+01
1.236713158114013034e+01
1.288189045359481533e+01
1.344077287938534582e+01
1.368166757435520822e+02
1.377203114756760556e+02
1.385542468264964384e+02
1.387995425225226711e+02
1.390709582745165278e+02
1.389600375990539476e+02
9.774926593590708990e+01
1.096029212714084622e+01
1.468723882791174162e+01
1.105767764470735415e+01
1.064240793678165531e+01
1.235328447515880157e+01
1.286557199572357391e+01
1.342204637072205031e+01
1.367949677188339592e+02
1.376966399351174459e+02
1.374621538439965889e+02
1.376837164763594501e+02
1.379320560024255826e+02
1.400581053274993906e+02
9.771605719928807332e+01
1.236591961963528341e+01
1.464561696362779664e+01
1.104897892855899855e+01
1.063112072308187628e+01
1.346595484650103636e+01
1.400522905092279657e+01
1.340332069383364733e+01
1.367732605307475922e+02
1.366280224293443837e+02
1.363683958067482820e+02
1.376562659344710653e+02
1.379027845121739517e+02
1.400270731947819343e+02
9.768284936055808032e+01
1.232610966882644910e+01
1.460399596079848372e+01
1.104028068851871502e+01
1.061983409739027273e+01
1.345209168950962741e+01
1.398889763447743206e+01
1.338459584866495078e+01
1.367515541792445219e+02
1.355578132401965661e+02
1.352729689039188372e+02
1.365386963350099734e+02
1.367620613280394934e+02
1.399960419355064971e+02
9.764964241968078795e+01
1.228630061970266496e+01
1.456237581939698877e+01
1.103158292454735978e+01
1.060854805966080860e+01
1.343822921747413446e+01
1.397256698339649361e+01
1.336587183516034472e+01
1.367298486642764033e+02
1.344860088088554733e+02
1.331026808738232319e+02
1.354193825395606439e+02
1.356195190140423961e+02
1.399650115496362730e+02
9.761643637661958905e+01
1.224649247223341675e+01
1.452075653939673039e+01
1.102288563660578902e+01
1.059726260984756330e+01
1.342436743034392599e+01
1.395623709762620557e+01
1.334714865326458977e+01
1.367081439857949192e+02
1.334126055658846610e+02
1.342983204616722048e+02
1.344751532152160109e+02
1.399339820371343706e+02
9.758323123133830279e+01
1.220668522638814402e+01
1.447913812077120355e+01
1.101418882465514670e+01
1.058597774790458068e+01
1.341050632806835274e+01
1.393990797711277274e+01
1.332842630292214281e+01
1.366864401437516960e+02
1.312846484382311587e+02
1.320784024034663560e+02
1.322102355136594838e+02
1.399029533979638416e+02
9.755002698380036463e+01
1.216687888213615132e+01
1.443752056349298130e+01
1.100549248865613805e+01
1.057469347378608937e+01
1.339664591059635512e+01
1.392357962180251896e+01
1.330970478407768987e+01
1.366647371380984168e+02
1.681791843967467912e+02
1.398719256320878799e+02
9.873690575110362033e+01
1.212707343944662952e+01
1.439590386753596363e+01
1.099679662856980755e+01
1.056340978744605508e+01
1.338278617787737268e+01
1.390725203164144830e+01
1.329098409667583880e+01
1.366430349687866510e+02
1.751053592207926783e+02
1.716231779967889395e+02
1.398408987394696510e+02
9.870371557713262689e+01
1.208726889828899509e+01
1.435428803287305044e+01
1.098810124435695812e+01
1.055212668883855720e+01
1.336892712986063714e+01
1.389092520657586327e+01
1.445670364920169249e+01
1.366213336357681101e+02
1.770541324583481639e+02
1.746343656888854809e+02
1.398098727200721783e+02
9.867052629968654287e+01
1.204746525863275686e+01
1.431267305947764790e+01
1.097940633597869642e+01
1.163861508316257698e+01
1.335506876649539620e+01
1.387459914655211257e+01
1.443797316452850765e+01
1.365996331389944771e+02
1.780144931987948098e+02
1.756180340482195845e+02
1.680749175330354603e+02
1.397788475738586840e+02
9.863733791872942902e+01
1.200766252044719806e+01
1.573186297311082171e+01
1.097071190339598168e+01
1.162731284470018700e+01
1.334121108773101128e+01
1.385827385151629088e+01
1.441924351098216306e+01
1.365779334784174068e+02
1.789734014343230513e+02
1.766001816933363386e+02
1.745020594480651255e+02
1.712237898816563586e+02
1.408751683803444621e+02
9.860415043422466397e+01
1.196786068370175649e+01
1.569027540100521989e+01
1.096201794656944095e+01
1.161601119446015495e+01
1.332735409351664480e+01
1.384194932141466516e+01
1.440051468850734828e+01
1.375775089723015867e+02
1.799308604577209110e+02
1.775808121479618080e+02
1.765338047580600858e+02
1.733050210790260053e+02
1.408441547175670223e+02
9.857096384613599582e+01
1.192805974836585037e+01
1.564868868871205088e+01
1.095332446546046867e+01
1.160471013239644478e+01
1.331349778380156401e+01
1.382562555619341005e+01
1.556430659550610507e+01
1.375558074704875366e+02
1.808868735518311439e+02
1.785599289249444439e+02
1.775336699063071819e+02
1.753796258201853959e+02
1.408131419268689797e+02
9.853777815442720112e+01
1.188825971440883045e+01
1.560710283620482031e+01
1.094463146002964749e+01
1.159340965846306126e+01
1.329964215853516940e+01
1.380930255579885824e+01
1.554556803408453192e+01
1.375341068042381494e+02
1.808631984976704530e+02
1.795375355262962387e+02
1.785319617378618204e+02
1.763999533005093099e+02
1.407821300082137554e+02
9.850459335906178637e+01
1.184846058179988582e+01
1.556551784345663592e+01
1.093593893023818175e+01
1.158210977261457586e+01
1.328578721766658965e+01
1.379298032017724296e+01
1.552683030341679959e+01
1.375124069735051933e+02
1.808395242767003879e+02
1.795120505712023942e+02
1.795286839632935028e+02
1.774186441347818857e+02
1.407511189615643445e+02
9.847140946000364181e+01
1.180866235050848090e+01
1.552393371044076886e+01
1.092724687604697920e+01
1.157081047480434854e+01
1.327193296114530696e+01
1.377665884927477258e+01
1.550809340344776821e+01
1.374907079782403798e+02
1.817940968704086515e+02
1.804881539446174656e+02
1.805238402815129461e+02
1.784357022577154908e+02
1.407201087868843103e+02
9.843822645721633080e+01
1.176886502050414585e+01
1.548235043713095749e+01
1.091855529741684450e+01
1.155951176498706268e+01
1.438264320764440640e+01
1.376033814303779934e+01
1.548935733412210247e+01
1.374690098183954490e+02
1.817704245595607802e+02
1.804626732908552640e+02
1.804965953068459044e+02
1.784067198962254679e+02
1.406890994841364488e+02
9.840504435066344513e+01
1.172906859175625272e+01
1.544076802350007860e+01
1.090986419430891097e+01
1.154821364311676390e+01
1.436877297237853668e+01
1.374401820141255648e+01
1.547062209538463939e+01
1.374473124939221691e+02
1.817467530811491656e+02
1.804371934819058652e+02
1.804693511810447717e+02
1.794221575972617586e+02
1.406580910532842950e+02
9.837186314030896028e+01
1.168927306423410606e+01
1.539918646952184922e+01
1.090117356668409343e+01
1.153691610914726340e+01
1.435490342165005906e+01
1.372769902434521150e+01
1.545188768718008276e+01
1.374256160047723654e+02
1.817230824351299816e+02
1.804117145177272903e+02
1.814629571142549480e+02
1.793931844499456076e+02
1.406270834942909573e+02
9.833868282611638278e+01
1.164947843790698911e+01
1.535760577516937531e+01
1.089248341450364244e+01
1.152561916303286793e+01
1.434103455540841310e+01
1.371138061178209000e+01
1.543315410945317900e+01
1.363826741540948149e+02
1.816994126214592029e+02
1.813863251303422430e+02
1.814357197534574198e+02
1.793642121494348771e+02
1.405960768071197151e+02
9.830550340804931864e+01
1.305277206350919172e+01
1.531602594041604348e+01
1.088379373772815839e+01
1.151432280472769598e+01
1.432716637360280743e+01
1.369506296366956910e+01
1.541442136214881842e+01
9.422582793203646645e+01
1.816757436400929748e+02
1.813608504838851161e+02
1.814084832405960697e+02
1.803780417337105462e+02
1.405650709917337053e+02
9.949046726884166958e+01
1.301300136244829275e+01
1.527444696523503076e+01
1.193996080036826690e+01
1.150302703418575057e+01
1.431329887618248264e+01
1.367874607995382696e+01
1.539568944521176341e+01
9.420430813023369865e+01
1.816520754909874711e+02
1.813353766813493166e+02
1.813812475756312779e+02
1.803490786548711640e+02
1.405340660480963777e+02
9.945730191285542787e+01
1.297323156111972864e+01
1.669112035818017148e+01
1.193124913250683150e+01
1.258763483733799582e+01
1.429943206309703285e+01
1.366242996058122472e+01
1.537695835858668225e+01
9.418278918292382684e+01
1.816284081740987233e+02
1.813099037226930932e+02
1.823733127854423230e+02
1.803201164218407655e+02
1.405030619761706419e+02
9.942413745177964302e+01
1.293346265949278440e+01
1.664956874370309947e+01
1.192253794085042706e+01
1.257632000652790616e+01
1.428556593429551391e+01
1.364611460549796185e+01
1.535822810221852386e+01
9.416127109005580564e+01
1.816047416893827915e+02
1.812844316078742963e+02
1.823460838969246822e+02
1.802911550345826299e+02
1.404720587759200328e+02
9.939097388557792101e+01
1.289369465753684985e+01
1.660801798734772561e+01
1.191382722535993466e+01
1.256500576396623003e+01
1.539443818511413653e+01
1.362980001465044388e+01
1.533949867605197426e+01
9.413975385157887388e+01
1.815810760367958778e+02
1.812589603368510893e+02
1.823188558553751477e+02
1.802621944930595816e+02
1.404410564473075738e+02
9.935781121421435103e+01
1.429433957603219518e+01
1.656646808908756796e+01
1.190511698599652668e+01
1.255369210960708592e+01
1.538055614780783209e+01
1.476733101119019587e+01
1.532077008003194862e+01
9.411823746744208563e+01
1.815574112162940992e+02
1.812334899095816070e+02
1.822916286607542702e+02
1.802332347972345303e+02
1.415356880612398527e+02
9.932464943765245380e+01
1.425459547822911688e+01
1.652491904889581065e+01
1.189640722272098117e+01
1.254237904340454968e+01
1.536667479497226552e+01
1.475100352553837446e+01
1.530204231410311166e+01
1.372520741574289218e+02
1.815337472278334872e+02
1.812080203260238704e+02
1.822644023130223161e+02
1.802042759470704709e+02
1.415046972081462968e+02
9.929148855585614797e+01
1.421485227863789902e+01
1.648337086674564134e+01
1.188769793549430354e+01
1.253106656531292984e+01
1.535279412655673426e+01
1.473467680404720248e+01
1.528331537821035901e+01
1.382500848045766588e+02
1.824868925459927596e+02
1.811825515861359293e+02
1.822371768121400066e+02
1.801753179425303983e+02
1.414737072255892940e+02
9.925832856878915322e+01
1.417510997722788701e+01
1.644182354261112167e+01
1.187898912427745302e+01
1.251975467528626851e+01
1.533891414251075602e+01
1.471835084666284921e+01
1.526458927229856499e+01
1.382283931791777434e+02
1.824632304828448071e+02
1.811570836898758898e+02
1.822099521580678072e+02
1.791034995449574296e+02
1.414427181135321803e+02
9.922516947641526031e+01
1.413536857396877622e+01
1.640027707646522970e+01
1.187028078903144745e+01
1.250844337327860778e+01
1.532503484278369577e+01
1.470202565333166511e+01
1.524586399631249201e+01
1.382067023880853753e+02
1.824395692509848175e+02
1.821302260509027064e+02
1.821827283507660695e+02
1.790745357104594291e+02
1.414117298719382063e+02
9.919201127869833101e+01
1.409562806883007191e+01
1.635873146828169666e+01
1.186157292971736865e+01
1.249713265924417627e+01
1.531115622732484560e+01
1.468570122400014633e+01
1.522713955019692200e+01
1.381850124312514083e+02
1.824159088503690498e+02
1.821047624838176091e+02
1.821555053901954011e+02
1.790455727223585711e+02
1.413807425007707366e+02
9.915885397560212766e+01
1.405588846178139484e+01
1.631718671803369602e+01
1.185286554629604616e+01
1.248582253313713331e+01
1.529727829608365397e+01
1.466937755861451009e+01
1.520841593389678437e+01
1.391814940765613642e+02
1.823922492809535925e+02
1.820792997595123950e+02
1.831460633183149014e+02
1.790166105806178223e+02
1.413497559999930786e+02
9.912569756709041258e+01
1.401614975279209752e+01
1.627564282569465348e+01
1.290725378759760034e+01
1.247451299491163113e+01
1.528340104900953200e+01
1.465305465712122945e+01
1.518969314735678644e+01
1.391598023336163692e+02
1.823685905426946476e+02
1.820538378779451421e+02
1.831188471411122123e+02
1.789876492852000354e+02
1.413187703695685400e+02
9.909254205312693387e+01
1.397641194183211866e+01
1.768978087455644044e+01
1.289852449784568478e+01
1.246320404452193920e+01
1.526952448605189794e+01
1.463673251946665843e+01
1.517097119052195353e+01
1.391381114242985575e+02
1.823449326355485027e+02
1.820283768390740704e+02
1.830916318097136184e+02
1.789586888360680916e+02
1.412877856094605136e+02
9.905938743367565280e+01
1.393667502887069176e+01
1.764826430382382583e+01
1.288979568478086080e+01
1.245189568192198593e+01
1.525564860716009896e+01
1.577234865161520538e+01
1.515225006333701074e+01
1.391164213485599532e+02
1.823212755594713315e+02
1.820029166428573149e+02
1.830644173240798693e+02
1.789297292331849576e+02
1.412568017196323638e+02
9.902623370870023223e+01
1.389693901387735053e+01
1.760674858955372812e+01
1.288106734836364353e+01
1.244058790706623085e+01
1.524177341228369365e+01
1.575601368291253657e+01
1.395127212683963869e+01
1.390947321063524100e+02
1.822976193144193076e+02
1.819774572892530955e+02
1.830372036841714873e+02
1.789007704765135713e+02
1.412258187000473129e+02
9.899308087816453394e+01
1.385720389682176013e+01
1.756523373171913960e+01
1.287233948855518939e+01
1.242928071990863792e+01
1.522789890137194035e+01
1.573967947797075340e+01
1.393256406318976559e+01
1.390730436976278952e+02
1.822739639003486900e+02
1.819519987782195187e+02
1.830099908899489094e+02
1.788718125660167289e+02
1.411948365506688106e+02
9.895992894203236290e+01
1.381746967767358925e+01
1.752371973029412189e+01
1.286361210531663346e+01
1.241797412040355297e+01
1.521402507437435858e+01
1.572334603673642306e+01
1.391385682917506017e+01
1.390513561223384045e+02
1.832256834125612386e+02
1.829236696347771272e+02
1.829827789413728283e+02
1.788428555016573398e+02
1.411638552714600507e+02
1.001430227916534363e+02
1.377773635640223304e+01
1.748220658525161042e+01
1.285488519860872891e+01
1.240666810850501989e+01
1.520015193124039676e+01
1.570701335915603813e+01
1.389515042474000417e+01
1.390296693804358483e+02
1.832020299403142189e+02
1.828982154658972377e+02
1.829555678384038515e+02
1.798568356931790220e+02
1.422567811332996541e+02
1.001098849025671882e+02
1.517594726848985331e+01
1.744069429656560644e+01
1.284615876839253268e+01
1.348932259945528855e+01
1.518627947191952288e+01
1.569068144517586205e+01
1.387644484982966020e+01
1.390079834718722225e+02
1.831783772982963399e+02
1.828727621387411659e+02
1.829283575810025582e+02
1.798278878332380089e+02
1.422258113237930672e+02
1.000767479066726366e+02
5.894239904018497356e+01
1.513623781741133634e+01
1.739918286420926208e+01
1.283743281462898622e+01
1.347799760860173102e+01
1.517240769636098108e+01
1.567435029474237673e+01
1.385774010438879067e+01
1.389862983965994658e+02
1.831547254864638319e+02
1.828473096532671320e+02
1.829011481691295273e+02
1.797989408184396325e+02
1.421948423833572122e+02
1.000436118039336151e+02
5.890699304280292381e+01
1.509652926275490259e+01
1.735767228815619134e+01
1.389009185705227267e+01
1.346667320583516236e+01
1.515853660451444185e+01
1.565801990780210318e+01
1.383903618836225036e+01
1.389646141545696025e+02
1.831310745047730109e+02
1.828218580094333845e+02
1.828739396027452813e+02
1.808113169792532915e+02
1.421638743119554533e+02
1.000104765943141274e+02
6.018031808164782603e+01
1.505682160448954043e+01
1.731616256837984480e+01
1.388134407968078143e+01
1.345534939110996220e+01
1.514466619632926658e+01
1.564169028430152508e+01
1.382033310169482299e+01
1.389429307457346283e+02
1.831074243531801926e+02
1.827964072071982002e+02
1.828467318818104843e+02
1.807823791763202621e+02
1.421329071095511267e+02
9.997734227777782223e+01
6.014492909184713909e+01
1.501711484258527918e+01
1.727465370485392171e+01
1.387259677955029602e+01
1.453631009999795687e+01
1.513079647175491438e+01
1.562536142418699825e+01
1.380163084433130471e+01
1.389212481700463968e+02
1.830837750316416646e+02
1.827709572465198846e+02
1.828195250062856871e+02
1.807534422175364170e+02
1.432240470632730194e+02
9.994420885428876034e+01
6.010954101261268789e+01
1.497740897701181062e+01
1.723314569755182291e+01
1.386384995662172059e+01
1.452496738043613256e+01
1.623763743963009532e+01
1.560903332740506855e+01
1.378292941621664980e+01
1.388995664274570174e+02
1.830601265401137425e+02
1.827455081273566009e+02
1.827923189761315825e+02
1.817642182676682125e+02
1.431930913332024318e+02
9.991107632381081771e+01
6.007415384390932189e+01
1.493770400773859741e+01
1.864478251301131095e+01
1.385510361085617603e+01
1.451362524939136911e+01
1.622375187928322404e+01
1.559270599390223921e+01
1.376422881729563841e+01
1.388778855179183722e+02
1.830364788785526855e+02
1.827200598496666828e+02
1.837814031721307515e+02
1.817352905281219932e+02
1.431621364710322268e+02
9.987794468630798406e+01
6.003876758570181948e+01
1.489799993473526030e+01
1.860330178686264091e+01
1.384635774221447946e+01
1.450228370681782231e+01
1.620986700273060066e+01
1.672637198701129790e+01
1.374552904751316440e+01
1.388562054413825138e+02
1.830128320469148662e+02
1.826946124134084073e+02
1.837542039277658432e+02
1.817063636317330406e+02
1.431311824767257974e+02
1.010590687081613481e+02
6.000338223795528592e+01
1.485829675797160121e+01
1.856182191549537919e+01
1.383761235065752437e+01
1.449094275266991438e+01
1.619598280992161676e+01
1.671003188583600263e+01
1.372683010681406302e+01
1.388345261978014378e+02
1.829891860451565435e+02
1.826691658185399660e+02
1.837270055278467851e+02
1.827155434783460066e+02
1.431002293502468206e+02
1.010259511120499951e+02
5.996799780063434326e+01
1.481859447741713076e+01
1.852034289888283425e+01
1.382886743614623981e+01
1.447960238690153467e+01
1.618209930080598369e+01
1.669369254785962653e+01
1.370813199514319436e+01
1.388128477871271400e+02
1.829655408732340618e+02
1.826437200650196075e+02
1.836998079723339572e+02
1.826866258084926073e+02
1.430692770915586891e+02
1.009928344077044642e+02
5.993261427370403283e+01
1.477889309304169707e+01
1.847886473699851706e+01
1.382012299864194915e+01
1.446826260946698994e+01
1.616821647533295092e+01
1.667735397302875455e+01
1.368943471244543275e+01
1.387911702093115878e+02
1.829418965311037084e+02
1.826182751528057224e+02
1.836726112611883934e+02
1.826577089808059213e+02
1.430383257006248812e+02
1.009597185950887450e+02
5.989723165712902642e+01
1.473919260481476279e+01
1.843738742981615886e+01
1.381137903810508938e+01
1.445692342032054967e+01
1.615433433345224046e+01
1.666101616128988994e+01
1.367073825866561876e+01
1.387694934643068621e+02
1.829182530187218561e+02
1.825928310818565308e+02
1.836454153943705876e+02
1.826287929952491425e+02
1.430073751774089885e+02
1.009266036741667989e+02
5.986184995087437244e+01
1.469949301270620090e+01
1.839591097730948377e+01
1.380263555449711177e+01
1.444558481941636963e+01
1.614045287511325100e+01
1.664467911258956789e+01
1.365204263374867999e+01
1.387478175520648449e+02
1.838685548446392204e+02
1.825673878521303664e+02
1.836182203718412609e+02
1.836363889243250185e+02
1.429764255218744609e+02
1.008934896449026297e+02
5.982646915490483508e+01
1.609525436598719139e+01
1.835443537945191039e+01
1.379389254777879437e+01
1.443424680670886850e+01
1.612657210026547716e+01
1.662834282687422416e+01
1.363334783763947655e+01
1.387261424725376742e+02
1.838449132876622514e+02
1.825419454635854493e+02
1.835910261935611629e+02
1.836074821715754979e+02
1.429454767339849184e+02
1.008603765072602272e+02
5.979108926918533484e+01
1.605557861158045085e+01
1.831296063621704207e+01
1.378515001791116923e+01
1.442290938215205287e+01
1.611269200885851305e+01
1.661200730409063553e+01
1.361465387028293961e+01
1.387044682256772887e+02
1.838212725596827113e+02
1.825165039161800280e+02
1.835638328594907875e+02
1.835785762599669511e+02
1.429145288137037824e+02
1.008272642612035526e+02
5.975571029368070697e+01
1.601590375184100168e+01
1.827148674757831870e+01
1.377640796485505348e+01
1.441157254570030588e+01
1.609881260084192078e+01
1.659567254418520932e+01
1.477800166123034309e+01
1.396993752595884075e+02
1.837976326606570581e+02
1.824910632098724932e+02
1.835366403695909696e+02
1.835496711894625435e+02
1.428835817609944741e+02
1.007941529066966524e+02
6.102689445085668041e+01
1.597622978673851435e+01
1.823001371350954969e+01
1.376766638857171898e+01
1.440023629730777976e+01
1.608493387616509196e+01
1.657933854710456956e+01
1.475929794396225248e+01
1.396776992463917679e+02
1.837739935905416360e+02
1.834613013430527531e+02
1.835094487238224872e+02
1.835207669600256395e+02
1.428526355758208126e+02
1.007610424437033885e+02
6.099153246678425688e+01
1.593655671624256698e+01
1.963913048408572237e+01
1.375892528902194556e+01
1.438890063692874755e+01
1.718988180277917266e+01
1.656300531279520172e+01
1.474059505513200108e+01
1.396560240652320601e+02
1.837503553492929314e+02
1.834358649837526229e+02
1.834822579221457488e+02
1.845267912664646701e+02
1.428216902581459351e+02
1.007279328721879637e+02
6.095617139160917475e+01
1.589688454032309473e+01
1.959768469219838494e+01
1.375018466616679014e+01
1.437756556451732415e+01
1.717598731282375368e+01
1.654667284120376536e+01
1.472189299468456092e+01
1.396343497160613651e+02
1.837267179368673169e+02
1.834104294647053734e+02
1.834550679645216746e+02
1.844978962750853384e+02
1.427907458079337459e+02
1.006948241921141829e+02
6.092081122529633319e+01
1.585721325894986045e+01
1.955623975344224164e+01
1.374144451996751037e+01
1.436623108002804550e+01
1.716209350638828468e+01
1.653034113227678503e+01
1.470319176256476723e+01
1.396126761988317639e+02
1.837030813532211369e+02
1.833849947858694520e+02
1.834278788509109859e+02
1.844690021237860549e+02
1.427598022251474390e+02
1.006617164034461211e+02
6.088545196781081614e+01
1.581754287209257193e+01
1.951479566779128305e+01
1.373270485038459654e+01
1.435489718341503007e+01
1.714820038342220343e+01
1.766204919861376510e+01
1.468449135871774480e+01
1.406060595857243811e+02
1.836794455983109344e+02
1.833595609472031640e+02
1.834006905812742900e+02
1.844401088125303261e+02
1.427288595097507482e+02
1.006286095061478676e+02
6.085009361911743753e+01
1.577787337972101334e+01
1.947335243521890291e+01
1.372396565737953544e+01
1.434356387463254379e+01
1.713430794387509337e+01
1.764570478504709428e+01
1.466579178308842657e+01
1.405843843322732596e+02
1.836558106720929686e+02
1.833341279486649569e+02
1.833735031555722514e+02
1.844112163412814311e+02
1.426979176617070948e+02
1.005955035001832556e+02
6.081473617918129548e+01
1.573820478180487292e+01
1.943191005569891061e+01
1.371522694091317085e+01
1.433223115363482236e+01
1.712041618769639229e+01
1.762936113406242455e+01
1.464709303562178100e+01
1.405627099101333215e+02
1.836321765745237542e+02
1.823130018129556333e+02
1.833463165737657050e+02
1.843823247100026208e+02
1.426669766809801274e+02
1.005623983855164028e+02
6.077937964796727499e+01
1.569853707831390821e+01
1.939046852920495922e+01
1.370648870094643179e+01
1.432089902037609441e+01
1.710652511483590388e+01
1.761301824560649365e+01
1.462839511626274458e+01
1.405410363192567900e+02
1.845810610148552371e+02
1.822875678339294439e+02
1.823027549468281450e+02
1.843534339186574300e+02
1.426360365675332957e+02
1.005292941621112419e+02
6.074402402544035340e+01
1.565887026921774172e+01
1.934902785571044603e+01
1.369775093744055283e+01
1.430956747481093316e+01
1.709263472524309790e+01
1.759667611962574085e+01
1.460969802495634440e+01
1.405193635595958597e+02
1.845574288883001088e+02
1.812649373192575410e+02
1.822755649712325123e+02
1.843245439672090811e+02
1.426050973213301916e+02
1.004961908299318054e+02
6.201300926358705823e+01
1.561920435448638145e+01
1.930758803518943267e+01
1.368901365035628714e+01
1.429823651689326702e+01
1.707874501886758267e+01
1.872653927467295532e+01
1.459100176164760576e+01
1.404976916311026685e+02
1.845337975896438252e+02
1.812395023832313541e+02
1.812304282538531481e+02
1.853290257555164828e+02
1.436946255882136256e+02
1.016754687392467815e+02
6.197767062144711758e+01
1.557953933408924385e+01
1.926614906761531287e+01
1.368027683965493324e+01
1.537715811765040108e+01
1.706485599565882083e+01
1.871018450702133507e+01
1.457230632628153977e+01
1.404760205337294678e+02
1.845101671188427872e+02
1.802153642158318689e+02
1.801837171341592807e+02
1.853001450444615443e+02
1.436636977999762053e+02
1.016423794322246863e+02
6.194233288667992099e+01
1.697288146016590460e+01
2.067272706181638142e+01
1.367154050529752318e+01
1.536580833802926627e+01
1.705096765556672977e+01
1.869383050175978056e+01
1.455361171880309712e+01
1.404543502674283673e+02
1.844865374758535381e+02
1.781879971870230008e+02
1.791354280519310862e+02
1.852712651723179533e+02
1.436327708778884187e+02
1.016092910152224960e+02
6.190699605925034632e+01
1.693324024360288504e+01
2.063131529892016403e+01
1.366280464724492383e+01
1.535445914652717470e+01
1.703707999854058031e+01
1.867747725883526044e+01
1.453491793915723385e+01
1.404326808321516467e+02
1.844629086606325927e+02
1.761545742988200516e+02
1.760354881543073589e+02
1.852423861390491595e+02
1.436018448219140282e+02
1.015762034882043139e+02
6.187166013912361251e+01
1.689359991992777665e+01
2.058990438753643204e+01
1.471333936780130180e+01
1.534311054309813471e+01
1.702319302453012639e+01
1.866112477819414650e+01
1.569624029925713593e+01
1.404110122278514723e+02
1.844392806731364374e+02
1.670176226885183155e+02
1.852135079446186410e+02
1.435709196320165120e+02
1.015431168511342861e+02
6.183632512626469691e+01
1.685396048910997280e+01
2.054849432763890604e+01
1.470458178329396759e+01
1.533176252769652415e+01
1.700930673348504385e+01
1.864477305978333987e+01
1.567753682506271495e+01
1.403893444544800104e+02
1.844156535133215584e+02
1.851846305889898474e+02
1.435399953081595470e+02
1.015100311039765018e+02
6.180099102063859107e+01
1.681432195111957384e+01
2.050708511920133503e+01
1.469582467587378716e+01
1.532041510027676523e+01
1.811233434861980385e+01
1.748230258258779202e+01
1.565883417838478309e+01
1.403676775119894842e+02
1.843920271811444422e+02
2.188983704262944627e+02
1.851557540721261716e+02
1.435090718503066967e+02
1.014769462466950642e+02
6.176565782221054235e+01
1.677468430592608684e+01
2.046567676219741472e+01
1.468706804550141776e+01
1.530906826079297822e+01
1.809843236290671342e+01
1.746596655448901103e+01
1.564013235916856281e+01
1.403460114003321735e+02
1.843684016765617457e+02
2.207541039275542403e+02
1.851268783939911202e+02
1.445968446999645209e+02
1.026542389228760328e+02
6.173032553094540020e+01
1.673504755349961215e+01
2.042426925660078751e+01
1.467831189213817922e+01
1.529772200919946989e+01
1.808453106033567082e+01
1.744963128838544009e+01
1.562143136735902438e+01
1.403243461194601878e+02
1.853158711901416211e+02
2.216672684137040790e+02
1.850980035545481428e+02
1.445659327004904071e+02
1.026211680873592655e+02
6.169499414680831961e+01
1.669541169380993040e+01
2.038286260238541558e+01
1.466955621574456181e+01
1.528637634545054524e+01
1.807063044085617420e+01
1.743329678422388085e+01
1.560273120290132809e+01
9.741498050559040678e+01
1.852922476727910066e+02
2.225790730060142550e+02
2.089108599868579859e+02
1.850691295537607459e+02
1.445350215659286164e+02
1.025880981405155126e+02
6.165966366976444135e+01
1.808620462543476037e+01
2.034145679952489871e+01
1.466080101628229038e+01
1.636351706535798556e+01
1.805673050441778216e+01
1.741696304195089340e+01
1.558403186574053834e+01
9.739348599148134156e+01
1.852686249822857008e+02
2.234895207399762853e+02
2.118062346736153927e+02
1.850402563915924361e+02
1.445041112962427121e+02
1.025550290823090336e+02
6.162433409977876408e+01
1.804659254423608772e+01
2.030005184799298235e+01
1.465204629371193157e+01
1.635215265592310274e+01
1.804283125097042628e+01
1.740063006151326874e+01
1.438539749736900042e+01
9.737199232735721921e+01
1.852450031185823036e+02
2.243986146420540422e+02
2.127504359158276372e+02
1.850113840680064641e+02
1.444732018913965987e+02
1.025219609127040030e+02
6.158900543681632911e+01
1.800698135433139058e+01
2.025864774776370680e+01
1.464329204799479278e+01
1.634078883479964617e+01
1.802893268046359054e+01
1.738429784285761315e+01
1.436671116574328266e+01
9.735049951316767647e+01
1.852213820816375005e+02
2.243733273276517082e+02
2.146615149878676334e+02
1.849825125829664785e+02
1.444422933513537259e+02
1.024888936316644674e+02
6.155367768084219193e+01
1.796737105569035364e+01
2.021724449881028107e+01
1.463453827909163074e+01
1.632942560194184622e+01
1.801503479284703602e+01
1.736796638593075670e+01
1.434802566140049507e+01
9.732900754886220795e+01
1.851977618714078346e+02
2.252810746934833048e+02
2.156013903595635384e+02
1.859854977771452127e+02
1.444113856760779981e+02
1.024558272391547860e+02
6.151835083182157149e+01
1.792776164828262608e+01
2.017584210110663534e+01
1.462578498696377949e+01
1.631806295730408607e+01
1.800113758807025022e+01
1.735163569067925593e+01
1.432934098428593295e+01
9.838549095927373855e+01
1.851741424878498776e+02
2.252557924654436192e+02
2.155743940616889063e+02
1.859566355300417513e+02
1.443804788655331208e+02
1.036311401117419990e+02
6.148302488971929591e+01
1.788815313207852853e+01
2.013444055462673532e+01
1.461703217157191759e+01
1.630670090084044688e+01
1.798724106608321804e+01
1.848129778661732203e+01
1.431065713434439779e+01
9.836399581038229201e+01
1.851505239309202580e+02
2.252305110455592683e+02
2.165128425699012951e+02
1.859277741205007999e+02
1.443495729196826858e+02
1.035980877375471749e+02
6.274992993107643002e+01
1.784854550704752896e+01
2.153859268938504812e+01
1.460827983287755671e+01
1.629533943250550010e+01
1.797334522683537728e+01
1.846495444922310725e+01
1.429197411152116182e+01
9.834250151076787461e+01
1.851269062005756325e+02
2.261369192051340349e+02
2.164858534813232609e+02
1.858989135484859787e+02
1.443186678384905974e+02
1.035650362506813167e+02
6.271462094934473441e+01
1.780893877316004037e+01
2.149721830451555959e+01
1.565700766873114524e+01
1.628397855225355428e+01
1.795945007027640372e+01
1.844861187341999553e+01
1.427329191576121836e+01
9.832100806038008045e+01
1.851032892967725161e+02
2.261116428844977975e+02
2.174228784249217483e+02
1.858700538139608227e+02
1.442877636219203623e+02
1.035319856511086556e+02
6.267931287322075207e+01
1.776933293038552719e+01
2.145584476943927399e+01
1.564823368875896037e+01
1.627261826003887535e+01
1.794555559635621478e+01
1.843227005915464645e+01
1.425461054700953767e+01
9.829951545916856048e+01
1.850796732194675087e+02
2.260863673712024422e+02
2.173958965558378225e+02
1.858411949168888100e+02
1.442568602699357427e+02
1.034989359387935366e+02
6.264400570266960244e+01
1.772972797869431005e+01
2.141447208413023873e+01
1.563946018626050005e+01
1.626125855581569724e+01
1.793166180502419138e+01
1.956010628018449538e+01
1.423593000521137597e+01
9.827802370708310775e+01
1.850560579686173241e+02
2.260610926652093156e+02
2.173689155021013732e+02
1.858123368572335607e+02
1.442259577825005294e+02
1.034658871137001057e+02
6.260869943765652579e+01
1.911802506881122810e+01
2.137310024856219215e+01
1.563068716119650681e+01
1.624989943953866955e+01
1.791776869623031132e+01
1.954375188646394079e+01
1.421725029031181720e+01
9.825653280407330215e+01
1.850324435441785624e+02
2.260358187664797356e+02
2.173419352636755093e+02
1.857834796349586099e+02
1.441950561595783711e+02
1.034328391757928927e+02
6.257339407814652077e+01
1.907844386745186682e+01
2.133172926270888681e+01
1.562191461352802513e+01
1.732522560975112214e+01
1.790387626992412251e+01
1.952739825419392616e+01
1.419857140225588843e+01
9.823504275008886566e+01
1.859785052316171061e+02
2.260105456749749635e+02
2.182775527590541174e+02
1.857546232500274073e+02
1.441641554011331152e+02
1.033997921250359298e+02
6.253808962410499106e+01
1.903886355573636280e+01
2.129035912654423157e+01
1.561314254321604800e+01
1.731384782448762039e+01
1.788998452605549616e+01
1.951104538332149474e+01
1.417989334098873577e+01
9.821355354507944924e+01
1.859548928084168438e+02
2.259852733906563742e+02
2.182505797485437711e+02
1.857257677024036582e+02
1.452502621642061342e+02
1.033667459613936472e+02
6.250278607549692111e+01
1.899928413363473112e+01
2.124898984004197544e+01
1.560437095022196097e+01
1.730247062763235988e+01
1.787609346457391624e+01
1.949469327379346240e+01
1.416121610645534545e+01
9.819206518899484593e+01
1.859312812108801438e+02
2.259600019134853142e+02
2.182236075524559453e+02
1.856969129920508124e+02
1.452193728560663715e+02
1.033337006848301769e+02
6.246748343228757250e+01
1.895970560111699754e+01
2.120762140317606637e+01
1.559559983450639287e+01
1.729109401913927258e+01
1.786220308542918644e+01
1.947834192555659882e+01
1.532232798093259518e+01
9.817057768178462140e+01
1.859076704389637769e+02
2.259347312434230730e+02
2.181966361707535498e+02
1.856680591189324900e+02
1.451884844113142492e+02
1.033006562953099206e+02
6.243218169444208598e+01
1.892012795815321624e+01
2.116625381592034216e+01
1.558682919603052675e+01
1.727971799896323191e+01
1.896323460241229952e+01
1.946199133855785490e+01
1.530364104664064762e+01
9.814909102339858293e+01
1.858840604926244282e+02
2.259094613804309972e+02
2.181696656033998920e+02
1.856392060830122546e+02
1.451575968299135297e+02
1.032676127927971095e+02
6.239688086192566630e+01
1.888055120471334902e+01
2.112488707824843104e+01
1.557805903475554565e+01
1.726834256705846826e+01
1.894932859997940255e+01
1.944564151274402519e+01
1.528495493876778788e+01
9.812760521378638146e+01
1.858604513718188116e+02
2.258841923244704049e+02
2.181426958503579954e+02
1.856103538842535841e+02
1.451267101118280038e+02
1.032345701772560318e+02
6.236158093470336894e+01
1.884097534076753888e+01
2.252654185936829379e+01
1.556928935064240704e+01
1.725696772337913742e+01
1.893542328005686315e+01
1.942929244806188294e+01
1.526626965725919582e+01
9.918238653433998309e+01
1.858368430765035839e+02
2.267892987521346413e+02
2.181157269115909969e+02
1.855815025226200703e+02
1.450958242570216044e+02
1.032015284486510041e+02
6.362634771919976373e+01
1.880140036628559130e+01
2.248520224452398253e+01
1.556052014365199021e+01
1.724559346787993164e+01
1.892151864259446370e+01
1.941294414445834349e+01
1.524758520206022361e+01
9.916089757191981846e+01
1.858132356066354873e+02
2.267640348020326542e+02
2.190499595409295921e+02
1.865830118291257236e+02
1.450649392654580367e+02
1.043749587969037123e+02
6.359106473742961185e+01
1.876182628123748941e+01
2.244386347783748548e+01
1.555175141374560610e+01
1.723421980051507418e+01
1.890761468754201502e+01
1.939659660188029022e+01
1.522890157311584325e+01
9.913940945766670154e+01
1.857896289621712924e+02
2.267387716581491759e+02
2.190229978358808864e+02
1.865541697010448274e+02
1.461492998213232397e+02
1.043419310749704749e+02
6.355578265964630447e+01
1.872225308559351475e+01
2.240252555928264044e+01
1.554298316088433651e+01
1.722284672123872440e+01
1.889371141484911121e+01
1.938024982027452836e+01
1.521021877037138736e+01
9.911792219153036854e+01
1.857660231430675992e+02
2.267135093204456382e+02
2.189960369442204637e+02
1.865253284091080559e+02
1.461184262803742513e+02
1.043089042387754262e+02
6.352050148581493971e+01
1.868268077932353677e+01
2.236118848883318577e+01
1.553421538502908739e+01
1.721147423000564558e+01
1.887980882446560926e+01
1.936390379958799812e+01
1.519153679377195942e+01
1.418516359800952102e+02
1.857424181492811783e+02
2.266882477888834728e+02
2.189690768659115179e+02
1.864964879532790576e+02
1.460875536015811065e+02
1.042758782882831099e+02
6.348522121590097811e+01
1.864310936239749239e+01
2.231985226646305520e+01
1.552544808614096716e+01
1.720010232677006812e+01
1.886590691634129868e+01
1.934755853976744433e+01
1.517285564326281566e+01
1.428404159992740574e+02
1.857188139807687151e+02
2.266629870634239978e+02
2.189421176009171290e+02
1.864676483335214812e+02
1.460566817849074823e+02
1.042428532234577716e+02
6.344994184986946806e+01
1.860353883478543935e+01
2.227851689214621800e+01
1.551668126418114468e+01
1.718873101148637517e+01
1.885200569042596541e+01
1.933121404075986760e+01
1.515417531878923185e+01
1.428187614212404810e+02
1.856952106374869516e+02
2.266377271440287018e+02
2.189151591492004343e+02
1.864388095497989752e+02
1.460258108303174538e+02
1.054142883126062742e+02
6.341466338768575639e+01
1.856396919645763077e+01
2.223718236585650843e+01
1.550791491911075681e+01
1.717736028410906357e+01
1.883810514666939184e+01
1.931487030251201986e+01
5.973441720219742024e+01
1.438060405752533484e+02
1.856716081193926300e+02
2.266124680306589880e+02
2.188882015107248833e+02
1.864099716020751032e+02
1.459949407377747832e+02
1.053812772532259743e+02
6.337938582931514020e+01
1.994989209382635664e+01
2.219584868756796325e+01
1.655473100516347884e+01
1.716599014459251649e+01
1.882420528502132484e+01
1.929852732497100121e+01
5.971533946471091525e+01
1.437843843689747416e+02
1.856480064264424925e+02
2.265872097232762883e+02
2.198210526302756591e+02
1.863811344903135705e+02
1.459640715072435171e+02
1.053482670783174058e+02
6.334410917472287395e+01
1.991034617066172174e+01
2.215451585725431372e+01
1.654594310764430531e+01
1.715462059289096786e+01
1.881030610543165693e+01
1.928218510808351027e+01
5.969626254556471423e+01
1.437627289902042378e+02
1.856244055585931960e+02
2.265619522218420343e+02
2.197941022312603252e+02
1.863522982144780258e+02
1.459332031386873894e+02
1.053152577878447715e+02
6.330883342387422630e+01
1.987080113534626946e+01
2.211318387488964277e+01
1.653715568778495992e+01
1.714325162895898913e+01
1.879640760785012077e+01
1.926584365179649438e+01
5.967718644470611622e+01
1.437410744388944295e+02
1.856008055158015111e+02
2.265366955263176010e+02
2.197671526446006283e+02
1.873522851416161075e+02
1.459023356320703897e+02
1.052822493817726439e+02
6.327355857673449435e+01
1.983125698784990121e+01
2.351234882782874536e+01
1.652836874554628110e+01
1.713188325275096346e+01
1.878250979222643835e+01
1.924950295605696482e+01
5.965811116208251264e+01
1.437194207149978524e+02
1.865454677890901110e+02
2.265114396366645337e+02
2.197402038702600464e+02
1.873234581005765165e+02
1.458714689873563657e+02
1.052492418600654531e+02
6.323828463326881888e+01
1.979171372814280616e+01
2.347104392956982721e+01
1.651958228088929204e+01
1.712051546422142678e+01
1.876861265851046312e+01
1.923316302081161666e+01
5.963903669764120252e+01
1.436977678184670992e+02
1.865218697586390419e+02
2.264861845528440938e+02
2.197132559082016883e+02
1.872946318944836150e+02
1.469541196733709683e+02
1.040117025653646721e+02
6.320301159344264619e+01
1.975217135619509889e+01
2.342973987783744150e+01
1.651079629377522195e+01
1.710914826332471961e+01
1.875471620665215866e+01
1.921682384600744697e+01
5.961996305132963414e+01
9.997765892373735142e+01
1.864982725524993157e+02
2.264609302748178266e+02
2.196863087583889467e+02
1.872658065233012792e+02
1.469232644763748965e+02
1.039786845845931396e+02
6.316773945722113837e+01
1.971262987197667371e+01
2.338843667260576353e+01
1.650201078416500522e+01
1.818249240927356070e+01
1.874082043660117947e+01
1.920048543159143861e+01
5.960089022309504259e+01
1.010290974613994024e+02
1.864746761706277312e+02
2.264356768025471354e+02
2.196593624207850439e+02
1.872369819869931007e+02
1.468924101401969153e+02
1.039456674891681303e+02
6.313246822456959961e+01
2.109600335509431090e+01
2.334713431384850679e+01
1.649322575201977159e+01
1.817110662026898638e+01
1.872692534830738964e+01
1.918414777751050337e+01
6.069032654224123036e+01
1.010076107746479863e+02
1.864510806129811158e+02
2.264104241359935088e+02
2.196324168953531739e+02
1.882354167981076785e+02
1.468615566648012134e+02
1.039126512790538612e+02
6.309719789545341939e+01
2.105648556213772693e+01
2.330583280154007753e+01
1.648444119730050872e+01
1.815972141935508688e+01
1.871303094172066395e+01
1.916781088371143227e+01
6.067124617838657485e+01
1.009861249344482417e+02
1.873943327766799882e+02
2.263851722751183217e+02
2.205638962832317134e+02
1.882066015015511766e+02
1.468307040501516667e+02
1.038796359542148195e+02
6.306192846983771005e+01
2.101696865547899762e+01
2.326453213565407196e+01
1.647565711996860927e+01
1.814833680648604997e+01
1.869913721679076346e+01
1.915147475014137157e+01
6.065216663221887927e+01
1.009646399407500894e+02
1.873707392508200655e+02
2.272890060163283579e+02
2.205369580020942806e+02
1.881777870388912959e+02
1.467998522962122649e+02
1.038466215146153928e+02
6.302665994768787527e+01
2.097745263508872426e+01
2.322323231616466543e+01
1.646687351998466653e+01
1.813695278161648972e+01
1.868524417346755939e+01
2.027719758250911397e+01
6.063308790368544265e+01
1.009431557935035642e+02
1.873471465484394685e+02
2.272637592632246424e+02
2.205100205322452211e+02
1.881489734100918554e+02
1.467690014029469125e+02
1.038136079602200255e+02
6.299139232896913398e+01
2.093793750093679762e+01
2.318193334304570286e+01
1.645809039731022594e+01
1.812556934470060099e+01
1.867135181170092295e+01
2.026084893110859753e+01
6.061400999273373458e+01
1.019929371817537174e+02
1.873235546694950244e+02
2.272385133149882961e+02
2.204830838736478711e+02
1.881201606151165890e+02
1.467381513703198266e+02
1.037805952909931051e+02
6.295612561364684012e+01
2.089842325299336423e+01
2.314063521627122100e+01
1.644930775190614725e+01
1.811418649569295525e+01
1.865746013144065785e+01
2.024450103984826654e+01
6.059493289931123883e+01
1.019714499871251832e+02
1.872999636139437030e+02
2.272132681715807507e+02
2.204561480262655948e+02
1.880913486539294865e+02
1.467073021982947978e+02
1.049522139552602056e+02
6.421888851610984261e+01
2.085890989122878736e+01
2.309933793581518913e+01
1.644052558373365258e+01
1.810280423454820209e+01
1.864356913263664239e+01
2.022815390867522467e+01
6.057585662336543209e+01
1.019499636383408330e+02
1.872763733817423315e+02
2.271880238329634949e+02
2.204292129900617567e+02
1.880625375264941681e+02
1.466764538868358727e+02
1.049192152752480496e+02
6.418363872114967705e+01
2.081939741561321711e+01
2.305804150165175770e+01
1.643174389275375802e+01
1.809142256122057191e+01
1.862967881523864833e+01
2.021180753753625225e+01
6.055678116484366313e+01
1.019284781353508436e+02
1.872527839728478227e+02
2.271627802990981593e+02
2.204022787649997213e+02
1.880337272327745097e+02
1.466456064359070410e+02
1.048862174792101030e+02
6.414838982828247538e+01
2.077988582611693502e+01
2.301674591375465440e+01
1.642296267892734463e+01
1.808004147566460063e+01
1.972862326553239853e+01
2.019546192637852045e+01
6.053770652369353655e+01
1.019069934781051359e+02
1.881946318304421197e+02
2.271375375699461188e+02
2.203753453510427676e+02
1.880049177727343590e+02
1.466147598454722925e+02
1.048532205671107391e+02
6.411314183747359152e+01
2.074037512270991712e+01
2.441348092960393856e+01
1.641418194221598625e+01
1.806866097783482417e+01
1.971471739716903571e+01
2.017911707514898367e+01
6.051863269986240113e+01
1.018855096665538440e+02
1.881710444712731487e+02
2.271122956454690041e+02
2.203484127481543737e+02
1.879761091463374214e+02
1.465839141154956167e+02
1.048202245389145020e+02
6.407789474868833679e+01
2.070086530536245206e+01
2.437221238436686122e+01
1.745911435411875345e+01
1.805728106768543384e+01
1.970081221038209662e+01
2.016277298379462479e+01
6.160628297778675488e+01
1.018640267006470452e+02
1.881474579346661642e+02
2.270870545256283322e+02
2.203214809562979042e+02
1.879473013535476014e+02
1.465530692459410886e+02
1.047872293945857223e+02
6.404264856189207933e+01
2.066135637404479297e+01
2.433094468397825949e+01
1.745031215253380097e+01
1.804590174517134571e+01
1.968690770512175803e+01
2.014642965226250126e+01
6.158720166476273761e+01
1.018425445803348310e+02
1.881238722205781357e+02
2.279895843823647112e+02
2.202945499754366097e+02
1.879184943943287465e+02
1.465222252367725275e+02
1.047542351340890576e+02
6.400740327705035781e+01
2.062184832872705798e+01
2.428967782841182554e+01
1.744151042882811353e+01
1.803452301024660187e+01
1.967300388133780231e+01
2.013008708049949647e+01
6.156812116866665008e+01
1.018210633055672361e+02
1.881002873289660613e+02
2.279643483783360125e+02
2.202676198055338546e+02
1.889154397773226037e+02
1.464913820879541220e+02
1.047212417573889383e+02
6.397215889412849066e+01
2.200281664759513234e+01
2.424841181764194786e+01
1.743270918296282446e+01
1.802314486286615391e+01
1.965910073898025701e+01
2.011374526845282062e+01
6.154904148944599029e+01
1.017995828762942523e+02
1.880767032597868251e+02
2.279391131781338800e+02
2.211977565554762748e+02
1.888866420561683981e+02
1.464605397994498048e+02
1.058909098446105475e+02
6.393691541309171811e+01
2.196333226124625781e+01
2.420714665164247847e+01
1.742390841489910258e+01
1.801176730298415762e+01
1.964519827799876950e+01
2.009740421606939975e+01
6.152996262704834152e+01
1.017781032924661702e+02
1.880531200129975105e+02
2.279138787817199159e+02
2.211708336312625534e+02
1.888578451676095540e+02
1.464296983712235090e+02
1.058579304523953795e+02
6.519750429751135812e+01
2.192384875947005440e+01
2.416588233038789824e+01
1.741510812459802438e+01
1.800039033055514892e+01
1.963129649834341706e+01
2.008106392329626289e+01
6.151088458142118043e+01
1.017566245540328680e+02
1.880295375885550584e+02
2.278886451890556089e+02
2.211439115171253604e+02
1.888290491116100895e+02
1.463988578032394230e+02
1.058249519427849492e+02
6.516227772570424293e+01
2.188436614223668997e+01
2.412461885385171101e+01
1.740630831202041406e+01
1.907181626181866818e+01
1.961739539996409221e+01
2.006472439008047814e+01
6.149180735251221108e+01
1.017351466609445652e+02
1.880059559864164669e+02
2.278634124001027033e+02
2.211169902130283162e+02
1.888002538881335965e+02
1.474798983980659557e+02
1.057919743157438432e+02
6.512705205448210677e+01
2.184488440951637500e+01
2.408335622200829818e+01
1.739750897712754707e+01
1.906042078023533648e+01
1.960349498281068747e+01
2.118849975816855036e+01
6.147273094026883911e+01
1.442722457762402541e+02
1.879823752065386770e+02
2.278381804148227445e+02
2.210900697189347284e+02
1.887714594971443773e+02
1.474490692654409543e+02
1.057589975712367334e+02
6.509182728381009042e+01
2.180540356127957580e+01
2.404209443483174979e+01
1.738871011988079474e+01
1.904902588655834705e+01
2.070060205726910141e+01
2.117214776883491822e+01
6.145365534463861934e+01
1.442506069802033437e+02
1.879587952488787721e+02
2.278129492331773065e+02
2.210631500348081033e+02
1.887426659386060805e+02
1.474182409919764325e+02
1.057260217092280215e+02
6.505660341365384625e+01
2.176592359749651706e+01
2.400083349229596053e+01
1.737991174024088536e+01
1.903763158074197293e+01
2.068668615779678532e+01
2.115579653896782375e+01
6.143458056556924163e+01
1.442289690100049029e+02
1.888992471927591623e+02
2.277877188551280767e+02
2.210362311606118340e+02
1.887138732124826390e+02
1.473874135776362380e+02
1.056930467296823934e+02
6.502138044397871397e+01
2.172644451813734889e+01
2.395957339437501332e+01
1.737111383816910504e+01
1.902623786274112661e+01
2.067277093971746638e+01
2.113944606851417163e+01
6.141550660300818265e+01
1.452131992456051819e+02
1.888756692998590268e+02
2.277624892806365438e+02
2.210093130963093415e+02
1.886850813187380425e+02
1.473565870223844456e+02
1.056600726325643507e+02
6.498615837475026069e+01
2.168696632317271522e+01
2.535385962471418964e+01
1.736231641362654798e+01
1.901484473250992480e+01
2.065885640298117210e+01
2.112309635742125735e+01
6.139643345690299725e+01
1.451915596953753322e+02
1.888520922284328662e+02
2.277372605096643952e+02
2.209823958418642746e+02
1.886562902573361669e+02
1.473257613261852441e+02
1.056270994178385507e+02
6.495093720593388298e+01
2.164748901257225810e+01
2.531262652947203406e+01
1.840548037056122510e+01
1.900345219000298158e+01
2.064494254753783054e+01
2.110674740563601048e+01
6.248228607195635220e+01
1.451699209703567419e+02
1.888285159784377925e+02
2.277120325421732900e+02
2.209554793972398556e+02
1.896517332575035368e+02
1.472949364890027084e+02
1.067948353677157058e+02
6.491571693749509109e+01
2.302599116682461755e+01
2.527139427743083999e+01
1.839666156429565547e+01
1.899206023517494302e+01
2.063102937333753317e+01
2.109039921310566967e+01
6.246320548217742186e+01
1.451482830705022593e+02
1.888049405498308317e+02
2.276868053781247170e+02
2.209285637623996195e+02
1.896229514343137907e+02
1.472641125108009135e+02
1.067618761315405607e+02
6.488049756939955159e+01
2.298653748712253986e+01
2.523016286856455537e+01
1.838784323631852757e+01
1.898066886798008213e+01
2.061711688033009082e+01
2.107405177977738830e+01
6.244412570846255761e+01
1.451266459957646191e+02
1.887813659425690389e+02
2.276615790174804204e+02
2.209016489373070158e+02
1.895941704424930947e+02
1.483434311678093707e+02
1.067289177765684371e+02
6.613893464706424652e+01
2.294708469036176268e+01
2.518893230284742302e+01
1.837902538659023222e+01
1.896927808837327234e+01
2.060320506846564825e+01
2.219596441533775177e+01
6.242504675075932141e+01
1.451050097460966697e+02
1.887577921566096109e+02
2.276363534602019456e+02
2.208747349219255796e+02
1.895653902820055237e+02
1.483126186240852178e+02
1.066959603027640640e+02
6.610373217576648130e+01
2.290763277651197782e+01
2.514770258025365024e+01
1.837020801507210876e+01
1.895788789630893234e+01
2.169851207420214578e+01
2.217960458753219655e+01
6.240596860901536758e+01
1.460877407408215731e+02
1.887342191919095455e+02
2.276111287062509234e+02
2.218035388400181205e+02
1.895366109528150389e+02
1.482818069382620649e+02
1.066630037100920987e+02
6.606853060351460272e+01
2.286818174554409566e+01
2.510647370075715301e+01
1.836139112172552856e+01
1.894649829174145239e+01
2.168458484792184393e+01
2.216324551883528926e+01
6.349008611555628079e+01
1.460661029396635513e+02
1.887106470484258693e+02
2.285123880664665421e+02
2.217766320708316812e+02
1.895078324548855164e+02
1.482509961103043281e+02
1.066300479985171989e+02
6.603332993027390785e+01
2.282873159742826275e+01
2.506524566433211021e+01
1.835257470651142597e+01
1.893510927462551763e+01
2.167065830294801643e+01
2.214688720919414422e+01
6.347100057781089077e+01
1.460444659629481237e+02
1.886870757261158076e+02
2.284871684309132718e+02
2.217497261104762458e+02
1.894790547881811165e+02
1.482201861401759686e+02
1.065970931680039087e+02
6.599813015601031907e+01
2.278928233213494181e+01
2.502401847095300269e+01
1.834375876939070338e+01
1.892372084491558226e+01
2.165673243923087909e+01
2.213052965855598941e+01
6.345191585563156167e+01
1.460228298106281670e+02
1.886635052249363582e+02
2.284619495978793395e+02
2.217228209589153209e+02
1.894502779526656582e+02
1.481893770278411750e+02
1.065641392185171838e+02
6.596293128068910505e+01
2.274983394963438599e+01
2.641578490512580402e+01
1.833494331032474989e+01
1.999329163227545791e+01
2.164280725672033157e+01
2.211417286686803507e+01
6.343283194896608990e+01
1.460011944826565582e+02
1.886399355448445760e+02
2.284367315673264898e+02
2.216959166161123846e+02
1.894215019483031881e+02
1.481585687732642782e+02
1.065311861500213979e+02
6.592773330427594658e+01
2.271038644989708288e+01
2.637458467866554912e+01
1.832612832927451763e+01
1.998188477048260836e+01
2.162888275536643334e+01
2.209781683407747721e+01
6.341374885776216530e+01
1.459795599789862024e+02
1.886163666857976864e+02
2.284115143392163816e+02
2.216690130820309435e+02
1.893927267750578096e+02
1.492361594412889474e+02
1.064982339624813505e+02
6.589253622673643918e+01
2.267093983289333181e+01
2.633338529384082349e+01
1.831731382620106885e+01
1.997047849654437002e+01
2.161495893511919775e+01
2.208146156013130579e+01
6.339466658196754878e+01
1.459579262995699764e+02
1.885927986477526872e+02
2.283862979135107310e+02
2.216421103566345892e+02
1.893639524328933419e+02
1.492053626212956203e+02
1.064652826558616852e+02
6.585734004803609309e+01
2.263149409859357419e+01
2.629218675062565325e+01
1.830849980106592056e+01
1.995907281041554526e+01
2.160103579592875178e+01
2.206510704497687314e+01
6.337558512152997992e+01
1.469391593801317129e+02
1.885692314306667186e+02
2.283610822901712254e+02
2.216152084398868851e+02
1.893351789217738315e+02
1.491745666579825240e+02
1.064323322301271020e+02
6.582214476814046122e+01
2.259204924696797434e+01
2.625098904899454411e+01
1.829968625382983660e+01
1.994766771205081923e+01
2.158711333774496310e+01
2.204875328856138950e+01
6.335650447639714145e+01
1.469175241770481932e+02
1.895082960342027150e+02
2.283358674691595809e+02
2.215883073317513094e+02
1.893064062416634101e+02
1.491437715513139324e+02
1.063993826852423581e+02
6.578695038701519593e+01
2.255260527798708736e+01
2.620979218892144402e+01
1.829087318445394317e+01
1.993626320140450403e+01
2.157319156051797648e+01
2.203240029083199758e+01
6.333742464651692927e+01
1.468958897975919058e+02
1.894847308940181563e+02
2.283106534504375134e+02
2.215614070321914824e+02
1.892776343925258686e+02
1.491129773012540625e+02
1.063664340211720258e+02
6.575175690462586431e+01
2.392871679968084209e+01
2.616859617038049279e+01
1.828206059289955476e+01
1.992485927843135940e+01
2.155927046419776261e+01
2.201604805173594315e+01
6.331834563183686271e+01
1.468742562417157842e+02
1.894611665740501110e+02
2.282854402339667388e+02
2.215345075411709388e+02
1.892488633743252819e+02
1.490821839077671882e+02
1.063334862378808054e+02
6.700808031403300902e+01
2.388929642937556963e+01
2.612740099334609312e+01
1.827324847912763417e+01
1.991345594308587863e+01
2.154535004873441295e+01
2.313605063242378179e+01
6.329926743230493003e+01
1.468526235093727905e+02
1.894376030742557759e+02
2.282602278197089447e+02
2.215076088586531569e+02
1.892200931870258103e+02
1.490513913708174982e+02
1.074993738977033644e+02
6.697290371346024074e+01
2.384987694029528527e+01
2.608620665779262637e+01
1.826443684309948523e+01
1.990205319532271844e+01
2.153143031407796926e+01
2.311968606003605231e+01
6.328019004786875712e+01
1.468309916005159153e+02
1.894140403945922912e+02
2.282350162076258755e+02
2.214807109846017568e+02
1.891913238305912159e+02
1.490205996903693801e+02
1.074664400800770210e+02
6.693772801032942255e+01
2.381045833241092780e+01
2.604501316369402986e+01
1.825562568477616310e+01
1.989065103509629395e+01
2.151751126017856208e+01
2.310332224618606389e+01
6.326111347847611910e+01
1.468093605150981489e+02
1.893904785350168822e+02
2.291349910289068816e+02
2.214538139189801313e+02
1.891625553049857729e+02
1.500964774554230132e+02
1.074335071420437941e+02
6.690255320460619259e+01
2.377104060569247679e+01
2.600382051102446113e+01
1.929689559920361219e+01
1.987924946236148571e+01
2.150359288698612659e+01
2.308695919082111914e+01
6.324203772407485502e+01
1.467877302530724535e+02
1.893669174954867174e+02
2.291097845408357330e+02
2.223812948046504232e+02
1.891337876101732149e+02
1.500656972085670304e+02
1.074005750835684552e+02
6.815664123953480669e+01
2.373162376011051222e+01
2.596262869975842236e+01
1.928806314668365474e+01
1.986784847707256318e+01
2.148967519445079688e+01
2.307059689388839629e+01
6.432435102416663142e+01
1.467661008143918480e+02
1.893433572759589651e+02
2.290845788541325874e+02
2.223544049848470650e+02
1.891050207461177592e+02
1.500349178171372273e+02
1.073676439046155480e+02
6.812148331068364371e+01
2.369220779563569934e+01
2.735196114634980091e+01
1.927923117262168162e+01
1.985644807918428612e+01
2.147575818252261826e+01
2.305423535533534363e+01
6.430526791814426701e+01
1.467444721990092660e+02
1.902810292830763785e+02
2.290593739687593313e+02
2.223275159725955064e+02
1.900990492358873780e+02
1.500041392810977925e+02
1.073347136051500570e+02
6.808632627794862913e+01
2.365279271223806390e+01
2.731079626214666334e+01
1.927039967697863077e+01
1.984504826865126859e+01
2.146184185115176390e+01
2.303787457510904702e+01
6.428618562671945824e+01
1.477242041250443663e+02
1.902574711573981574e+02
2.290341698846777660e+02
2.223006277678591971e+02
1.900702916007904264e+02
1.499733616004131136e+02
1.084986404609062589e+02
6.805117014129557163e+01
2.361337850988845943e+01
2.726963221794073888e+01
1.926156865971581311e+01
2.091276943452013981e+01
2.255519334669404685e+01
2.302151455315678774e+01
6.426710414983995179e+01
1.477025740119404702e+02
1.902339138509806844e+02
2.290089666018496075e+02
2.222737403706017005e+02
1.900415347954796630e+02
1.499425847750475498e+02
1.084657241245414667e+02
6.801601490069018041e+01
2.357396518855704670e+01
2.722846901370630590e+01
1.925273812079419855e+01
2.090135126860452885e+01
2.254126167061406605e+01
2.300515528942595012e+01
6.534769965073925846e+01
1.476809447215080127e+02
1.902103573637812133e+02
2.289837641202367422e+02
2.222468537807867506e+02
1.900127788199189069e+02
1.499118088049653750e+02
1.084328086664803834e+02
6.798086055609822154e+01
2.353455274821460463e+01
2.718730664941771025e+01
1.924390806017510869e+01
2.088993369048886706e+01
2.252733067525195665e+01
2.412329242470184454e+01
6.532861086981390031e+01
1.476593162537002115e+02
1.901868016957570546e+02
2.289585624398008008e+02
2.222199679983779674e+02
1.899840236740725459e+02
1.498810336901309768e+02
1.083998940866877660e+02
6.794570710748550368e+01
2.349514118883132596e+01
2.714614512504914856e+01
1.923507847781955249e+01
2.087851670012739547e+01
2.251340036055783855e+01
2.410692088869915750e+01
6.530952290303882535e+01
1.486375646514194102e+02
1.901632468468654906e+02
2.289333615605037835e+02
2.231460841129540427e+02
1.899552693579044274e+02
1.498502594305087996e+02
1.083669803851285423e+02
6.791055455481760816e+01
2.345573051037780488e+01
2.710498444057487077e+01
1.922624937368870235e+01
2.086710029747464645e+01
2.249947072648162916e+01
2.409055011081994380e+01
6.529043575036179448e+01
1.486159347151769907e+02
1.901396928170637750e+02
2.298320420396999282e+02
2.231192055818314088e+02
1.899265158713787685e+02
1.498194860260630321e+02
1.083340675617675686e+02
6.787540289806042892e+01
2.482945857425612957e+01
2.706382459596937196e+01
1.921742074774357434e+01
2.085568448248557161e+01
2.248554177297383205e+01
2.407418009101149181e+01
6.636931771297048499e+01
1.485943056009325858e+02
1.901161396063091331e+02
2.298068462922738604e+02
2.230923278572381605e+02
1.909190244548090618e+02
1.497887134767581756e+02
1.083011556165696021e+02
6.784025213717960412e+01
2.479007146229668379e+01
2.702266559120662137e+01
1.920859259994567836e+01
2.084426925511444395e+01
2.247161349998435043e+01
2.405781082922120362e+01
6.635022330361317699e+01
1.485726773086393280e+02
1.900925872145589324e+02
2.297816513451812739e+02
2.230654509391378326e+02
1.908902802001124996e+02
1.497579417825585608e+02
1.082682445494995420e+02
6.780510227214107033e+01
2.475068522985142749e+01
2.698150742626116738e+01
1.919976493025573916e+01
2.083285461531628613e+01
2.245768590746332549e+01
2.404144232539642445e+01
6.633112970795750130e+01
1.495494456977168340e+02
1.900690356417703981e+02
2.297564571983840835e+02
2.230385748274943012e+02
1.908615367740892168e+02
1.497271709434284901e+02
1.082353343605223301e+02
6.776995330291032360e+01
2.471129987689095486e+01
2.694035010110731321e+01
1.919093773863530927e+01
2.082144056304525748e+01
2.354924764043759211e+01
2.402507457948441427e+01
6.631203692595155985e+01
1.495278159661394284e+02
1.900454848879008125e+02
2.297312638518440338e+02
2.230116995222711864e+02
1.908327941767032598e+02
1.496964009593322658e+02
1.082024250496026383e+02
6.773480522945347104e+01
2.467191540338579614e+01
2.689919361571922707e+01
1.918211102504507437e+01
2.081002709825634867e+01
2.353530477047697289e+01
2.400870759143265687e+01
6.629294495754335514e+01
1.495061870558865564e+02
1.900219349529074577e+02
2.297060713055231247e+02
2.229848250234320233e+02
1.908040524079188174e+02
1.496656318302344459e+02
1.081695166167055220e+02
6.769965805173583817e+01
2.463253180930646025e+01
2.828609937039745503e+01
1.917328478944689962e+01
2.187597961276281211e+01
2.352136258114214939e+01
2.399234136118849747e+01
6.627385380268077597e+01
1.494845589669114077e+02
1.909582229431318297e+02
2.306034475489848035e+02
2.229579513309407730e+02
1.907753114677001065e+02
1.496348635560991625e+02
1.093315533608661241e+02
6.766451176972351789e+01
2.459314909462344900e+01
2.824496977228474037e+01
1.916445903180131083e+01
2.186454786698245201e+01
2.350742107238315270e+01
2.397597588869918894e+01
6.625476346131185323e+01
1.494629316991671999e+02
1.909346751160465203e+02
2.305782601446285014e+02
2.229310784447610558e+02
1.907465713560113159e+02
1.496040961368909734e+02
1.092986588827164098e+02
6.762936638338206308e+01
2.596436488608908633e+01
2.820384101253568332e+01
1.915563375206979302e+01
2.185311670912408744e+01
2.349348024415026970e+01
2.395961117391232520e+01
6.623567393338468889e+01
1.494413052526070942e+02
1.909111281070969142e+02
2.305530735396869773e+02
2.229042063648565488e+02
1.907178320728165488e+02
1.495733295725741812e+02
1.092657652814084059e+02
6.759422189267745296e+01
2.592500571405392762e+01
2.816271309112467591e+01
1.914680895021340490e+01
2.184168613914240353e+01
2.347954009639357409e+01
2.394324721677498147e+01
6.621658521884718596e+01
1.494196796271844505e+02
1.908875819162404071e+02
2.305278877341223165e+02
2.228773350911909290e+02
1.906890936180800793e+02
1.495425638631130596e+02
1.092328725569069263e+02
6.755907829757521199e+01
2.588564742000317764e+01
2.812158600802608888e+01
1.913798462619346807e+01
2.183025615699208544e+01
2.346560062906334565e+01
2.392688401723489733e+01
6.619749731764734690e+01
1.493980548228524015e+02
1.908640365434342812e+02
2.305027027278962919e+02
2.228504646237280724e+02
1.916801029041081108e+02
1.506168495140516939e+02
1.091999807091767849e+02
6.752393559804123413e+01
2.584629000390757270e+01
2.808045976321417214e+01
1.912916077997105546e+01
2.181882676262774368e+01
2.345166184210978955e+01
2.391052157523919419e+01
6.617841022973328791e+01
1.493764308395642217e+02
1.908404919886360460e+02
2.304775185209709036e+02
2.228235949624314856e+02
1.916513736821503642e+02
1.505860952257279166e+02
1.091670897381830656e+02
6.748879379404134227e+01
2.580693346573750446e+01
2.803933435666333907e+01
2.016849933741550771e+01
2.180739795600399589e+01
2.343772373548292265e+01
2.389415989073531676e+01
6.615932395505294039e+01
1.493548076772731577e+02
1.908169482518029270e+02
2.304523351133081235e+02
2.227967261072651013e+02
1.916226452876834401e+02
1.505553417911874305e+02
1.091341996438907671e+02
6.874090812916875848e+01
2.576757780546379450e+01
2.799820978834793905e+01
2.015965428565224116e+01
2.179596973707574747e+01
2.342378630913307802e+01
2.387779896367073107e+01
6.614023849355437790e+01
1.503300861691305954e+02
1.907934053328923483e+02
2.304271525048699516e+02
2.237215258754785623e+02
1.915939177206716977e+02
1.505245892103945380e+02
1.091013104262646891e+02
6.870578317697139425e+01
2.572822302305695175e+01
2.795708605824248849e+01
2.015080971243384411e+01
2.178454210579734962e+01
2.340984956301047859e+01
2.386143879399289602e+01
6.612115384518565975e+01
1.503084615930918346e+02
1.907698632318617342e+02
2.304019706956183029e+02
2.236946642711349398e+02
1.915651909810793256e+02
1.504938374833138823e+02
1.090684220852699013e+02
6.867065911902066944e+01
2.568886911848762011e+01
2.791596316632113783e+01
2.014196561772143923e+01
2.177311506212345193e+01
2.339591349706518031e+01
2.384507938164902185e+01
6.610207000989477422e+01
1.502868378374239171e+02
1.907463219486684523e+02
2.303767896855150639e+02
2.236678034720464723e+02
1.915364650688705126e+02
1.504630866099098512e+02
1.090355346208712177e+02
6.863553595528246376e+01
2.564951609172646485e+01
2.930039747150588170e+01
2.013312200147617048e+01
2.176168860600908062e+01
2.338197811124752690e+01
2.382872072658670959e+01
6.608298698762976642e+01
1.502652149020802597e+02
1.916812268480908870e+02
2.303516094745222631e+02
2.236409434781768368e+02
1.915077399840095609e+02
1.504323365901468605e+02
1.090026480330337506e+02
6.860041368572244380e+01
2.561016394274392027e+01
2.925930142988641336e+01
2.012427886365907170e+01
2.175026273740869698e+01
2.336804340550773773e+01
2.381236282875335419e+01
6.606390477833870989e+01
1.502435927870140802e+02
1.916576876881680391e+02
2.303264300626018439e+02
2.236140842894900516e+02
1.914790157264607444e+02
1.504015874239894401e+02
1.089697623217223565e+02
6.856529231030663141e+01
2.557081267151101756e+01
2.921820622505250853e+01
2.011543620423162082e+01
2.173883745627702524e+01
2.335410937979586521e+01
2.379600568809627603e+01
6.604482338196960711e+01
1.502219714921786817e+02
1.916341493453429905e+02
2.303012514497158350e+02
2.235872259059497651e+02
1.914502922961883655e+02
1.503708391114019776e+02
1.089368774869020200e+02
6.981521550804141896e+01
2.553146227799828694e+01
2.917711185697901044e+01
2.010659402315476640e+01
2.172741276256878962e+01
2.334017603406230634e+01
2.377964930456291270e+01
6.602574279847054584e+01
1.502003510175275380e+02
1.916106118195731085e+02
2.302760736358261227e+02
2.235603683275197966e+02
1.914215696931565276e+02
1.503400916523489173e+02
1.089039935285377112e+02
6.978011097689814335e+01
2.690028641967332845e+01
2.913601832564034666e+01
2.009775232038982296e+01
2.171598865623860064e+01
2.442982567207688760e+01
2.376329367810081195e+01
6.600666302778962802e+01
1.511741500666477123e+02
1.915870751108159311e+02
2.302508966208946504e+02
2.235335115541639368e+02
1.913928479173295898e+02
1.503093450467948458e+02
1.088711104465944999e+02
6.974500733861424351e+01
2.686095953806466596e+01
2.909492563101093410e+01
2.008891109589798774e+01
2.170456513724129977e+01
2.441587711750672440e+01
2.487938892755954257e+01
6.598758406987478509e+01
1.511525282053893022e+02
1.915635392190288258e+02
2.302257204048834467e+02
2.235066555858459196e+02
1.913641269686719397e+02
1.502785992947040938e+02
1.088382282410370294e+02
6.970990459315589760e+01
2.682163353276797935e+01
2.905383377306526782e+01
2.008007034964020221e+01
2.276864111837851112e+01
2.440192924306892763e+01
2.486302108889691098e+01
6.596850592467423269e+01
1.511309071636890451e+02
1.915400041441693304e+02
2.302005449877545402e+02
2.234798004225297916e+02
1.913354068471476239e+02
1.502478543960411912e+02
1.088053469118305117e+02
6.967480274048877220e+01
2.678230840375411148e+01
2.901274275177748763e+01
2.007123008157785549e+01
2.275719939533540881e+01
2.438798204871391206e+01
2.484665400720597717e+01
6.594942859213598751e+01
1.511092869415002724e+02
1.915164698861948978e+02
2.301753703694697606e+02
2.234529460641790308e+02
1.923249542526411346e+02
1.502171103507705539e+02
1.087724664589399026e+02
6.963970178057893179e+01
2.674298415099343629e+01
2.897165256712230530e+01
2.006239029167226562e+01
2.274575826006081414e+01
2.437403553439171588e+01
2.483028768243394069e+01
6.593035207220802363e+01
1.510876675387764578e+02
1.924499925104932743e+02
2.310714976219125276e+02
2.234260925107577123e+02
1.922962433610762503e+02
1.501863671588566831e+02
1.087395868823301868e+02
6.960460171339236979e+01
2.810926551353916381e+01
2.893056321907420880e+01
2.005355097988448065e+01
2.273431771250952593e+01
2.436008970005278584e+01
2.481392211452866192e+01
6.700736422503190681e+01
1.510660489554709613e+02
1.924264603924509629e+02
2.310463281464386398e+02
2.233992397622295414e+02
1.922675332956795842e+02
1.512590228234836900e+02
1.087067081819661638e+02
6.956950253889492330e+01
2.806996475159950322e+01
2.888947470760759018e+01
2.004471214617565877e+01
2.272287775263604104e+01
2.434614454564727382e+01
2.479755730343747189e+01
6.698828048867852658e+01
1.510444311915371998e+02
1.924029290905550056e+02
2.310211594690065056e+02
2.233723878185582805e+02
1.922388240564153818e+02
1.512282910443898345e+02
1.086738303578129887e+02
6.953440425705255734e+01
2.803066486450866890e+01
3.027147092204585377e+01
2.003587379050723527e+01
2.271143838039523999e+01
2.433220007112554839e+01
2.478119324910783305e+01
6.696919756453904427e+01
1.510228142469285899e+02
1.923793986047628550e+02
2.309959915895782956e+02
2.233455366797077772e+02
1.922101156432480877e+02
1.511975601175828672e+02
1.098341128698734082e+02
6.949930686783125111e+01
2.799136585223724083e+01
3.023040922259114893e+01
2.002703591284034701e+01
2.269999959574184345e+01
2.431825627643781118e+01
2.476482995148739263e+01
6.695011545256187446e+01
1.510011981215986339e+02
1.923558689350321629e+02
2.309708245081159532e+02
2.233186863456419360e+02
1.921814080561419757e+02
1.511668300430274030e+02
1.098012489806529857e+02
6.946421037119695541e+01
2.795206771475599083e+01
3.018934835832338592e+01
2.001819851313598164e+01
2.268856139863046550e+01
2.430431316153445209e+01
2.474846741052345678e+01
6.693103415269492018e+01
1.509795828155006348e+02
1.923323400813204387e+02
2.309456582245815923e+02
2.232918368163245475e+02
1.921527012950614335e+02
1.511361008206880285e+02
1.097683859664659138e+02
6.942911476711564944e+01
2.791277045203599627e+01
3.014828832921737245e+01
2.105565528312691370e+01
2.267712378901605774e+01
2.429037072636569761e+01
2.473210562616372243e+01
6.691195366488651075e+01
1.509579683285881231e+02
1.923088120435851920e+02
2.309204927389372131e+02
2.232649880917194025e+02
1.921239953599708485e+02
1.522070253310112378e+02
1.097355238272772908e+02
6.939402005555321296e+01
2.787347406404778738e+01
3.010722913524726252e+01
2.104679676451394243e+01
2.266568676685304240e+01
2.427642897088188789e+01
2.584633361285958486e+01
6.689287398908473392e+01
1.519302828730130841e+02
1.922852848217839892e+02
2.308953280511450146e+02
2.232381401717901497e+02
1.920952902508345232e+02
1.521763075234756855e+02
1.097026625630521295e+02
6.935892623647573885e+01
2.783417855076229941e+01
3.006617077638765068e+01
2.103793872460526870e+01
2.265425033209633199e+01
2.426248789503322811e+01
2.582995967666666104e+01
6.687379512523776270e+01
1.519086670241827619e+02
1.922617584158744535e+02
2.308701641611668549e+02
2.222595182354071710e+02
1.930833459467893647e+02
1.521455905670882203e+02
1.108609870018658512e+02
6.932383330984893632e+01
2.779488391215010878e+01
3.002511325261336950e+01
2.102908116336212885e+01
2.264281448470088520e+01
2.424854749877006199e+01
2.581358649697601848e+01
6.794907123841309726e+01
1.518870519939123085e+02
1.922382328258140944e+02
2.308450010689649332e+02
2.222326663005962359e+02
1.930546500684687601e+02
1.521148744618134572e+02
1.108281396710196560e+02
6.928874127563894092e+01
2.775559014818226444e+01
2.998405656389844864e+01
2.102022408074560289e+01
2.263137922462115270e+01
2.423460778204266575e+01
2.579721407373520492e+01
6.792998520368006155e+01
1.518654377821552259e+02
1.922147080515604500e+02
2.298985022811827719e+02
2.212526172575000771e+02
1.930259550151390044e+02
1.520841592076161533e+02
1.107952932139617701e+02
7.053663886175452546e+01
2.771629725882954531e+01
2.994300071021805465e+01
2.205608477738044471e+01
2.261994455181186936e+01
2.532236699892765586e+01
2.578084240689183559e+01
6.791089998050448173e+01
1.518438243888650163e+02
1.921911840930711719e+02
2.298733372460634712e+02
2.202711428243357545e+02
1.929972607867645138e+02
1.520534448044606961e+02
1.107624476306573342e+02
7.050156365176090389e+01
2.767700524406253137e+01
2.990194569154609283e+01
2.204720665197758223e+01
2.260851046622809335e+01
2.530841214141795703e+01
2.576447149639342271e+01
6.789181556883458768e+01
1.518222118139952386e+02
1.921676609503036843e+02
2.298481730092943280e+02
2.192882398891951539e+02
1.929685673833098747e+02
1.520227312523118428e+02
1.107296029210715886e+02
7.046648933290285299e+01
2.763771410385220051e+01
2.986089150785741708e+01
2.203832900593770106e+01
2.259707696782425046e+01
2.529445796359510368e+01
2.574810134218774138e+01
6.787273196861865188e+01
1.518006000574993664e+02
1.921441386232156958e+02
2.289003321109038041e+02
2.183039053311040902e+02
1.929398748047391905e+02
1.519920185511342936e+02
1.106967590851696457e+02
7.043141590514666461e+01
2.759842383816935296e+01
3.124045691123873425e+01
2.202945183922181371e+01
2.258564405655548057e+01
2.528050446540953189e+01
2.573173194422224697e+01
6.894630043765150162e+01
1.517789891193309302e+02
1.930762903880223007e+02
2.279511517492319399e+02
2.144328604688064388e+02
1.929111830510172467e+02
1.519613067008925213e+02
1.106639161229165751e+02
7.039634336845810481e+01
2.755913444698474990e+01
3.119942950133296833e+01
2.202057515179106417e+01
2.364783055029213443e+01
2.526655164681146459e+01
2.684412357170941377e+01
6.892720971291302590e+01
1.517573789994434037e+02
1.930527702132604588e+02
2.270006290829307716e+02
1.928824921221081468e+02
1.519305957015513115e+02
1.106310740342776171e+02
7.036127172280335174e+01
2.751984593026928039e+01
3.115840292501973252e+01
2.201169894360679535e+01
2.363637951201832266e+01
2.525259950775147999e+01
2.682774208209471922e+01
6.890811979922995079e+01
1.517357696977904027e+02
1.930292508534406295e+02
2.260487612626103271e+02
1.928538020179765624e+02
1.529998463107262694e+02
1.105982328192177562e+02
7.032620096814842725e+01
2.888384043995255368e+01
3.111737718227382743e+01
2.200282321463013702e+01
2.362492906131053161e+01
2.523864804817965179e+01
2.681136134861599274e+01
6.888903069655059141e+01
1.517141612143254008e+02
1.930057323085204075e+02
2.241661590315948729e+02
1.928251127385868529e+02
1.529691467229564523e+02
1.105653924777023605e+02
7.029113110445943846e+01
2.884457537786955683e+01
3.107635227307005366e+01
2.199394796482208747e+01
2.361347919812402196e+01
2.522469726804648715e+01
2.679498137122095969e+01
6.886994240482324869e+01
1.516925535490019001e+02
1.929822145784575298e+02
2.138280928651487329e+02
1.938116889017654501e+02
1.529384479850215257e+02
1.105325530096964428e+02
7.025606213170240721e+01
2.880531118885521380e+01
3.103532819738248705e+01
2.198507319414423122e+01
2.360202992241332254e+01
2.521074716730239018e+01
2.677860214985708609e+01
6.885085492399620932e+01
1.526633852908028359e+02
1.929586976632095059e+02
1.937830088530721468e+02
1.529077500968861614e+02
1.104997144151651014e+02
7.150182854933089516e+01
2.876604787288006904e+01
3.099430495518603479e+01
2.197619890255761632e+01
2.359058123413312913e+01
2.519679774589761934e+01
2.676222368447231759e+01
6.883176825401795895e+01
1.526417762875406368e+02
1.929351815627341011e+02
1.937543296281592973e+02
1.528770530585150027e+02
1.104668766940736901e+02
7.146677638945172362e+01
2.872678542991527095e+01
3.095328254645530919e+01
2.196732509002336897e+01
2.357913313323835069e+01
2.518284900378269597e+01
2.674584597501405625e+01
6.881268239483661375e+01
1.526201681017949454e+02
1.929116662769889103e+02
1.937256512269912321e+02
1.528463568698728068e+02
1.104340398463871225e+02
7.143172511922645640e+01
2.868752385993177967e+01
3.091226097116465965e+01
2.195845175650276104e+01
2.356768561968378606e+01
2.516890094090786079e+01
2.672946902143000614e+01
6.879359734640065938e+01
1.525985607335193492e+02
1.938424426234441000e+02
1.936969736495325947e+02
1.528156615309242454e+02
1.115905289297332388e+02
7.139667473862121483e+01
2.864826316290014319e+01
3.087124022928913192e+01
2.299257015605095944e+01
2.355623869342435839e+01
2.625482268645534134e+01
2.671309282366797433e+01
6.877451310865843936e+01
1.525769541826675209e+02
1.938189295064998419e+02
1.866246671707802705e+02
1.936682968957479147e+02
1.527849670416341894e+02
1.115577060035705017e+02
7.136162524760206338e+01
2.860900333879179769e+01
3.083022032080290487e+01
2.298367586096129145e+01
2.461669070543425519e+01
2.624085954992033720e+01
2.669671738167550146e+01
6.875542968155825463e+01
1.525553484491931044e+02
1.937954172035493059e+02
1.886055736082338399e+02
1.936396209656015799e+02
1.527542734019671968e+02
1.115248839496406106e+02
7.132657664613510917e+01
2.856974438757709578e+01
3.220736216280274533e+01
2.297478204561608806e+01
2.460522572504399008e+01
2.622689709277337045e+01
2.668034269540040526e+01
6.982724745942425670e+01
1.525337435330496305e+02
1.937719057145500869e+02
1.856510150511766710e+02
1.905804054812817014e+02
1.936109458590582904e+02
1.527235806118881101e+02
1.114920627679087204e+02
7.129152893418643089e+01
2.853048630922710771e+01
3.216636898993117910e+01
2.296588870997651455e+01
2.459376133237570272e+01
2.621293531496478479e+01
2.666396876479018374e+01
6.980815695186971936e+01
1.525121394341907148e+02
1.937483950394599219e+02
1.875956391211932726e+02
1.915520495714791878e+02
1.935822715760823769e+02
1.526928886713616293e+02
1.114592424583400145e+02
7.125648211172230617e+01
2.989206549480520891e+01
3.212537664906236756e+01
2.295699585400354792e+01
2.458229752738445839e+01
2.619897421644511937e+01
2.664759558979276122e+01
6.978906725455787807e+01
1.524905361525700584e+02
1.937248851782366046e+02
1.885531122658890126e+02
1.915250449733245262e+02
1.935535981166383976e+02
1.526621975803522844e+02
1.114264230208999180e+02
7.122143617870885635e+01
2.985283084317029179e+01
3.208438514017112198e+01
2.294810347765873004e+01
2.457083431002491025e+01
2.618501379716480315e+01
2.663122317035566056e+01
6.976997836743719006e+01
1.534598953760014979e+02
1.937013761308378150e+02
1.895091297555164829e+02
1.924951926703559764e+02
1.935249254806910812e+02
1.526315073388251449e+02
1.113936044555534011e+02
7.118639113511224537e+01
2.981359706300309753e+01
3.204339446323203333e+01
2.293921158090295265e+01
2.455937168025204542e+01
2.726919745432099162e+01
2.661485150642673503e+01
6.975089029045601308e+01
1.534382907820256605e+02
1.936778678972213754e+02
1.904636949071227150e+02
1.934638414670913846e+02
1.934962536682046732e+02
1.536991201445700028e+02
1.113607867622660450e+02
7.115134698089836718e+01
2.977436415427488470e+01
3.200240461821981341e+01
2.293032016369766168e+01
2.454790963802047798e+01
2.725522202701879948e+01
2.659848059795339736e+01
6.973180302356284699e+01
1.534166870046634017e+02
1.936543604773449090e+02
1.914168110276839911e+02
1.934368497151591555e+02
1.934675826791437885e+02
1.536684413082543585e+02
1.113279699410027774e+02
7.111630371603375522e+01
2.973513211695643221e+01
3.196141560510904966e+01
2.292142922600390520e+01
2.453644818328508492e+01
2.724124727910049870e+01
2.658211044488369978e+01
6.971271656670612060e+01
1.533950840438683656e+02
1.936308538711663232e+02
1.913915349998601982e+02
1.934098587902678617e+02
1.934389125134730421e+02
1.536377633203574362e+02
1.124825635822341354e+02
7.108126134048423239e+01
2.969590095101885652e+01
3.192042742387445031e+01
2.291253876778287690e+01
2.452498731600073967e+01
2.722727321051657512e+01
2.656574104716516871e+01
6.969363091983426273e+01
1.533734818995943385e+02
1.936073480786432128e+02
1.913662597974661139e+02
1.943770242153539130e+02
1.934102431711569636e+02
1.536070861808443055e+02
1.124497606762968474e+02
7.104621985421620423e+01
2.965667065643316391e+01
3.187944007449072004e+01
2.290364878899599432e+01
2.451352703612251105e+01
2.721329982121741153e+01
2.654937240474564675e+01
6.967454608289567375e+01
1.533518805717949647e+02
1.935838430997334854e+02
1.923179374672169502e+02
1.943500401450185961e+02
1.933815746521599124e+02
1.535764098896795815e+02
1.124169586412142650e+02
7.101117925719549362e+01
2.961744123317008714e+01
3.183845355693255996e+01
2.289475928960426998e+01
2.450206734360474670e+01
2.719932711115369628e+01
2.653300451757259992e+01
6.965546205583885353e+01
1.533302800604239167e+02
1.935603389343947640e+02
1.922926667307402795e+02
1.943230569008252360e+02
1.933529069564465885e+02
1.535457344468280780e+02
1.123841574769516143e+02
7.097613954938857717e+01
2.957821268120081726e+01
3.321315319030509272e+01
2.288587026956892601e+01
2.449060823840277479e+01
2.718535508027560255e+01
2.651663738559415151e+01
6.963637883861224509e+01
1.533086803654350376e+02
1.935368355825848710e+02
1.922673968188678089e+02
1.942960744827358326e+02
1.933242400839815502e+02
1.535150598522546659e+02
1.123513571834742635e+02
7.094110073076137724e+01
2.953898500049619713e+01
3.317219337161156290e+01
2.287698172885130177e+01
2.447914972047113480e+01
2.717138372853378314e+01
2.762703136227048972e+01
6.961729643116424882e+01
1.532870814867819149e+02
1.944662480881564761e+02
1.922421277315591226e+02
1.942690928907126136e+02
1.932955740347292135e+02
1.534843861059241874e+02
1.123185577607475096e+02
7.090606280128027095e+01
2.949975819102714425e+01
3.313123438336064908e+01
2.286809366741269400e+01
2.446769178976473924e+01
2.715741305587870258e+01
2.761065219784952518e+01
6.959821483344336457e+01
1.542549719183199670e+02
1.944427469173672591e+02
1.922168594687739471e+02
1.942421121247176075e+02
1.932669088086541365e+02
1.534537132078014281e+02
1.122857592087366356e+02
7.214984726085985756e+01
2.946053225276489229e+01
3.309027622552703463e+01
2.390041064953301841e+01
2.552632115271861579e+01
2.714344306226088221e+01
2.759427378851710699e+01
6.957913404539800695e+01
1.542333717527637589e+02
1.944192465593715440e+02
1.931671093570094797e+02
1.942151321847127861e+02
1.942520932291740507e+02
1.534230411578510882e+02
1.122529615274069528e+02
7.211482612171617745e+01
2.942130718568019176e+01
3.304931889808575107e+01
2.389150170966887998e+01
2.551484524277879729e+01
2.712947374763074393e+01
2.757789613422095343e+01
7.064918241715866998e+01
1.542117724029189958e+02
1.943957470141271244e+02
1.931418455742575304e+02
1.941881530706603201e+02
1.942234372243923133e+02
1.533923699560381806e+02
1.122201647167239287e+02
7.207980587044411891e+01
2.938208298974416621e+01
3.300836240101118335e+01
2.388259324980898413e+01
2.550336992048693219e+01
2.711550511193884816e+01
2.756151923490882893e+01
7.063009459146203994e+01
1.541901738687394925e+02
1.943722482815917942e+02
1.931165826152044076e+02
1.951538688242044088e+02
1.941947820418290576e+02
1.533616996023274055e+02
1.121873687766527894e+02
7.204478650700977482e+01
2.934285966492766207e+01
3.296740673427848378e+01
2.387368526991467732e+01
2.549189518579830604e+01
2.710153715513562034e+01
2.754514309052859389e+01
7.061100757504112835e+01
1.541685761501790921e+02
1.943487503617234324e+02
1.930913204798098377e+02
1.951268965713903469e+02
1.941661276814488133e+02
1.544276684402345552e+02
1.121545737071589031e+02
7.200976803137953652e+01
2.930363721120170695e+01
3.292645189786201598e+01
2.386477776994676958e+01
2.548042103866746544e+01
2.708756987717169551e+01
2.752876770102796300e+01
7.059192136784440663e+01
1.541469792471915525e+02
1.943252532544799749e+02
1.930660591680335187e+02
1.950999251436311965e+02
1.941374741432162239e+02
1.543970094863716440e+02
1.121217795082075668e+02
7.197475044351956797e+01
2.926441562853719702e+01
3.288549789173701043e+01
2.385587074986665357e+01
2.546894747904946854e+01
2.707360327799749555e+01
2.751239306635487125e+01
7.057283596982043150e+01
1.541253831597306885e+02
1.943017569598191585e+02
1.930407986798352624e+02
1.950729545408891283e+02
1.941088214270958474e+02
1.543663513795500819e+02
1.120889861797642482e+02
7.193973374339607574e+01
2.922519491690535887e+01
3.284454471587743996e+01
2.384696420963571839e+01
2.545747450689900759e+01
2.705963735756357025e+01
2.749601918645694454e+01
7.055375138091777387e+01
1.541037878877503147e+02
1.942782614776988055e+02
1.930155390151747383e+02
1.950459847631263699e+02
1.940801695330523273e+02
1.543356941197347396e+02
1.120561937217941164e+02
7.190471793097550801e+01
3.058454612839825160e+01
3.280359237025896846e+01
2.383805814921495880e+01
2.544600212217110879e+01
2.704567211582036990e+01
2.747964606128215337e+01
7.053466760108497624e+01
1.540821934312042174e+02
1.952063067590371190e+02
1.929902801740115876e+02
1.950190158103049214e+02
1.940515184610502786e+02
1.543050377068906869e+02
1.120234021342626107e+02
7.314636730696797429e+01
3.054534880467268110e+01
3.276264085485564692e+01
2.382915256856567154e+01
2.543453032482080545e+01
2.703170755271860060e+01
2.858818887886531712e+01
7.051558463027062373e+01
1.540605997900462683e+02
1.951828134735351057e+02
1.929650221563056505e+02
1.949920476823869819e+02
1.940228682110544582e+02
1.542743821409825955e+02
1.131761837228215484e+02
7.311136827474327049e+01
3.050615235058714703e+01
3.413495720384722887e+01
2.382024746764905387e+01
2.542305911480255176e+01
2.701774366820859896e+01
2.857180378073882210e+01
7.049650246842315937e+01
1.540390069642302251e+02
1.951593209998391671e+02
1.929397649620166248e+02
1.949650803793348359e+02
1.950065722150931720e+02
1.542437274219755068e+02
1.131434060375827499e+02
7.307637012894981865e+01
3.046695676611261661e+01
3.409403234790424619e+01
2.381134284642665122e+01
2.541158849207186776e+01
2.700378046224096451e+01
2.855541943722730025e+01
7.047742111549118249e+01
1.550054281629258810e+02
1.951358293379071824e+02
1.929145085911042372e+02
1.949381139011104267e+02
1.949779311871200491e+02
1.542130735498343768e+02
1.131106292216159090e+02
7.304137286955399588e+01
3.042776205122036259e+01
3.405310832079767636e+01
2.380243870485915991e+01
2.540011845658299450e+01
2.698981793476632163e+01
2.853903584827860129e+01
7.045834057142339191e+01
1.549838340743723109e+02
1.951123384876971159e+02
1.928892530435282708e+02
1.949111482476760386e+02
1.949492909801959399e+02
1.541824205245239341e+02
1.130778532748865643e+02
7.300637649652206562e+01
3.038856820588121366e+01
3.401218512250252957e+01
2.379353504290844512e+01
2.538864900829118199e+01
2.697585608573514904e+01
2.852265301384063889e+01
7.043926083616820222e+01
1.549622408005368754e+02
1.950888484491669033e+02
1.928639983192484522e+02
1.948841834189938709e+02
1.949206515942856299e+02
1.541517683460092201e+02
1.130450781973600840e+02
7.297138100982037656e+01
3.034937523006626137e+01
3.397126275299331866e+01
2.482409858616886567e+01
2.537718014715138537e+01
2.696189491509787217e+01
2.850627093386123079e+01
7.150756047911515623e+01
1.549406483413734463e+02
1.950653592222744521e+02
1.928387444182244224e+02
1.948572194150259804e+02
1.948920130293537909e+02
1.541211170142551339e+02
1.130123039890019214e+02
7.293638640941523477e+01
3.031018312374672163e+01
3.393034121224515332e+01
2.481517412702253012e+01
2.536571187311836795e+01
2.694793442280535700e+01
2.848988960828828354e+01
7.148847374948699951e+01
1.549190566968358382e+02
1.950418708069777551e+02
1.928134913404160216e+02
1.948302562357345380e+02
1.948633752853650378e+02
1.540904665292264895e+02
1.129795306497775016e+02
7.417589083336473266e+01
3.166708811992809913e+01
3.388942050023285901e+01
2.480625014821244534e+01
2.535424418614711684e+01
2.693397460880801120e+01
2.847350903706965752e+01
7.146938782827089653e+01
1.548974658668780364e+02
1.950183832032346061e+02
1.927882390857830046e+02
1.957945561221638400e+02
1.948347383622842415e+02
1.540598168908883565e+02
1.129467581796521785e+02
7.414091300421048913e+01
3.162791937638525042e+01
3.384850061693103385e+01
2.479732664969966649e+01
2.534277708619247704e+01
2.692001547305623177e+01
2.845712922015343338e+01
7.145030271541546085e+01
1.548758758514539409e+02
1.949948964110031113e+02
1.937371049351103807e+02
1.957675998064369196e+02
1.948061022600758747e+02
1.551241566887088084e+02
1.129139865785915475e+02
7.410593606008423251e+01
3.158875150094887374e+01
3.380758156231481593e+01
2.478840363144603742e+01
2.533131057320965951e+01
2.690605701550078876e+01
2.844075015748717306e+01
7.143121841086946233e+01
1.548542866505174231e+02
1.949714104302411215e+02
1.937118571659254656e+02
1.957406443144909645e+02
1.947774669787048367e+02
1.550935184437977625e+02
1.128812158465609059e+02
7.407096000095212673e+01
3.154958449358993278e+01
3.376666333635879624e+01
2.477948109341194183e+01
2.531984464715332095e+01
2.689209923609235631e+01
2.842437184901912417e+01
7.141213491458145768e+01
1.548326982640224116e+02
1.949479252609066009e+02
1.936866102190930690e+02
1.957136896462881737e+02
1.947488325181358562e+02
1.550628810445188890e+02
1.140321253213183752e+02
7.403598482678086157e+01
3.151041835427979265e+01
3.372574593903777185e+01
2.477055903555942251e+01
2.530837930797826019e+01
2.687814213478117509e+01
2.840799429469698012e+01
7.139305222650011729e+01
1.538231235397186651e+02
1.958746108871280569e+02
1.936613640945730310e+02
1.956867358017908600e+02
1.947201988783334059e+02
1.550322444908370869e+02
1.139993684841833925e+02
7.400101053753661517e+01
3.147125308298932111e+01
3.509566029715600877e+01
2.476163745784915093e+01
2.529691455563988711e+01
2.686418571151810752e+01
2.839161749446864036e+01
7.137397034657413997e+01
1.538015396796169227e+02
1.958511279278429242e+02
1.936361187923250782e+02
1.956597827809612227e+02
1.946915660592624420e+02
1.550016087827173124e+02
1.139666125149144023e+02
7.396603713318600626e+01
3.143208867968968789e+01
3.505476952130902646e+01
2.475271636024265831e+01
2.528545039009276962e+01
2.685022996625367497e+01
2.837524144828212158e+01
7.135488927475213927e+01
1.537799566343032041e+02
1.958276457792519523e+02
1.936108743123091642e+02
1.956328305837614039e+02
1.946629340608875225e+02
1.549709739201246634e+02
1.139338574134769715e+02
7.393106461369519877e+01
3.139292514435224035e+01
3.501387957272207530e+01
2.474379574270126980e+01
2.527398681129209379e+01
2.793228951057455234e+01
2.835886615608541206e+01
7.133580901098277138e+01
1.537583744037313238e+02
1.958041644413131337e+02
1.945583230259101413e+02
1.956058792101539154e+02
1.946343028831734046e+02
1.549403399030241530e+02
1.139011031798367242e+02
7.389609297903089669e+01
3.274739113341630059e+01
3.497299045136988127e+01
2.473487560518593043e+01
2.633063250604114103e+01
2.791831882742685522e+01
2.834249161782621584e+01
7.131672955521482038e+01
1.537367929878551820e+02
1.957806839139844897e+02
1.945330830445112156e+02
1.965687366459867746e+02
1.956165722015131792e+02
1.549097067313806235e+02
1.138683498139590995e+02
7.386112222915929237e+01
3.270825093573193953e+01
3.493210215722757539e+01
2.472595594765783744e+01
2.631915102671981899e+01
2.790434882241965653e+01
2.832611783345264556e+01
7.129765090739675770e+01
1.527257970241366536e+02
1.957572041972240413e+02
1.945078438845224298e+02
1.965417921424998156e+02
1.955879502419035987e+02
1.548790744051592014e+02
1.138355973158095651e+02
7.382615236404693349e+01
3.266911160462411345e+01
3.489121469026995470e+01
2.471703677007879918e+01
2.630767013456357617e+01
2.789037949550380446e+01
2.830974480291265749e+01
7.127857306747749533e+01
1.527042201690689183e+02
1.957337252909898666e+02
1.944826055459037093e+02
1.965148484617111251e+02
1.955593291019998503e+02
1.548484429243249281e+02
1.138028456853537165e+02
7.379118338366019714e+01
3.262997314006420879e+01
3.485032805047206494e+01
2.470811807240954394e+01
2.629618982952732864e+01
2.787641084662989499e+01
2.829337252615409426e+01
7.125949603540557575e+01
1.526826441290425009e+02
1.957102471952399014e+02
1.944573680286149511e+02
1.964879056035827887e+02
1.955307087817669753e+02
1.548178122888426458e+02
1.137700949225570497e+02
7.375621528796554571e+01
3.259083554202342015e+01
3.480944223780848290e+01
2.469919985461162426e+01
2.628471011156603154e+01
2.786244287574842105e+01
2.939995531876824941e+01
7.124041981112971200e+01
1.526610689040113016e+02
1.956867699099322806e+02
1.944321313326160805e+02
1.964609635680772328e+02
1.955020892811694750e+02
1.547871824986774811e+02
1.137373450273851176e+02
7.372124807692929949e+01
3.255169881047287106e+01
3.476855725225437510e+01
2.469028211664614147e+01
2.627323098063471107e+01
2.784847558281020596e+01
2.938357112774416180e+01
7.122134439459857447e+01
1.526394944939290497e+02
1.956632934350249968e+02
1.944068954578669661e+02
1.964340223551568272e+02
1.954734706001723623e+02
1.547565535537944470e+02
1.137045959998032885e+02
7.368628175051807716e+01
3.251256294538394087e+01
3.472767309378441070e+01
2.468136485847461614e+01
2.626175243668813408e+01
2.783450896776575334e+01
2.936718769039165267e+01
7.120226978576101828e+01
1.526179208987496168e+02
1.956398177704760712e+02
1.943816604043275902e+02
1.964070819647837993e+02
1.954448527387402805e+02
1.547259254541583857e+02
1.136718478397773424e+02
7.365131630869819901e+01
3.247342794672755417e+01
3.468678976237376332e+01
2.467244808005800749e+01
2.625027447968158967e+01
2.782054303056581901e+01
2.935080500665871739e+01
7.118319598456550068e+01
1.525963481184268744e+02
1.965651457781815452e+02
1.943564261719577928e+02
1.963801423969204905e+02
1.954162356968381005e+02
1.546952981997346797e+02
1.136391005472726476e+02
7.361635175143608478e+01
3.243429381447526083e+01
3.605430926079844056e+01
2.466353178135772595e+01
2.623879710956988376e+01
2.890082834473889406e+01
2.933442307649338687e+01
7.116412299096084837e+01
1.525747761529145805e+02
1.965416723377171593e+02
1.943311927607175278e+02
1.963532036515294124e+02
1.953876194744306360e+02
1.546646717904878869e+02
1.136063541222547428e+02
7.358138807869812581e+01
3.239516054859807781e+01
3.601345251293646754e+01
2.465461596233507180e+01
2.622732032630804611e+01
2.888684753522171533e+01
2.931804189984368136e+01
7.114505080489580280e+01
1.525532050021666919e+02
1.965181997068788462e+02
1.943059601705667490e+02
1.963262657285726789e+02
1.953590040714827012e+02
1.546340462263833615e+02
1.147554486812661878e+02
7.481892814584824691e+01
3.235602814906736313e+01
3.597259659076217275e+01
2.464570062295154074e+01
2.621584412985095014e+01
2.887286740368795535e+01
2.930166147665755361e+01
7.112597942631902015e+01
1.525316346661369380e+02
1.964947278856247408e+02
1.942807284014653533e+02
1.962993286280126881e+02
1.953303894879589961e+02
1.546034215073859457e+02
1.147227161392031718e+02
7.478398122182132113e+01
3.231689661585448192e+01
3.593174149425102115e+01
2.463678576316811686e+01
2.620436852015373574e+01
2.885888795008819585e+01
2.928528180688301319e+01
7.110690885517927029e+01
1.525100651447791336e+02
1.964712568739130063e+02
1.942554974533732377e+02
1.962723923498118097e+02
1.953017757238243064e+02
1.545727976334607661e+02
1.146899844634660184e+02
7.474903518105359979e+01
3.227776594893016693e+01
3.589088722337751136e+01
2.462787138294634914e+01
2.619289349717143978e+01
2.884490917437310742e+01
2.926890289046806615e+01
7.108783909142525204e+01
1.524884964380472923e+02
1.964477866717016923e+02
1.952015582628463619e+02
1.972338351194462973e+02
1.952731627790435880e+02
1.556355759814503585e+02
1.146572536540201668e+02
7.471409002351161632e+01
3.223863614826631618e+01
3.585003377811706571e+01
2.461895748224705827e+01
2.618141906085878290e+01
2.883093107649331799e+01
2.925252472736084997e+01
7.106877013500569262e+01
1.524669285458950583e+02
1.964243172789489620e+02
1.951763318209917486e+02
1.972069057144370561e+02
1.952445506535816548e+02
1.556049634883787292e+02
1.146245237108313688e+02
7.467914574916177628e+01
3.219950721383362691e+01
3.580918115844421834e+01
2.461004406103228348e+01
2.616994521117128869e+01
2.881695365639975037e+01
2.923614731750933515e+01
7.213523279489481865e+01
1.524453614682764169e+02
1.964008486956128934e+02
1.951511061993261364e+02
1.971799771308946845e+02
1.952159393474032072e+02
1.555743518393237821e+02
1.145917946338652200e+02
7.464420235797075520e+01
3.216037914560358502e+01
3.576832936433429921e+01
2.460113111926290586e+01
2.615847194806345399e+01
2.880297691404293303e+01
2.921977066086152774e+01
7.211615688296680560e+01
1.534131694818443634e+02
1.963773809216516781e+02
1.951258813978095645e+02
1.971530493687815238e+02
1.941763156208351120e+02
1.555437410342506723e+02
1.145590664230873017e+02
7.460925984990501547e+01
3.212125194354740643e+01
3.572747839576211959e+01
2.459221865690021147e+01
2.614699927149057501e+01
2.878900084937352233e+01
2.920339475736554746e+01
7.209708177797278950e+01
1.533916010948290705e+02
1.963539139570233942e+02
1.951006574164019582e+02
1.971261224280600288e+02
1.941476983889584460e+02
1.555131310731246401e+02
1.145263390784632662e+02
7.457431822493107632e+01
3.208212560763614363e+01
3.568662825270261152e+01
2.458330667390568536e+01
2.720177850325972813e+01
2.877502546234233094e+01
2.918701960696925113e+01
7.207800747986168233e+01
1.533700335217258441e+02
1.963304478016862049e+02
1.950754342550634703e+02
1.970991963086926546e+02
1.931064940188277319e+02
1.565742047622254915e+02
1.144936125999586523e+02
7.453937748301535748e+01
3.343438417050388978e+01
3.705173427183598278e+01
2.561180399555884790e+01
2.719028800169013138e+01
2.876105075290010049e+01
3.029171161250761557e+01
7.205893398858214027e+01
1.533484667624885276e+02
1.963069824555981882e+02
1.950502119137539694e+02
1.970722710106417139e+02
1.930778708752006025e+02
1.565436061836364843e+02
1.144608869875391690e+02
7.450443762412454873e+01
3.339528113359993000e+01
3.701091067580287586e+01
2.560287130752091755e+01
2.717879808706987532e+01
2.874707672099759037e+01
3.027532460651364943e+01
7.203986130408306110e+01
1.533269008170711629e+02
1.962835179187175925e+02
1.950249903924335229e+02
1.970453465338696901e+02
1.920350823103148628e+02
1.565130084479409902e+02
1.144281622411703978e+02
7.446949864822495613e+01
3.335617896145989647e+01
3.697008790391483757e+01
2.559393909956500224e+01
2.716730875935418155e+01
2.982554615415893551e+01
3.025893835350751360e+01
7.202078942631318625e+01
1.542932531603971995e+02
1.972074945736281677e+02
1.949997696910621698e+02
1.970184228783390665e+02
1.909907126948840244e+02
1.564824115551039370e+02
1.143954383608179626e+02
7.443456055528348259e+01
3.331707765405498378e+01
3.692926595614729024e+01
2.558500737165248751e+01
2.715582001849796256e+01
2.981155731576646417e+01
3.024255285343754096e+01
7.200171835522144193e+01
1.542716859332154513e+02
1.971840322734007600e+02
1.949745498095998357e+02
1.969915000440121844e+02
1.889258658532116328e+02
1.564518155050906500e+02
1.143627153464475015e+02
7.567004685426471156e+01
3.327797721135665654e+01
3.688844483247497408e+01
2.557607612374493300e+01
2.714433186445620905e+01
2.979756915504954407e+01
3.022616810625171624e+01
7.198264809075652693e+01
1.542501195192321006e+02
1.971605707816496817e+02
1.949493307480065880e+02
1.969645780308514986e+02
1.868546789608273571e+02
1.564212202978663129e+02
1.155099870233718207e+02
7.563512549488896752e+01
3.462774362499872183e+01
3.684762453287297745e+01
2.556714535580340453e+01
2.819745215285088946e+01
2.978358167195863970e+01
3.020978411189810231e+01
7.196357863286739587e+01
1.542285539184011611e+02
1.971371100983330109e+02
1.949241125062424942e+02
1.969376568388194642e+02
1.563906259333960236e+02
1.154772778811243654e+02
7.560020501720914865e+01
3.458866646027789926e+01
3.680680505731637453e+01
2.555821506778919172e+01
2.818594624394852133e+01
2.976959486644483022e+01
3.019340087032493258e+01
7.302831825881399652e+01
1.551934561365474394e+02
1.971136502234090528e+02
1.948988950842675649e+02
1.969107364678784506e+02
1.563600324116449940e+02
1.154445696037006286e+02
7.556528542119204417e+01
3.454959015888559293e+01
3.676598640578018262e+01
2.554928525966381159e+01
2.817444092227124841e+01
2.975560873845864407e+01
3.017701838148022020e+01
7.300924188894903466e+01
1.551718892820289852e+02
1.970901911568360561e+02
1.939023503636254020e+02
1.968838169179909698e+02
1.563294397325784360e+02
1.154118621910664899e+02
7.553036670680428699e+01
3.451051472079342375e+01
3.672516857823973169e+01
2.554035593138829796e+01
2.816293618777394414e+01
2.974162328795095078e+01
3.016063664531216659e+01
7.299016632525857062e+01
1.561353488600906019e+02
1.970667328985721269e+02
1.938771317258658087e+02
1.958684468342897844e+02
1.562988478961614760e+02
1.153791556431875307e+02
7.549544887401236792e+01
3.447144014597238737e+01
3.668435157466964824e+01
2.553142708292432062e+01
2.815143204041148550e+01
2.972763851487248488e+01
3.014425566176892346e+01
7.297109156769147376e+01
1.561137807809824665e+02
1.970432754485755993e+02
1.928791418822811465e+02
1.948515749743642687e+02
1.562682569023592976e+02
1.153464499600295454e+02
7.546053192278287725e+01
3.443236643439445999e+01
3.664353539504526225e+01
2.552249871423295602e+01
2.813992848013917225e+01
2.971365441917411943e+01
3.012787543079843999e+01
7.295201761619664182e+01
1.560922135138295346e+02
1.970198188068046363e+02
1.918797058144401433e+02
1.928402496196721927e+02
1.498834895307051909e+02
1.562376667511371977e+02
1.153137451415581154e+02
7.542561585308251892e+01
3.439329358603047382e+01
3.660272003934129259e+01
2.551357082527544762e+01
2.812842550691191690e+01
2.969967100080647882e+01
3.123071987474044420e+01
7.293294447072302944e+01
1.570542317276853908e+02
1.969963629732174866e+02
1.908788203763974423e+02
1.520125757434900322e+02
1.572971138911531170e+02
1.152810411877389924e+02
7.539070066487801114e+01
3.435422160085202847e+01
3.796547109511413254e+01
2.550464341601346163e+01
2.811692312068497301e+01
2.968568825972048941e+01
3.121432784672997585e+01
7.291387213121944910e+01
1.570326632643357812e+02
1.969729079477724270e+02
1.888979172656120795e+02
1.530601126815474231e+02
1.572665351169739267e+02
1.152483380985379995e+02
7.535578635813580206e+01
3.431515047883076619e+01
3.792468224729011439e+01
2.549571648640814203e+01
2.810542132141318206e+01
2.967170619586689639e+01
3.119793657117855545e+01
7.397691640543634151e+01
1.570110956123197070e+02
1.969494537304275639e+02
1.346517455785352695e+02
1.541059556693600712e+02
1.572359571843235528e+02
1.152156358739206468e+02
7.532087293282256724e+01
3.427608021993776077e+01
3.788389422202331502e+01
2.652245060206979588e+01
2.809392010905180115e+01
2.965772480919659060e+01
3.118154604803413932e+01
7.395783719832999736e+01
1.569895287715913241e+02
1.969260003211412879e+02
1.528002701937564609e+02
1.551501088124863657e+02
1.572053800931671503e+02
1.163610507117923021e+02
7.655429548264524442e+01
3.423701082414441998e+01
3.784310701928832543e+01
2.651350304857452400e+01
2.808241948355589557e+01
2.964374409966021062e+01
3.116515627724509585e+01
7.393875879679150387e+01
1.569679627421049020e+02
1.959550993457265520e+02
1.538273352826092832e+02
1.561925762032277305e+02
1.571748038434701584e+02
1.163283623518094458e+02
7.651939877696402448e+01
3.419794229142244291e+01
3.780232063906061768e+01
2.650455597544460673e+01
2.807091944488038138e+01
2.962976406720865086e+01
3.114876725875953767e+01
7.391968120076987248e+01
1.569463975238147100e+02
1.949828279983420316e+02
1.548527707589238105e+02
1.561637097226539481e+02
1.571442284351977605e+02
1.162956748552548163e+02
7.648450295145288180e+01
3.415887462174284650e+01
3.776153508131545777e+01
2.649560938264127330e+01
2.805941999298040201e+01
2.961578471179283412e+01
3.113237899252563068e+01
7.390060441021405779e+01
1.569248331166748756e+02
1.940091833756347626e+02
1.525486431997407806e+02
1.558765804981097460e+02
1.572045034018124454e+02
1.571136538683151969e+02
1.162629882220941511e+02
7.644960800607873352e+01
3.411980781507728011e+01
3.772075034602751487e+01
2.648666327012604071e+01
2.804792112781121460e+01
2.960180603336331018e+01
3.111599147849169356e+01
7.388152842507311391e+01
1.569032695206397534e+02
1.545878474253240142e+02
1.568987683632976200e+02
1.571756457325689382e+02
1.570830801427878498e+02
1.162303024522933157e+02
7.641471394080828361e+01
3.546729082644796449e+01
3.767996643317237471e+01
2.647771763786020216e+01
2.803642284932773521e+01
2.958782803187119015e+01
3.109960471660594550e+01
7.386245324529598122e+01
1.568817067356634709e+02
1.555924447965133481e+02
1.568716673487989510e+02
1.571467889129149853e+02
1.570525072585808175e+02
1.161976175458180620e+02
7.637982075560819339e+01
3.542824726460528240e+01
3.763918334272485566e+01
2.646877248580504371e+01
2.802492515748513924e+01
2.957385070726711618e+01
3.108321870681644583e+01
7.384337887083162855e+01
1.578422750338007745e+02
1.507244594054157290e+02
1.565954806777460533e+02
1.578922426207203671e+02
1.571179329428129279e+02
1.570219352156594823e+02
1.173411286250829448e+02
7.634492845044511000e+01
3.538920456440263962e+01
3.759840107466028769e+01
2.645982781392190475e+01
2.907620797813403968e+01
2.955987405950201463e+01
3.106683344907158784e+01
7.274225733591434562e+01
1.578207110774369824e+02
1.527268526020047545e+02
1.575969587068338740e+02
1.578651478866280797e+02
1.570890778222252209e+02
1.580797390584711479e+02
1.173084575801936325e+02
7.757622979610194136e+01
3.535016272581133734e+01
3.755761962895350337e+01
2.645088362217206779e+01
2.906469260579375913e+01
3.063640945045603914e+01
3.216783553262509798e+01
7.272319305330276507e+01
1.577991479315107597e+02
1.537140579277941015e+02
1.575716626592297871e+02
1.578380540030718748e+02
1.581282257908814302e+02
1.580491783890944077e+02
1.172757873974765772e+02
7.754135420150747393e+01
3.531112174880311017e+01
3.891799704374568591e+01
2.747596485065500005e+01
2.905317782050070008e+01
3.062241806317322812e+01
3.215143853611645142e+01
7.270412957609958937e+01
1.577775855959763476e+02
1.546997572916983472e+02
1.585715893989563767e+02
1.578109609700117062e+02
1.580993794887210413e+02
1.580186185599544899e+02
1.172431180768978010e+02
7.750647948569390167e+01
3.527208163334913849e+01
3.887724206817555483e+01
2.746700011207940406e+01
2.904166362220988873e+01
3.060842735286241378e+01
3.213504229153625857e+01
7.268506690425380157e+01
1.577560240707881576e+02
1.556839541370630684e+02
1.585462971320648649e+02
1.577838687874075276e+02
1.580705340350811809e+02
1.579880595710165778e+02
1.172104496184230698e+02
7.747160564862842591e+01
3.523304237942125638e+01
3.883648791360347730e+01
2.745803585434081739e+01
2.903015001087639746e+01
3.059443731947445499e+01
3.211864679883280616e+01
7.266600503771432784e+01
1.577344633559004023e+02
1.566666518967444119e+02
1.585210057095807201e+02
1.577567774552193214e+02
1.580416894299242188e+02
1.579575014222461391e+02
1.171777820220182775e+02
7.743673269027756589e+01
3.519400398699061583e+01
3.879573458000479036e+01
2.744907207740024546e+01
2.901863698645536616e+01
3.058044796296005075e+01
3.210225205795440928e+01
7.264694397643012280e+01
1.577129034512674366e+02
1.566432031737808472e+02
1.584957151314616226e+02
1.577296869734070128e+02
1.580128456732128939e+02
1.579269441136084140e+02
1.171451152876493609e+02
7.740186061060803979e+01
3.515496645602916459e+01
3.875498206735443318e+01
2.744010878121931896e+01
2.900712454890197733e+01
3.056645928327014516e+01
3.208585806884931202e+01
7.370988079405722715e+01
1.576913443568437003e+02
1.576244057132238083e+02
1.584704253976653661e+02
1.577025973419306126e+02
1.579840027649096896e+02
1.578963876450687565e+02
1.171124494152821001e+02
7.736698940958687842e+01
3.511592978650782726e+01
3.871423037562787073e+01
2.743114596575917474e+01
2.899561269817137443e+01
3.055247128035572146e+01
3.206946483146598581e+01
7.369081286025996747e+01
1.576697860725834062e+02
1.576009582649692788e+02
1.584451365081495453e+02
1.576755085607500746e+02
1.579551607049771178e+02
1.578658320165926625e+02
1.170797844048825027e+02
7.733211908718068628e+01
3.507689397839843792e+01
3.867347950480023400e+01
2.742218363098107403e+01
2.898410143421877194e+01
3.053848395416755324e+01
3.205307234575246866e+01
7.367174573131671877e+01
1.576482285984408520e+02
1.575775116483410159e+02
1.584198484628720109e+02
1.576484206298252673e+02
1.579263194933778323e+02
1.578352772281453724e+02
1.170471202564163917e+02
7.856132096932462616e+01
3.503785903167221960e+01
3.863272945484653320e+01
2.844565826475641757e+01
2.897259075699889763e+01
3.052449730465656330e+01
3.203668061165723202e+01
7.365267940717646411e+01
1.576266719343705063e+02
1.575540658632947952e+02
1.583945612617903862e+02
1.586674307151777725e+02
1.578974791300743732e+02
1.578047232796923254e+02
1.170144569698495758e+02
7.852646734716151400e+01
3.499882494630100638e+01
3.859198022574224041e+01
2.843667545841860189e+01
2.896108066646742785e+01
3.051051133177363894e+01
3.202028962912856969e+01
7.471394877436017623e+01
1.576051160803266384e+02
1.585337775797610220e+02
1.593929580944090105e+02
1.586403490725958250e+02
1.578686396150293660e+02
1.577741701711988185e+02
1.169817945451479488e+02
7.849161460236047105e+01
3.495979172225595022e+01
3.855123181746228767e+01
2.842769313346128968e+01
2.894957116257893404e+01
3.049652603546982021e+01
3.200389939811476836e+01
7.469487562291334370e+01
1.575835610362635748e+02
1.585103330924658849e+02
1.593676746890305651e+02
1.586132682793468405e+02
1.578398009482053226e+02
1.577436179026301772e+02
1.169491329822775754e+02
7.845676273488804497e+01
3.492075935950883547e+01
3.990921699341992479e+01
2.841871128984577055e+01
2.893806224528924176e+01
3.048254141569580966e+01
3.198750991856408987e+01
7.467580327586706801e+01
1.575620068021356985e+02
1.584868894360155025e+02
1.593423921270107826e+02
1.585861883353910002e+02
1.578109631295648398e+02
1.577130664739518977e+02
1.169164722812042498e+02
7.842191174471150816e+01
3.626598808225566728e+01
3.986849501892536551e+01
2.840972992753351534e+01
2.892655391455292957e+01
3.155727178446434067e+01
3.197112119042493106e+01
7.465673173317053113e+01
1.575404533778973359e+02
1.584634466103657360e+02
1.593171104083072862e+02
1.585591092406881444e+02
1.577821261590704864e+02
1.576825158851291633e+02
1.168838124418937809e+02
7.838706163179732300e+01
3.622697892988525581e+01
3.982777386389900443e+01
2.840074904648577458e+01
2.891504617032547486e+01
3.154327249035452141e+01
3.195473321364552177e+01
7.571633773910637899e+01
1.584995636588527077e+02
1.584400046154724464e+02
1.592918295328780118e+02
1.585320309951984257e+02
1.588196963399942945e+02
1.576519661361275269e+02
1.168511534643120768e+02
7.961413830006029002e+01
3.618797063744274567e+01
3.978705352831637043e+01
2.839176864666370292e+01
2.890353901256194646e+01
3.152927387290456096e+01
3.193834598817436543e+01
7.569725941411178383e+01
1.584780090844576819e+02
1.584165634512914096e+02
1.592665495006807248e+02
1.585049535988819116e+02
1.587908681873104797e+02
1.576214172269123139e+02
1.168184953484250883e+02
7.957930487946219955e+01
3.614896320489955173e+01
3.974633401215250217e+01
2.838278872802885289e+01
2.889203244121764058e+01
3.151527593206540345e+01
3.192195951395965281e+01
7.567818189306321131e+01
1.584564553193316669e+02
1.583931231177785435e+02
1.592412703116732189e+02
1.584778770516986128e+02
1.587620408817810755e+02
1.586776452505907571e+02
1.167858380941987946e+02
7.954447233487613289e+01
3.610995663222740859e+01
3.970561531538276512e+01
2.837380929054251055e+01
2.888052645624735959e+01
3.150127866778797170e+01
3.302106225686092955e+01
7.565910517590988604e+01
1.584349023634290461e+02
1.583696836148896523e+02
1.592159919658133447e+02
1.584508013536086537e+02
1.587332144233687075e+02
1.586471077053092245e+02
1.167531817015989333e+02
7.950964066626922033e+01
3.745271450121592238e+01
3.966489743798239687e+01
2.836483033416579502e+01
2.886902105760658444e+01
3.148728208002325601e+01
3.300466410154658092e+01
7.564002926260094739e+01
1.584133502167042309e+02
1.583462449425805687e+02
1.591907144630589528e+02
1.584237265045719880e+02
1.587043888120360577e+02
1.586165709987678838e+02
1.178949629717705960e+02
7.947480987360827953e+01
3.741373111791234152e+01
3.962418037992665631e+01
2.835585185886033344e+01
2.991841742757630485e+01
3.147328616872201579e+01
3.298826669737086092e+01
7.562095415308571944e+01
1.583917988791116613e+02
1.583228071008071538e+02
1.591654378033677517e+02
1.583966525045487685e+02
1.586755640477456666e+02
1.585860351309320322e+02
1.178623204231408010e+02
7.943997995686044078e+01
3.737474859311288355e+01
3.958346414119075973e+01
2.834687386458729463e+01
2.990689442377562202e+01
3.145929093383548292e+01
3.297187004428204915e+01
7.560187984731324207e+01
1.583702483506057490e+02
1.582993700895253255e+02
1.591401619866976773e+02
1.583695793534990628e+02
1.586467401304604152e+02
1.585555001017671088e+02
1.178296787349875956e+02
7.940515091599235120e+01
3.733576692678926889e+01
3.954274872175007260e+01
2.833789635130796825e+01
2.989537200670660511e+01
3.144529637531455890e+01
3.295547414222870231e+01
7.558280634523278252e+01
1.583486986311410192e+02
1.582759339086908881e+02
1.591148870130065518e+02
1.583425070513829098e+02
1.586179170601427870e+02
1.585249659112385814e+02
1.177970379072769305e+02
7.937032275097128320e+01
3.729678611891323925e+01
3.950203412157994620e+01
2.832891931898401339e+01
2.988385017632432294e+01
3.143130249311008839e+01
3.293907899115906446e+01
7.556373364679359383e+01
1.583271497206718266e+02
1.582524985582596742e+02
1.590896128822520836e+02
1.593599723468825573e+02
1.585890948367554643e+02
1.584944325593119174e+02
1.177643979399747423e+02
7.933549546176398337e+01
3.725780616945640844e+01
4.085765969425631283e+01
2.831994276757633600e+01
2.987232893258417832e+01
3.250426354609810886e+01
3.292268459102152178e+01
7.554466175194478694e+01
1.583056016191526112e+02
1.582290640381876585e+02
1.590643395943922656e+02
1.593329063383251878e+02
1.585602734602611577e+02
1.584639000459526699e+02
1.177317588330469960e+02
7.930066904833758201e+01
3.721882707839012738e+01
4.081697149024581250e+01
2.831096669704660584e+01
2.986080827544127914e+01
3.249025505408018688e+01
3.290629094176468783e+01
7.552559066063564330e+01
1.582840543265378983e+02
1.592072933512750410e+02
1.590390671493848060e+02
1.593058411777804224e+02
1.585314529306225495e+02
1.584333683711260790e+02
1.176991205864597276e+02
7.926584351065892520e+01
3.717984884568650727e+01
4.077628410415338323e+01
2.830199110735618007e+01
2.984928820485069068e+01
3.247624723850571371e+01
3.288989804333681377e+01
7.550652037281540174e+01
1.582625078427820426e+02
1.591838601449557302e+02
1.600359586954872100e+02
1.592787768652083571e+02
1.585026332478024642e+02
1.584028375347978113e+02
1.176664832001788312e+02
7.923101884869505795e+01
3.714087147131680666e+01
4.073559753595429100e+01
2.829301599846616355e+01
2.983776872076797559e+01
3.246224009932561216e+01
3.287350589568638526e+01
7.548745088843323003e+01
1.582409621678395979e+02
1.591604277682595239e+02
1.600106900555184950e+02
1.592517134005692299e+02
1.584738144117632999e+02
1.583723075369332207e+02
1.176338466741703712e+02
7.919619506241294005e+01
3.710189495525285253e+01
4.069491178562397948e+01
2.828404137033827581e+01
2.982624982314797535e+01
3.244823363649098980e+01
3.285711449876176715e+01
7.654532972592168960e+01
1.591986222266392019e+02
1.591369962211423967e+02
1.599854222575665403e+02
1.592246507838231651e+02
1.584449964224679377e+02
1.594269113808913687e+02
1.176012110084003837e+02
7.916137215177951703e+01
3.706291929746643632e+01
4.065422685313770756e+01
2.827506722293360042e+01
2.981473151194601812e+01
3.243422784995282626e+01
3.284072385251135984e+01
7.652625350086943001e+01
1.591770754237987262e+02
1.591135655035602099e+02
1.599601553015891682e+02
1.591975890149302870e+02
1.584161792798788611e+02
1.593963927423839380e+02
1.187411505527735756e+02
7.912655011676174865e+01
3.702394449792883790e+01
4.061354273847091889e+01
2.826609355621368280e+01
2.980321378711728997e+01
3.242022273966220780e+01
3.393798249418236423e+01
7.650717807885115462e+01
1.591555294291516702e+02
1.590901356154689381e+02
1.599348891875443144e+02
1.591705280938507485e+02
1.583873629839589512e+02
1.593658749412961697e+02
1.187085287233916802e+02
7.909172895732658048e+01
3.698497055661208321e+01
4.057285944159875157e+01
2.825712037013973443e+01
2.979169664861734290e+01
3.240621830556990801e+01
3.392158022447084420e+01
7.648810345981604542e+01
1.591339842426525877e+02
1.590667065568245846e+02
1.599096239153899148e+02
1.591434680205446739e+02
1.583585475346708336e+02
1.593353579775935600e+02
1.186759077531006739e+02
7.905690867344112860e+01
3.832544318047219178e+01
4.053217696249657109e+01
2.824814766467333271e+01
2.978018009640102548e+01
3.239221454762718366e+01
3.390517870531370193e+01
7.646902964371339806e+01
1.591124398642560607e+02
1.590432783275830388e+02
1.598843594850838770e+02
1.591164087949723296e+02
1.583297329319771336e+02
1.593048418512416902e+02
1.186432876418667917e+02
8.028203984327556952e+01
3.828649239682402339e+01
4.049149530113984241e+01
2.823917543977583833e+01
2.976866413042355219e+01
3.237821146578502862e+01
3.388877793665932359e+01
7.644995663049253665e+01
1.590908962939165576e+02
1.590198509277003041e+02
1.598590958965840798e+02
1.601323170316912581e+02
1.593657693558062647e+02
1.592743265622060278e+02
1.186106683896560128e+02
8.024723623037475306e+01
3.824754247003375696e+01
4.045081445750410154e+01
2.823020369540868302e+01
3.081627065576444835e+01
3.236420905999442255e+01
3.387237791845638668e+01
7.643088442010277106e+01
1.590693535315886322e+02
1.589964243571323550e+02
1.598338331498485445e+02
1.601052641074653877e+02
1.593369635654985359e+02
1.592438121104522679e+02
1.185780499964344727e+02
8.021243349177667881e+01
3.820859340007266525e+01
4.180408738485026987e+01
2.925170012440112899e+01
3.080473715736127360e+01
3.343539043120178889e+01
3.385597865065321344e+01
7.641181301249339697e+01
1.590478115772268382e+02
1.589729986158351096e+02
1.598085712448351217e+02
1.600782120300538338e+02
1.593081586207959504e+02
1.592132984959457360e+02
1.185454324621682503e+02
8.017763162744830652e+01
3.816964518691314368e+01
4.176343289980945883e+01
2.924270799660902398e+01
3.079320424559510982e+01
3.342137347999921815e+01
3.383958013319835345e+01
7.639274240761382373e+01
1.590262704307857575e+02
1.589495737037645711e+02
1.597833101815017756e+02
1.600511607994168912e+02
1.592793545216614177e+02
1.591827857186521555e+02
1.185128157868233245e+02
8.014283063735680912e+01
3.813069783052625183e+01
4.172277923114073417e+01
2.923371635003999813e+01
3.078167192042136691e+01
3.340735720497227845e+01
3.382318236604029948e+01
7.637367260541323333e+01
1.590047300922198872e+02
1.589261496208766573e+02
1.597580499598064705e+02
1.600241104155147980e+02
1.592505512680576203e+02
1.591522737785370225e+02
1.184801999703658879e+02
8.010803052146923164e+01
3.809175133088429277e+01
4.168212637881925531e+01
2.922472518465535174e+01
3.077014018179518828e+01
3.339334160607175761e+01
3.380678534912757272e+01
7.635460360584099249e+01
1.589831905614838092e+02
1.589027263671274284e+02
1.607534313320522017e+02
1.599970608783077637e+02
1.592217488599474393e+02
1.591217626755657193e+02
1.184475850127619623e+02
8.007323127975263333e+01
3.805280568795841845e+01
4.164147434282089222e+01
2.921573450041666575e+01
3.075860902967213661e+01
3.337932668324893370e+01
3.379038908240868722e+01
7.633553540884645372e+01
1.589616518385320774e+02
1.588793039424728022e+02
1.607281749270282774e+02
1.599700121877560548e+02
1.591929472972935287e+02
1.601747466152230004e+02
1.195856878413586486e+02
8.003843291217398814e+01
3.801386090172096033e+01
4.160082312312079722e+01
2.920674429728501309e+01
3.074707846400704980e+01
3.336531243645472244e+01
3.377399356583220680e+01
7.631646801437896954e+01
1.589401139233191884e+02
1.588558823468687251e+02
1.607029193628081032e+02
1.599429643438199378e+02
1.591641465800586843e+02
1.601442468669964114e+02
1.195530867125260244e+02
8.000363541870034112e+01
3.797491697214332618e+01
4.156017271969442106e+01
2.919775457522223761e+01
3.073554848475525958e+01
3.335129886564035218e+01
3.375759879934660290e+01
7.737262453221768510e+01
1.589185768157998098e+02
1.588324615802712572e+02
1.606776646393496435e+02
1.599159173464596222e+02
1.591353467082056738e+02
1.601137479548720250e+02
1.195204864414021131e+02
7.996883879929895045e+01
3.793597389919732166e+01
4.151952313251732107e+01
2.918876533418938379e+01
3.072401909187225044e+01
3.333728597075696598e+01
3.374120478290031855e+01
7.735355043849529011e+01
1.588970405159284667e+02
1.588090416426364300e+02
1.606524107566109194e+02
1.598888711956354598e+02
1.591065476816974069e+02
1.600832498788155362e+02
1.194878870279531355e+02
8.119191958277401966e+01
3.789703168285469559e+01
4.147887436156477747e+01
2.917977657414806103e+01
3.071249028531316583e+01
3.332327375175536588e+01
3.372481151644206676e+01
7.733447714689521035e+01
1.588755050236596844e+02
1.587856225339200762e+02
1.606271577145500373e+02
1.598618258913075749e+02
1.590777495004965090e+02
1.600527526387923558e+02
1.194552884721450567e+02
8.115713962152132410e+01
3.923520353149692852e+01
4.143822640681212732e+01
2.917078829505931736e+01
3.070096206503337655e+01
3.330926220858693654e+01
3.370841899992021951e+01
7.731540465736682677e+01
1.588539703389481303e+02
1.587622042540782843e+02
1.606019055131249331e+02
1.598347814334362909e+02
1.590489521645658328e+02
1.600222562347683493e+02
1.194226907739441685e+02
8.112236053309689510e+01
3.919628444249684662e+01
4.278912811220248358e+01
2.916180049688478348e+01
3.068943443098806512e+01
3.329525134120265761e+01
3.369202723328350402e+01
7.729633296985946345e+01
1.588324364617483013e+02
1.587387868030670575e+02
1.605766541522936279e+02
1.598077378219819025e+02
1.590201556738681461e+02
1.599917606667089842e+02
1.193900939333165496e+02
8.108758231746763556e+01
3.915736620874083229e+01
4.274850647986115604e+01
2.915281317958588758e+01
3.067790738313237142e+01
3.328124114955370061e+01
3.367563621648029226e+01
7.727726208432260080e+01
1.597886405414677427e+02
1.597155411483234104e+02
1.605514036320142282e+02
1.597806950569046194e+02
1.589913600283662447e+02
1.599612659345799841e+02
1.193574979502284066e+02
8.105280497460108791e+01
3.911844883020069830e+01
4.270788566237469297e+01
2.914382634312408271e+01
3.066638092142197181e+01
3.326723163359106650e+01
3.365924594945916937e+01
7.725819200070570503e+01
1.597671055556372721e+02
1.596921250221297726e+02
1.605261539522446981e+02
1.597536531381647364e+02
1.589625652280229531e+02
1.588472004146194934e+02
1.193249028246459886e+02
8.101802850446409821e+01
3.907953230684842083e+01
4.266726565971887197e+01
2.913483998746065140e+01
3.065485504581174325e+01
3.325322279326604757e+01
3.364285643216870625e+01
7.723912271895810022e+01
1.597455713766996439e+02
1.596687097240322544e+02
1.605009051129430588e+02
1.586835764450959232e+02
1.578688143952899168e+02
1.577313712057364796e+02
1.192923085565352466e+02
8.098325290702382517e+01
3.904061663865577003e+01
4.262664647186907274e+01
2.912585411255706092e+01
3.064332975625713118e+01
3.323921462852967323e+01
3.362646766455740988e+01
7.722005423902932364e+01
1.597240380046094685e+02
1.596452952539870864e+02
1.604756571140673884e+02
1.586565316249031525e+02
1.567733662332593667e+02
1.555249349648228758e+02
1.192597151458625717e+02
8.094847818224762648e+01
3.900170182559442367e+01
4.258602809880051865e+01
2.911686871837472168e+01
3.063180505271358456e+01
3.322520713933302972e+01
3.361007964657400038e+01
7.720098656086872779e+01
1.597025054393214987e+02
1.596218816119502435e+02
1.604504099555757648e+02
1.586294876517274304e+02
1.556762167878806622e+02
1.192271225925939433e+02
8.091370433010244767e+01
3.896278786763644320e+01
4.254541054048899440e+01
2.910788380487504057e+01
3.167757285048520188e+01
3.321120032562733826e+01
3.470538859656737429e+01
7.718191968442573625e+01
1.596809736807903164e+02
1.595984687978777856e+02
1.604251636374261523e+02
1.575577793967046318e+02
1.535056241260373611e+02
1.203634196229398157e+02
8.087893135055553273e+01
4.029857673137138363e+01
4.250479379690985127e+01
2.909889937201933208e+01
3.166603068822064415e+01
3.319719418736374905e+01
3.468898901184777372e+01
7.716285360964981521e+01
1.596594427289705607e+02
1.595750568117259434e+02
1.603999181595766288e+02
1.564844433743908212e+02
1.437541052037679208e+02
1.203308408885748833e+02
8.209996751800876780e+01
4.025968587577535374e+01
4.246417786803868211e+01
2.908991541976936190e+01
3.165448911236129348e+01
3.318318872449333412e+01
3.467259017663458565e+01
7.714378833649034561e+01
1.596379125838169841e+02
1.595516456534506347e+02
1.603746735219851871e+02
1.554094758734586890e+02
1.033426015932228523e+02
1.202982630104720840e+02
8.206521118375081869e+01
4.022079587392659050e+01
4.242356275385080977e+01
3.010956528965488488e+01
3.164294812286233238e+01
3.316918393696720102e+01
3.465619209087636676e+01
7.712472386489697840e+01
1.596163832452841405e+02
1.595282353230080048e+02
1.593287549208553173e+02
1.543328731712899184e+02
1.138107254957204759e+02
1.202656859885974114e+02
8.203045572085002846e+01
4.018190672579735434e+01
4.238294845432180580e+01
3.010056103726713417e+01
3.163140771967905351e+01
3.315517982473662073e+01
3.463979475452165246e+01
7.710566019481888134e+01
1.595948547133268107e+02
1.595048258203541991e+02
1.593035098414544279e+02
1.522018132524926557e+02
1.149367339410436557e+02
1.202331098229172994e+02
8.199570112927384002e+01
4.014301843135917380e+01
4.373151138131396465e+01
3.009155726617276017e+01
3.161986790276686676e+01
3.314117638775278607e+01
3.462339816751926236e+01
7.708659732620570537e+01
1.595733269878996055e+02
1.594814171454452492e+02
1.582560391790244694e+02
1.415557747420234307e+02
1.160608415334666574e+02
1.202005345133980683e+02
8.196094740898948316e+01
4.010413099058418851e+01
4.369092336674921029e+01
3.008255397633258710e+01
3.160832867208106478e+01
3.312717362596668380e+01
3.460700232981758973e+01
7.706753525900680302e+01
1.595518000689572204e+02
1.594580092982372719e+02
1.572070142857643020e+02
1.171830530822712007e+02
1.201679600600057682e+02
8.192619455996391764e+01
4.006524440344411886e+01
4.365033616550208961e+01
3.007355116770832382e+01
3.159679002757694377e+01
3.311317153932956359e+01
3.459060724136548970e+01
7.704847399317173995e+01
1.595302739564543231e+02
1.594346022786863557e+02
1.561564316998674826e+02
1.146906909987024079e+02
1.183033733805290240e+02
1.201353864627067196e+02
8.189144258216470007e+01
4.002635866991114710e+01
4.360974977754817417e+01
3.006454884026151930e+01
3.158525196920998823e+01
3.418238117011628674e+01
3.457421290211154741e+01
7.810287572012923363e+01
1.595087486503456660e+02
1.584110294914822816e+02
1.551042879492398185e+02
1.169273598855381522e+02
1.182725382180578606e+02
1.201028137214671574e+02
8.185669147555891811e+01
4.135977150127915536e+01
4.356916420286282943e+01
3.005554699395345253e+01
3.157371449693519239e+01
3.416836460437985323e+01
3.455781931200431245e+01
7.808380779446967779e+01
1.594872241505858028e+02
1.583876244676509089e+02
1.530205552785510008e+02
1.180284231783337390e+02
1.193909822207447462e+02
1.200702418362534019e+02
8.182194124011385838e+01
4.132090884513512918e+01
4.352857944142170510e+01
3.004654562874546642e+01
3.156217761070826100e+01
3.415434871391368432e+01
3.454142647099239838e+01
7.806474066976893766e+01
1.594657004571295147e+02
1.573625701349332928e+02
1.179993874144692541e+02
1.193601581062815882e+02
1.200376708070317022e+02
8.304092277703777825e+01
4.128204704124599544e+01
4.348799549320040114e+01
3.003754474459915969e+01
3.155064131048453291e+01
3.414033349866905098e+01
3.452503437902471717e+01
7.804567434597663578e+01
1.594441775699314974e+02
1.563360298645420698e+02
1.141024984865650254e+02
1.190986360638739114e+02
1.193293348617433338e+02
1.211721540279957594e+02
8.300618917520365869e+01
4.124318608958306243e+01
4.344741235817468095e+01
3.002854434147563722e+01
3.153910559621915155e+01
3.412631895859703945e+01
3.450864303604969763e+01
7.802660882304216727e+01
1.594226554889464751e+02
1.553080004230700979e+02
1.162986175994379749e+02
1.190696086013476389e+02
1.204459175329274103e+02
1.211395968088920085e+02
8.297145644329205538e+01
4.120432599011877528e+01
4.340683003631968262e+01
3.001954441933684592e+01
3.152757046786755879e+01
3.411230509364897046e+01
3.449225244201608831e+01
7.800754410091512625e+01
1.594011342141290868e+02
1.532708598080671152e+02
1.173804286551705331e+02
1.201670471557760465e+02
1.204151053426742948e+02
1.211070404446408304e+02
8.293672458127035441e+01
4.116546674282496809e+01
4.336624852761130455e+01
3.001054497814386579e+01
3.151603592538490162e+01
3.409829190377605102e+01
3.558570378264777645e+01
7.798848017954512102e+01
1.584019284252981663e+02
1.502155883082670869e+02
1.184604813908202772e+02
1.201380280077975868e+02
1.203842940212536377e+02
1.210744849352085453e+02
8.290199358910602712e+01
4.112660834767368101e+01
4.332566783202488381e+01
3.000154601785827424e+01
3.150450196872697006e+01
3.408427938892942421e+01
3.556930167879313842e+01
7.796941705888164620e+01
1.583804114953584872e+02
1.440875659200227403e+02
1.184332951870556485e+02
1.201090097354871062e+02
1.203534835686286328e+02
1.210419302805615018e+02
8.286726346676618959e+01
4.108775080463669838e+01
4.328508794953622640e+01
3.101947944936971524e+01
3.149296859784893954e+01
3.407026754906040367e+01
3.555290032375659592e+01
7.902214340830299477e+01
1.573797978746706860e+02
1.157781170125312258e+02
1.195115985963861647e+02
1.200799923388047858e+02
1.203226739847624742e+02
1.210093764806660772e+02
8.283253421421835583e+01
4.104889411368608165e+01
4.463134440592039454e+01
3.101046026748570483e+01
3.253690333780580346e+01
3.405625638412018930e+01
3.553649971748681935e+01
7.900307367058115915e+01
1.563777698909210301e+02
1.168399574642001966e+02
1.194844179784832363e+02
1.200509758177111195e+02
1.202918652696186399e+02
1.209768235354885491e+02
8.279780583142969874e+01
4.101003827479389230e+01
4.459079076969630506e+01
3.100144156719141009e+01
3.252535258154371434e+01
3.512371216890965542e+01
3.552009985993259278e+01
7.898400473315999193e+01
1.543909612810758176e+02
1.179001043280598253e+02
1.194572382359800145e+02
1.200219601721665583e+02
1.202610574231601106e+02
1.209442714449952945e+02
8.276307831836756179e+01
4.097118328793188624e+01
4.455023794523229697e+01
3.099242334844822366e+01
3.251380241145175631e+01
3.510968658847033197e+01
3.661180884383762901e+01
7.896493659598918669e+01
1.117374058999563999e+02
1.189585616526760248e+02
1.205338013578009679e+02
1.211176229670531797e+02
1.202302504453503218e+02
1.209117202091526764e+02
8.272835167499930265e+01
4.093232915307239494e+01
4.450968593250405547e+01
3.098340561121783310e+01
3.250225282748507993e+01
3.509566168307815559e+01
3.659539753375921833e+01
7.894586925901836594e+01
1.117160539557683876e+02
1.189332675873049254e+02
1.205066272189991992e+02
1.210886156452143041e+02
1.201994443361525242e+02
1.208791698279269156e+02
8.269362590129227897e+01
4.089347587018703933e+01
4.446913473148725870e+01
3.097438835546126157e+01
3.354459287106782739e+01
3.508163745268446121e+01
3.657898697227066975e+01
7.892680272219716642e+01
1.127409080551310865e+02
1.147179968908640291e+02
1.199900414458777647e+02
1.204794539546502961e+02
1.210596091978976716e+02
1.201686390955299117e+02
1.208466203012844602e+02
8.265890099721380579e+01
4.222463058279219439e+01
4.442858434215744268e+01
3.096537158114008648e+01
3.353302596908842048e+01
3.506761389724030664e+01
3.656257715932082419e+01
7.890773698547512538e+01
1.137641887936236600e+02
1.168239113574980905e+02
1.199647502844744480e+02
1.204522815647119671e+02
1.210306036250635202e+02
1.201378347234457635e+02
1.208140716291916590e+02
8.387588090416747377e+01
4.218580034572768511e+01
4.438803476449011498e+01
3.095635528821594917e+01
3.352145965362060309e+01
3.505359101669703392e+01
3.654616809485836626e+01
7.888867204880205009e+01
1.147858997916136587e+02
1.178627497700917246e+02
1.199394599894665703e+02
1.204251100491420061e+02
1.210015989266724574e+02
1.201070312198634298e+02
1.207815238116146901e+02
8.384117261838574109e+01
4.214697095928887904e+01
4.434748599846104611e+01
3.094733947665001850e+01
3.350989392461963945e+01
3.503956881100594245e+01
3.652975977883227898e+01
7.886960791212746358e+01
1.158060446583697995e+02
1.188999656439110026e+02
1.199141705608095663e+02
1.203979394078982494e+02
1.209725951026848918e+02
1.200762285847461186e+02
1.219142240557457200e+02
8.380646520099743668e+01
4.210814242344784475e+01
4.430693804404601366e+01
3.093832414640413830e+01
3.349832878204109221e+01
3.610532062831844513e+01
3.651335221119116170e+01
7.885054457540101680e+01
1.168246269921041289e+02
1.188766081417319924e+02
1.198888819984589560e+02
1.203707696409383914e+02
1.209435921530612177e+02
1.211910565734611964e+02
1.218816900372663810e+02
8.377175865197014559e+01
4.206931473817646605e+01
4.565081860629538113e+01
3.092930929743946322e+01
3.348676422584036061e+01
3.609128406994810945e+01
3.649694539188391929e+01
7.883148203857238911e+01
1.168032589782303603e+02
1.199122046690625041e+02
1.198635943023701884e+02
1.203436007482204388e+02
1.209145900777620426e+02
1.211602649882864142e+02
1.218491568721661906e+02
8.373705297127132496e+01
4.203048790344698915e+01
4.561029686344203071e+01
3.092029492971731131e+01
3.347520025597282256e+01
3.607724818654526189e+01
3.648053932085928608e+01
7.881242030159125989e+01
1.178202790926772678e+02
1.198888474103406878e+02
1.198383074724987978e+02
1.203164327297020009e+02
1.208855888767476614e+02
1.211294742704866536e+02
1.218166245604117819e+02
8.370234815886814772e+01
4.199166191923143288e+01
4.556977593086860168e+01
3.091128104319943759e+01
3.346363687239384888e+01
3.606321297806101711e+01
3.646413399806621669e+01
7.986344614043807155e+01
1.188357438725225421e+02
1.198654910010888699e+02
1.198130215088002331e+02
1.202892655853409423e+02
1.208565885499787100e+02
1.210986844200253501e+02
1.217840931019695176e+02
8.366764421472832680e+01
4.195283678550190842e+01
4.552925580855067267e+01
3.090226763784731290e+01
3.345207407505892405e+01
3.604917844444682373e+01
3.644772942345337441e+01
7.984437782753839485e+01
1.188143701709815048e+02
1.198421354412608082e+02
1.197877364112300285e+02
1.202620993150951421e+02
1.208275890974156255e+02
1.210678954368658253e+02
1.217515624968058177e+02
8.363294113881913461e+01
4.191401250223029251e+01
4.548873649646424866e+01
3.089325471362226594e+01
3.344051186392337627e+01
3.603514458565418010e+01
3.643132559696962147e+01
7.982531031407974353e+01
1.198282799772461402e+02
1.198187807308101185e+02
1.197624521797436756e+02
1.202349339189222945e+02
1.207985905190187310e+02
1.210371073209713018e+02
1.217190327448872011e+02
8.359823893110797144e+01
4.187518906938871766e+01
4.544821799458469513e+01
3.190943538744585339e+01
3.342895023894273976e+01
3.602111140163414404e+01
3.641492251856379170e+01
7.980624360001192485e+01
1.198069038952890821e+02
1.197954268696904876e+02
1.208175631165111241e+02
1.202077693967803498e+02
1.207695928147486484e+02
1.210063200723052859e+02
1.216865038461799742e+02
8.356353759156215233e+01
4.320402579400042242e+01
4.540770030288810233e+01
3.190040232123522657e+01
3.341738920007232849e+01
3.600707889233820680e+01
3.750479638390217474e+01
7.978717768528463239e+01
1.197855286369945276e+02
1.197720738578555313e+02
1.207922818065334525e+02
1.201806057486270305e+02
1.218635366539084686e+02
1.209755336908311136e+02
1.216539758006506702e+02
8.352883712014927653e+01
4.316522537940570459e+01
4.536718342134961546e+01
3.189136973682910536e+01
3.340582874726745644e+01
3.599304705771768198e+01
3.748838190941101089e+01
7.976811256984755971e+01
1.207978839223874132e+02
1.197487216952590074e+02
1.207670013617915004e+02
1.201534429744202015e+02
1.218345472755140833e+02
1.209447481765120642e+02
1.216214486082655810e+02
8.349413751683677276e+01
4.312642581389599883e+01
4.532666734994543845e+01
3.188233763418849520e+01
3.339426888048394204e+01
3.597901589772387609e+01
3.747196818287026332e+01
7.974904825365054251e+01
1.207765063167600772e+02
1.197253703818545034e+02
1.207417217822407594e+02
1.201262810741176281e+02
1.218055587702217935e+02
1.209139635293116726e+02
1.215889222689912827e+02
8.345943878159194185e+01
4.308762709744334529e+01
4.528615208865114994e+01
3.187330601327529678e+01
3.338270959967688611e+01
3.596498541230828039e+01
3.745555520422875162e+01
7.972998473664321750e+01
1.207551295341934576e+02
1.197020199175957771e+02
1.207164430678368916e+02
1.200991200476772036e+02
1.217765711379922635e+02
1.208831797491931468e+02
1.215563967827941951e+02
8.342474091438232620e+01
4.304882923002001149e+01
4.524563763744221490e+01
3.186427487405065406e+01
3.337115090480192947e+01
3.595095560142196689e+01
3.743914297343538067e+01
7.971092201877542038e+01
1.207337535746400050e+02
1.196786703024365011e+02
1.206911652185354598e+02
1.200719598950568070e+02
1.217475843787859162e+02
1.208523968361198229e+02
1.215238721496406953e+02
8.339004391517525505e+01
4.301003221159821521e+01
4.520512399629451750e+01
3.185524421647633275e+01
3.335959279581447845e+01
3.593692646501654053e+01
3.852728370361909782e+01
7.969186009999684472e+01
1.207123784380521556e+02
1.196553215363303053e+02
1.206658882342920549e+02
1.200448006162140757e+02
1.217185984925633306e+02
1.208216147900551789e+02
1.214913483694972882e+02
8.335534778393824240e+01
4.297123604214994685e+01
4.516461116518385666e+01
3.184621404051348037e+01
3.334803527266979728e+01
3.592289800304325098e+01
3.851086013352871618e+01
7.967279898025726936e+01
1.206910041243823883e+02
1.196319736192309193e+02
1.206406121150622681e+02
1.200176422111070451e+02
1.216896134792850859e+02
1.207908336109625367e+02
1.214588254423303937e+02
8.332065252063874539e+01
4.293244072164733893e+01
4.512409914408578970e+01
3.183718434612368497e+01
3.333647833532370441e+01
3.590887021545358238e+01
3.849443731115665912e+01
7.965373865950648735e+01
1.206696306335832531e+02
1.206659482636782599e+02
1.206153368608017047e+02
1.199904846796934521e+02
1.216606293389117184e+02
1.207600532988053175e+02
1.214263033681065451e+02
8.453571511354051893e+01
4.289364625006255949e+01
4.508358793297598766e+01
3.182815513326863410e+01
3.437695997810442350e+01
3.589484310219872754e+01
3.847801523645193100e+01
7.963467913769416384e+01
1.206482579656072005e+02
1.206426006114370466e+02
1.205900624714659983e+02
1.210653971621842402e+02
1.216316460714038641e+02
1.218731517654123593e+02
1.202283416211525662e+02
8.450103644721639284e+01
4.285485262736781920e+01
4.504307753183046970e+01
3.181912640190958896e+01
3.436538579625836576e+01
3.588081666323017060e+01
3.846159390936335143e+01
8.068400182251794206e+01
1.206268861204066525e+02
1.206192538074695193e+02
1.205647889470106833e+02
1.210382452359450980e+02
1.216026636767220737e+02
1.218423824967124318e+02
1.201958091791107535e+02
8.446635864759814183e+01
4.418137813494639232e+01
4.500256794062456578e+01
3.283364172437668316e+01
3.435381220059284857e+01
3.586679089849927493e+01
3.844517332983999580e+01
8.066493576536340981e+01
1.206055150979341590e+02
1.205959078517294358e+02
1.205395162873913932e+02
1.210110941824550252e+02
1.215736821548268978e+02
1.218116140938605838e+02
1.189958496338936982e+02
8.443168171465349303e+01
4.414260750294642577e+01
4.357721362277221289e+01
3.282459292742618828e+01
3.434223919106332801e+01
3.585276580795734702e+01
3.842875349783079741e+01
8.064587050674053614e+01
1.205841448981422559e+02
1.205725627441705683e+02
1.205142444925637477e+02
1.209839440016720289e+02
1.215447015056788871e+02
1.217808465568202649e+02
1.177938985655803776e+02
8.439700564834966201e+01
4.410383771849461709e+01
4.353668108439200779e+01
3.281554461264362743e+01
3.433066676762538805e+01
3.583874139155599892e+01
3.841233441328471088e+01
8.062680604659905725e+01
1.205627755209833083e+02
1.205492184847467172e+02
1.204889735624833804e+02
1.209567946935539737e+02
1.215157217292387202e+02
1.217500798855549107e+02
1.165899510121808760e+02
8.436233044865439012e+01
4.406506878156366724e+01
4.210862494500995012e+01
3.280649677999098657e+01
3.431909493023478319e+01
3.582471764924653002e+01
3.839591607615070501e+01
8.060774238488882304e+01
1.205414069664099230e+02
1.205258750734116688e+02
1.204637034971058966e+02
1.220299853747912522e+02
1.214867428254668624e+02
1.217193140800280418e+02
1.153840019952073135e+02
8.432765611553517715e+01
4.402630069212565189e+01
4.067788318658859481e+01
3.279744942942939190e+01
3.430752367884647214e+01
3.688856041126693697e+01
3.837949848637763495e+01
8.058867952155978287e+01
1.205200392343745932e+02
1.205025325101191527e+02
1.204384342963868733e+02
1.220028416876752573e+02
1.214577647943239782e+02
1.205446153848194086e+02
1.129986791799455261e+02
8.429298264895932391e+01
4.262210871632846931e+01
3.924444822608799655e+01
3.278840256092036043e+01
3.429595301341620228e+01
3.687452238108338776e+01
3.836308164391464004e+01
8.056961745656170137e+01
1.204986723248298262e+02
1.204791907948230403e+02
1.204131659602819866e+02
1.219756988722810718e+02
1.214287876357706466e+02
1.205138420068269909e+02
8.550599195410674724e+01
4.258332103508357847e+01
3.641011981420485455e+01
3.380135948352826603e+01
3.428438293389950076e+01
3.686048502510435299e+01
3.834666554871049726e+01
8.055055618984444266e+01
1.204773062377280581e+02
1.204558499274770469e+02
1.203878984887467993e+02
1.219485569285667168e+02
1.213998113497673330e+02
1.193372257859791290e+02
8.547133507396982566e+01
4.254453420250538187e+01
3.379229262195953964e+01
3.427281344025183785e+01
3.684644834328117469e+01
3.833025020071447386e+01
8.053149572135787082e+01
1.204559409730218960e+02
1.204325099080350299e+02
1.203626318817370162e+02
1.219214158564901709e+02
1.202477835685178036e+02
1.181586958200146569e+02
8.543667905914757910e+01
4.113770538995932924e+01
3.378322624311038425e+01
3.426124453242864121e+01
3.683241233556522332e+01
3.831383559987519050e+01
8.051243605105183576e+01
1.204345765306638185e+02
1.214648681968534731e+02
1.203373661392082283e+02
1.218942756560095120e+02
1.202188024651494374e+02
1.158266829440607921e+02
8.540202390960766365e+01
4.109889895985305941e+01
3.377416034694271474e+01
3.424967621038541665e+01
3.681837700190827434e+01
3.829742174614194994e+01
8.049337717887618737e+01
1.204132129106063616e+02
1.214415284649134179e+02
1.203121012611160694e+02
1.218671363270827328e+02
1.190649347929523429e+02
7.656266737199729278e+01
8.536736962531779227e+01
3.968944652714412769e+01
3.376509493341765733e+01
3.423810847407781210e+01
3.680434234226137136e+01
3.828100863946372101e+01
8.047431910478080397e+01
1.203918501128020750e+02
1.214181895801449684e+02
1.213655764547884814e+02
1.218399978696677834e+02
1.179092285357304206e+02
7.900659302919355298e+01
8.533271620624540788e+01
3.827738368854606676e+01
3.375603000249687824e+01
3.422654132346108469e+01
3.679030835657614773e+01
3.826459627978931621e+01
8.045526182871554965e+01
1.214026011518327124e+02
1.213948515425020673e+02
1.213403145068065783e+02
1.218128602837227845e+02
1.167516792955479588e+02
8.020890013770579685e+01
8.529806365235815235e+01
3.686270318535173374e+01
3.374696555414179500e+01
3.421497475849108838e+01
3.677627504480411602e+01
3.824818466706778963e+01
8.043620535063034538e+01
1.213812360302104452e+02
1.213715143519385435e+02
1.213150534224152466e+02
1.206853495996909800e+02
1.155922826604323461e+02
8.140909550875626621e+01
8.526341196362371022e+01
3.544539773191634424e+01
3.373790158831407382e+01
3.420340877912320821e+01
3.676224240689671774e+01
3.823177380124829483e+01
8.148382234390741985e+01
1.213598717302404140e+02
1.213481780084083113e+02
1.212897932015701485e+02
1.206582098881111733e+02
1.121610057443878645e+02
8.260718470106026246e+01
8.647437368178437112e+01
3.125555888700728602e+01
3.372883810497469881e+01
3.419184338531268708e+01
3.674821044280521676e+01
3.821536368227973668e+01
8.146475937049213201e+01
1.213385082518752824e+02
1.213248425118652420e+02
1.212645338442270742e+02
1.195289402799193823e+02
7.653760035588811661e+01
8.380317325384140759e+01
8.643973856891884111e+01
3.371977510408549250e+01
3.523050803574408008e+01
3.673417915248130328e+01
3.819895431011109110e+01
8.144569719464954005e+01
1.213171455950675579e+02
1.213015078622632217e+02
1.212392753503417424e+02
1.183979106395589582e+02
7.893895655763355990e+01
8.377029567480603589e+01
8.640510431997999774e+01
3.371071258560780848e+01
3.521892546972325988e+01
3.779625311057803572e+01
3.818254568469148325e+01
8.142663581632959335e+01
1.212957837597699609e+02
1.212781740595561502e+02
1.212140177198698439e+02
1.172651168491525908e+02
8.012101166556230680e+01
8.496420184826838806e+01
8.637047093493563921e+01
3.370165054950311401e+01
3.520734348963852511e+01
3.778220759541161300e+01
3.816613780596983929e+01
8.140757523548215602e+01
1.212744227459350270e+02
1.212548411036978990e+02
1.211887609527671117e+02
1.161305547779671627e+02
8.130102542960686662e+01
8.493133789359897889e+01
8.633583841375340739e+01
3.369258899573320321e+01
3.519576209544528922e+01
3.776816275412241453e+01
3.814973067389523464e+01
8.138851545205730531e+01
1.212530625535154343e+02
1.222855878703333303e+02
1.211635050489893217e+02
1.138832664004793429e+02
8.247900313313793674e+01
8.489847482287169100e+01
8.630120675640094419e+01
3.368352792425920228e+01
3.518418128709914328e+01
3.775411858666213760e+01
3.813332428841670918e+01
8.136945646600490534e+01
1.212317031824637468e+02
1.222622552251745986e+02
1.211382500084921361e+02
1.105125741956014593e+02
7.821859582054062798e+01
8.244795109628242358e+01
8.486561263605122463e+01
8.502087436403752463e+01
3.367446733504271350e+01
3.517260106455550073e+01
3.774007509298208873e+01
3.811691864948346620e+01
8.135039827727493389e+01
1.222408889318574552e+02
1.222389234261331268e+02
1.200342446422344693e+02
8.057066012958310353e+01
8.362390778088068544e+01
8.483275133310166893e+01
8.498622959535876475e+01
3.366540722804538177e+01
3.516102142777000239e+01
3.772603227303385154e+01
3.810051375704420451e+01
8.133134088581739718e+01
1.222195272664447145e+02
1.222155924731629000e+02
1.200089901339224809e+02
8.172913963323384223e+01
8.359286641740858670e+01
8.479989091398739731e+01
8.495158569154106942e+01
3.365634760322839725e+01
3.619805154349592158e+01
3.771199012676880358e+01
3.808410961104824111e+01
8.131228429158218773e+01
1.221981664217991863e+02
1.221922623662179461e+02
1.189033033115578206e+02
8.288565581105726210e+01
8.356182595085311959e+01
8.476703137867292526e+01
8.366900839250973831e+01
3.364728846055364642e+01
3.618645480224136435e+01
3.769794865413883400e+01
3.806770621144456612e+01
8.129322849451939703e+01
1.221768063978735057e+02
1.221689331052522220e+02
1.177959315213114451e+02
8.285648774879764744e+01
8.353078638117544585e+01
8.473417272712238457e+01
8.363435138409047909e+01
3.363822979998231233e+01
3.617485864711948551e+01
3.768390785509507168e+01
3.915382942906582286e+01
8.127417349457894602e+01
1.221554471946204785e+02
1.221456046902196704e+02
1.166868709086354556e+02
8.401105244212006085e+01
8.349974770833669879e+01
8.470131495930016285e+01
8.234953739867698630e+01
3.362917162147608963e+01
3.616326307808562746e+01
3.766986772958929208e+01
3.913741474477882321e+01
8.125511929171079828e+01
1.221340888119927399e+02
1.221222771210743616e+02
1.134000300743840199e+02
8.398189213560065980e+01
8.467371800174848318e+01
8.466845807517073297e+01
8.106249491338463997e+01
3.362011392499645979e+01
3.615166809509549495e+01
3.765582827757294382e+01
3.912100080675324421e+01
8.123606588586496002e+01
1.221127312499430246e+02
1.220989503977702242e+02
1.046019640905286820e+02
7.598224540582825171e+01
8.395273273022904448e+01
8.464269000926258002e+01
8.463560207469822672e+01
7.977321812520703759e+01
3.361105671050512456e+01
3.614007369810453696e+01
3.764178949899763182e+01
3.910458761493823943e+01
8.121701327699143746e+01
1.220913745084240247e+02
1.220756245202612718e+02
9.903741677609053795e+01
7.829677183744787783e+01
8.510535781626232676e+01
8.461166291248308369e+01
8.460274695784717380e+01
7.596140597662450489e+01
3.360199997796323146e+01
3.612847988706842983e+01
3.762775139381469103e+01
3.908817516928281321e+01
8.119796146504022261e+01
1.220700185873884607e+02
1.220522994885015180e+02
7.943754400850134800e+01
8.507620618218521713e+01
8.458063671137126960e+01
8.456989272458194762e+01
3.359294372733253908e+01
3.611688666194277175e+01
3.761371396197603900e+01
3.907176346973619019e+01
8.117891044996129324e+01
1.220486634867890814e+02
1.220289753024449766e+02
8.057641532083525249e+01
8.504705544819793772e+01
8.454961140588842738e+01
8.331010248711926636e+01
3.358388795857458575e+01
3.610529402268328170e+01
3.759967720343293252e+01
3.905535251624756654e+01
8.222480481210247660e+01
1.220273092065785789e+02
1.220056519620456186e+02
8.171339052157094329e+01
8.501790561425892179e+01
8.451858699599578983e+01
8.327723818077009810e+01
3.357483267165093821e+01
3.609370196924508889e+01
3.758564111813704045e+01
3.903894230876586846e+01
8.220574734042575926e+01
1.220059557467096738e+02
1.209282686150008317e+02
8.284847434203604166e+01
8.498875668032640363e+01
8.448756348165441921e+01
8.201529461885084515e+01
3.458582709817434875e+01
3.608211050158433153e+01
3.864589192365558290e+01
3.902253284724030635e+01
8.218669066521371747e+01
1.219846031071351149e+02
1.209049483563450451e+02
8.282123712704472496e+01
8.495960864635877385e+01
8.445654086282563355e+01
8.075120321961962588e+01
3.457675190445305446e+01
3.607051961965634490e+01
3.863184167687449388e+01
3.900612413162004799e+01
8.216763478641654217e+01
1.219632512878076085e+02
1.198259668655386605e+02
8.395443824135662680e+01
8.493046151231429519e+01
8.442551913947065145e+01
7.948495849495346022e+01
3.456767719322799337e+01
3.605892932341668455e+01
3.861779210344772650e+01
3.898971616185426825e+01
8.214857970398419695e+01
1.219419002886799035e+02
1.187453814262972855e+02
8.392720588257301984e+01
8.490131527815131562e+01
8.439449831155080517e+01
7.821655493801586090e+01
3.455860296446051905e+01
3.709422333565790808e+01
3.860374320332689280e+01
3.897330893789210648e+01
8.212952541786680172e+01
1.219205501097047772e+02
1.176631884594617077e+02
8.389997442143494766e+01
8.487216994382815471e+01
8.436347837902711433e+01
7.570617903386485636e+01
3.454952921811240429e+01
3.708261600490095589e+01
3.858969497646344138e+01
3.895690245968258125e+01
8.211047192801446215e+01
1.218992007508349360e+02
1.155172741626370794e+02
7.620852408858942795e+01
8.503130155867282269e+01
8.484302550930306097e+01
8.433245934186098225e+01
7.069238590346458295e+01
3.454045595414505243e+01
3.707100926020308407e+01
3.857564742280894876e+01
3.894049672717505928e+01
8.209141923437726973e+01
1.218778522120231145e+02
1.133648775920568283e+02
7.961960249885902385e+01
8.500407497544260593e+01
8.481388197453452449e+01
8.309632655609038920e+01
3.453138317251989520e+01
3.705940310151965633e+01
3.856160054231519041e+01
3.892409174031858043e+01
8.313566091604030817e+01
1.218565044932221042e+02
1.090638166883512952e+02
8.073612394484081278e+01
8.497684928889280798e+01
8.478473933948083641e+01
8.306530043491595450e+01
3.452231087319864855e+01
3.704779752880634902e+01
3.962016662239032883e+01
3.890768749906228408e+01
8.311660180755339411e+01
1.208046881757634026e+02
9.931899386280311148e+01
8.185082246309968923e+01
8.494962449897920465e+01
8.475559760410021681e+01
8.303427520999765932e+01
3.451323905614277265e+01
3.703619254201910138e+01
3.960610564207897966e+01
3.999195591803435690e+01
8.309754349487317882e+01
1.207833460425000851e+02
8.296370251439427079e+01
8.492240060565744386e+01
8.472645676835112738e+01
8.179606570312840574e+01
3.450416772131384846e+01
3.702458814111304974e+01
3.959204533503237400e+01
3.997554044744119750e+01
8.307848597794978218e+01
1.197300109595800279e+02
8.293844222978817982e+01
8.489517760888324460e+01
8.469731683219185925e+01
8.055579027534137992e+01
3.449509686867338587e+01
3.701298432604422572e+01
3.957798570120215942e+01
3.995912572231567594e+01
8.305942925673356569e+01
1.186751490330121470e+02
8.404950936648130266e+01
8.486795550861232584e+01
8.466817779558076040e+01
7.931344375191578422e+01
3.448602649818291610e+01
3.700138109676806408e+01
3.956392674053996217e+01
3.994271174260709500e+01
8.304037333117447872e+01
1.176187569405740589e+02
8.402425107377210622e+01
8.484073430480040656e+01
8.463903965847622146e+01
7.685358149971359865e+01
3.549534970866703532e+01
3.698977845324028380e+01
3.954986845299742271e+01
3.992629850826459403e+01
8.302131820122285433e+01
1.165608313503977627e+02
7.822941138567229302e+01
8.399899366676648071e+01
8.481351399740317731e+01
8.460990242083653357e+01
7.316373042738210586e+01
3.548625950742298585e+01
3.697817639541636225e+01
3.953581083852630940e+01
3.990988601923750423e+01
8.300226386682871293e+01
1.134204364575195996e+02
8.044323645529787825e+01
8.510825351415807916e+01
8.594299593928637648e+01
8.458076608262000207e+01
3.547716978898595386e+01
3.696657492325243766e+01
3.952175389707805664e+01
3.989347427547509284e+01
8.298321032794240182e+01
1.018420216107295886e+02
8.153590488574519668e+01
8.508299812657428163e+01
8.591578052584547720e+01
8.455163064378513127e+01
3.546808055331750609e+01
3.695497403670361081e+01
3.950769762860461043e+01
3.987706327692637132e+01
8.296415758451395561e+01
8.262682612348015709e+01
8.505774362384002529e+01
8.588856600785570095e+01
8.334059330859929560e+01
3.545899180037912402e+01
3.798853691305206581e+01
3.949364203305745491e+01
3.986065302354082007e+01
8.294510563649362211e+01
8.371600435583502531e+01
8.503249000590885487e+01
8.586135238527285196e+01
8.331145371791436105e+01
3.544990353013228201e+01
3.797691906161316666e+01
3.947958711038837265e+01
3.984424351526748609e+01
8.292605448383166333e+01
8.369276561656614888e+01
8.500723727273421559e+01
8.583413965805274870e+01
8.209843466763508957e+01
3.645768164326567984e+01
3.796530179615631084e+01
3.946553286054894727e+01
3.982783475205592794e+01
8.396861909295739679e+01
8.478020333836602163e+01
8.498198542426968061e+01
8.580692782615120962e+01
8.088343411003243943e+01
3.644857361382808847e+01
3.795368511663691180e+01
3.945147928349093291e+01
3.981142673385518549e+01
8.394956156556061444e+01
8.475696378458624736e+01
8.495673446046869515e+01
8.577971688952392526e+01
7.966644718584930729e+01
3.643946606773419461e+01
3.794206902301117168e+01
3.943742637916602689e+01
3.979501946061436968e+01
8.393050483311321841e+01
5.577034603357905951e+01
8.473372509538394581e+01
8.493148438128481814e+01
8.575250684812694146e+01
7.725565923047888361e+01
3.643035900494555790e+01
3.793045351523431208e+01
3.942337414752586966e+01
3.977861293228310302e+01
8.391144889556549913e+01
6.137554799808193451e+01
8.581942489101668059e+01
8.490623518667155167e+01
8.572529770191587772e+01
7.363908615552746539e+01
3.642125242542390851e+01
3.791883859326245698e+01
3.940932258852226511e+01
4.086105594673062313e+01
8.389239375286769018e+01
7.906912596017252781e+01
8.579618542024309136e+01
8.488098687658235519e+01
8.454136021650026578e+01
6.759068868694528476e+01
3.641214632913058580e+01
3.790722425705072851e+01
3.939527170210685370e+01
4.084463824429086287e+01
8.387333940497001095e+01
8.123185707913948761e+01
8.577294681332222126e+01
8.485573945097083026e+01
8.451414976674310253e+01
3.640304071602695757e+01
3.789561050655508723e+01
3.938122148823132562e+01
4.082822128662619576e+01
8.385428585182282291e+01
8.230013408435502242e+01
8.574970907020589550e+01
8.596320581685100137e+01
8.448694021286955547e+01
3.639393558607503820e+01
3.788399734173147948e+01
3.936717194684737109e+01
4.081180507368597432e+01
8.383523309337631702e+01
8.336673979196390860e+01
8.572647219084598191e+01
8.593796043158377529e+01
8.330110929092191441e+01
3.638483093923586154e+01
3.787238476253524055e+01
3.935312307790680109e+01
4.079538960541932369e+01
8.381618112958085476e+01
8.334557412907810203e+01
8.570323617519429149e+01
8.591271592994134210e+01
8.327389846338779478e+01
3.637572677547132827e+01
3.786077276892215338e+01
3.933907488136118502e+01
4.077897488177585927e+01
8.379712996038665551e+01
8.441050801202977993e+01
8.568000102320266365e+01
8.588747231187734599e+01
8.208617183505538151e+01
3.636662309474278487e+01
3.784916136084801508e+01
3.932502735716251863e+01
4.076256090270474886e+01
8.377807958574412339e+01
8.438933873758088566e+01
8.565676673482300885e+01
8.586222957734537431e+01
8.089654713081840498e+01
3.635751989701204678e+01
3.783755053826838122e+01
4.038169239333367955e+01
4.074614766815541600e+01
8.375903000560339251e+01
8.436817029757098396e+01
8.563353331000710966e+01
8.583698772629908547e+01
7.970501979713741036e+01
3.634841718224033258e+01
3.782594030113919104e+01
4.036763083296654031e+01
4.072973517807702137e+01
8.479992214317516641e+01
8.543143193425363791e+01
8.561030074870686235e+01
8.581174675869203838e+01
7.734346021018065187e+01
3.633931495038956427e+01
3.885774202779511199e+01
4.035356994504774519e+01
4.181041741455069172e+01
8.478086622821366802e+01
8.541025992085293694e+01
8.558706905087410632e+01
8.578650667447787725e+01
7.144683317081747020e+01
3.633021320142103860e+01
3.884611489589462963e+01
4.033950972952907676e+01
4.179399380574425749e+01
8.476181110734461299e+01
8.538908874131459470e+01
8.556383821646072363e+01
8.462855241429360831e+01
6.668925974475045848e+01
3.632111193529655679e+01
3.883448834980732300e+01
4.032545018636230338e+01
4.177757094127264992e+01
8.474275678051833438e+01
8.536791839558937056e+01
8.554060824541856789e+01
8.460331383090289137e+01
3.631201115197736584e+01
3.882286238948913137e+01
4.031139131549922183e+01
4.176114882108509363e+01
8.472370324768517946e+01
8.534674888362795286e+01
8.551737913769947852e+01
8.457807613147872416e+01
3.630291085142543039e+01
3.881123701489550371e+01
4.029733311689164310e+01
4.174472744513119693e+01
8.470465050879560920e+01
8.532558020538115784e+01
8.549415089325539441e+01
8.341831765272050347e+01
3.629381103360202587e+01
3.879961222598250004e+01
4.028327559049136397e+01
4.172830681336013470e+01
8.468559856379987139e+01
8.530441236079965961e+01
8.547092351203814076e+01
8.339308148863267434e+01
3.729978566720251365e+01
3.878798802270578250e+01
4.026921873624996095e+01
4.171188692572164314e+01
8.466654741264844120e+01
8.528324534983427441e+01
8.544769699399965646e+01
8.223151401402365934e+01
3.729066617038709097e+01
3.877636440502077164e+01
4.025516255411945821e+01
4.169546778216476923e+01
8.464749705529175117e+01
8.526207917243570478e+01
8.542447133909175250e+01
8.106813265327120632e+01
3.728154715694699206e+01
3.876474137288355593e+01
4.131010849125329543e+01
4.167904938263929893e+01
8.462844749168004910e+01
8.524091382855475274e+01
8.540124654726636777e+01
7.990293315424963794e+01
3.727242862684465763e+01
3.875311892624980459e+01
4.129603833449315431e+01
4.166263172709438578e+01
8.460939872176375331e+01
8.521974931814214926e+01
8.537802261847535590e+01
7.759229507896122868e+01
3.726331058004108598e+01
3.874149706507534319e+01
4.128196884994252969e+01
4.164621481547970205e+01
8.459035074549332478e+01
8.519858564114872479e+01
8.535479955267064156e+01
7.412520577869170779e+01
3.725419301649790782e+01
3.872987578931567043e+01
4.126790003755317571e+01
4.162979864774440841e+01
8.457130356281918182e+01
8.517742279752516765e+01
8.533157734980413522e+01
6.832658688722401052e+01
3.724507593617698831e+01
3.871825509892683215e+01
4.125383189727718758e+01
4.270868941768039662e+01
8.455225717369165750e+01
8.623897252497697252e+01
8.530835600982771894e+01
3.723595933903948207e+01
3.870663499386438389e+01
4.123976442906630524e+01
4.269226218607925460e+01
8.453321157806117014e+01
8.621780614068603654e+01
8.528513553269327474e+01
3.824035716787111028e+01
3.869501547408449937e+01
4.122569763287228284e+01
4.267583569821963607e+01
8.451416677587819493e+01
8.619664058918866090e+01
8.415303871194507224e+01
3.823122096404922132e+01
3.868339653954243573e+01
4.227897289319647456e+01
4.265940995405080827e+01
8.449512276709309333e+01
8.617547587043560497e+01
8.412982248483292835e+01
3.822208524405312602e+01
3.867177819019443774e+01
4.226489218320164554e+01
4.264298495352233687e+01
8.553431156999617713e+01
8.615431198437772764e+01
8.299600556445879818e+01
3.821295000784458296e+01
3.866016042599598990e+01
4.225081214531965657e+01
4.262656069658383018e+01
8.551526126430310626e+01
8.613314893096597302e+01
8.186046121850532131e+01
3.820381525538530809e+01
3.864854324690296039e+01
4.223673277950220495e+01
4.261013718318463361e+01
8.549621175159828113e+01
8.611198671015107209e+01
8.072318549623719264e+01
3.819468098663649158e+01
3.863692665287123873e+01
4.222265408570133616e+01
4.259371441327434127e+01
8.547716303183219111e+01
8.609082532188396897e+01
7.958417443486187892e+01
3.818554720156009807e+01
3.862531064385655100e+01
4.220857606386885408e+01
4.257729238680249040e+01
8.545811510495538244e+01
8.606966476611550831e+01
7.732412549949613378e+01
3.817641390011754510e+01
3.861369521981471564e+01
4.219449871395673313e+01
4.256087110371861115e+01
8.543906797091818817e+01
8.604850504279663426e+01
7.393250424136147103e+01
3.816728108227029281e+01
3.964361914094946115e+01
4.218042203591676298e+01
4.254445056397207026e+01
8.542002162967122558e+01
8.602734615187810618e+01
6.939335027113166632e+01
3.815814874798001455e+01
3.963198689474258174e+01
4.216634602970091095e+01
4.252803076751256128e+01
8.540097608116501249e+01
8.600618809331089665e+01
6.139845332602252626e+01
3.814901689720861100e+01
3.962035523386764169e+01
4.215227069526102355e+01
4.251161171428952201e+01
8.643852996042551240e+01
8.490238164468995308e+01
3.813988552991743575e+01
3.960872415828080761e+01
4.213819603254903967e+01
4.249519340425256786e+01
8.641947815596701332e+01
8.488123046307852348e+01
3.813075464606789211e+01
3.959709366793745744e+01
4.212412204151697637e+01
4.247877583735120055e+01
8.640042714383874056e+01
8.486008011409907681e+01
3.812162424562192342e+01
3.958546376279378620e+01
4.211004872211655936e+01
4.136724109035518637e+01
8.638137692399136824e+01
8.375464829660069199e+01
3.811249432854090458e+01
3.957383444280551998e+01
4.209597607429987676e+01
4.135083756084028295e+01
8.636232749637544259e+01
8.373350486683665395e+01
3.810336489478657285e+01
3.956220570792828539e+01
4.208190409801879639e+01
4.023770640371576235e+01
8.634327886094150983e+01
8.262643807237860472e+01
3.809423594432060156e+01
3.955057755811829168e+01
4.206783279322527846e+01
4.022131696714085791e+01
8.526767943420472307e+01
8.151772655724367667e+01
3.808510747710457878e+01
3.953894999333121518e+01
4.205376215987117661e+01
3.910658601219719799e+01
8.524864022584284839e+01
8.040736665347277778e+01
3.908773239102583119e+01
3.952732301352284594e+01
4.203969219790857181e+01
3.799023840022299225e+01
8.522960180977646871e+01
7.820279932610208107e+01
3.907858439589718813e+01
3.951569661864900951e+01
4.202562290728925376e+01
3.687227061179093823e+01
8.521056418595600235e+01
7.489399436692758627e+01
3.906943688465560172e+01
3.950407080866579435e+01
4.201155428796531055e+01
3.575267911725038061e+01
8.519152735433212342e+01
6.935973236683574328e+01
3.906028985726298686e+01
4.053227913498768942e+01
4.199748633988859581e+01
3.463146037669042698e+01
8.517249131485529290e+01
5.930744499640419320e+01
3.905114331368091030e+01
4.052063657146151598e+01
4.091639803947226994e+01
3.350861083990312750e+01
8.515345606747607121e+01
3.904199725387075404e+01
4.050899459318144125e+01
4.090234668638647975e+01
3.238412694634502031e+01
8.513442161214518933e+01
3.903285167779457510e+01
4.049735320010318418e+01
3.981975401223869682e+01
3.125800512510044271e+01
8.405732942887762249e+01
3.902370658541353521e+01
4.048571239218240692e+01
3.873563783135033134e+01
3.124172526112810644e+01
8.403830444677808487e+01
3.901456197668957770e+01
4.047407216937536134e+01
3.872161917246435792e+01
3.011397579146861858e+01
8.295966441720682383e+01
3.900541785158416275e+01
4.046243253163780196e+01
3.763599236681554316e+01
2.898458127879411705e+01
8.187946448357824636e+01
3.899627421005902050e+01
4.045079347892551880e+01
3.547411602029318800e+01
2.785353812105271487e+01
8.079770125959831262e+01
3.898713105207581009e+01
4.043915501119443690e+01
3.438387353901227073e+01
2.672084270566798025e+01
3.897798837759600588e+01
3.938784486810168772e+01
3.436991963777229131e+01
2.558649140950118550e+01
3.896884618658150856e+01
3.937622548900186104e+01
3.327815380615744800e+01
2.332898824845283769e+01
3.895970447899359357e+01
3.832349960577960957e+01
3.218484508169329672e+01
1.767991689192568572e+01
3.895056325479453108e+01
3.831189937553538272e+01
3.217092458640402697e+01
5.120086644920131214e+00
3.894142251394536913e+01
3.725775493747391920e+01
3.107608615499976068e+01
3.893228225640799423e+01
3.620217043520976574e+01
3.106218278659849119e+01
3.892314248214424310e+01
3.514514291582409555e+01
3.104828008617047885e+01
3.891400319111536277e+01
3.408666941831842934e+01
2.995192530513106277e+01
3.890486438328362340e+01
3.302674697358781941e+01
2.993803979107118707e+01
3.889572605861022225e+01
3.196537260439237116e+01
2.992415494456683689e+01
3.787528601991003541e+01
3.195388564081665805e+01
2.882628076425788066e+01
3.786616913918992111e+01
3.089107536064535964e+01
2.772685084831147506e+01
3.684440220943181288e+01
2.982680723996210048e+01
2.771299988731823660e+01
3.683530683440659459e+01
2.981535891642528924e+01
2.661202762719415205e+01
3.581221046742426495e+01
2.980391117215722829e+01
2.441919354802999464e+01
3.478776096065079315e+01
2.873822045762136668e+01
2.222001659124457262e+01
3.376195562783021842e+01
2.872679241585364096e+01
1.561148703259564741e+01
3.273479177559246978e+01
2.871536495269551281e+01
5.595522257794629972e+00
3.170626670342759823e+01
2.870393806810357518e+01
-4.554871015131507939e+00
3.067637770366445693e+01
2.763684118644725274e+01
3.066741028726149310e+01
2.762543406527480983e+01
2.963617611667738672e+01
2.655688987973239890e+01
2.860357264651591080e+01
2.548687618022607992e+01
2.859464871323539370e+01
2.441538993324903828e+01
2.858572525482253823e+01
2.227929786044756000e+01
2.755179295694032859e+01
1.800030774799106936e+01
2.754289157258316223e+01
1.154160550464806789e+01
2.753399066218325331e+01
5.027223780320272617e+00
2.752509022570278674e+01
-1.543560548352939321e+00
2.751619026310381244e+01
-9.279956233936996313e+00
2.648096998409579328e+01
2.647209215654728354e+01
2.543551648883076766e+01
2.439756102168486862e+01
2.335822299827177062e+01
2.231749965440320693e+01
2.024063238881844029e+01
1.085423467075381510e+01
-7.769828827201855637e-01
-1.475502557066647391e+01
-4.734111142906911596e+01
-4.964749454150723551e+01
-5.080618153196628839e+01
-5.196651113484679740e+01
-5.197246829756281272e+01
-5.197842510778284719e+01
-5.314034046401604172e+01
-5.314626674681689877e+01
-5.315219267872141273e+01
-5.315811825976015115e+01
-5.316404348996477580e+01
-5.316996836936624504e+01
-5.317589289799583696e+01
-5.318181707588454543e+01
-5.318774090306339275e+01
-5.319366437956392701e+01
-5.319958750541703552e+01
-5.320551028065399635e+01
-5.321143270530560443e+01
-5.321735477940323022e+01
-5.322327650297797419e+01
-5.322919787606112152e+01
-5.323511889868347424e+01
-4.147043765891626066e+01
-5.324103957087646677e+01
-4.265484461241640446e+01
-5.324695989267086560e+01
-4.384097913057514972e+01
-5.325287986409814067e+01
-4.502884499586480160e+01
-5.325879948518885953e+01
-4.503781676383895416e+01
-5.326471875597474082e+01
-4.622739095344917359e+01
-5.327063767648634496e+01
-4.623633540328564351e+01
-5.327655624675541901e+01
-4.624527935135984791e+01
-5.328247446681241684e+01
-4.625422279771353118e+01
-5.328839233668843889e+01
-4.626316574238937562e+01
-5.329430985641508300e+01
-4.627210818542921089e+01
-5.330022702602286699e+01
-4.628105012687554876e+01
-5.330614384554354501e+01
-4.628999156677031124e+01
-5.331206031500722275e+01
-4.629893250515589642e+01
-5.331797643444592438e+01
-4.630787294207446081e+01
-5.332389220389005402e+01
-4.631681287756801169e+01
-5.332980762337113134e+01
-4.632575231167910346e+01
-5.333572269291961732e+01
-4.633469124444944498e+01
-5.334163741256717373e+01
-4.634362967592164040e+01
-5.334755178234455997e+01
-4.635256760613776805e+01
-5.335346580228284097e+01
-4.636150503513968602e+01
-4.562187261067575150e+01
-5.220452300546664048e+01
-4.637044196296984921e+01
-4.806663876887138542e+01
-5.221046609271391503e+01
-4.637937838967036441e+01
-4.929766806868016005e+01
-5.106331395522148853e+01
-4.638831431528315363e+01
-5.053055863339269393e+01
-5.106928600976992527e+01
-4.639724973985078549e+01
-5.054218802893274898e+01
-4.992392028949933547e+01
-4.640618466341520332e+01
-5.055381680269436373e+01
-4.878030763385276458e+01
-4.759695986345766272e+01
-5.178852438425576565e+01
-4.649223707729791499e+01
-4.760586740571893216e+01
-5.180012830128772805e+01
-4.421101515438680707e+01
-4.761477444820328486e+01
-5.181173159746742840e+01
-2.951207146306451179e+01
-4.762368099095333207e+01
-5.182333427284474681e+01
-1.839494065391716759e+01
-4.763258703401055527e+01
-5.183493632746927204e+01
-1.290000851346662358e+01
-4.764149257741728860e+01
-5.184653776139116843e+01
-1.071735312665654938e+01
-4.646871510381287607e+01
-5.185813857465969079e+01
-9.631921938966714336e+00
-4.647764602086764540e+01
-5.186973876732528055e+01
-8.548108838773673668e+00
-4.530673612507703751e+01
-5.188133833943715700e+01
-7.465910210568323713e+00
-4.413766359889145718e+01
-5.189293729104559105e+01
-6.385322449606393391e+00
-4.297042412095353825e+01
-5.190453562220027095e+01
-6.392402354000670250e+00
-4.180501338344597428e+01
-5.191613333295060784e+01
-5.313447514676935768e+00
-3.830149129602695268e+01
-5.192773042334684419e+01
-5.320552660340432283e+00
-3.133308212108805790e+01
-5.193932689343849063e+01
-4.334661709686047004e+01
-5.327657398891581408e+00
-2.442751397884062925e+01
-5.195092274327532067e+01
-4.585285491114552769e+01
-5.334761730365508825e+00
-1.418032706193190329e+01
-5.073979266168934288e+01
-4.711614050051818481e+01
-4.257487183076350767e+00
-1.080153098312096915e+01
-5.075141087284299601e+01
-4.838139131897659695e+01
-4.264616667247003612e+00
-8.560676265034596000e+00
-5.076302846311476458e+01
-4.964861195590066956e+01
-4.271745743249286242e+00
-7.447662294153155393e+00
-4.955390233147620194e+01
-4.966296401604660815e+01
-4.278874411118285259e+00
-6.336351833720352822e+00
-4.956554219155954399e+01
-5.093213804745789020e+01
-4.286002670889200949e+00
-6.346144303696141797e+00
-4.835839210466158278e+01
-5.094646835261029594e+01
-4.293130522596931620e+00
-5.236556220950216556e+00
-4.715319044306857421e+01
-5.096079793048396311e+01
-4.300257966276485710e+00
-5.246370930725833936e+00
-4.594993249324112128e+01
-5.097512678113445617e+01
-4.307385001963028870e+00
-4.138501166808820741e+00
-4.232822269046125996e+01
-5.098945490461696295e+01
-4.314511629691607730e+00
-4.148338033755607945e+00
-3.512394061304148352e+01
-5.100378230098682764e+01
-4.321637849497006911e+00
-4.158174364581906701e+00
-3.036236893972611384e+01
-5.101810897029957204e+01
-4.328763661414615882e+00
-4.168010159331482001e+00
-1.974125509568610326e+01
-5.103243491261020637e+01
-4.335889065478991888e+00
-4.177845418048578452e+00
-1.158428512551761003e+01
-5.104676012797435902e+01
-3.260494473204171406e+00
-4.187680140776572912e+00
-9.278612516501270946e+00
-4.980644459575454874e+01
-3.267644932778034139e+00
-4.197514327559431102e+00
-8.134653419118723860e+00
-4.982078865276768198e+01
-3.274794983415488137e+00
-4.207347978441297265e+00
-6.992492607144450645e+00
-4.858254713208658160e+01
-3.281944625151467676e+00
-3.101328140780919895e+00
-5.852125843595324284e+00
-4.734635495411737338e+01
-4.297223775931142598e+01
-3.289093858021211680e+00
-3.111183861844317722e+00
-4.713548904787449700e+00
-4.611220703544177724e+01
-4.426556383601075595e+01
-3.296242682059541185e+00
-3.121039046272017892e+00
-4.726011092364299948e+00
-4.488009830944023548e+01
-4.556095578086631548e+01
-3.303391097301732859e+00
-3.130893694107985681e+00
-3.589239436635509595e+00
-4.240751854601154491e+01
-4.685841854764377956e+01
-3.310539103782722314e+00
-3.140747805395972758e+00
-3.601720646491511246e+00
-3.747184237085267000e+01
-4.687544442108455200e+01
-3.317686701537444716e+00
-3.150601380179830713e+00
-3.614201209903483036e+00
-2.403504606540271027e+01
-4.817496540152741602e+01
-3.324833890601063047e+00
-3.160454418503280127e+00
-2.479250076503929812e+00
-1.441308007077132558e+01
-4.690949371766228637e+01
-2.251262980712018358e+00
-3.170306920410253859e+00
-2.491749583852536087e+00
-9.654938379701823337e+00
-4.692651714091681470e+01
-2.258435130767679322e+00
-3.180158885944617264e+00
-2.504248444350144709e+00
-7.294607428377982927e+00
-4.694353974756015191e+01
-2.265606871056045968e+00
-3.190010315150108688e+00
-2.516746658047111396e+00
-4.941758133685145715e+00
-4.568024224085117169e+01
-2.272778201612208004e+00
-3.199861208070334584e+00
-2.529244224993241641e+00
-3.775651546915240520e+00
-4.441908158732038459e+01
-2.279949122471061074e+00
-3.209711564749323731e+00
-2.541741145239190480e+00
-3.790698085743239076e+00
-4.316005236985517968e+01
-2.287119633667693108e+00
-3.219561385230618633e+00
-2.554237418834650608e+00
-2.626481833055976711e+00
-4.190314918963860435e+01
-2.294289735237455385e+00
-3.229410669558330227e+00
-2.566733045830020821e+00
-2.641544149502791150e+00
-3.811087725791479386e+01
-1.222461537375174156e+00
-3.239259417775937067e+00
-2.579228026275635521e+00
-2.656605725785411654e+00
-2.806070430053726028e+01
-1.229656509148541854e+00
-3.249107629927400431e+00
-2.591722360221507593e+00
-2.671666561958327968e+00
-1.814089493214250481e+01
-1.236851070225536198e+00
-3.258955306056362744e+00
-2.604216047718015847e+00
-2.686726658076317609e+00
-1.078943781812446545e+01
-4.044558110144740937e+01
-1.244045220641433191e+00
-2.154983007385862237e+00
-1.471237031922536298e+00
-2.701786014193757968e+00
-4.307369105379119389e+01
-1.251238960431054981e+00
-2.164852660134193751e+00
-1.483749581706271803e+00
-2.716844630365257363e+00
-4.309331856276341455e+01
-1.258432289630018630e+00
-2.174721776131969708e+00
-1.496261484637966710e+00
-2.731902506645248252e+00
-4.311294518297609102e+01
-1.265625208273108093e+00
-2.184590355422896035e+00
-1.508772740768137277e+00
-2.746959643088450864e+00
-4.313257091448945602e+01
-1.272817716395600707e+00
-2.194458398050674663e+00
-1.521283350146707791e+00
-2.762016039749244367e+00
6.042844514388476362e+00
-4.315219575736389857e+01
-1.280009814032847304e+00
-2.204325904059192709e+00
-1.533793312823801269e+00
-1.599817017169278266e+00
3.631212052391631140e+00
-4.186656022709032499e+01
-1.287201501219556787e+00
-2.214192873491989566e+00
-1.546302628849662408e+00
-1.614889117390839068e+00
2.413745986678022426e+00
-3.798359405691579127e+01
-1.294392777990967858e+00
-2.224059306393029622e+00
-1.558811298274373147e+00
-1.629960477725406864e+00
1.194395138557207803e+00
-3.025676246748294673e+01
-1.301583644382508620e+00
-2.233925202806019250e+00
-1.571319321148174630e+00
-1.645031098227527799e+00
-2.684487216237303742e-02
-1.627436370988706216e+01
-1.308774100429227039e+00
-2.243790562774987674e+00
-1.583826697521124593e+00
-1.660100978951863926e+00
-4.443454231292184170e-02
-2.388351719600604606e-01
-2.253655386343167866e+00
-1.596333427443284991e+00
-1.675170119952625658e+00
-1.267553288595698824e+00
-2.460504012089484993e-01
-2.263519673554621026e+00
-1.608839510964714004e+00
-1.690238521284358253e+00
-1.285127320172152698e+00
-2.532652190508769552e-01
-1.161476176588380982e+00
-1.621344948135745367e+00
-1.705306183001611631e+00
-1.302700534042352531e+00
-2.604796255209709810e-01
-1.171362351168410365e+00
-1.633849739006437263e+00
-1.720373105158707450e+00
-1.320272930263542088e+00
4.770900575887051964e+00
-2.676936206545063035e-01
-1.181247988669630322e+00
-5.028953754908778162e-01
-1.735439287810138120e+00
-1.337844508892735096e+00
2.293726515420096757e+00
-2.749072044863068442e-01
-1.191133089135387513e+00
-5.154189460419440483e-01
-1.750504731010336767e+00
-1.355415269986801396e+00
1.042128244440642337e+00
-2.821203770520263054e-01
-1.201017652609515984e+00
-5.279418698947222488e-01
-5.903334947087499618e-01
-1.372985213603028498e+00
-2.114624900824624287e-01
-2.893331383866761253e-01
-1.210901679136012987e+00
-5.404641470993880592e-01
-6.054145676113014130e-01
-1.390554339798386607e+00
-2.314803606256492230e-01
-2.965454885253445694e-01
-1.220785168758388606e+00
-5.529857777062061608e-01
-6.204949009615199351e-01
-1.408122648629859475e+00
-1.487056616819015797e+00
-3.037574275031553195e-01
-1.230668121520412939e+00
-5.655067617649386369e-01
-6.355744948138968287e-01
-1.425690140154477037e+00
-1.507061902793528807e+00
-3.109689553552718033e-01
-1.304583854817780442e-01
-5.780270993259639667e-01
-6.506533492226407311e-01
-1.443256814429426660e+00
-1.527066307731079986e+00
-3.181800721170834900e-01
-1.403631398218931903e-01
-5.905467904392301959e-01
-6.657314642424123630e-01
-1.460822671511605275e+00
-1.547069831689978026e+00
8.320008853379620817e+00
-3.253907778234128578e-01
-1.502673565849242387e-01
-6.030658351546128726e-01
-6.808088399273615199e-01
-1.478387711458086118e+00
-1.567072474728393283e+00
4.540190938626933459e+00
-3.326010725097261478e-01
-1.601710358149323332e-01
-6.155842335224011030e-01
-6.958854763319239911e-01
-1.495951934325839616e+00
-1.587074236904485680e+00
3.261135736973759691e+00
-3.398109562107688997e-01
-1.700741775556730839e-01
-6.281019855926083251e-01
-7.109613735105345667e-01
-1.513515340171895707e+00
-1.607075118276469317e+00
1.979994574167298405e+00
-3.470204289619691074e-01
-1.799767818507031214e-01
-6.406190914153409022e-01
-7.260365315175121292e-01
-3.257580801254585934e-01
-1.627075118902499451e+00
6.967623431746561291e-01
-3.542294907987160180e-01
-1.898788487439876105e-01
-6.531355510404297515e-01
-7.411109504072359577e-01
-3.433338551082814605e-01
-1.647074238840783966e+00
6.743699058967259630e-01
-3.614381417553036435e-01
-1.997803782793781124e-01
-6.656513645182775551e-01
-7.561846302340253789e-01
-3.609088132409997707e-01
-1.667072478149430159e+00
-6.109500848591057354e-01
-3.686463818676868343e-01
-2.096813705003353068e-01
-6.781665318985119484e-01
-7.712575710522597827e-01
-3.784829545806870366e-01
-1.687069836886700092e+00
-6.333331593198688880e-01
-3.758542111706141831e-01
-2.195818254504655898e-01
4.507500485285318992e-01
-7.863297729163147842e-01
-3.960562791842566210e-01
-1.707066315110609356e+00
-6.557153031629353590e-01
8.556693642627982044e+00
-3.830616296993231695e-01
-2.294817431740432401e-01
4.382161841062072183e-01
-8.014012358804546432e-01
-4.136287871085382317e-01
-1.727061912879461980e+00
-6.780965164462765538e-01
4.691974653484518143e+00
-3.902686374889004495e-01
-2.393811237143513293e-01
4.256829661744885862e-01
-8.164719599990577503e-01
-4.312004784106187039e-01
-1.747056630251347498e+00
-7.004767992280348521e-01
3.382891352180112055e+00
-3.974752345743205462e-01
-2.492799671151738616e-01
4.131503946835005658e-01
-8.315419453264443206e-01
7.545297681581779603e-01
-1.767050467284340565e+00
-7.228561515661312553e-01
2.071620691155490412e+00
-4.046814209909345150e-01
-2.591782734202664473e-01
4.006184695829745346e-01
-8.466111919169354572e-01
7.369457738238426314e-01
-1.787043424036716344e+00
-7.452345735186765019e-01
7.581571835061599041e-01
-4.118871967734511474e-01
8.390691696065673000e-01
3.880871908231039447e-01
3.114241331907660060e-01
7.193625959376972467e-01
-5.716494282412265537e-01
-7.676120651435990316e-01
7.334556380303620671e-01
-4.190925619575625038e-01
8.291491516708028309e-01
3.755565583538959529e-01
2.963393314611929008e-01
7.017802344426580241e-01
-5.916514513177844048e-01
-7.899886264989767204e-01
7.087550599753085212e-01
-4.262975165777500575e-01
8.192296715414334463e-01
3.630265721253130295e-01
2.812552685665882790e-01
6.841986892819489352e-01
-6.116525945313653345e-01
-8.123642576427992923e-01
-6.068965700647348527e-01
6.414066784339538252e-01
8.093107291745293974e-01
3.504972320874070735e-01
2.661719444525200151e-01
6.666179603987539837e-01
-6.316528579400457755e-01
-8.347389586330697941e-01
-6.315910650899804191e-01
6.341770624121465527e-01
7.993923245266761901e-01
3.379685381901646468e-01
2.510893590646666174e-01
6.490380477361027411e-01
-6.516522416018389885e-01
-8.571127295277779501e-01
-6.562845921992075393e-01
6.269478580077071372e-01
7.894744575540577625e-01
3.254404903835240725e-01
2.360075123489357718e-01
6.314589512372461577e-01
-6.716507455748149669e-01
-8.794855703849584483e-01
-6.809771514493142552e-01
6.197190651860404742e-01
7.795571282128369583e-01
3.129130886176787474e-01
2.209264042508935211e-01
6.138806708454581651e-01
-6.916483699170176136e-01
-9.018574812625512749e-01
-7.056687428972233667e-01
6.124906839115666912e-01
7.696403364592615537e-01
3.003863328424495882e-01
2.058460347163900694e-01
5.963032065037054963e-01
-7.116451146864688493e-01
3.385949462616346106e-01
-7.303593665998157070e-01
5.782597933353876840e+00
6.052627141491236928e-01
7.597240822497395296e-01
2.878602230080300473e-01
1.361914601446790440e+00
5.787265581551985782e-01
-7.316409799411774939e-01
3.162173862952304959e-01
-7.550490226140017525e-01
3.134220048933709091e+00
5.980351558637754250e-01
7.498083655404690351e-01
2.753347590643135945e-01
1.346818749442908247e+00
5.611507257432382101e-01
-7.516359657392486238e-01
2.938407556684307087e-01
-7.797377109966482367e-01
1.793121182278000880e+00
1.664012598233039153e+00
7.398931862880533394e-01
2.628099409614658155e-01
1.331723636097096097e+00
5.435757092109646527e-01
4.616297714681756870e-01
2.714650543234057301e-01
-8.044254318046411001e-01
4.497268860022348713e-01
1.656760468047989265e+00
7.299785444484313546e-01
1.389675828343643005e+00
1.316629261354977043e+00
5.260015085014749792e-01
4.416257772964106154e-01
2.490902822022017238e-01
-8.291121850948797167e-01
4.227762991428036243e-01
1.649508750387060019e+00
7.200644399780746774e-01
1.377132395856972780e+00
1.301535625162460130e+00
5.084281235580800917e-01
4.216226621622944926e-01
2.267164392470250311e-01
-8.537979709242187187e-01
-9.229175958781025146e-01
1.642257445215276501e+00
7.101508728332315279e-01
1.364589609600031839e+00
1.286442727465281433e+00
1.692032514194583115e+00
4.016204260078641841e-01
2.043435253999072165e-01
-8.784827893495419371e-01
-9.498654597294127200e-01
1.635006552497211274e+00
7.002378429702775797e-01
1.352047469522710044e+00
1.271350568209179244e+00
1.674446891054134579e+00
3.816190687751612187e-01
1.819715406030691651e-01
3.877355546961263055e-01
-9.768123298488714523e-01
1.627756072197702020e+00
6.903253503454251927e-01
1.339505975575200569e+00
1.256259147340171856e+00
1.656862083503521710e+00
3.616185904062838574e-01
1.596004847985814379e-01
3.630485145663606139e-01
-1.003758206291438082e+00
1.620506004281585311e+00
6.804133949151179861e-01
1.326965127707328218e+00
1.241168464803770854e+00
1.639278091485871780e+00
3.416189908433304723e-01
1.397875510623021178e+00
3.383624410053464593e-01
-1.030703089112079418e+00
1.613256348713736132e+00
6.705019766356818955e-01
1.314424925869347671e+00
1.226078520545997197e+00
1.621694914944582289e+00
3.216202700283029015e-01
1.375498855906007512e+00
3.136773339563156959e-01
-1.057646978365753831e+00
1.606007105459029249e+00
6.605910954634608423e-01
1.301885370011315102e+00
1.210989314512643800e+00
1.604112553822890863e+00
3.016224279033367650e-01
1.353123129540949154e+00
2.889931933625100591e-01
-1.084589874107413587e+00
1.598758274482113606e+00
6.506807513548307220e-01
1.289346460083168333e+00
1.195900846649618154e+00
1.586531008064195225e+00
2.816254644105805616e-01
1.330748331470001933e+00
2.643100191671673427e-01
-1.111531776392011617e+00
7.306408917645349277e+00
1.591509855747900826e+00
6.407709442658581223e-01
1.276808196035324583e+00
2.349943512906168763e+00
1.568950277611552258e+00
2.616293794920450666e-01
1.308374461635529062e+00
2.396278113135537069e-01
-1.138472685274483531e+00
4.608590034485286147e+00
1.584261849221038743e+00
6.308616741533277228e-01
2.401744954321406667e+00
2.334839635489367904e+00
1.551370362408409864e+00
2.416341730898219908e-01
1.286001519979650398e+00
2.149465697448958434e-01
-1.165412600809796473e+00
1.901247200780401769e+00
1.577014254866820009e+00
1.726975572556163074e+00
2.389188155518191969e+00
2.319736496333944409e+00
1.533791262398025435e+00
2.216398451460992736e-01
1.263629506444664763e+00
1.902662944044761495e-01
-1.192351523052852524e+00
1.872104971273179430e+00
1.569767072649853379e+00
1.717044686309719737e+00
2.376632002979274461e+00
2.304634095385862391e+00
1.516212977523666572e+00
2.016463956029205806e-01
1.241258420972774612e+00
1.655869852355384142e-01
-1.219289452058618828e+00
5.002721389153551579e-01
1.562520302534636141e+00
1.707114337744187749e+00
2.364076496654844206e+00
2.289532432590916322e+00
2.697750081276716116e+00
1.412750760785978832e+00
1.218888263506299419e+00
1.429562939665366628e+00
-1.246226387882003017e+00
4.711291386718943208e-01
1.555273944486534443e+00
1.697184526815748162e+00
2.351521636494863010e+00
2.274431507895013471e+00
2.680159623179633410e+00
1.392748359068555208e+00
1.196519033987420544e+00
1.404881449946572047e+00
-1.273162330577944257e+00
-9.031073479342894839e-01
1.548027998470425048e+00
1.687255253481035666e+00
2.338967422449566236e+00
2.259331321243950530e+00
2.662569980039912299e+00
1.372746835331583037e+00
1.174150732358471672e+00
1.380200925564442072e+00
-1.300097280201356842e+00
-9.322510786418760631e-01
1.540782464450689337e+00
1.677326517696135166e+00
2.326413854469232323e+00
2.244231872583802634e+00
2.644981151801234720e+00
1.352746189517267439e+00
1.151783358561658810e+00
1.355521366462326904e+00
-1.327031236807165948e+00
-9.613938010357268027e-01
1.533537342392506719e+00
1.667398319417422226e+00
2.313860932503710721e+00
2.229133161860307411e+00
2.627393138406754591e+00
1.332746421567796657e+00
1.129416912539354945e+00
1.330842772583618716e+00
-1.353964200450287425e+00
-9.905355151681971559e-01
1.526292632260485727e+00
1.657470658601418512e+00
2.301308656503304739e+00
2.214035189019373906e+00
2.609805939800067254e+00
1.312747531425459080e+00
1.107051394233716568e+00
1.306165143871665935e+00
-1.380896171185608479e+00
-1.019676221091553092e+00
1.519048334019994728e+00
1.647543535204258447e+00
2.288757026418041463e+00
2.198937954007080364e+00
2.592219555924366148e+00
1.292749519032352801e+00
2.343122933113348516e+00
1.281488480269876717e+00
-1.407827149068060058e+00
-1.048815918858145402e+00
8.803760081030331364e+00
1.511804447635529236e+00
1.637616949182299830e+00
2.276206042198022139e+00
2.183841456769165745e+00
2.574633986723036561e+00
1.272752384330766207e+00
2.320751862884574468e+00
2.543237973620176007e+00
-1.160269809938481445e-01
-1.077954608520273139e+00
4.696984847214962677e+00
1.504560973071928487e+00
1.627690900492146042e+00
2.263655703793639340e+00
2.168745697251535987e+00
2.557049232139599226e+00
1.252756127262882879e+00
2.298381719732087713e+00
2.518559172712816707e+00
-1.429567263708814706e-01
-1.107092290130291534e+00
3.302269649973346599e+00
2.568417983813635175e+00
1.617765389090044970e+00
2.251106011154899722e+00
2.153650675400325731e+00
2.539465292117335515e+00
2.461754624926132173e+00
2.276012503598180192e+00
2.493881336080927547e+00
-1.698854798994684223e-01
-1.136228963740466336e+00
1.905065318218808423e+00
2.561150043687729916e+00
1.607840414932404594e+00
2.238556964231993796e+00
2.138556391161275716e+00
2.521882166599787034e+00
2.441749473391234826e+00
2.253644214425299275e+00
2.469204463667987515e+00
-1.968132416343812974e-01
-1.165364629403092156e+00
5.053651824989235930e-01
2.553882516422043114e+00
1.597915977975550961e+00
2.226008562975107630e+00
3.290530943889914628e+00
2.504299855530144558e+00
2.421745199068523480e+00
2.231276852155770651e+00
2.444528555417499582e+00
-2.237400116304296693e-01
-1.194499287170536439e+00
4.740814955891257676e-01
2.546615401981789706e+00
1.587992078175745947e+00
2.213460807334365565e+00
3.275421323078036018e+00
2.486718358852076705e+00
2.401741801900349138e+00
2.208910416732093207e+00
2.419853611272926752e+00
-2.506657899423940239e-01
-1.223632937095073370e+00
-9.281264030615226091e-01
2.539348700331239161e+00
2.682134307357664671e+00
2.200913697259839541e+00
3.260312439966392084e+00
2.469137676508780466e+00
2.381739281829064137e+00
2.186544908096528239e+00
2.395179631177805746e+00
-2.775905766250637008e-01
-1.252765579228932058e+00
-9.594143426064543068e-01
2.532082411435871538e+00
2.672188881194200949e+00
3.323793118253258960e+00
3.245204294501061959e+00
3.648574789774324145e+00
2.361737638796932881e+00
2.164180326191555981e+00
2.370506615075627987e+00
-3.045143717332027822e-01
-1.281897213624468401e+00
-9.907012691710035401e-01
2.524816535260108630e+00
2.662243992886906163e+00
3.311227555690672730e+00
3.230096886627728647e+00
3.630981998482404993e+00
2.341736872746269960e+00
2.141816670959513669e+00
2.345834562909899113e+00
-3.314371753216017180e-01
-1.311027840334004546e+00
-1.021987182804335648e+00
2.517551071768597826e+00
2.652299642392073942e+00
3.298662639074343872e+00
3.214990216292526348e+00
3.613390021344770719e+00
2.321736983619424599e+00
2.119453942342901520e+00
2.321163474624110545e+00
-3.583589874450185953e-01
-1.340157459409713425e+00
-1.053272083555682137e+00
2.510286020926744133e+00
2.642355829666030331e+00
3.286098368354235078e+00
3.199884283441591482e+00
3.595798858304932732e+00
2.301737971358721158e+00
2.097092140284054107e+00
2.296493350161811886e+00
-3.852798081582427536e-01
-2.414777220891322837e-02
-1.084555971474265190e+00
6.998982252145165894e+00
2.503021382698930708e+00
2.632412554664941506e+00
3.273534743480601250e+00
3.184779088020718518e+00
3.578208509306456175e+00
2.281739835906449354e+00
3.330979826679553835e+00
2.271824189466491006e+00
-4.121996375160098536e-01
-5.327264680962794791e-02
-1.115838846609178425e+00
4.194548782890017868e+00
2.495757157050107367e+00
2.622469817345620680e+00
3.260971764403839401e+00
3.169674629975985702e+00
3.560618974292705463e+00
2.261742577205011262e+00
3.308612520578821492e+00
2.247155992481705500e+00
8.773002801827429753e-01
-8.239651492605380712e-02
-1.147120709009634698e+00
2.771793177178059064e+00
2.488493343945226144e+00
2.612527617664006652e+00
3.248409431074021469e+00
3.154570909253473054e+00
3.543030253207249292e+00
2.241746195196726354e+00
3.286246140395259641e+00
2.222488759150959670e+00
8.503817139501406164e-01
-1.115193766103339673e-01
-1.178401558724841536e+00
1.346446272970410751e+00
2.481229943349123612e+00
2.602585955576734555e+00
3.235847743441268243e+00
4.304563779371759047e+00
3.525442345993649251e+00
2.221750689823950964e+00
3.263880686071269466e+00
2.197822489417808001e+00
8.234641380699763147e-01
-1.406412319146294609e-01
-1.209681395803945625e+00
1.313078547542608332e+00
2.473966955226826858e+00
3.694894502677663173e+00
3.223286701455859493e+00
4.289444793985348170e+00
3.507855252595330597e+00
2.201756061028997014e+00
3.241516157549475974e+00
2.173157183225778777e+00
7.965475524875987867e-01
-1.697620808911652068e-01
-1.240960220296106753e+00
1.279711828567145160e+00
2.466704379542793646e+00
3.684931399132802099e+00
3.210726305068098529e+00
4.274326546005693395e+00
3.490268972955830939e+00
2.181762308754267021e+00
3.219152554772301222e+00
2.148492840518395397e+00
7.696319571483617450e-01
-1.988819235920773476e-01
9.875617108216305784e-02
-1.482511764609188154e-01
3.528646760138764105e+00
3.674968833875398744e+00
3.198166554228150549e+00
4.259209035378876074e+00
3.472683507018658577e+00
2.161769432942116875e+00
3.196789877682296055e+00
2.123829461239247873e+00
7.427173519976197902e-01
-2.280007600695179715e-01
6.748563575186451724e-02
-1.816257454932536652e-01
3.521359816098690310e+00
3.665006806861665467e+00
3.185607448886340176e+00
4.244092262051029074e+00
3.455098854727449709e+00
2.141777433534946873e+00
3.174428126222039293e+00
2.099167045331841841e+00
7.158037369807274120e-01
-2.571185903756596502e-01
3.621611173804243494e-02
-2.149993069797003220e-01
3.514073285529399016e+00
3.655045318048451453e+00
3.173048988992698050e+00
4.228976225968120950e+00
3.437515016025568304e+00
2.121786310475044957e+00
3.152067300333981414e+00
2.074505592739771753e+00
6.888911120430465385e-01
-2.862354145625896074e-01
4.947598991598064176e-03
-2.483718609658271959e-01
3.506787168395347987e+00
3.645084367391790536e+00
3.160491174497776168e+00
4.213860927076228613e+00
3.419931990856626136e+00
2.101796063704819861e+00
3.129707399960755421e+00
2.049845103406573887e+00
6.619794771299679637e-01
-3.153512326825247403e-01
-2.631990253653441678e-02
-2.817434074972052782e-01
8.343406780097684106e+00
3.499501464661828543e+00
3.635123954848154426e+00
3.147934005351488373e+00
4.198746365321489371e+00
4.597275543882531679e+00
2.081806693166763367e+00
3.107348425044793583e+00
3.309331588471942531e+00
6.350688321868253050e-01
9.983058902672661272e-01
-5.758639289542052953e-02
-3.151139466196546945e-01
6.901954772803989613e+00
3.492216174293110598e+00
3.625164080373937558e+00
3.135377481504320940e+00
4.183632540649869114e+00
4.579680473699721865e+00
2.061818198803131441e+00
3.084990375528721351e+00
3.284668993949944937e+00
6.081591771590215689e-01
9.691948390946983904e-01
-8.885187213408331230e-02
-3.484834783785056844e-01
5.457833998667108943e+00
3.484931297254523219e+00
3.615204743925465536e+00
3.122821602906483918e+00
4.168519453007616171e+00
4.562086216867345279e+00
2.041830580556386998e+00
3.062633251355042940e+00
3.260007361853721086e+00
5.812505119919261221e-01
9.400847928416554700e-01
1.248431343668815252e+00
-3.818520028195457328e-01
4.011037039213239730e+00
3.477646833510676050e+00
4.705684670364411737e+00
3.110266369508053685e+00
4.153407102340698209e+00
4.544492773328850710e+00
3.248602945307432321e+00
4.294337254442652352e+00
3.235346692126901402e+00
5.543428366309224309e-01
9.109757514561480640e-01
1.217174171665970306e+00
-4.152195199883433330e-01
2.561556448448447210e+00
3.470362783026217812e+00
4.695703976991277173e+00
4.231076034332049041e+00
4.138295488595192140e+00
4.526900143028033341e+00
3.228606485263949555e+00
4.271974673253548183e+00
3.210686984713171377e+00
5.274361510214168325e-01
8.818677148860967208e-01
1.185918009515052773e+00
-4.485860299305020060e-01
2.526163800394030989e+00
3.463079145766287503e+00
4.685723822331376631e+00
4.218502430709114570e+00
4.123184611717293890e+00
4.509308325908312653e+00
3.208610900915541908e+00
4.249613016766072171e+00
3.186028239556204511e+00
5.005304551087675913e-01
8.527606830795244619e-01
1.154662857167058521e+00
-4.819515326916956610e-01
2.490772144077203265e+00
3.455795921695760331e+00
4.675744206341278186e+00
4.205929472660988822e+00
4.108074471653081261e+00
4.491717321913554883e+00
3.188616192204573707e+00
4.227252284922857761e+00
3.161370456599681855e+00
4.736257488383964209e-01
8.236546559844006854e-01
1.123408714573101763e+00
-5.153160283174709200e-01
1.038575470230275188e+00
3.448513110778868462e+00
4.665765128977374054e+00
4.193357160138292627e+00
4.092965068348632940e+00
4.474127130987122669e+00
3.168622359073626882e+00
4.204892477666650308e+00
3.136713635787280019e+00
1.760833590342362864e+00
7.945496335486746942e-01
1.092155581684250087e+00
-5.486795168533746825e-01
1.003172318451851064e+00
3.441230712981356632e+00
4.655786590196204777e+00
4.180785493091169869e+00
4.077856401749916593e+00
4.456537753072796981e+00
3.148629401465179445e+00
4.182533594940036181e+00
3.112057777062692487e+00
1.733930173820237064e+00
7.654456157203897160e-01
1.060903458451532000e+00
-5.820419983450672019e-01
9.677701595981430538e-01
9.753374540528124470e+00
3.433948728267608441e+00
4.645808589953818846e+00
4.168214471469828375e+00
4.062748471803407035e+00
5.631858118136811697e+00
4.353337683126043522e+00
4.160175636685663925e+00
3.087402880369603864e+00
1.707027745939187380e+00
2.076749688981826658e+00
1.029652344826081034e+00
-6.154034728381655439e-01
9.323689936276242651e-01
6.858997228930467926e+00
3.426667156602158482e+00
4.635831128206869600e+00
4.155644095224846346e+00
5.210653824944450285e+00
5.614256759448191580e+00
4.333335941918114109e+00
4.137818602846195404e+00
3.062748945651712074e+00
1.680126306644778023e+00
2.047650462581755093e+00
9.984022407589409065e-01
7.459811653394490261e-01
8.969688204985269975e-01
5.389011740879732670e+00
3.419385997950449063e+00
4.625854204911813206e+00
4.143074364306158941e+00
5.195530702847298343e+00
5.596656213586756579e+00
4.313335075809249908e+00
4.115462493364336005e+00
3.038095972852724369e+00
1.653225855882484607e+00
2.018552239643438106e+00
9.671531462011070390e-01
7.126315490903115668e-01
8.615696401689285633e-01
3.916251613833353407e+00
3.412105252277203959e+00
4.615877820024750555e+00
4.130505278664296398e+00
5.180408317483750302e+00
5.579056480496195292e+00
4.293335084741957353e+00
4.093107308182760917e+00
3.013443961916327574e+00
1.626326393597823161e+00
1.989455020114898831e+00
9.359050611038646217e-01
6.792829384743733767e-01
8.261714525971807221e-01
3.878885916988411786e+00
3.404824919546882267e+00
4.605901973502527724e+00
4.117936838249608655e+00
5.165286668800058045e+00
5.561457560120215859e+00
4.273335968658848572e+00
4.070753047244152434e+00
4.270699085783326687e+00
1.599427919736314818e+00
1.960358803944318273e+00
9.046579854181054925e-01
6.459353334461226392e-01
7.907742577415218799e-01
2.403327140342086832e+00
3.397544999724888104e+00
4.595926665301259817e+00
4.105369043012348840e+00
5.150165756742298484e+00
5.543859452402494448e+00
4.253337727502483290e+00
4.048399710491138670e+00
4.246045007758453949e+00
1.572530434243470943e+00
1.931263591079674047e+00
2.239551729286441972e+00
6.125887339601483461e-01
2.172291858537795939e+00
2.365946266412954024e+00
3.390265492775530465e+00
4.585951895377356813e+00
4.092801892902569350e+00
5.135045581256668434e+00
5.526262157286883969e+00
4.233340361215469194e+00
4.026047297866474750e+00
4.221391890763806387e+00
1.545633937064830654e+00
1.902169381469143383e+00
2.208312972662974882e+00
5.792431399709033757e-01
2.136910117304133383e+00
2.328566362731566031e+00
3.382986398664250327e+00
4.575977663687404551e+00
5.211662141837078543e+00
5.119926142289360271e+00
5.508665674716985983e+00
4.213343869740406866e+00
4.003695809312802112e+00
4.196739734743204053e+00
1.518738428145912867e+00
1.873076175060838233e+00
2.177075224185410551e+00
5.458985514329089961e-01
2.101529367349568300e+00
2.291187429260112207e+00
3.375707717355621806e+00
4.566003970187778371e+00
5.199076700806512186e+00
5.104807439786565482e+00
5.491070004636566360e+00
4.193348253019897776e+00
3.981345244772860337e+00
4.172088539640470550e+00
1.491843907432250704e+00
1.843983971802902966e+00
2.145838483805014185e+00
5.125549683006994650e-01
2.066149608632571688e+00
2.253809465960757485e+00
7.940682537710433309e+00
3.368429448814669769e+00
4.556030814834919340e+00
5.186491905274782432e+00
5.089689473694535060e+00
5.473475146989331463e+00
4.173353510996507865e+00
3.958995604189333495e+00
4.147438305399408165e+00
2.776765192680537009e+00
1.814892771643384473e+00
2.114602751472938191e+00
4.792123905288743213e-01
2.030770841111389835e+00
2.216432472795904829e+00
6.447612841819753804e+00
4.428265693141202775e+00
4.546058197585447047e+00
5.173907755192126423e+00
5.074572243959182494e+00
5.455881101718915716e+00
4.153359643612895447e+00
3.936646887504926529e+00
4.122789031963844053e+00
2.749871992867952031e+00
1.785802574530484188e+00
2.083368027140416245e+00
4.458708180719219150e-01
1.995393064744372502e+00
2.179056449727716949e+00
4.951676927850943599e+00
4.420963161457842183e+00
4.536086118395347810e+00
5.161324250508914524e+00
5.059455750527149576e+00
5.438287868769266176e+00
4.133366650811605147e+00
3.914299094662353706e+00
4.098140719277600041e+00
2.722979780260793348e+00
1.756713380412261438e+00
2.052134310758680247e+00
4.125302508842603744e-01
1.960016279489934066e+00
2.141681396718341901e+00
3.452866534536879417e+00
4.413661043566893483e+00
4.526114577221711066e+00
5.148741391175489568e+00
5.044339993344293838e+00
5.420695448083979073e+00
4.113374532535324590e+00
3.891952225604332405e+00
4.073493367284520161e+00
2.696088554804676463e+00
1.727625189236856151e+00
2.020901602278859066e+00
3.791906889205595710e-01
1.924640485306316595e+00
2.104307313730085394e+00
3.413556291564320944e+00
4.406359339432510680e+00
4.516143574020457407e+00
5.136159177142315180e+00
5.029224972356977297e+00
5.403103839606811398e+00
4.093383288726588631e+00
3.869606280273594212e+00
5.328535860617751752e+00
2.669198316445265284e+00
1.698538000952441784e+00
1.989669901652219242e+00
3.458521321353754674e-01
1.889265682151930692e+00
2.066934200725165205e+00
1.911843299989990586e+00
4.399058049020365679e+00
4.506173108748336098e+00
5.123577608359624058e+00
5.014110687511450060e+00
5.385513043281617840e+00
4.073392919328091111e+00
3.847261258612856061e+00
5.303886482502442767e+00
2.642309065128206846e+00
1.669451815507064563e+00
1.958439208829950484e+00
1.704808571350460378e+00
1.853891869985190732e+00
2.029562057665973196e+00
1.872514172833618096e+00
5.457238145814101493e+00
4.496203181361690504e+00
5.110996684777810550e+00
4.998997138753852099e+00
6.558739576710875596e+00
5.275956341234900648e+00
5.076737509288864025e+00
5.279238064248284346e+00
2.615420800799139744e+00
1.640366632848959449e+00
1.927209523763337984e+00
1.671481873873587931e+00
1.818519048764338786e+00
1.992190884514371874e+00
1.833185987327925259e+00
5.449912677939499517e+00
5.584576044207863355e+00
5.098416406347194396e+00
4.983884326030485035e+00
6.541136862753496928e+00
5.255957242846281297e+00
5.054387072702800410e+00
5.254590605799235981e+00
2.588533523403747427e+00
1.611282452926217079e+00
1.895980846403548359e+00
1.638156180212971380e+00
1.783147218447842297e+00
1.954820681232980251e+00
1.793858743439032288e+00
1.277303786496118221e+01
5.442587624804693824e+00
5.574584853488804725e+00
5.085836773018355572e+00
4.968772249287434661e+00
6.523534960761130819e+00
5.235959018443529622e+00
5.032037559146647965e+00
5.229944107099216311e+00
2.561647232887698244e+00
1.582199275686990481e+00
1.864753176701866355e+00
1.604831490323372467e+00
1.747776378994117641e+00
1.917451447783803165e+00
1.754532441133088927e+00
9.795166025236522245e+00
5.435262986374294947e+00
5.564594201337162538e+00
5.073257784741454834e+00
4.953660908471062996e+00
6.505933870677826469e+00
5.215961667969414961e+00
5.009688968563165368e+00
5.205298568092168843e+00
3.844288070726847195e+00
1.553117101079452445e+00
1.833526514609382652e+00
1.571507804159539168e+00
1.712406530361287427e+00
1.880083184129331952e+00
1.715207080376188076e+00
8.281290920822671708e+00
5.427938762613440993e+00
5.554604087709148708e+00
5.060679441467113016e+00
4.938550303527676100e+00
6.488333592447143694e+00
5.195965191366587632e+00
4.987341300895193896e+00
5.180653988722052183e+00
3.817403133944331284e+00
2.862113163110377556e+00
1.802300860077467926e+00
1.538185121675868183e+00
1.677037672507879718e+00
3.281166519193551068e+00
1.675882661134705298e+00
6.764463930958714677e+00
5.420614953486516896e+00
5.544614512561285125e+00
5.048101743145381626e+00
4.923440434403413057e+00
6.470734126013145904e+00
5.175969588577818747e+00
4.964994556085625455e+00
5.156010368932811616e+00
3.790519183042404094e+00
2.833035793312006945e+00
1.771076213057350079e+00
1.504863442827142794e+00
1.641669805392308890e+00
3.243817289392581849e+00
1.636559183374536985e+00
5.244676413453541741e+00
5.413291558958623462e+00
5.534625475849996867e+00
6.164980598693033720e+00
6.069217363415450706e+00
6.453135471319494165e+00
5.155974859545823463e+00
4.942648734077197403e+00
5.131367708668403083e+00
3.763636217966821462e+00
2.803959425002503725e+00
3.103617042529191128e+00
1.471542767568135845e+00
1.606302928972758171e+00
3.206469027902218993e+00
1.597236647062227233e+00
5.203501924867176776e+00
5.405968578994408524e+00
5.524636977531984350e+00
6.152384689207257118e+00
6.054092374664535647e+00
6.435537628310152414e+00
5.135981004213369339e+00
6.169992629756267277e+00
5.106726007872787854e+00
3.736754238663377414e+00
2.774884058130065334e+00
3.072400721403506729e+00
1.438223095853346400e+00
2.985414846442020487e+00
3.169121734684939184e+00
1.557915052163586500e+00
5.162328338807071759e+00
5.398646013558898282e+00
5.514649017563425737e+00
6.139789425040835802e+00
6.038968121811623568e+00
6.417940596928868757e+00
5.115988022523082712e+00
6.147641442808508216e+00
5.082085266489930753e+00
3.709873245077849546e+00
2.745809692643011335e+00
3.041185406527118662e+00
2.794715350643516505e+00
2.950063409322333907e+00
3.131775409702989510e+00
1.518594398645188193e+00
3.639524588637633062e+00
5.391323862616362206e+00
5.504661595900976145e+00
6.127194806144341754e+00
6.023844604802739866e+00
6.400344377119517425e+00
5.095995914417813744e+00
6.125291178021180727e+00
5.057445484463807261e+00
3.682993237156012345e+00
2.716736328489595120e+00
3.009971097851296573e+00
2.761407544460047436e+00
2.914712961466101149e+00
3.094430052918703211e+00
1.479274686472985989e+00
3.598328392637716089e+00
5.384002126132205746e+00
5.494674712501156577e+00
6.114600832468260805e+00
6.008721823584418864e+00
6.382748968826076563e+00
5.076004679840248279e+00
6.102941835337233556e+00
5.032806661738383092e+00
3.656114214843656285e+00
2.687663965618031447e+00
2.978757795327487745e+00
2.728100740461682161e+00
2.879363502831673305e+00
3.057085664294386440e+00
2.902608688436816742e+00
3.557133100502046563e+00
5.376680804070923969e+00
5.484688367320292635e+00
6.102007503962824764e+00
7.152614153510345574e+00
6.365154371992203686e+00
5.056014318733126345e+00
6.080593414699598576e+00
5.008168798257652377e+00
3.629236178086590048e+00
2.658592603976670965e+00
2.947545498907004902e+00
2.694794938603168877e+00
2.844015033377582657e+00
3.019742243792512770e+00
2.863311606670811305e+00
3.515938712200927352e+00
5.369359896397582155e+00
5.474702560315050981e+00
6.089414820578584298e+00
7.137476322848783639e+00
6.347560586561852958e+00
5.036024831039274119e+00
6.058245916051205882e+00
4.983531893965572834e+00
3.602359126830577463e+00
2.629522243513723545e+00
2.916334208541123463e+00
2.661490138839201602e+00
2.808667553062294875e+00
2.982399791375289766e+00
2.824015464738220516e+00
3.474745227704355344e+00
5.362039403076487076e+00
5.464717291441680835e+00
6.076822782265888456e+00
7.122339228053010451e+00
6.329967612479023842e+00
5.016036216701399653e+00
6.035899339335010438e+00
4.958895948806157250e+00
3.575483061021455633e+00
3.936179401407912337e+00
2.885123924181328015e+00
2.628186341124710612e+00
2.773321061844281399e+00
2.945058307005263387e+00
2.784720262604857055e+00
3.433552646983038859e+00
5.354719324073005104e+00
5.454732560656976759e+00
6.064231388975376724e+00
7.107202869069335627e+00
6.312375449687509743e+00
4.996048475662274946e+00
6.013553684493982310e+00
6.211711609551091584e+00
3.548607980605008816e+00
3.907113869884081936e+00
2.853914645778893533e+00
2.594883545414241155e+00
2.737975559682071403e+00
2.907717790644524403e+00
2.745426000237515929e+00
3.392360970006780274e+00
5.347399659351710355e+00
5.444748367917332743e+00
6.051640640657329762e+00
7.092067245844065226e+00
6.294784098131055217e+00
6.196473679230929399e+00
5.991208951471043598e+00
6.187073673569851273e+00
3.521733885527033259e+00
3.878049338397575596e+00
2.822706373285223780e+00
2.561581751662689310e+00
2.702631046534135439e+00
2.870378242255620993e+00
2.706132677602209657e+00
3.351170196746094287e+00
5.340080408877399876e+00
5.434764713179073503e+00
6.039050537262001583e+00
7.076932358323564820e+00
7.465910611603460367e+00
6.176477263506464865e+00
5.968865140209167031e+00
6.162436695890340488e+00
4.802102555378934490e+00
3.848985806896893624e+00
2.791499106651731843e+00
2.528280959824920959e+00
4.079229234065861576e+00
2.833039661800999642e+00
2.666840294665283384e+00
3.309980327171300640e+00
5.332761572614950651e+00
5.424781596399045114e+00
6.026461078740171118e+00
7.061798206454311000e+00
7.448307405087193800e+00
6.156481720655480494e+00
5.946522250651308461e+00
6.137800676456650173e+00
4.775229842881816289e+00
3.819923275330348478e+00
2.760292845829687813e+00
2.494981169855591485e+00
4.043900156969125526e+00
2.795702049242680953e+00
2.627548851393197271e+00
3.268791361252460614e+00
5.325443150529349801e+00
5.414799017533267644e+00
6.013872265042206955e+00
7.046664790182502358e+00
7.430705009617321721e+00
6.136487050620980988e+00
5.924180282740465486e+00
6.113165615212859727e+00
4.748358114725964363e+00
3.790861743646412929e+00
2.729087590770491012e+00
2.461682381709544121e+00
4.008572067457192745e+00
2.758365404543382748e+00
2.588258347751792865e+00
3.227603298959943245e+00
5.318125142585472531e+00
5.404816976539009055e+00
7.128794533279608991e+00
7.031532109454671442e+00
7.413103425137961722e+00
7.334885048966567567e+00
5.901839236419596624e+00
6.088531512103086740e+00
4.721487370857293975e+00
3.761801211793463828e+00
2.697883341425615811e+00
2.428384595341641194e+00
3.973244965488537339e+00
4.156987490583548883e+00
2.548968783707951324e+00
4.668315692326681976e+00
5.310807548747816575e+00
5.394835473372027401e+00
7.116187587367210021e+00
7.016400164217012403e+00
7.395502651593002241e+00
7.314881762312038127e+00
5.879499111631678154e+00
6.063898367071428375e+00
4.694617611221738152e+00
3.732741679719823846e+00
2.666680097746309652e+00
2.395087810706449272e+00
3.937918851021856792e+00
4.119669858287488218e+00
2.509680159227485774e+00
4.627153836406880494e+00
5.303490368981330860e+00
5.384854507989460970e+00
7.103581286640876513e+00
7.001268954416005386e+00
7.377902688926460506e+00
8.511276756994670123e+00
5.857159908319665043e+00
6.039266180061993339e+00
4.667748835765208604e+00
3.703683147374047913e+00
2.635477859684070001e+00
2.361792027759049173e+00
3.902593724015857024e+00
4.082353192370737460e+00
3.930431053698809851e+00
4.585992882598161735e+00
5.296173603250967865e+00
5.374874080347636252e+00
7.090975631051248840e+00
6.986138479998128759e+00
7.360303537082213410e+00
9.705683207563872372e+00
7.082327512037625894e+00
6.014634951018892117e+00
4.640881044433635694e+00
3.674625614704423171e+00
3.965673103750135375e+00
2.328497246454086955e+00
3.867269584428884688e+00
4.045037492795486855e+00
3.891165034206513162e+00
4.544832830870343621e+00
5.288857251521866587e+00
5.364894190402880625e+00
7.078370620548948722e+00
6.971008740909574897e+00
7.342705196004421175e+00
1.089810606768151935e+01
7.059982988838805262e+00
5.990004679886253847e+00
4.614014237172955113e+00
3.645569081659418398e+00
3.934479198299461356e+00
3.682597898058981301e+00
3.831946432219822007e+00
4.007722759524369849e+00
3.851899952768856661e+00
4.503673681194460876e+00
5.281541313758562062e+00
5.354914838112023290e+00
7.065766255084140468e+00
6.955879737096883453e+00
7.325107665636872767e+00
1.208855027456955789e+01
7.037639386475335712e+00
5.965375366608179242e+00
4.587148413929108770e+00
4.949901941747219425e+00
3.903286297206490119e+00
3.649314980524193786e+00
3.796624267347077808e+00
5.403710874484271010e+00
3.812635809352185490e+00
4.462515433540199972e+00
5.274225789925776731e+00
6.441144541312439742e+00
7.053162534607417378e+00
6.940751468506413779e+00
8.494228953588599751e+00
1.448358138392562822e+01
8.260711722748220964e+00
5.940747011128806321e+00
4.560283574648032356e+00
4.920850259413836802e+00
3.872094400422610772e+00
3.616033063276047788e+00
3.761303089769291841e+00
5.366415146547932835e+00
3.773372603923103252e+00
4.421358087878271448e+00
5.266910679988690447e+00
6.431144020203233502e+00
8.166246260656707889e+00
6.925623935084537663e+00
8.476619631536964405e+00
9.481706581355821228e+00
5.916119613392265997e+00
4.533419719275677551e+00
4.891799575565996427e+00
3.840903507899378067e+00
3.582752146269625459e+00
3.725982899445055008e+00
5.329120383439208908e+00
3.734110336447674428e+00
4.380201644178915110e+00
5.259595983911950157e+00
6.421144037423458073e+00
8.153624484086236635e+00
8.067463704284364212e+00
8.459011120004758411e+00
1.070062925092793371e+01
7.166724126575411802e+00
5.811522273722919074e+00
4.862749890152264776e+00
3.809713619588300570e+00
3.549472229459616823e+00
3.690663696333120747e+00
5.291826585120817050e+00
3.694849006892614085e+00
4.339046102412594585e+00
5.252281701660809432e+00
6.411144592929992392e+00
8.141003352861890363e+00
8.052321192681871409e+00
8.441403418935996328e+00
1.191748500215838291e+01
7.142094775410925855e+00
5.784659831461052448e+00
4.833701203121071543e+00
3.778524735440814020e+00
3.516193312801263904e+00
3.655345480391904989e+00
5.254533751555359622e+00
3.655588615224239835e+00
4.297891462549566555e+00
5.244967833199652318e+00
6.401145686679308611e+00
8.128382866934018125e+00
8.037179416320507030e+00
8.423796528274699824e+00
1.313227908788155851e+01
7.117466381159118782e+00
5.757798372112007179e+00
4.804653514421023175e+00
3.747336855408511802e+00
3.482915396249200768e+00
3.620028251580105216e+00
5.217241882705214273e+00
3.616329161408760928e+00
4.256737724560103686e+00
5.237654378493578733e+00
6.391147318628124019e+00
8.115763026253441481e+00
8.022038375146298250e+00
8.406190447965053991e+00
5.769566373716688190e+01
1.680912779413483094e+01
8.365895127272363396e+00
5.730937895621835310e+00
4.775606824000643513e+00
3.716149979442863405e+00
3.449638479758426968e+00
3.584712009856307890e+00
5.179950978532942507e+00
3.577070645412832484e+00
5.694831067701527694e+00
6.293545593753177236e+00
6.381149488732733133e+00
8.103143830770553890e+00
8.006898069106064497e+00
8.388585177950918848e+00
5.539835963703144017e+01
3.501158632690003714e+01
9.612159572052512146e+00
5.704078401936598652e+00
4.746561131808467060e+00
3.684964107495381835e+00
3.416362563283932730e+00
3.549396755179270890e+00
5.142661039001190204e+00
3.537813067202551398e+00
5.653703500811614546e+00
6.286208074128400547e+00
6.371152196949702251e+00
8.090525280435835853e+00
7.991758498146057654e+00
8.370980718176426194e+00
5.423685857676532862e+01
1.085626533874011379e+01
5.677219891002351027e+00
4.717516437793030981e+00
5.012777025576081513e+00
3.383087646780535529e+00
4.923589874220799523e+00
5.105372064072589033e+00
3.498556426744487080e+00
5.612576834283998117e+00
6.278870969268671942e+00
6.361155443235703366e+00
8.077907375199613327e+00
7.976619662212754314e+00
8.353377068585734477e+00
5.307358171451201656e+01
1.209821803111239724e+01
5.650362362765158686e+00
4.688472741902907970e+00
4.981599500092195321e+00
4.734749762455744637e+00
4.888290042570876182e+00
5.068084053709632109e+00
3.459300724005102801e+00
5.571451068089467995e+00
6.271534279138943013e+00
6.351159227547385377e+00
8.065290115012865968e+00
7.961481561252694128e+00
8.335774229122849377e+00
5.190852497465967019e+01
1.460033139395782342e+01
6.926203706504540314e+00
4.659430044086612099e+00
4.950422977369519195e+00
4.701486714417101531e+00
4.852991196542149055e+00
5.030797007875035476e+00
3.420045958950717058e+00
5.530326202198264873e+00
6.264198003703860707e+00
6.341163549840929115e+00
8.052673499825738546e+00
7.946344195212354578e+00
8.318172199731854732e+00
5.188818295808291481e+01
1.834984052692697176e+01
6.899347625466087486e+00
5.961445576166362947e+00
4.919247457359810838e+00
4.668224664996825979e+00
4.817693336093207712e+00
4.993510926531131489e+00
3.380792131547790902e+00
5.489202236580902117e+00
6.256862142928603099e+00
6.331168410073278352e+00
8.040057529589164531e+00
7.931207564038270874e+00
8.300570980356770434e+00
5.072135137429346941e+01
5.967785604461101912e+01
2.581653699638328803e+01
8.172931710293022789e+00
5.932407750660519064e+00
4.888072940014583700e+00
4.634963614150021449e+00
4.782396461183097358e+00
4.956225809640769420e+00
3.341539241762613965e+00
5.448079171207667493e+00
6.249526696777554235e+00
6.321173808200923006e+00
8.027442204253242508e+00
7.916071667676752632e+00
8.282970570941769139e+00
5.070101934012308931e+01
5.733135240871019533e+01
9.444264059238852482e+00
5.903370922091435880e+00
4.856899425285514660e+00
4.601703561831733680e+00
4.747100571770228150e+00
4.918941657166278958e+00
4.759823147384135922e+00
5.406957006049222692e+00
6.242191665215928609e+00
6.311179744180284601e+00
8.014827523768770945e+00
7.900936506074448751e+00
8.265370971430893832e+00
5.068068816654893283e+01
5.614402064369337353e+01
1.071335063873669036e+01
7.203044851881986510e+00
4.825726913124179340e+00
4.568444507996859194e+00
4.711805667813471210e+00
4.881658469070338846e+00
4.720592829816847136e+00
5.365835741075627219e+00
6.234857048208525931e+00
7.395490108596027845e+00
8.002213488086328042e+00
7.885802079177726576e+00
8.247772181768294075e+00
5.066035785351635212e+01
5.495482887564236307e+01
1.198019739415953744e+01
7.174012925723550538e+00
4.794555403482274158e+00
4.535186452600536988e+00
4.676511749271531571e+00
4.844376245315608287e+00
4.681363448363126345e+00
5.324715376257641353e+00
6.227522845719994926e+00
7.385474962597255555e+00
7.989600097156457359e+00
7.870668386933234117e+00
8.230174201898039499e+00
5.064002840097079883e+01
5.376377273047655336e+01
1.582106225084564954e+01
8.471347797276623126e+00
4.763384896311438688e+00
4.501929395597834116e+00
4.641218816103219957e+00
6.237936504541642613e+00
4.642135002989150827e+00
6.760172484899144685e+00
6.220189057715436398e+00
7.375460355120736722e+00
7.976987350929599430e+00
7.855535429287394678e+00
8.212577031764276114e+00
5.061969980885756115e+01
5.257084782038923976e+01
5.849218367686827236e+01
8.442320804518169908e+00
4.732215391563281415e+00
4.468673336943796315e+00
4.605926868267125940e+00
6.200673263190178197e+00
4.602907493661774652e+00
6.719078257426494005e+00
7.274288123487864688e+00
7.365446286122701025e+00
7.964375249356374198e+00
7.840403206186857155e+00
8.194980671311036247e+00
5.059937207712204099e+01
5.254828650868600448e+01
5.608775035764697492e+01
9.737323012696428748e+00
4.701046889189441913e+00
4.435418276593380504e+00
4.570635905722062020e+00
6.163410984707706319e+00
4.563680920347322534e+00
6.677984928602527681e+00
7.266930361649075465e+00
7.355432755560253888e+00
7.951763792387604113e+00
7.825271717577875208e+00
8.177385120482419723e+00
5.057904520570964735e+01
5.252572609797762482e+01
5.487023964309908308e+01
1.234935781434741386e+01
4.669879389141618375e+00
4.402164214501686601e+00
5.942359262110334939e+00
6.126149669056902169e+00
4.524455283012308371e+00
6.636892498397696016e+00
7.259573015297425158e+00
7.345419763389611667e+00
7.939152979973541413e+00
7.810140963407209647e+00
8.159790379222743084e+00
5.055871919456573238e+01
5.133094034924972249e+01
5.365077283774196104e+01
1.495210625383371017e+01
4.638712891371383762e+00
4.368911150623807416e+00
5.907083716436988929e+00
6.088889316200539525e+00
4.485230581623248725e+00
6.595800966782172203e+00
7.252216084397449691e+00
7.335407309567258949e+00
7.926542812064899302e+00
7.795010943621341504e+00
8.142196447475953391e+00
5.053839404363564825e+01
5.130838700410698294e+01
5.362604626363872029e+01
2.406176467976273159e+01
4.607547395830501991e+00
4.335659084914698091e+00
5.871809154632616767e+00
6.051629926101267820e+00
4.446006816146661045e+00
6.554710333727023830e+00
7.244859568914400860e+00
7.325395394050108422e+00
7.913933288612407857e+00
7.779881658166750924e+00
8.124603325186292579e+00
5.051806975286488921e+01
5.128583456031203980e+01
5.240462176861547761e+01
5.692121460858718507e+01
4.576382902470495395e+00
4.302408017329551804e+00
5.836535576656088686e+00
6.014371498721703624e+00
4.406783986549063670e+00
6.513620599202537775e+00
7.237503468812851004e+00
7.315384016794600264e+00
7.901324409566298890e+00
7.764753106989916276e+00
8.107011012297832053e+00
5.049774632219875770e+01
5.126328301781089181e+01
5.237989924452140400e+01
5.445877404509156605e+01
5.901857395096301140e+00
4.269157947823289945e+00
5.801262982466453444e+00
5.977114034024608280e+00
5.822478868373079486e+00
6.472531763179246056e+00
7.230147784057373350e+00
8.397888540608873242e+00
7.888716174877625775e+00
7.749625290037656988e+00
9.273957186336083680e+00
5.162381501714701670e+01
5.124073237654950219e+01
5.235517765137631585e+01
5.321106583677263302e+01
7.224897497962405879e+00
4.235908876351015095e+00
5.765991372022293504e+00
5.939857531972771554e+00
5.783278587068552135e+00
6.431443825627564337e+00
7.222792514613371573e+00
8.387856164254484881e+00
7.876108584496547493e+00
8.889325082128015865e+00
9.256353142816481139e+00
5.160348504090110566e+01
5.121818263647381997e+01
5.233045698912764010e+01
5.196130361233034733e+01
5.940836658896486000e+01
8.545509911480342780e+00
4.202660802867898227e+00
5.730720745282479989e+00
5.902601992528510699e+00
5.744079240142676568e+00
7.864247577354240626e+00
7.215437660445115142e+00
8.377824326826695867e+00
7.863501638374117420e+00
8.874182358621558464e+00
9.238749908505713648e+00
5.158315592426968266e+01
5.119563379752987942e+01
5.230573725772278237e+01
5.193446959909183391e+01
5.690277899595945854e+01
5.551967813948582631e+00
5.695451102206057215e+00
5.865347415654988517e+00
5.704880827561886747e+00
7.823185744900976069e+00
7.208083221517783024e+00
8.367793028281992562e+00
7.850895336460775198e+00
8.859040369409079574e+00
9.221147483348163476e+00
5.156282766719831301e+01
5.117308585966360113e+01
5.228101845710917672e+01
5.068264837666428235e+01
5.563235626432908987e+01
5.518731604381446054e+00
4.253061574105040599e+00
5.828093801314691902e+00
5.665683349292982562e+00
7.782124809416436584e+00
7.200729197796362335e+00
8.357762268576964360e+00
7.838289678707019092e+00
8.843899114437114406e+00
9.203545867288031701e+00
5.154250026963244835e+01
5.115053882282099806e+01
5.225630058723427140e+01
5.065581540954443795e+01
5.435979877534403926e+01
6.865527738509246802e+00
5.624914766878428729e+00
5.790841149470282723e+00
5.626486805302340244e+00
7.741064770871409983e+00
7.193375589245198931e+00
8.347732047668079858e+00
7.825684665063310064e+00
8.828758593652201725e+00
1.036854891040719018e+01
5.152217373151757585e+01
5.230017153374063810e+01
5.223158364804546494e+01
5.062898339409794346e+01
5.308510114376423417e+01
7.303719498536965204e+01
8.209809192448132009e+00
5.589648074544964373e+00
5.753589460084480578e+00
5.587291195556757906e+00
7.700005629236234661e+00
7.186022395829432696e+00
8.337702365512219771e+00
7.813080295480931525e+00
8.813618807001100564e+00
1.035093562690185287e+01
5.150184805279925371e+01
5.227762103041473551e+01
5.220686763949021980e+01
5.060215233027417980e+01
5.305621024578484679e+01
6.053281769893911246e+01
5.554382365710040403e+00
5.716338733119973980e+00
5.548096520022727240e+00
7.658947384481828990e+00
7.178669617513749657e+00
8.327673222065806513e+00
7.800476569909948310e+00
8.798479754430294619e+00
1.033332315229916176e+01
5.148152323342286962e+01
5.225507142743635569e+01
5.218215256151597714e+01
5.057532221802250660e+01
5.177936398911929672e+01
5.798113492585983408e+01
6.923657882816413256e+00
4.247991785111413066e+00
5.508902778666874056e+00
7.617890036578514490e+00
7.171317254263214203e+00
8.317644617285377961e+00
7.787873488301211289e+00
8.783341435886434567e+00
1.031571148654345826e+01
5.146119927333402444e+01
5.223252272475156843e+01
5.215743841407014969e+01
5.054849305729230480e+01
5.175047097305503740e+01
5.668654438725651090e+01
8.290334307789224866e+00
5.641840166305747140e+00
5.469709971455804620e+00
7.576833585497113610e+00
7.163965306042397785e+00
8.307616551127555482e+00
7.775271050605450540e+00
8.768203851316167530e+00
1.029810062957891326e+01
5.144087617247814137e+01
5.220997492230647197e+01
5.213272519710024255e+01
5.052166484803295532e+01
5.172157891797988327e+01
5.538973372409462570e+01
6.117713898037604991e+01
9.654419033816633799e+00
5.604592326381464318e+00
5.430518098356063028e+00
7.535778031208173466e+00
7.156613772816516672e+00
8.297589023549083009e+00
7.762669256773193638e+00
8.753067000666144182e+00
1.028049058134978821e+01
5.142055393080085679e+01
5.218742802004710057e+01
5.210801291055365425e+01
5.049483759019388884e+01
5.169268782384570926e+01
5.409069722045566664e+01
5.729269834479924839e+01
6.995768222245411394e+00
5.391327159334334596e+00
7.494723373682385947e+00
7.149262654550370577e+00
8.287562034506258613e+00
8.873435225183623487e+00
8.737930883882679467e+00
1.026288134180053646e+01
5.140023254824752996e+01
5.216488201791958801e+01
5.208330155437788278e+01
5.046801128372443657e+01
5.166379769060469584e+01
5.405980470167008889e+01
5.597141136018585428e+01
6.958539338938295238e+00
5.352137154357166970e+00
7.453669612890267082e+00
7.141911951208418152e+00
8.277535583956202814e+00
8.860815461532725479e+00
8.722795500912871702e+00
1.024527291087537328e+01
5.137991202476379016e+01
5.214233691587004671e+01
5.205859112852036219e+01
5.044118592857398653e+01
5.163490851820883165e+01
5.275853032850580604e+01
5.464781103941884055e+01
6.734334008285107132e+01
8.347050530305478944e+00
5.312948083391274778e+00
7.412616748802494548e+00
7.134561662756063072e+00
8.267509671855078679e+00
8.848196342099411638e+00
9.860518274440288167e+00
1.022766528851858325e+01
5.250407622802914887e+01
5.211979271384456780e+01
5.203388163292857627e+01
5.041436152469197651e+01
5.160602030661026163e+01
5.272763247745485415e+01
5.332189130182163694e+01
6.342173942910505957e+01
1.115323069710363235e+01
6.726148196701689841e+00
7.371564781389515986e+00
7.127211789157690269e+00
8.257484298159813108e+00
8.835577866834279703e+00
9.845368054936729507e+00
1.021005847467445626e+01
5.248374920365711915e+01
5.209724941178923530e+01
5.200917306754997327e+01
5.038753807202778745e+01
5.157713305576094598e+01
5.269673558758433529e+01
5.328903293394651541e+01
6.078403792322873045e+01
1.394870169048693498e+01
6.686981644248567669e+00
7.330513710622335033e+00
7.119862330378627924e+00
8.247459462826816079e+00
8.822960035688016234e+00
9.830218569312977550e+00
1.019245246928734439e+01
5.246342303786400407e+01
5.207470700965016164e+01
5.198446543233202988e+01
5.158571394449685954e+01
5.154824676561307228e+01
5.266583965884929341e+01
5.196077815315155135e+01
5.813687157545466988e+01
6.647816024310626126e+00
7.289463536471107119e+00
8.171907119491260474e+00
8.237435165812799553e+00
9.931936274722849234e+00
9.815069817515851724e+00
1.017484727230157837e+01
5.244309773059557500e+01
5.205216550737347347e+01
5.195975872722223698e+01
5.155889323987535988e+01
5.151936143611862207e+01
5.263494469120495722e+01
5.192791121558870771e+01
5.679235402305244662e+01
6.608651336854634906e+00
7.248414258906933583e+00
8.164533788901691125e+00
8.227411407074532335e+00
9.919300548310312493e+00
9.799921799492002705e+00
1.015724288366140016e+01
5.242277328179733331e+01
5.202962490490529035e+01
5.313171008968615183e+01
5.153207348549050693e+01
5.149047706722972606e+01
5.260405068460649858e+01
5.189504523265683389e+01
5.544543802380079001e+01
6.569487581847170965e+00
8.678748968966756294e+00
8.157160874126816452e+00
8.217388186568530983e+00
9.906665466366225914e+00
9.784774515187969257e+00
1.013963930331123819e+01
5.240244969141490117e+01
5.200708520219172470e+01
5.310700304235387392e+01
5.150525468129177398e+01
5.146159365889846526e+01
5.257315763900894012e+01
5.186218020431445552e+01
5.541068763380554429e+01
6.530324759254948042e+00
8.637725753995184164e+00
8.149788375132038354e+00
8.207365504251532329e+00
9.894031028841434150e+00
9.769627964550739563e+00
1.012203653119536462e+01
5.238212695939388652e+01
5.315476809391675772e+01
5.308229692429080160e+01
5.147843682722867698e+01
5.143271121107691357e+01
5.254226555436765267e+01
5.182931613051982112e+01
5.406135393929701394e+01
6.491162869044736716e+00
8.596703434112120235e+00
8.142416291881554358e+00
8.197343360079843322e+00
9.881397235686623759e+00
9.754482147526740476e+00
1.010443456725816525e+01
5.236180508567996128e+01
5.313222496102444126e+01
5.305759173544453233e+01
5.145161992325071765e+01
5.140382972371716619e+01
5.251137443063761623e+01
5.179645301123151313e+01
5.402659166205457808e+01
6.452001911183169014e+00
8.555682009288018364e+00
8.135044624340768138e+00
8.187321754010586261e+00
9.868764086852412021e+00
1.089029571498373272e+01
1.008683341144399392e+01
5.234148407021869787e+01
5.310968272721100192e+01
5.303288747576262097e+01
5.142480396930738351e+01
5.137494919677130412e+01
5.248048426777410924e+01
5.176359084640792219e+01
5.399183032242251556e+01
6.412841885636986206e+00
8.514661479494069596e+00
8.127673372474101043e+00
8.177300686000251062e+00
9.856131582289508586e+00
1.087513513063607817e+01
1.124974946928707809e+01
5.232116391295573976e+01
5.308714139242263741e+01
5.300818414519266497e+01
5.139798896534824735e+01
5.134606963019140125e+01
5.244959506573226804e+01
5.173072963600734653e+01
5.395706992036286920e+01
6.373682792372960648e+00
8.473641844700727788e+00
8.120302536246576608e+00
8.167280156005421787e+00
9.843499721948850478e+00
1.085997527996499912e+01
1.123213670723551871e+01
5.230084461383678729e+01
5.306460095660562359e+01
5.298348174368225472e+01
5.137117491132278246e+01
5.131719102392960963e+01
5.241870682446725027e+01
5.169786937998833309e+01
5.392231045583783811e+01
6.334524631357640878e+00
8.432623104878794962e+00
8.112932115623111784e+00
9.247662044475402965e+00
9.830868505781010569e+00
1.084481616291719952e+01
1.121452475311064845e+01
5.228052617280741288e+01
5.304206141970612975e+01
5.295878027117897346e+01
5.256731027538662460e+01
5.253633821742678123e+01
5.238781954393417806e+01
5.166501007830924408e+01
5.388755192880928035e+01
6.295367402557822345e+00
8.391605259998838662e+00
8.105562110568238054e+00
9.237620608439472747e+00
9.818237933736627454e+00
1.082965777943950414e+01
1.119691360685665238e+01
5.226020858981327422e+01
5.301952278167040333e+01
5.293407972763041158e+01
5.254049899437810467e+01
5.250746555367022950e+01
5.235693322408836536e+01
5.163215173092849852e+01
5.385279433923952297e+01
6.256211105940224115e+00
8.350588310031760386e+00
8.098192521047437253e+00
9.227579711078183422e+00
9.805608005766615065e+00
1.081450012947856543e+01
1.117930326841818456e+01
5.223989186480004321e+01
5.299698504244467046e+01
5.290938011298416654e+01
5.251368866232331811e+01
5.247859384913144964e+01
5.232604786488484194e+01
5.159929433780466468e+01
5.381803768709036007e+01
6.217055741471502195e+00
8.309572254948076164e+00
8.090823347024866052e+00
9.217539352348360637e+00
9.792978721821521404e+00
1.079934321298114241e+01
1.116169373773944251e+01
5.336214979932352520e+01
5.297444820197517856e+01
5.288468142718786424e+01
5.248687927917191587e+01
5.244972310376253688e+01
5.229516346627895018e+01
5.156643789889589158e+01
5.378328197232405472e+01
6.177901309118541739e+00
8.268557094718543610e+00
8.083454588465663448e+00
9.207499532206655957e+00
9.780350081852288824e+00
1.078418702989400479e+01
1.114408501476488489e+01
5.334182661743715670e+01
5.412020847065559082e+01
5.285998367018907373e+01
5.246007084487354888e+01
5.242085331751579957e+01
5.226428002822577668e+01
5.282911588858868157e+01
5.374852719490264263e+01
7.588635879865686107e+00
8.227542829314081985e+00
8.076086245334931135e+00
9.197460250609690746e+00
9.767722085809458221e+00
1.191809662228747513e+01
1.112647709943912488e+01
5.332150429304071793e+01
5.409766823920984535e+01
5.283528684193542091e+01
5.243326335937782545e+01
5.239198449034335425e+01
5.223339755068047197e+01
5.279627181975283889e+01
5.371377335478831583e+01
7.549503934815387396e+00
8.186529458705189555e+00
9.126277453190015265e+00
9.187421507514160979e+00
9.755094733643810301e+00
1.190292574077050780e+01
1.110886999170637246e+01
5.444194150796308662e+01
5.407512890584457921e+01
5.281059094237453166e+01
5.240645682263433969e+01
5.236311662219748086e+01
5.220251603359832160e+01
5.276342870385460770e+01
5.367902045194289684e+01
7.510372920389169593e+00
9.614327323245323242e+00
9.118885331523939541e+00
9.177383302876751969e+00
9.742468025306306956e+00
1.188775559272396976e+01
1.109126369151121239e+01
5.556057698972382752e+01
5.521899737051600709e+01
5.398055756040481157e+01
5.237965123459280647e+01
5.233424971303023199e+01
5.217163547693446191e+01
5.273058654085227914e+01
5.364426848632868428e+01
7.471242836553687816e+00
9.573339977202200757e+00
9.111493626274995705e+00
9.167345636653919883e+00
1.084945599698474261e+01
1.187258617809451344e+01
1.107365819879807489e+01
5.667741508078095336e+01
5.636098725035634516e+01
5.395586134679798107e+01
5.235284659520277728e+01
5.230538376279403678e+01
5.214075588064410027e+01
5.269774533070441436e+01
5.360951745790766410e+01
7.432113683275828109e+00
9.532353524461210981e+00
9.104102337407985246e+00
9.157308508802605829e+00
1.083681147196649874e+01
1.185741749682890500e+01
1.105605351351125343e+01
5.779246010964893543e+01
5.750110316939207422e+01
5.393116606104612032e+01
5.232604290441395278e+01
5.227651877144101178e+01
5.210987724468245830e+01
5.266490507336954607e+01
5.357476736664198569e+01
7.392985460522447205e+00
9.491367964992351247e+00
9.096711464888006304e+00
9.147271919279724273e+00
1.082416759112170546e+01
1.184224954887413084e+01
1.103844963559552284e+01
5.890571639095488621e+01
5.863934973648660076e+01
5.509916707704116590e+01
5.352014536583556747e+01
5.349358218840565371e+01
5.334954169552677428e+01
5.263206576880624965e+01
5.354001821249372739e+01
7.353858168260287265e+00
9.450383298766960039e+00
9.089321008679595693e+00
9.137235868041400977e+00
1.081152435440125181e+01
1.182708233417701749e+01
1.102084656499503623e+01
6.114725204709729667e+01
6.093281732142901319e+01
5.507447151387353301e+01
5.349334447194369346e+01
5.346472315572537326e+01
5.331867220930449491e+01
5.259922741697298676e+01
5.350526999542498885e+01
7.314731806456318708e+00
9.409399525755684834e+00
9.081930968747855104e+00
9.127200355044681856e+00
1.079888176175593628e+01
1.181191585268421740e+01
1.100324430165434819e+01
7.917536479981464481e+01
5.624051318427393653e+01
5.468540479725515269e+01
5.343586508082983499e+01
5.328780368221334385e+01
5.256639001782830434e+01
5.347052271539784840e+01
8.722857692548739550e+00
9.368416645929215747e+00
9.074541345057170361e+00
9.117165380246264661e+00
1.078623981313653779e+01
1.179675010434272053e+01
1.098564284551802928e+01
1.027799408184199592e+02
5.740460163437902708e+01
5.587542638174770815e+01
5.340700796367139702e+01
5.325693611420859952e+01
5.253355357133085590e+01
5.343577637237428490e+01
8.683753797055334900e+00
9.327434659258523553e+00
9.067152137572941584e+00
1.019564574099106480e+01
1.077359850849369494e+01
1.178158508909929125e+01
1.096804219653046353e+01
1.006258744212461522e+02
5.856674176780028773e+01
5.706341445113781674e+01
5.462196344563851369e+01
5.322606950524546221e+01
5.250071807743903918e+01
5.340103096631656143e+01
8.644650830532143004e+00
9.286453565714236191e+00
9.059763346259629202e+00
1.018558994571255738e+01
1.076095784777818665e+01
1.176642080690081116e+01
1.095044235463609184e+01
9.953611468505086179e+01
6.090989762899113913e+01
5.824937421329772036e+01
5.459311230947913884e+01
5.319520385527933115e+01
5.246788353611149347e+01
5.336628649718682738e+01
8.605548792946020598e+00
9.245473365267484311e+00
9.052374971082413069e+00
1.017553468928603166e+01
1.074831783094119508e+01
1.175125725769409790e+01
1.093284331977950963e+01
9.844474386019794565e+01
1.034592864836610318e+02
6.064201867685126501e+01
5.580595545923044654e+01
5.316433916426552742e+01
5.243504994730675861e+01
5.333154296494705449e+01
8.566447684263938100e+00
9.204494057888588543e+00
9.044987012005709204e+00
1.016547997166804151e+01
1.073567845793300002e+01
1.173609444142609171e+01
1.091524509190520398e+01
9.735175837132113941e+01
1.012551193917151409e+02
6.422928066338364772e+01
5.577711032833941829e+01
5.313347543215936497e+01
5.240221731098330338e+01
5.461168705204904228e+01
8.527347504452805538e+00
9.163515643548809209e+00
9.037599468994512719e+00
1.015542579281539837e+01
1.072303972870483157e+01
1.172093235804350009e+01
1.089764767095750031e+01
9.733115941985363406e+01
1.001391471596389948e+02
5.698784672752277203e+01
5.310261265891605831e+01
5.236938562709978839e+01
5.457695912680407702e+01
8.488248253479397931e+00
9.122538122218644574e+00
9.030212342013731686e+00
1.014537215268488524e+01
1.071040164320746513e+01
1.170577100749331301e+01
1.088005105688113971e+01
9.623656283255034793e+01
9.902148283055781519e+01
1.043745532617096217e+02
5.943183598089680686e+01
5.307175084449093561e+01
5.233655489561480323e+01
5.454223213711754426e+01
8.449149931310657280e+00
9.081561493868916202e+00
9.022825631028242199e+00
1.013531905123302401e+01
1.069776420139147355e+01
1.169061038972241207e+01
1.086245524962047604e+01
9.621597187541414087e+01
9.790212255307930889e+01
1.021224841293284697e+02
6.186742420848300839e+01
5.304088998883952399e+01
5.230372511648679534e+01
5.450750608295175681e+01
8.410052537913633941e+00
1.050685538494951921e+01
1.007114475158562072e+01
1.012526648841651067e+01
1.068512740320774590e+01
1.167545050467761669e+01
1.084486024912013669e+01
9.619538176100674320e+01
9.787942770699410744e+01
1.009814277473412147e+02
5.427843444023464059e+01
5.227089628967438273e+01
5.447278096426880722e+01
8.370956073254989249e+00
1.046590474173807550e+01
1.006373435591619092e+01
1.011521446419219217e+01
1.067249124860724230e+01
1.166029135230575342e+01
1.200560944241191841e+01
9.617479248927644164e+01
9.675837205243823291e+01
9.983859950006589656e+01
1.038279258873462680e+02
5.551378290813040906e+01
5.223806841513614074e+01
5.443805678103095858e+01
8.331860537301862379e+00
1.042495499001752002e+01
1.005632437722429273e+01
1.010516297851689949e+01
1.065985573754078430e+01
1.164513293255380866e+01
1.198800289555041232e+01
9.615420406017155130e+01
9.673568251778227989e+01
9.869399525719019550e+01
1.015246369703966138e+02
5.349866854858493781e+01
5.440333353320023946e+01
8.292765930020996379e+00
1.038400612975885728e+01
1.004891481547472942e+01
1.009511203134713497e+01
1.176486165647656890e+01
1.162997524536866756e+01
1.197039715525150072e+01
9.613361647364027363e+01
9.671299386009518173e+01
9.866925845446974108e+01
1.003568552572439216e+02
1.012374534570206919e+02
5.346585303317219484e+01
5.436861122073914743e+01
8.253672251379390090e+00
1.034305816093307051e+01
1.004150567063207333e+01
1.008506162263976336e+01
1.175220840691472191e+01
1.161481829069720639e+01
1.195279222145981102e+01
9.611302972963093794e+01
9.669030607932607779e+01
9.752287571503202912e+01
9.918721669813938036e+01
9.887724383456209409e+01
5.472418761213286587e+01
5.564650831404244968e+01
9.659304908217510643e+00
1.030211108351085336e+01
1.003409694266096963e+01
1.007501175235126745e+01
1.173955580122829545e+01
1.159966206848630144e+01
1.193518809411984094e+01
9.609244382809183094e+01
9.666761917542410742e+01
9.749814145543641075e+01
9.801571686080801271e+01
9.767989119037871149e+01
1.136776762892438626e+02
5.561180160297742958e+01
9.620233667622340334e+00
1.026116489746336669e+01
1.002668863152656087e+01
1.006496242043869316e+01
1.172690383936810932e+01
1.158450657868289468e+01
1.191758477317619835e+01
9.607185876897121091e+01
9.664493314833846682e+01
9.747340809671895556e+01
9.684235129885632887e+01
9.648058824924936516e+01
1.030775883989256414e+02
5.688737017114625871e+01
9.581163354182832492e+00
1.022021960276143737e+01
1.001928073719398427e+01
1.005491362685855705e+01
1.171425252128503125e+01
1.156935182123380557e+01
1.189998225857338454e+01
9.605127455221735033e+01
9.662224799801830954e+01
9.744867563883046557e+01
9.681562220535259655e+01
9.645190811706180511e+01
1.006764104695590021e+02
5.816060198695955563e+01
9.542093967865849180e+00
1.017927519937582126e+01
1.001187325962732366e+01
1.004486537156788728e+01
1.170160184692981531e+01
1.270111686158305631e+01
1.188238055025619389e+01
9.603069117777859276e+01
9.659956372441280337e+01
9.742394408172170017e+01
9.678889402821400267e+01
9.642322890800321034e+01
9.945752308520211216e+01
1.080233208288822482e+02
6.333414832464359279e+01
9.503025508638520691e+00
1.013833168727743761e+01
1.000446619879186549e+01
1.003481765452302277e+01
1.168895181625362412e+01
1.268594747604725370e+01
1.186477964816906727e+01
9.601010864560316804e+01
9.767521352978535276e+01
9.739921342534343296e+01
9.561365600394904618e+01
9.522196284624034490e+01
9.823661046502880367e+01
1.043912004641075839e+02
6.847047106521422677e+01
9.463957976467767708e+00
1.009738906643720746e+01
9.997059554652301117e+00
1.002477047568093838e+01
1.167630242920705363e+01
1.267077882292328717e+01
1.184717955225662678e+01
9.598952695563947657e+01
9.765252744667131424e+01
9.737448366964655122e+01
9.558692760571943836e+01
9.519328053423008384e+01
9.701366755731270075e+01
1.019486398824086422e+02
7.100753060735475231e+01
9.424891371320695654e+00
1.005644733682621172e+01
1.104360838647724030e+01
1.001472383499844909e+01
1.166365368574108174e+01
1.265561090215815021e+01
1.182958026246363126e+01
9.704286253301251008e+01
9.762984223957521124e+01
9.734975481458174329e+01
9.556020012452979984e+01
9.516459914614166848e+01
9.698309109972292674e+01
1.007080328804842537e+02
7.225537339144658233e+01
9.385825693164081329e+00
1.001550649841514584e+01
1.103617814701100919e+01
1.000467773243230241e+01
1.165100558580664547e+01
1.264044371369883635e+01
1.298832979892942951e+01
9.702227621286516523e+01
9.760715790844633943e+01
9.732502686009988224e+01
9.553347356033296478e+01
9.513591868193049095e+01
9.695251556290833150e+01
9.946532436528148935e+01
7.350095485772125414e+01
9.346760941965200686e+00
1.143827903157195003e+01
1.102874832521630566e+01
9.994632167939263567e+00
1.163835812935456637e+01
1.262527725749222363e+01
1.297071902416842981e+01
9.700169073439268175e+01
9.758447445323395186e+01
9.730029980615172747e+01
9.550674791308173894e+01
9.627984670808541523e+01
9.692194094682737671e+01
9.943291407904301593e+01
7.474428114749244401e+01
9.307697117690745259e+00
1.139736414039461998e+01
1.102131892105766298e+01
9.984587141475897099e+00
1.162571131633580102e+01
1.261011153348536240e+01
1.295310905532702428e+01
9.698110609754348843e+01
9.756179187388730156e+01
9.727557365268809519e+01
9.662854420641016873e+01
9.625117303686496939e+01
9.689136725143841034e+01
9.818808870827285773e+01
7.470978943250827342e+01
9.268634220308076266e+00
1.135645013893216060e+01
1.101388993450037290e+01
9.974542652999135228e+00
1.161306514670124201e+01
1.259494654162513250e+01
1.293549989234993625e+01
9.696052230226594304e+01
9.753911017035571263e+01
9.725084839965984429e+01
9.660182244250775341e+01
9.622250028846163161e+01
9.686079447669996512e+01
9.815566933428176810e+01
7.467529863324834594e+01
9.229572249783968729e+00
1.131553702715541121e+01
1.100646136550847487e+01
9.964498702465803603e+00
1.271615011471789458e+01
1.257978228185869796e+01
1.291789153518184641e+01
9.801219338928417812e+01
9.751642934258839546e+01
9.722612404701771993e+01
9.657510159459353360e+01
9.619382846283079402e+01
9.683022262257031798e+01
9.690872177200557758e+01
7.591640533562072335e+01
9.190511206085503204e+00
1.127462480503530884e+01
1.099903321404756618e+01
9.954455289832717213e+00
1.270348628321623785e+01
1.256461875413282314e+01
1.290028398376752783e+01
9.799160500353688974e+01
9.749374939053465994e+01
9.832303772417624543e+01
9.654838166262035770e+01
9.616515755992793402e+01
9.679965168900793060e+01
9.687629332504234014e+01
7.588193018522498789e+01
9.151451089179763798e+00
1.123371347254329145e+01
1.099160548008191363e+01
9.944412415056490318e+00
1.269082309543602349e+01
1.254945595839461703e+01
1.288267723805158127e+01
9.797101745882385160e+01
9.747107031414378753e+01
9.829831442060410041e+01
9.652166264654121619e+01
9.613648757970855740e+01
9.676908167597117938e+01
9.684386578931034251e+01
7.584745594926178569e+01
9.112391899033660536e+00
1.119280302964971341e+01
1.098417816357631693e+01
1.102074175668400891e+01
1.267816055132818498e+01
1.253429389459112642e+01
1.286507129797869631e+01
9.795043075509354935e+01
9.744839211336510232e+01
9.827359201658225629e+01
9.649494454630894325e+01
9.610781852212802789e+01
9.673851258341861126e+01
9.681143916477101641e+01
7.581298262769466589e+01
1.051558191655324670e+01
1.115189347632610861e+01
1.097675126449599325e+01
1.101067815487401447e+01
1.266549865084361315e+01
1.251913256266929153e+01
1.402186365690588232e+01
9.792984489229441181e+01
9.742571478814782893e+01
9.824887051206164301e+01
9.646822736187644409e+01
9.607915038714193656e+01
9.670794441130853158e+01
9.677901345138600675e+01
7.705189058098009980e+01
1.047654513331748305e+01
1.111098481254299131e+01
1.096932478280536216e+01
1.100061509156894779e+01
1.265283739393331075e+01
1.250397196257610233e+01
1.400424629339067195e+01
9.790925987037492462e+01
9.849962183423151885e+01
9.822414990699314785e+01
9.644151109319670923e+01
9.605048317470563290e+01
9.667737715959945888e+01
9.674658864911688738e+01
7.701743290639312534e+01
1.043750927536220274e+01
1.107007703827173728e+01
1.096189871846922337e+01
1.099055256672577130e+01
1.264017678054805138e+01
1.248881209425855410e+01
1.398662973531665443e+01
9.788867568928360186e+01
9.847694272914402802e+01
9.819943020132770073e+01
9.641479574022258703e+01
9.602181688477465116e+01
9.664681082824982639e+01
9.671416475792527478e+01
7.698297614491305296e+01
1.039847434265440285e+01
1.102917015348299223e+01
1.095447307145279048e+01
1.098049058030128045e+01
1.262751681063897813e+01
1.247365295766375404e+01
1.396901398262865079e+01
9.786809234896888654e+01
9.845426449892188714e+01
9.817471139501618893e+01
9.638808130290702536e+01
9.716386282688262099e+01
9.661624541721796788e+01
9.668174177777281386e+01
7.694852029650341763e+01
1.035944033516119411e+01
1.098826415814806090e+01
1.094704784172071577e+01
1.097042913225219252e+01
1.261485748415686636e+01
1.245849455273869388e+01
1.395139903527125647e+01
9.784750984937932117e+01
9.843158714351440608e+01
9.814999348800957080e+01
9.636136778120297208e+01
9.713520334102902609e+01
9.658568092646231662e+01
9.664931970862102162e+01
7.691406536112796744e+01
1.032040725284966065e+01
1.240849802432131810e+01
1.093962302923752894e+01
1.096036822253516974e+01
1.260219880105280765e+01
1.244333687943036715e+01
1.393378489318952340e+01
9.782692819046324928e+01
9.840891066287100841e+01
9.812527648025873361e+01
9.748133228371068526e+01
9.710654477662254180e+01
9.655511735594143374e+01
9.661689855043158559e+01
7.815079537921297970e+01
1.172096899061669717e+01
1.236761793982697277e+01
1.093219863396829616e+01
1.095030785110728999e+01
1.258954076127760224e+01
1.357305653093005660e+01
1.391617155632798841e+01
9.780634737216939811e+01
9.838623505694107507e+01
9.922040903125966338e+01
9.745462266235871596e+01
9.707788713361874500e+01
9.652455470561366724e+01
9.658447830316602278e+01
7.811635608761065441e+01
1.168195829709984146e+01
1.232673874330521357e+01
1.092477465587789176e+01
1.094024801792498636e+01
1.257688336478236657e+01
1.355788429882422541e+01
1.389855902463158799e+01
9.778576739444611121e+01
9.836356032567395857e+01
9.919569309771249266e+01
9.742791395566241874e+01
9.704923041197316991e+01
9.649399297543754983e+01
9.655205896678600652e+01
7.808191770775576401e+01
1.164294852728881757e+01
1.228586043472734701e+01
1.091735109493115452e+01
1.201479422303340705e+01
1.367807130936322224e+01
1.354271279838990516e+01
1.388094729804494776e+01
9.776518825724186001e+01
9.834088646901911090e+01
9.917097806258611570e+01
9.740120616357474148e+01
9.702057461164139340e+01
9.765594807231575203e+01
9.651964054125325276e+01
7.804748023961215608e+01
1.160393968115107022e+01
1.224498301406431011e+01
1.090992795109291968e+01
1.200471374406186520e+01
1.366539632687638672e+01
1.352754202957397744e+01
1.386333637651301842e+01
9.881515587556806679e+01
9.831821348692588458e+01
9.914626392583161874e+01
9.737449928604868887e+01
9.699191973257893551e+01
9.762539608676783587e+01
9.648722302652916483e+01
7.801304368314369242e+01
1.156493175865376877e+01
1.220410648128715358e+01
1.090250522432780045e+01
1.199463380397889090e+01
1.365272198800268733e+01
1.351237199232377506e+01
1.501815262258183203e+01
9.879457218353374515e+01
9.829554137934370317e+01
9.912155068739997432e+01
9.734779332303732247e+01
9.696326577474148678e+01
9.759484502023116193e+01
9.645480642257550130e+01
7.924760182264952846e+01
1.152592475976388364e+01
1.216323083636716973e+01
1.089508291460096956e+01
1.198455440274117123e+01
1.364004829269296870e+01
1.349720268658623468e+01
1.500053033854335638e+01
9.877398933148111837e+01
9.827287014622197603e+01
9.909683834724224027e+01
9.732108827449364696e+01
9.693461273808456724e+01
9.756429487266420608e+01
9.642239072935373656e+01
1.148691868444889330e+01
1.212235607927524583e+01
1.088766102187726936e+01
1.197447554030572725e+01
1.362737524089830288e+01
1.348203411230852211e+01
1.498290885935560723e+01
9.875340731935882843e+01
9.825019978751008409e+01
9.907212690530938914e+01
9.729438414037069549e+01
9.690596062256372534e+01
9.753374564402562896e+01
9.638997594682565762e+01
1.144791353267568290e+01
1.208148220998254452e+01
1.088023954612111766e+01
1.196439721662924427e+01
1.361470283256964819e+01
1.346686626943763088e+01
1.496528818496343050e+01
9.873282614711536098e+01
9.822753030315745093e+01
9.904741636155250717e+01
9.726768092062151538e+01
9.687730942813455215e+01
9.750319733427390645e+01
9.757227621237547055e+01
1.140890930441178597e+01
1.204060922846001880e+01
1.087281848729784350e+01
1.195431943166830457e+01
1.360203106765802517e+01
1.345169915792078008e+01
1.494766831531173601e+01
9.871224581469941484e+01
9.820486169311350011e+01
9.902270671592262374e+01
9.724097861519916819e+01
9.684865915475263876e+01
9.747264994336754285e+01
9.753987412595041917e+01
1.136990599962414450e+01
1.199973713467878333e+01
1.086539784537217379e+01
1.194424218538017790e+01
1.358935994611451115e+01
1.343653277770502186e+01
1.493004925034528618e+01
9.869166632205946144e+01
9.818219395732766941e+01
9.899799796837071142e+01
9.721427722405661598e+01
9.682000980237361887e+01
9.744210347126517036e+01
9.750747294901412943e+01
1.133090361828004156e+01
1.341741509581041747e+01
1.085797762030894376e+01
1.193416547772141634e+01
1.357668946788976250e+01
1.342136712873746340e+01
1.608294343210704369e+01
9.867108766914419959e+01
9.815952709574933976e+01
9.897329011884787064e+01
9.718757674714700556e+01
9.679136137095298409e+01
9.741155791792523644e+01
9.747507268152831728e+01
1.129190216034678329e+01
1.337656887797525762e+01
1.190240242630806122e+01
1.192408930864865191e+01
1.356401963293517099e+01
1.340620221096515685e+01
1.606531306587450558e+01
9.865050985590218602e+01
9.813686110832803422e+01
9.894858316730513081e+01
9.716087718442329901e+01
9.793155400551447087e+01
9.738101328330633066e+01
9.744267332345476973e+01
1.268997214118421546e+01
1.333572354640442015e+01
1.189495870993508397e+01
1.191401367811901046e+01
1.355135044120169674e+01
1.339103802433543144e+01
1.604768350412103572e+01
9.862993288228204847e+01
9.811419599501303423e+01
9.892387711369352132e+01
9.713417853583860051e+01
9.790291238510543792e+01
9.735046956736704260e+01
9.741027487475524538e+01
1.265099304526366275e+01
1.329487910106958637e+01
1.188751541139262535e+01
1.190393858608930167e+01
1.353868189264006183e+01
1.337587456879517589e+01
1.603005474679170916e+01
9.860935674823244312e+01
9.809153175575391970e+01
9.889917195796409999e+01
9.825232533463392315e+01
9.787427168459896620e+01
9.731992677006584813e+01
9.737787733539137491e+01
1.261201487128223775e+01
1.325403554194146594e+01
1.188007253064552238e+01
1.189386403251620727e+01
1.352601398720161896e+01
1.336071184429160219e+01
1.601242679383124212e+01
9.858878145370185564e+01
9.916368249397254431e+01
9.999252918751233210e+01
9.822563060055770734e+01
9.784563190395068943e+01
9.728938489136136525e+01
9.734548070532484587e+01
1.257303761920722174e+01
1.321319286899133516e+01
1.187263006765883944e+01
1.188379001735656004e+01
1.462529227794252229e+01
1.334554985077188327e+01
1.599479964518470609e+01
9.856820699863904167e+01
9.914101649980032960e+01
9.996782512704552914e+01
9.819893677966643963e+01
9.781699304311636922e+01
9.725884393121216931e+01
9.852579506132279619e+01
1.253406128900586403e+01
1.317235108219042239e+01
1.186518802239718795e+01
1.187371654056733128e+01
1.461260686240583340e+01
1.333038858818317784e+01
1.597717330079718323e+01
9.854763338299257214e+01
9.911835137898899006e+01
9.994312196362730560e+01
9.817224387191321000e+01
9.778835510205166770e+01
9.722830388957679304e+01
9.849341112646665408e+01
1.249508588064561820e+01
1.313151018150987248e+01
1.185774639482509940e+01
1.186364360210512281e+01
1.459992209032143329e+01
1.445808461711048842e+01
1.595954776061338087e+01
9.959589694000210613e+01
1.001887925863688480e+02
9.991841969720874772e+01
9.814555187725122209e+01
9.775971808071219016e+01
9.838838436689648859e+01
9.846102809970545877e+01
1.245611139409356838e+01
1.309067016692085161e+01
1.185030518490809648e+01
1.293626382969756072e+01
1.458723796164022879e+01
1.444290886453716638e+01
1.594192302457840427e+01
9.957531880448941308e+01
1.012575335817564621e+02
9.989371832774102700e+01
9.811886079563370799e+01
9.773108197905371242e+01
9.835785406833009858e+01
9.842864598100133833e+01
1.241713782931716281e+01
1.304983103839431102e+01
1.184286439261078527e+01
1.292617033110129121e+01
1.457455447631315870e+01
1.442773384294666705e+01
1.592429909263724674e+01
9.955474150785570941e+01
1.012348641848421664e+02
1.009853032552624512e+02
9.923517089438277594e+01
9.770244679703195345e+01
9.832732468714002039e+01
9.839626477031580976e+01
1.237816518628356732e+01
1.300899279590180235e+01
1.183542401789777720e+01
1.291607737146956936e+01
1.456187163429151532e+01
1.441255955228626995e+01
1.590667596473480216e+01
9.953416505004975079e+01
1.023019064961262359e+02
1.009606030090323259e+02
9.920848374856113594e+01
9.767381253460256119e+01
9.829679622328482935e+01
9.957456333527903780e+01
1.233919346496023550e+01
1.296815543941413118e+01
1.182798406073376007e+01
1.290598495075944463e+01
1.454918943552598698e+01
1.439738599250319595e+01
1.588905364081604787e+01
9.951358943102026444e+01
1.044535957071076240e+02
1.009359036589198979e+02
9.918179751483100404e+01
9.764517919172125460e+01
9.826626867672317189e+01
9.954219482232994665e+01
1.230022266531436159e+01
1.292731896890282073e+01
1.182054452108417308e+01
1.289589306892744247e+01
1.453650787996825677e+01
1.438221316354460910e+01
1.587143212082612109e+01
9.949301465071590655e+01
1.065985590950091506e+02
1.020257203240350492e+02
1.002962666137091219e+02
9.878350608660562671e+01
9.942439158726081416e+01
9.950982721619941174e+01
1.226125278731322688e+01
1.288648338433856289e+01
1.286318653523867006e+01
1.288580172593046846e+01
1.452382696756877856e+01
1.436704106535767700e+01
1.585381140470978423e+01
9.947244070908544700e+01
1.130388079932438501e+02
1.031137725701450307e+02
1.014088932483396377e+02
9.875487956460960959e+01
9.939387379309191317e+01
9.947746051684939061e+01
1.365683859115148202e+01
1.430168808655593971e+01
1.285572359374548412e+01
1.287571092172572840e+01
1.451114669827899561e+01
1.435186969788961697e+01
1.583619149241209989e+01
9.945186760607757037e+01
1.042000646786897562e+02
1.025196819839511306e+02
9.872625396110775853e+01
9.936335691508084267e+01
9.823437233583209149e+01
1.361789104839507658e+01
1.426087833875467759e+01
1.284826107072805179e+01
1.286562065626959495e+01
1.449846707204974194e+01
1.433669906108771208e+01
1.581857238387816267e+01
9.943129534164100392e+01
1.063920832894908415e+02
1.036286373707023785e+02
9.986267297088451755e+01
9.933284095318640539e+01
9.820199657245670721e+01
1.357894442581587846e+01
1.422006947542833011e+01
1.284079896615094363e+01
1.285553092951909271e+01
1.448578808883234181e+01
1.432152915489906597e+01
1.580095407905295168e+01
9.941072391572447486e+01
1.058677337730998147e+02
1.009971771456861660e+02
1.004890026817151067e+02
9.938036585910145959e+01
1.353999872338128263e+01
1.417926149654821977e+01
1.283333727997907481e+01
1.284544174143122497e+01
1.447310974857770560e+01
1.544731400526667464e+01
1.578333657788139988e+01
9.939015332827678151e+01
1.004584964825291280e+02
9.934800278649254324e+01
1.350105394105862366e+01
1.413845440208553050e+01
1.282587601217754347e+01
1.391626809343279270e+01
1.446043205123693021e+01
1.543212967683045456e+01
1.576571988030858584e+01
9.936958357924660845e+01
1.474322706595407624e+02
1.016126845006406398e+02
9.931564062047362995e+01
1.346211007881529298e+01
1.409764819201135566e+01
1.281841516271096459e+01
1.390615842638817234e+01
1.444775499676114983e+01
1.541694607905633241e+01
1.574810398627943009e+01
9.934901466858266872e+01
1.453668142267159453e+02
1.492025807398903794e+02
1.632757120634444732e+02
1.039456128009900056e+02
1.004919760130402011e+02
1.342316713661880279e+01
1.405684286629708879e+01
1.281095473154401887e+01
1.389604929863818050e+01
1.443507858510164077e+01
1.540176321189175646e+01
1.573048889573915687e+01
9.932844659623374639e+01
1.443204036004521527e+02
1.470949115994603744e+02
1.485269216846388360e+02
1.605215985352758423e+02
1.016662593303675663e+02
1.338422511443648766e+01
1.401603842491408614e+01
1.280349471864162147e+01
1.388594071013970677e+01
1.442240281620927256e+01
1.538658107528383923e+01
1.571287460863256946e+01
9.930787936214859712e+01
1.432724593637192925e+02
1.460263345905572407e+02
1.463708127595296844e+02
1.550372521163616000e+02
1.028384959374349847e+02
1.334528401223562888e+01
1.397523486783349611e+01
1.279603512396868581e+01
1.387583266084983080e+01
1.440972769003517762e+01
1.537139966918008049e+01
1.569526112490478553e+01
9.928731296627600500e+01
1.422229781425752435e+02
1.449561546928567566e+02
1.452769672720595509e+02
1.484033326282372229e+02
1.040086911805354362e+02
1.330634382998384702e+01
1.393443219502646357e+01
1.278857594748974691e+01
1.386572515072495193e+01
1.550701159570020948e+01
1.535621899352753772e+01
1.567764844450097605e+01
1.003338666346476629e+02
1.422002148527896566e+02
1.438843682970995417e+02
1.441814414017535739e+02
1.490565035292156040e+02
1.461575273473245318e+02
1.063752701724464771e+02
1.326740456764850506e+01
1.389363040646444425e+01
1.278111718917013029e+01
1.385561817972230969e+01
1.549431903682488176e+01
1.534103904827359699e+01
1.566003656736595673e+01
1.003132957527119515e+02
1.411491961909069062e+02
1.428109717831822252e+02
1.430842312734889106e+02
1.457688999944090824e+02
1.450168102592503487e+02
1.075393613783365510e+02
1.322846622519677595e+01
1.530629464181859056e+01
1.277365884897429815e+01
1.384551174779858229e+01
1.548162712099290417e+01
1.532585983336542945e+01
1.564242549344491984e+01
1.002927257084516555e+02
1.411264366789273765e+02
1.427862827875836160e+02
1.430576633681237126e+02
1.446506166228709276e+02
1.438742627278530790e+02
1.098937451965914534e+02
1.318952880259624472e+01
1.526551865522264073e+01
1.276620092686716212e+01
1.383540585491068597e+01
1.546893584815570755e+01
1.531068134875065212e+01
1.562481522268294398e+01
1.002721565018156866e+02
1.411036780171875478e+02
1.427615946606054251e+02
1.419587628552125125e+02
1.435305760815915619e+02
1.427298803437838046e+02
1.110517797710993761e+02
1.315059229981442357e+01
1.522474355140311530e+01
1.275874342281367291e+01
1.382530050101536112e+01
1.545624521826413833e+01
1.529550359437608975e+01
1.560720575502491769e+01
1.002515881327527438e+02
1.410809202056397851e+02
1.427369074022017514e+02
1.419321935902284508e+02
1.424087742257270008e+02
1.426996870824525274e+02
1.110195349649713279e+02
1.311165671681839129e+01
1.518396933033168317e+01
1.275128633677847922e+01
1.381519568606981530e+01
1.544355523126951546e+01
1.528032657018947482e+01
1.558959709041611141e+01
1.002310206012118385e+02
1.410581632442363968e+02
1.427122210123268076e+02
1.419056252052223499e+02
1.423803716998974664e+02
1.415534578396234622e+02
1.121755769367996436e+02
1.307272205357577199e+01
1.514319599197937372e+01
1.274382966872679646e+01
1.380509141003069651e+01
1.543086588712281682e+01
1.526515027613785946e+01
1.557198922880149539e+01
1.002104539071416838e+02
1.410354071329298336e+02
1.426875354909347777e+02
1.418790577001504118e+02
1.412567994934417186e+02
1.415232578747269088e+02
1.133296196448084174e+02
1.303378831005409744e+01
1.510242353631777412e+01
1.273637341862308148e+01
1.379498767285496186e+01
1.541817718577543239e+01
1.524997471216863865e+01
1.555438217012610913e+01
1.001898880504911631e+02
1.420408956152733992e+02
1.426628508379797609e+02
1.418524910749689809e+02
1.412283929729403553e+02
1.414930587887916715e+02
1.132973994755348173e+02
1.299485548622059561e+01
1.506165196331812695e+01
1.272891758643240223e+01
1.378488447449942633e+01
1.540548912717827434e+01
1.523479987822914516e+01
1.553677591433511118e+01
1.001693230312091742e+02
1.420181391223405285e+02
1.426381670534160264e+02
1.418259253296344014e+02
1.411999873358425361e+02
1.414628605817794664e+02
1.144494599829407946e+02
1.295592358204268457e+01
1.502088127295188968e+01
1.272146217211970587e+01
1.377478181492107900e+01
1.539280171128259056e+01
1.521962577426660168e+01
1.551917046137343981e+01
1.001487588492445582e+02
1.419953834788003064e+02
1.426134841371976449e+02
1.417993604641028469e+02
1.411715825821069927e+02
1.414326632536520094e+02
1.144172525871699122e+02
1.291699259748787121e+01
1.498011146518994785e+01
1.376213671664951832e+01
1.376467969407676506e+01
1.538011493803968222e+01
1.520445240022851685e+01
1.550156581118638677e+01
1.001281955045461416e+02
1.419726286846050129e+02
1.425888020892788859e+02
1.417727964783306334e+02
1.411431787116926557e+02
1.414024668043709028e+02
1.143850460834702290e+02
1.287806253252352562e+01
1.493934254000421014e+01
1.375465799747510509e+01
1.375457811192344337e+01
1.536742880740054851e+01
1.632822587357658151e+01
1.665220575717059504e+01
1.001076329970628223e+02
1.419498747397071554e+02
1.425641209096138766e+02
1.417462333722741619e+02
1.411147757245582284e+02
1.413722712338976635e+02
1.143528404718046545e+02
1.283913338711700902e+01
1.489857449736575923e+01
1.374717969713319832e+01
1.374447706841800887e+01
1.535474331931635383e+01
1.631303814539895569e+01
1.663458986240300774e+01
1.000870713267434837e+02
1.419271216440591843e+02
1.425394405981568298e+02
1.417196711458896061e+02
1.410863736206625560e+02
1.413420765421940928e+02
1.143206357521361554e+02
1.423245638543145830e+01
1.485780733724588920e+01
1.373970181558867409e+01
1.373437656351748259e+01
1.534205847373859832e+01
1.629785114719176775e+01
1.661697477020309677e+01
1.000665104935369811e+02
1.419043693976135785e+02
1.425147611548619011e+02
1.416931097991333388e+02
1.410579723999644273e+02
1.413118827292216793e+02
1.154707548911096637e+02
1.419354953420956100e+01
1.481704105961608420e+01
1.373222435280629483e+01
1.480322562157369326e+01
1.532937427061810176e+01
1.628266487890246950e+01
1.659936048051619295e+01
1.000459504973921980e+02
1.418816180003227885e+02
1.424900825796833601e+02
1.416665493319617042e+02
1.410295720624225453e+02
1.412816897949422241e+02
1.154385629463104266e+02
1.415464360108293462e+01
1.477627566444754237e+01
1.372474730875082116e+01
1.479310472456351633e+01
1.531669070990614046e+01
1.626747934047845590e+01
1.658174699328731094e+01
1.000253913382580038e+02
1.428855496977506618e+02
1.424654048725753341e+02
1.416399897443309328e+02
1.410011726079958692e+02
1.412514977393172728e+02
1.154063718923354713e+02
1.411573858601906650e+01
1.618648180274483295e+01
1.371727068338709010e+01
1.478298436678504579e+01
1.530400779155402979e+01
1.625229453186711481e+01
1.656413430846163237e+01
1.000048330160833530e+02
1.428627979444005121e+02
1.424407280334919790e+02
1.426858049966180317e+02
1.409727740366431306e+02
1.412213065623084560e+02
1.153741817291478213e+02
1.407683448898534273e+01
1.614574217048195592e+01
1.370979447668005236e+01
1.477286454819489947e+01
1.529132551551284536e+01
1.623711045301584122e+01
1.654652242598433176e+01
9.998427553081704389e+01
1.428400470395013713e+02
1.424160520623876209e+02
1.426592502757372074e+02
1.409443763483232033e+02
1.423072545758949161e+02
1.153419924567103863e+02
1.546753863783985850e+01
1.610500341921647305e+01
1.370231868859443125e+01
1.476274526875029736e+01
1.527864388173383325e+01
1.622192710387208692e+01
1.652891134580071864e+01
9.996371888240804537e+01
1.428172969830058321e+02
1.423913769592163874e+02
1.426326964334729723e+02
1.409159795429947906e+02
1.422770736041079829e+02
1.153098040749864595e+02
1.542865681827608704e+01
1.606426554891981695e+01
1.369484331909521657e+01
1.475262652840785371e+01
1.637392179680799487e+01
1.620674448438312965e+01
1.651130106785577567e+01
1.010085517344376171e+02
1.427945477748664018e+02
1.423667027239324909e+02
1.426061434697818697e+02
1.408875836206167946e+02
1.422468935098584950e+02
1.152776165839386948e+02
1.538977591528338351e+01
1.602352855956334921e+01
1.473379330936599985e+01
1.474250832712483827e+01
1.636122280768980275e+01
1.619156259449647450e+01
1.765999490722550647e+01
1.009879906321241805e+02
1.427717994150356731e+02
1.433907464901586764e+02
1.425795913846201870e+02
1.408591885811480324e+02
1.422167142931081401e+02
1.152454299835303573e+02
1.535089592882894927e+01
1.598279245111834612e+01
1.472629472164671860e+01
1.473239066485795057e+01
1.634852446115510816e+01
1.617638143415934593e+01
1.764237344485475489e+01
1.009674303661314951e+02
1.427490519034661816e+02
1.433660745075203806e+02
1.425530401779443253e+02
1.408307944245473493e+02
1.421865359538187192e+02
1.163936485910000584e+02
1.531201685888082231e+01
1.594205722355666843e+01
1.471879655346172022e+01
1.472227354156408019e+01
1.633582675715481969e+01
1.616120100331947640e+01
1.762475278451398353e+01
1.009468709364083736e+02
1.427263052401104630e+02
1.433414033919476935e+02
1.425264898497107708e+02
1.418976637648149222e+02
1.421563584919520338e+02
1.163614747633549058e+02
1.527313870540620577e+01
1.590132287684936507e+01
1.471129880477644924e+01
1.471215695720033345e+01
1.632312969564043925e+01
1.614602130192409390e+01
1.760713292614846637e+01
1.009263123429038700e+02
1.427035594249210817e+02
1.433167331433947425e+02
1.424999403998757828e+02
1.418692771194674265e+02
1.421261819074697144e+02
1.163293018251788169e+02
1.523426146837288364e+01
1.586058941096800368e+01
1.470380147555483497e+01
1.470204091172376870e+01
1.631043327656333020e+01
1.726784978603115661e+01
1.758951386970336728e+01
1.009057545855669815e+02
1.426808144578506301e+02
1.432920637618159674e+02
1.424733918283959042e+02
1.418408913559783855e+02
1.420960062003334770e+02
1.162971297764347440e+02
1.519538514774850491e+01
1.581985682588396003e+01
1.469630456576220467e+01
1.469192540509095046e+01
1.629773749987442599e+01
1.725265579786131553e+01
1.757189561512386078e+01
1.008851976643467196e+02
1.426580703388516440e+02
1.432673952471655241e+02
1.424468441352275079e+02
1.418125064743067298e+02
1.420658313705050375e+02
1.162649586170860090e+02
1.515650974350052493e+01
1.577912512156857439e+01
1.468880807536347355e+01
1.468181043725903301e+01
1.628504236552509710e+01
1.723746253917925131e+01
1.755427816235529548e+01
1.008646415791920390e+02
1.426353270678766592e+02
1.432427275993978810e+02
1.424202973203269948e+02
1.417841224744113333e+02
1.420356574179462825e+02
1.162327883470956920e+02
1.511763525559661403e+01
1.573839429799362577e+01
1.468131200432317307e+01
1.467169600818494324e+01
1.627234787346670331e+01
1.722227000993247970e+01
1.753666151134294182e+01
1.008440863300519084e+02
1.426125846448783250e+02
1.432180608184671939e+02
1.423937513836507094e+02
1.428492762911146770e+02
1.420054843426188995e+02
1.162006189664268163e+02
1.507876168400447803e+01
1.569766435513014891e+01
1.467381635260621664e+01
1.466158211782562226e+01
1.625965402365022427e+01
1.834229380299911227e+01
1.751904566203215197e+01
1.008235319168753819e+02
1.436149576301332615e+02
1.431933949043278460e+02
1.423672063251552231e+02
1.428208998138912591e+02
1.419753121444845476e+02
1.161684504750426186e+02
1.503988902869143018e+01
1.565693529294983932e+01
1.466632112017732936e+01
1.465146876613801474e+01
1.624696081602732178e+01
1.832708705317395825e+01
1.750143061436804004e+01
1.008029783396113856e+02
1.435922148732279311e+02
1.431687298569341067e+02
1.423406621447968519e+02
1.427925242174359539e+02
1.430595575614468942e+02
1.161362828729061505e+02
1.500101728962534153e+01
1.561620711142405860e+01
1.465882630700176215e+01
1.571840953723337364e+01
1.623426825054876943e+01
1.831188103282424606e+01
1.748381636829595820e+01
1.007824255982090449e+02
1.435694729635962688e+02
1.431440656762403592e+02
1.423141188425320820e+02
1.427641495017078341e+02
1.430293955668275316e+02
1.161041161599805349e+02
1.496214646677383442e+01
1.702398747278166269e+01
1.465133191304363613e+01
1.570827587783609758e+01
1.622157632716641018e+01
1.829667574189753410e+01
1.746620292376123018e+01
1.007618736926172858e+02
1.435467319011910092e+02
1.431194023622008444e+02
1.422875764183173430e+02
1.427357756666659441e+02
1.429992344483249553e+02
1.160719503362289799e+02
1.492327656010438552e+01
1.698328501373765675e+01
1.464383793826827862e+01
1.569814275773230250e+01
1.620888504583120238e+01
1.828147118034111429e+01
1.744859028070913709e+01
1.007413226227851055e+02
1.435239916859647451e+02
1.430947399147699457e+02
1.422610348721089792e+02
1.427074027122691575e+02
1.429690742059009949e+02
1.172183092230811070e+02
1.488440756958450173e+01
1.694258343388879595e+01
1.463634438264052662e+01
1.568801017687855648e+01
1.730225309539734724e+01
1.826626734810271202e+01
1.743097843908492806e+01
1.007207723886616577e+02
1.435012523178702111e+02
1.430700783339019608e+02
1.422344942038635054e+02
1.426790306384765472e+02
1.440515469930221570e+02
1.171861561665352980e+02
1.484553949518197591e+01
1.690188273320633883e+01
1.462885124612461141e+01
1.567787813523209195e+01
1.728954453384467982e+01
1.825106424512977910e+01
1.857767197201250653e+01
1.007002229901958117e+02
1.434785137968599997e+02
1.440925329662505305e+02
1.432787021887660330e+02
1.426506594452471575e+02
1.440213969606455180e+02
1.171540039979958010e+02
1.480667233686444995e+01
1.686118291166176064e+01
1.462135852868616759e+01
1.566774663274983759e+01
1.727683661465650289e+01
1.823586187136977088e+01
1.856004900504737165e+01
1.006796744273367068e+02
1.444793392151009925e+02
1.440678736532693733e+02
1.432521663927934981e+02
1.426222891325398621e+02
1.439912478032730405e+02
1.171218527174258384e+02
1.476780609459949467e+01
1.682048396922667521e+01
1.461386623028984033e+01
1.565761566938857108e+01
1.726412933778399861e+01
1.822066022677052999e+01
1.854242683929953017e+01
1.006591267000332977e+02
1.444566003861363015e+02
1.440432152060306805e+02
1.432256314738618528e+02
1.425939197003138474e+02
1.439610995208664121e+02
1.170897023247886182e+02
1.472894076835458499e+01
1.677978590587273544e+01
1.565093157964535564e+01
1.564748524510531524e+01
1.725142270317861914e+01
1.820545931127922756e+01
1.852480547471438044e+01
1.006385798082346383e+02
1.444338624035534906e+02
1.450640693929125575e+02
1.431990974319274983e+02
1.425655511485279590e+02
1.439309521133876046e+02
1.170575528200474338e+02
1.469007635809742496e+01
1.673908872157113237e+01
1.564341615613446201e+01
1.563735535985738778e+01
1.723871671079152890e+01
1.819025912484353924e+01
1.850718491123738474e+01
1.016816969695628359e+02
1.444111252673052945e+02
1.450394132372081799e+02
1.431725642669469778e+02
1.436290337255251188e+02
1.439008055807986182e+02
1.170254042031654080e+02
1.465121286379563514e+01
1.669839241629365034e+01
1.563590115260714875e+01
1.562722601360127328e+01
1.722601136057406990e+01
1.817505966741103052e+01
1.848956514881383129e+01
1.016611456558335220e+02
1.454104103913660424e+02
1.460586693962142135e+02
1.442151173924296188e+02
1.436006727019426990e+02
1.438706599230613676e+02
1.169932564741057490e+02
1.603966859215305973e+01
1.665769699001167581e+01
1.562838656902809831e+01
1.561709720629432141e+01
1.721330665247753799e+01
1.815986093892926334e+01
1.847194618738905092e+01
1.016405951770728251e+02
1.453876729749455023e+02
1.470763298575465683e+02
1.441885891165761109e+02
1.435723125577943620e+02
1.438405151401375974e+02
1.169611096328318496e+02
1.600082733438307869e+01
1.661700244269687587e+01
1.562087240536226140e+01
1.560696893789327788e+01
1.720060258645327522e+01
1.814466293934586005e+01
1.845432802690849172e+01
1.016200455332298986e+02
1.463854237125162285e+02
1.480923983654941196e+02
1.441620617167555451e+02
1.446340751022587483e+02
1.438103712319893930e+02
1.169289636793066904e+02
1.596198699111385544e+01
1.657630877432057304e+01
1.561335866157447505e+01
1.559684120835529697e+01
1.718789916245264493e+01
1.812946566860821562e+01
1.959909846397740196e+01
1.015994967242538110e+02
1.473816447162076315e+02
1.491068786526399208e+02
1.441355351929245501e+02
1.456941085536223568e+02
1.437802281985785839e+02
1.180734561063654695e+02
1.592314756231347062e+01
1.653561598485437045e+01
1.560584533762912507e+01
1.558671401763730557e+01
1.827943446807531913e+01
1.811426912666412292e+01
1.958146923788004656e+01
1.015789487500937014e+02
1.483763395013664308e+02
1.511557364999106596e+02
1.451764335909547867e+02
1.467524171322223197e+02
1.437500860398672557e+02
1.180413229155738577e+02
1.588430904794939735e+01
1.649492407426983931e+01
1.559833243349149967e+01
1.557658736569643665e+01
1.826671383716371366e+01
1.809907331346096981e+01
1.956384081251421847e+01
1.015584016106987093e+02
1.493695115725768972e+02
1.462156692212002440e+02
1.478090050446724319e+02
1.437199447558171528e+02
1.180091906113661224e+02
1.584547144798942675e+01
1.645423304253862185e+01
1.559081994912617120e+01
1.556646125248940749e+01
1.825399384858891949e+01
1.808387822894643904e+01
1.954621318782552919e+01
1.025998708424029076e+02
1.513740450831910493e+02
1.472532460647270511e+02
1.499453555594072043e+02
1.436898043463902752e+02
1.179770591937053581e+02
1.580663476240104082e+01
1.785959499636249603e+01
1.558330788449809035e+01
1.555633567797345052e+01
1.824127450230248826e+01
1.806868387306804280e+01
1.952858636375912482e+01
1.025793193186908354e+02
1.906635778270199921e+02
1.447705930781098402e+02
1.179449286625549860e+02
1.576779899115233441e+01
1.781892964676559643e+01
1.557579623957198223e+01
1.554621064210544468e+01
1.822855579825536410e+01
1.805349024577356332e+01
1.951096034026073767e+01
1.025587686292072505e+02
1.887293414027166421e+02
1.912380837239640528e+02
1.447404628758718843e+02
1.179127990178782852e+02
1.715371502373332646e+01
1.777826517456665201e+01
1.556828501431268208e+01
1.661120753268140859e+01
1.821583773639949655e+01
1.803829734701034226e+01
1.949333511727570922e+01
1.025382187739014483e+02
1.877487500904579747e+02
1.892610363089009695e+02
1.458194694186674099e+02
1.178806702596385350e+02
1.711490146803006596e+01
1.773760157973721618e+01
1.556077420868503047e+01
1.660106227440357074e+01
1.820312031668582620e+01
1.802310517672611923e+01
1.947571069474952665e+01
1.025176697527225826e+02
1.867667699176933809e+02
1.882580384243291007e+02
1.927378514113529775e+02
1.468966888906617783e+02
1.178485423877992133e+02
1.707608882521552829e+01
1.769693886224898804e+01
1.555326382265397278e+01
1.659091755539006385e+01
1.819040353906570573e+01
1.914106092011862259e+01
1.945808707262778370e+01
1.024971215656199632e+02
1.857833979316625914e+02
1.872535853542268569e+02
1.913551132513519235e+02
1.896625134218333244e+02
1.479721257278520170e+02
1.178164154023233721e+02
1.703727709525758982e+01
1.765627702207371641e+01
1.554575385618416128e+01
1.658077337559789655e+01
1.817768740349064771e+01
1.912585459679005950e+01
1.944046425085571528e+01
1.024765742125427579e+02
1.857606142272388183e+02
1.862476739294416745e+02
1.893352174126892180e+02
1.886155253125998001e+02
1.490457843515649756e+02
1.177842893031746883e+02
1.699846627812386402e+01
1.761561605918265627e+01
1.553824430924062128e+01
1.657062973498396019e+01
1.816497190991186983e+01
1.911064900197829886e+01
1.942284222937894711e+01
1.024560276934401344e+02
1.847758490853838964e+02
1.862230744909664395e+02
1.883098159958833548e+02
1.875669480181999234e+02
1.490156924532180369e+02
1.177521640903161426e+02
1.695965637378225921e+01
1.757495597354752448e+01
1.553073518178807433e+01
1.656048663350545880e+01
1.925467958577500482e+01
1.909544413563068588e+01
1.940522100814293083e+01
1.024354820082613458e+02
1.847530678220021514e+02
1.861984758889341265e+02
1.872828920452134298e+02
1.865167779176357499e+02
1.500875866532851717e+02
1.177200397637111564e+02
1.692084738220053453e+01
1.753429676514005209e+01
1.552322647379143561e+01
1.655034407111928019e+01
1.924194695825804047e+01
1.908023999769511647e+01
1.938760058709319978e+01
1.024149371569556877e+02
1.847302873810397443e+02
1.851911014694225344e+02
1.862544421671327086e+02
1.864886801870365503e+02
1.500575050066058225e+02
1.176879163233231509e+02
1.688203930334648106e+01
1.749363843393190621e+01
1.655838970469104154e+01
1.654020204778247205e+01
1.922921497304666261e+01
1.906503658811916679e+01
1.936998096617518073e+01
1.023943931394723563e+02
1.847075077624520816e+02
1.851665029738984458e+02
1.852244629580021069e+02
1.854369080895707498e+02
1.511276391942765258e+02
1.176557937691153910e+02
1.826542323943913360e+01
1.889646547316373315e+01
1.655085796519322727e+01
1.760346809911207799e+01
1.921648363009244420e+01
1.904983390685033839e+01
1.935236214533452070e+01
1.023738499557605763e+02
1.846847289661946832e+02
1.851419053153643119e+02
1.851980910275008512e+02
1.854088056444559527e+02
1.510975678072854578e+02
1.176236721010512269e+02
1.822663735512968586e+01
1.885583279093205178e+01
1.654332664608597980e+01
1.759330593168686363e+01
1.920375292934662781e+01
1.903463195383659468e+01
1.933474412451649016e+01
1.023533076057695865e+02
1.846619509922230122e+02
1.851173084937774433e+02
1.851717199411897923e+02
1.853807040435183353e+02
1.510674972877852156e+02
1.175915513190939663e+02
1.818785238210056932e+01
1.881520098444842048e+01
1.653579574733437241e+01
1.758314430392224992e+01
1.919102287076081481e+01
1.901943072902544429e+01
1.931712690366685337e+01
1.023327660894486542e+02
1.846391738404926173e+02
1.850927125090951222e+02
1.851453496990283156e+02
1.843273207965741847e+02
1.521358852596946747e+02
1.187342536250702381e+02
1.814906832032016482e+01
1.877457005368429321e+01
1.652826526890289571e+01
1.757298321577518152e+01
1.917829345428620513e+01
1.900423023236444919e+01
1.929951048273089143e+01
1.023122254067470607e+02
1.846163975109588193e+02
1.850681173612746591e+02
1.851189803009758350e+02
1.842992144990661529e+02
1.521058250067958397e+02
1.187021455945726274e+02
1.811028516975598279e+01
1.873393999861168879e+01
1.652073521075687879e+01
1.756282266720274876e+01
1.916556467987443568e+01
1.898903046380146620e+01
1.928189486165430466e+01
1.022916855576140023e+02
1.845936220035772521e+02
1.850435230502732793e+02
1.850926117469919632e+02
1.842711090464676715e+02
1.520757656203266777e+02
1.186700384490198701e+02
1.807150293037623356e+01
1.869331081920184090e+01
1.651320557286066659e+01
1.755266265816207039e+01
1.915283654747675612e+01
1.897383142328416383e+01
1.926428004038245589e+01
1.022711465419987462e+02
1.845708473183032936e+02
1.850189295760483503e+02
1.850662440370360287e+02
1.842430044387407122e+02
1.520457071002495297e+02
1.186379321883753732e+02
1.803272160214833875e+01
1.865268251542705968e+01
1.650567635517917608e+01
1.754250318861000579e+01
1.914010905704460086e+01
1.895863311076017510e+01
1.924666601886112716e+01
1.022506083598505882e+02
1.845480734550924922e+02
1.859771261035365626e+02
1.850398771710676442e+02
1.842149006758470762e+02
1.520156494465270214e+02
1.186058268126025581e+02
1.799394118504073958e+01
1.861205508725857527e+01
1.649814755767731711e+01
1.753234425850362754e+01
1.912738220852956417e+01
1.894343552617722537e+01
1.922905279703562442e+01
1.022300710111187954e+02
1.845253004139002542e+02
1.859525358635875421e+02
1.850135111490461668e+02
1.841867977577488205e+02
1.519855926591217496e+02
1.185737223216649738e+02
1.795516167902094651e+01
1.857142853466832477e+01
1.649061918031996399e+01
1.752218586779995846e+01
1.911465600188291347e+01
1.892823866948299738e+01
2.037174010618306141e+01
1.022095344957526208e+02
1.845025281946822133e+02
1.859279464596123148e+02
1.849871459709312091e+02
1.841586956844077463e+02
1.519555367379960558e+02
1.185416187155258427e+02
1.791638308405699931e+01
1.997170357381718020e+01
1.648309122307191643e+01
1.751202801645600360e+01
1.910193043705617910e+01
1.891304254062534440e+01
2.035411587594527916e+01
1.032492926417686903e+02
1.844797567973937760e+02
1.859033578915683051e+02
1.849607816366821567e+02
1.851559216218273889e+02
1.519254816831127926e+02
1.185095159941486997e+02
1.787760540011680277e+01
1.993110263849992592e+01
1.647556368589789955e+01
1.750187070442893500e+01
1.908920551400091981e+01
2.002902604209637261e+01
2.033649244518963783e+01
1.032287517732032285e+02
1.854189572687107841e+02
1.858787701594127952e+02
1.849344181462584800e+02
1.851278276167719241e+02
1.518954274944343297e+02
1.184774141574968667e+02
1.783882862716817641e+01
1.989050257731356552e+01
1.646803656876282673e+01
1.749171393167571154e+01
1.907648123266826090e+01
2.001381582682484606e+01
2.031886981386153934e+01
1.032082117374673942e+02
1.853961867099820608e+02
1.858541832631032378e+02
1.849080554996197350e+02
1.850997344555133282e+02
1.518653741719231505e+02
1.184453132055338926e+02
1.780005276517896107e+01
1.984990339022964534e+01
1.646050987163160784e+01
1.748155769815341287e+01
1.906375759300994233e+01
1.999860633942479282e+01
2.030124798190674085e+01
1.031876725345105399e+02
1.853734169724816070e+02
1.858295972025970002e+02
1.848816936967254208e+02
1.850716421380135159e+02
1.518353217155419372e+02
1.184132131382231847e+02
1.776127781411723561e+01
1.980930507722008471e+01
1.645298359446896796e+01
1.747140200381920039e+01
1.905103459497722440e+01
1.998339757984400578e+01
2.028362694927076859e+01
1.031671341642820607e+02
1.853506480561648573e+02
1.858050119778513931e+02
1.848553327375349511e+02
1.850435506642344592e+02
1.518052701252532017e+02
1.183811139555281073e+02
1.772250377395078402e+01
1.976870763825666444e+01
1.644545773723970683e+01
1.853281818630102862e+01
2.013879582162722670e+01
1.996818954803010371e+01
2.026600671589935487e+01
1.031465966267311956e+02
1.853278799609873886e+02
1.857804275888238976e+02
1.858326423867419237e+02
1.850154600341381581e+02
1.517752194010195410e+02
1.183490156574120675e+02
1.910351198993383903e+01
1.972811107331111202e+01
1.643793229990881244e+01
1.852264242976243480e+01
2.012605576477433900e+01
1.995298224393099318e+01
2.024838728173806857e+01
1.031260599218074390e+02
1.853051126869048062e+02
1.867371884632753734e+02
1.858062870664656430e+02
1.849873702476867265e+02
1.517451695428034100e+02
1.183169182438386287e+02
1.906476011341847965e+01
1.968751538235506615e+01
1.643040728244123372e+01
1.851246721301792064e+01
2.011331634985274519e+01
1.993777566749435692e+01
2.023076864673243591e+01
1.031055240494600298e+02
1.852823462338727438e+02
1.867126073228058090e+02
1.857799325890053126e+02
1.849592813048419373e+02
1.517151205505676330e+02
1.182848217147711267e+02
1.902600914635546658e+01
1.964692056536055986e+01
1.642288268480181301e+01
1.850229253602476831e+01
2.010057757681371271e+01
1.992256981866798782e+01
2.021315081082824960e+01
1.030849890096384911e+02
1.852595806018466646e+02
1.866880270172528355e+02
1.857535789543205738e+02
1.849311932055659895e+02
1.516850724242744377e+02
1.182527260701731677e+02
1.898725908871298529e+01
1.960632662229919987e+01
1.641535850695519372e+01
1.849211839873961338e+01
2.008783944560893175e+01
1.990736469739967163e+01
2.019553377397103233e+01
1.030644548022920901e+02
1.852368157907822876e+02
1.866634475465739058e+02
1.857272261623708403e+02
1.849031059498206844e+02
1.516550251638866484e+02
1.182206313100078887e+02
1.894850994045877002e+01
1.956573355314272789e+01
1.640783474886629278e+01
1.848194480111973448e+01
2.007510195618985449e+01
1.989216030363709464e+01
2.017791753610645955e+01
1.030439214273702078e+02
1.852140518006351613e+02
1.866388689107264724e+02
1.857008742131158385e+02
1.848750195375682210e+02
1.516249787693666633e+02
1.181885374342389667e+02
1.890976170156100977e+01
1.952514135786307037e+01
1.640031141050024743e+01
1.847177174312211179e+01
2.006236510850784072e+01
1.987695663732827711e+01
2.131864610945664751e+01
1.040820199842033560e+02
1.861518551240576187e+02
1.866142911096680166e+02
1.856745231065151245e+02
1.848469339687704576e+02
1.515949332406771930e+02
1.181564444428298231e+02
1.887101437198751697e+01
1.948455003643208627e+01
1.639278849182178277e+01
1.846159922470393866e+01
2.004962890251437102e+01
1.986175369842077743e+01
2.130101892166515398e+01
1.040614822913861275e+02
1.861290919911057529e+02
1.865897141433559625e+02
1.856481728425282540e+02
1.848188492433895362e+02
1.515648885777807209e+02
1.192973972189778067e+02
1.883226795170642376e+01
2.088237959977406177e+01
1.638526599279550666e+01
1.845142724582209937e+01
2.003689333816122087e+01
1.984655148686256609e+01
2.128339253265076536e+01
1.040409454304573842e+02
1.861063296783704288e+02
1.865651380117478197e+02
1.856218234211148399e+02
1.858145875874708679e+02
1.515348447806399292e+02
1.192653169643723885e+02
1.879352244068563138e+01
2.084181385828005872e+01
1.637774391338674818e+01
1.844125580643363094e+01
2.002415841539972874e+01
1.983135000260137559e+01
2.126576694235905762e+01
1.040204094013665639e+02
1.860835681858073656e+02
1.865405627148010694e+02
1.855954748422344380e+02
1.857865109306618763e+02
1.526016601115355513e+02
1.192332375929680808e+02
8.686904991382684216e+01
1.875477783889324357e+01
2.080124898919142851e+01
1.637022225356015781e+01
1.843108490649594344e+01
2.111010268832210812e+01
1.981614924558500235e+01
2.124814215073581636e+01
1.039998742040630617e+02
1.860608075133721968e+02
1.865159882524732211e+02
1.855691271058466327e+02
1.857584351163113183e+02
1.525716265694417189e+02
1.192011591047280774e+02
8.558441846314086376e+01
1.871603414629710471e+01
2.076068499248014376e+01
1.636270101328068804e+01
1.842091454596583233e+01
2.109735077902307410e+01
2.093018133635642997e+01
2.123051815772667439e+01
1.039793398384963723e+02
1.860380476610206415e+02
1.864914146247216422e+02
1.855427802119110083e+02
1.857303601443813079e+02
1.525415938920452845e+02
1.191690814996161691e+02
8.555020627275789025e+01
1.867729136286542868e+01
2.072012186811766199e+01
1.739575807039009447e+01
1.841074472480058333e+01
2.108459951161734125e+01
2.091496655912722957e+01
2.121289496327737112e+01
1.039588063046160187e+02
1.860152886287083049e+02
1.864668418315039844e+02
1.855164341603872344e+02
1.857022860148338168e+02
1.525115620793088738e+02
1.203081238178585295e+02
8.551599497957417384e+01
1.863854948856603144e+01
2.067955961607618320e+01
1.738821390041699289e+01
1.840057544295722991e+01
2.107184888605616990e+01
2.089975250917506244e+01
2.119527256733362464e+01
1.039382736023714386e+02
1.859925304163909345e+02
1.864422698727776435e+02
1.854900889512348385e+02
1.856742127276310441e+02
1.535766495147685475e+02
1.202760589505731161e+02
8.548178458355442899e+01
1.859980852336690660e+01
2.063899823632760189e+01
1.738067015091913703e+01
1.839040670039268832e+01
2.105909890229137105e+01
2.088453918644794527e+01
2.117765096984125250e+01
1.039177417317120415e+02
1.859697730240241640e+02
1.864176987485001007e+02
1.854637445844134334e+02
1.856461402827350753e+02
1.535466279628414838e+02
1.202439949652591480e+02
8.544757508466321383e+01
1.856106846723600867e+01
2.059843772884356383e+01
1.737312682186106727e+01
1.838023849706425139e+01
2.104634956027433645e+01
2.086932659089367093e+01
2.116003017074588044e+01
1.038972106925874215e+02
1.859470164515637407e+02
1.863931284586288939e+02
1.854374010598826317e+02
1.866403515441727734e+02
1.535166072745179804e+02
1.202119318618801600e+02
8.541336648286544175e+01
1.852232932014166167e+01
2.055787809359640050e+01
1.736558391320719963e+01
1.837007083292895970e+01
2.103360085995669593e+01
2.085411472246020637e+01
2.114241016999330824e+01
1.038766804849470304e+02
1.868834261451864052e+02
1.863685590031215042e+02
1.864132696351639993e+02
1.866122871735999809e+02
1.545799617925779046e+02
1.201798696403998861e+02
8.537915877812565668e+01
1.990099023794312316e+01
2.051731933055726032e+01
1.735804142492313318e+01
1.835990370794396398e+01
2.102085280129011480e+01
2.083890358109517393e+01
2.228119739679445743e+01
1.038561511087403062e+02
1.868606704484514580e+02
1.863439903819353276e+02
1.863869317528004501e+02
1.865842236443771469e+02
1.545499513717677473e+02
1.201478083007818469e+02
8.534495197040867254e+01
1.986227322223909653e+01
2.191263678996302389e+01
1.735049935697301748e+01
1.834973712206625862e+01
2.100810538422588536e+01
2.082369316674670401e+01
2.226356650446857444e+01
1.038356225639167860e+02
1.868379155709229735e+02
1.872993386095372443e+02
1.863605947118415713e+02
1.865561609564665275e+02
1.545199418135062501e+02
1.201157478429896912e+02
8.531074605967913271e+01
1.982355711413276822e+01
2.187210357381758286e+01
1.838192325540895311e+01
1.833957107525332120e+01
2.099535860871582571e+01
2.080848347936253973e+01
2.224593641026800483e+01
1.038150948504259361e+02
1.868151615125566138e+02
1.872747732450380056e+02
1.863342585122470609e+02
1.865280991098302934e+02
1.555815677667924035e+02
1.200836882669869539e+02
8.527654104590190798e+01
1.978484191359232014e+01
2.183157122844141895e+01
1.837435833985365008e+01
1.832940556746189387e+01
2.098261247471129920e+01
2.079327451889064093e+01
2.222830711413857685e+01
1.037945679682172937e+02
1.867924082733082685e+02
1.872502087140603066e+02
1.863079231539765601e+02
1.865000381044305868e+02
1.555515684826694667e+02
1.200516295727374398e+02
8.524233692904148540e+01
1.974612762058571747e+01
2.179103975380637337e+01
1.836679384555442951e+01
1.831924059864913090e+01
2.096986698216403155e+01
2.077806628527879695e+01
2.221067861602610094e+01
1.037740419172403818e+02
1.877274274573450157e+02
1.872256450165616855e+02
1.862815886369897385e+02
1.864719779402296069e+02
1.555215700600419666e+02
1.200195717602045988e+02
8.520813370906272155e+01
1.970741423508102841e+01
2.175050914988427309e+01
1.835922977247586729e+01
1.830907616877242816e+01
2.095712213102546073e+01
2.189021161505101531e+01
2.219305091587630585e+01
1.037535166974446383e+02
1.877046751155230879e+02
1.872010821524996800e+02
1.862552549612463224e+02
1.864439186171894676e+02
1.554915724988727277e+02
1.199875148293521647e+02
8.517393138593034507e+01
1.966870175704644552e+01
2.170997941664706588e+01
1.835166612058291591e+01
1.936846335541839892e+01
2.094437792124721653e+01
2.187498942676326763e+01
2.217542401363510152e+01
1.047899294660263223e+02
1.876819235921196878e+02
1.871765201218319703e+02
1.862289221267059816e+02
1.864158601352723963e+02
1.565514836445621540e+02
1.199554587801435872e+02
8.513972995960912726e+01
1.962999018645005833e+01
2.166945055406689846e+01
1.834410288984033244e+01
1.935827895062510606e+01
2.093163435278102824e+01
2.185976796536493794e+01
2.215779790924830550e+01
1.047693999605446038e+02
1.876591728870905911e+02
1.871519589245160660e+02
1.862025901333284423e+02
1.863878024944405922e+02
1.565214963630641023e+02
1.199234036125428275e+02
8.510552943006359783e+01
1.959127952325992084e+01
2.162892256211555164e+01
1.833654008021321857e+01
1.934809508536869416e+01
2.091889142557832670e+01
2.184454723080427385e+01
2.214017260266163589e+01
1.047488712857083470e+02
1.876364230003916873e+02
1.881058739329945411e+02
1.871769878108959233e+02
1.873805122128326559e+02
1.564915099419727369e+02
1.198913493265132075e+02
8.507132979725876964e+01
1.955256976744410125e+01
2.158839544076504424e+01
1.832897769166573454e+01
1.933791175960606168e+01
2.090614913959070620e+01
2.182932722302907180e+01
2.212254809382106302e+01
1.047283434414671461e+02
1.876136739319788944e+02
1.880813160079847819e+02
1.871506614687921797e+02
1.873524626492559548e+02
1.564615243812511380e+02
1.198592959220185179e+02
8.503713106115918663e+01
1.951386091897081343e+01
2.154786918998711087e+01
1.832141572416366060e+01
1.932772897329444461e+01
2.089340749476993508e+01
2.181410794198723835e+01
2.210492438267245063e+01
1.047078164277705241e+02
1.875909256818079314e+02
1.880567589155280643e+02
1.871243359669666972e+02
1.873244139258095515e+02
1.564315396808621301e+02
1.198272433990223647e+02
8.500293322172946375e+01
1.947515297780804744e+01
2.150734380975400128e+01
1.831385417767096158e+01
2.038546197975848884e+01
2.088066649106751171e+01
2.179888938762685058e+01
2.208730146916139958e+01
1.046872902445682172e+02
1.875681782498347161e+02
1.880322026555819548e+02
1.870980113053792309e+02
1.872963660424557872e+02
1.564015558407688218e+02
1.197951917574883254e+02
8.621941543849054312e+01
2.085138892386902398e+01
2.146681930003767036e+01
1.830629305215289548e+01
2.037525929384052503e+01
2.086792612843500905e+01
2.178367155989576176e+01
2.206967935323411467e+01
1.046667648918096631e+02
1.875454316360151665e+02
1.880076472281041617e+02
1.870716874839895922e+02
1.872683189991567758e+02
1.563715728609340658e+02
1.209324708995144846e+02
8.618523310693772999e+01
2.081270308749434506e+01
2.285968150221439643e+01
1.829873234757445033e+01
2.036505714796971489e+01
2.195188295793190392e+01
2.176845445874198859e+01
2.205205803483616478e+01
1.046462403694445698e+02
1.875226858403050585e+02
1.879830926330523653e+02
1.870453645027576215e+02
1.872402727958749722e+02
1.563415907413209993e+02
1.209004319833487102e+02
8.615105167080074011e+01
2.077401815699565546e+01
2.281918250356964606e+01
1.829117206390000305e+01
2.035485554210272596e+01
2.193912568417788478e+01
2.175323808411349447e+01
2.203443751391356997e+01
1.046257166774225311e+02
1.874999408626602531e+02
1.889355754787357853e+02
1.870190423616429314e+02
1.872122274325724902e+02
1.573998291101466407e+02
1.208683939474915974e+02
8.611687113004452954e+01
2.073533413234091682e+01
2.277868437400623236e+01
1.828361220109489338e+01
2.034465447619713174e+01
2.192636905179161033e+01
2.173802243595819306e+01
2.201681779041214782e+01
1.046051938156931271e+02
1.874771967030366682e+02
1.889110241722702312e+02
1.869927210606055041e+02
1.871841829092116711e+02
1.573698572716118917e+02
1.208363567919068231e+02
8.608269148463391218e+01
2.069665101349851000e+01
2.273818711349649391e+01
1.827605275912360838e+01
2.033445395020987334e+01
2.191361306072469262e+01
2.172280751422410106e+01
2.199919886427774784e+01
1.045846717842060087e+02
1.874544533613901933e+02
1.888864736974326775e+02
1.879656467324261655e+02
1.871561392257546856e+02
1.573398862922491332e+02
1.208043205165581213e+02
8.604851273453358829e+01
2.065796880043650674e+01
2.269769072201223281e+01
1.930566220410190681e+01
2.032425396409811924e+01
2.190085771092886091e+01
2.283305683969951971e+01
2.198158073545620184e+01
1.045641505829107842e+02
1.874317108376766043e+02
1.898375204233913394e+02
1.889370702313715071e+02
1.881473440049866781e+02
1.573099161720216728e+02
1.207722851214093112e+02
8.601433487970854230e+01
2.203166000890426091e+01
2.265719519952560645e+01
1.929808000388954881e+01
2.031405451781897753e+01
2.188810300235579476e+01
2.281782802859190795e+01
2.196396340389344815e+01
1.055989078652530111e+02
1.874089691318518760e+02
1.898129732555889859e+02
1.889107594290804855e+02
1.881193084025748590e+02
1.572799469108923063e+02
1.207402506064239560e+02
8.598015792012344605e+01
2.199299988243946302e+01
2.261670054600845958e+01
1.929049822542691928e+01
2.030385561132943195e+01
2.187534893495703869e+01
2.280259994393217937e+01
2.310072179102268208e+01
1.055783824127270236e+02
1.873862282438718410e+02
1.907625847139135544e+02
1.898806890854395135e+02
1.880912736391138083e+02
1.572499785088241993e+02
1.218756531290040641e+02
8.594598185574324134e+01
2.195434066032385090e+01
2.257620676143303839e+01
1.928291686867821397e+01
2.029365724458702758e+01
2.186259550868434687e+01
2.278737258566852830e+01
2.308309362463087311e+01
1.055578577898571666e+02
1.873634881736923603e+02
1.917107616869413391e+02
2.036454009344019198e+02
1.880632397145658388e+02
1.572200109657804603e+02
1.218436313380665013e+02
8.591180668653267105e+01
2.191568234252566683e+01
2.253571384577117342e+01
1.927533593360819708e+01
2.028345941754860959e+01
2.184984272348928158e+01
2.277214595374869432e+01
2.306546625527918337e+01
1.055373339965931052e+02
1.873407489212694088e+02
1.936273622204240610e+02
1.880352066288933202e+02
1.571900442817240275e+02
1.218116104261412715e+02
8.587763241245664858e+01
2.187702492901311757e+01
2.249522179899507535e+01
1.926775542018211596e+01
2.027326213017150636e+01
2.183709057932350461e+01
2.275692004812109204e+01
2.304783968291341267e+01
1.055168110328845898e+02
1.873180104865587907e+02
1.880071743820584516e+02
1.582466142325000078e+02
1.217795903931921657e+02
8.584345903348007312e+01
2.183836841975473675e+01
2.245473062107662798e+01
1.926017532836439727e+01
2.026306538241264121e+01
2.182433907613871327e+01
2.274169486873329049e+01
2.303021390747939989e+01
1.054962888986812999e+02
1.872952728695164524e+02
2.357892790529724891e+02
1.879791429740238868e+02
1.582166578308692806e+02
1.217475712391830456e+02
8.580928654956750279e+01
2.179971281471862099e+01
2.241424031198793188e+01
2.028816059129853144e+01
2.025286917422948108e+01
2.181158821388669011e+01
2.272647041553370784e+01
2.301258892892326458e+01
1.054757675939328720e+02
1.882289062760080469e+02
2.330352905166920721e+02
1.879511124047517114e+02
1.581867022871782922e+02
1.217155529640776876e+02
8.577511496068400731e+01
2.176105811387298417e+01
2.237375087170109111e+01
2.028055782262420337e+01
2.024267350557899547e+01
2.179883799251892640e+01
2.271124668847019734e+01
2.299496474719087757e+01
1.054552471185891704e+02
1.882061695681678657e+02
2.320983891283075025e+02
1.879230826742044371e+02
1.581567476013904638e+02
1.216835355678399253e+02
8.574094426679431535e+01
2.172240431718615383e+01
2.233326230018797887e+01
2.027295547646771823e+01
2.023247837641854829e+01
2.178608841198728996e+01
2.269602368749100307e+01
2.297734136222825185e+01
1.054347274725998034e+02
1.881834336772979555e+02
2.311601765769918586e+02
2.320902209038354442e+02
1.868757485776002341e+02
1.581267937734687052e+02
1.228170665078309725e+02
8.570677446786334031e+01
2.168375142462634386e+01
2.229277459742079870e+01
2.026535355279373363e+01
2.022228378670509841e+01
2.177333947224322941e+01
2.268080141254392501e+01
2.411220468675581330e+01
1.064678489334803970e+02
1.881606986033544047e+02
2.302206501084230013e+02
2.311309285109665268e+02
1.868477141305964437e+02
1.580968408033762671e+02
1.227850618342606879e+02
8.567260556385586767e+01
2.164509943616202392e+01
2.225228776337160497e+01
2.025775205156745429e+01
2.127812236705307924e+01
2.285540275343987560e+01
2.378917476640750905e+01
2.409457052522506615e+01
1.064473250719926938e+02
1.881379643462930176e+02
2.301962011196004028e+02
2.301702610762717143e+02
1.868196805230440134e+02
1.580668886910763149e+02
1.227530580384091934e+02
8.563843755473675401e+01
2.160644835176143630e+01
2.221180179801222465e+01
2.025015097275300491e+01
2.126790796035239239e+01
2.284263697587492103e+01
2.377393866699665637e+01
2.407693716024330399e+01
1.064268020393233911e+02
1.881152309060699963e+02
2.292553562801248859e+02
2.292082156411703977e+02
1.867916477549050285e+02
1.580369374365318720e+02
1.227210551202400808e+02
8.560427044047088430e+01
2.156779817139259592e+01
2.217131670131492172e+01
2.024255031631563639e+01
2.125769409368988150e+01
2.282987183939160047e+01
2.375870329364202149e+01
2.405930459175641900e+01
1.064062798354222110e+02
1.880924982826410314e+02
2.292309064021813754e+02
2.291820975516348824e+02
1.867636158261420576e+02
1.580069870397063028e+02
1.226890530797175956e+02
8.557010422102307245e+01
2.293910028031585924e+01
2.213083247325159064e+01
2.023495008221999569e+01
2.124748076702232780e+01
2.281710734394183859e+01
2.374346864629162468e+01
2.404167281971060177e+01
1.063857584602390034e+02
1.880697664759623535e+02
2.292064573266891898e+02
2.291559802685879106e+02
1.867355847367171577e+02
1.579770375005625738e+02
1.226570519168053721e+02
8.553593889635818925e+01
2.290047215855562257e+01
2.352141903406954881e+01
2.022735027043118450e+01
2.123726798030717333e+01
2.280434348947736467e+01
2.372823472489360697e+01
2.402404184405175513e+01
1.063652379137235613e+02
1.890020166064804528e+02
2.291820090536086809e+02
2.291298637919919088e+02
1.867075544865927554e+02
1.579470888190639073e+02
1.226250516314674712e+02
8.550177446644099177e+01
2.286184493940006845e+01
2.348096027148691434e+01
2.021975088091343764e+01
2.122705573350157593e+01
2.279158027594979075e+01
2.371300152939603834e+01
2.400641166472610166e+01
1.063447181958256778e+02
1.889792857285317780e+02
2.291575615829004562e+02
2.291037481218096445e+02
1.866795250757312203e+02
1.579171409951735257e+02
1.237567160073061672e+02
8.546761093123647868e+01
2.282321862281760971e+01
2.344050237610771958e+01
2.021215191363208419e+01
2.121684402656256907e+01
2.277881770331079636e+01
2.369776905974722681e+01
2.398878228167941984e+01
1.063241993064951885e+02
1.889565556666359214e+02
2.291331149145250379e+02
2.290776332580037717e+02
1.876708528356858778e+02
1.578871940288545090e+02
1.237247284431963266e+02
8.543344829070940705e+01
2.278459320877654193e+01
2.340004534790397628e+01
2.020455336855161477e+01
2.120663285944740295e+01
2.276605577151222448e+01
2.368253731589514288e+01
2.397115369485806724e+01
1.063036812456818581e+02
1.889338264207490568e+02
2.291086690484429198e+02
2.290515192005370011e+02
1.876428314903169223e+02
1.589421470251034805e+02
1.236927417555141488e+02
8.539928654482466186e+01
2.274596869724525305e+01
2.335958918684809404e+01
2.019695524563683620e+01
2.119642223211341303e+01
2.275329448050579728e+01
2.366730629778797379e+01
2.395352590420788985e+01
1.062831640133355648e+02
1.889110979908271588e+02
2.290842239846145105e+02
2.290254059493719296e+02
1.876148109832588773e+02
1.589122103374552921e+02
1.236607559442235811e+02
8.661394796340927371e+01
2.270734508819218078e+01
2.331913389291193539e+01
2.018935754485276846e+01
2.118621214451772872e+01
2.274053383024302022e+01
2.477383798156158790e+01
2.393589890967501432e+01
1.062626476094061161e+02
1.888883703768264013e+02
2.290597797230003891e+02
2.289992935044711828e+02
1.875867913144740839e+02
1.588822745063333457e+02
1.236287710092886414e+02
8.657980169737304266e+01
2.266872238158562425e+01
2.470713231994465175e+01
2.018176026616436403e+01
2.117600259661757178e+01
2.272777382067604179e+01
2.475859320344469694e+01
2.391827271120552112e+01
1.062421320338433333e+02
1.888656435787027306e+02
2.290353362635611347e+02
2.289731818657973577e+02
1.885765818723129996e+02
1.588523395317009488e+02
1.235967869506732626e+02
8.654565632472929337e+01
2.263010057739391456e+01
2.466670246419177914e+01
2.017416340953574405e+01
2.116579358836989755e+01
2.380801891319738317e+01
2.474334915109379551e+01
2.390064730874541965e+01
1.062216172865970520e+02
1.888429175964122919e+02
2.290108936062571274e+02
2.289470710333133070e+02
1.885485702773424634e+02
1.588224054135212953e+02
1.235648037683414060e+02
8.651151184544288242e+01
2.259147967558545389e+01
2.462627347413165069e+01
2.016656697493257511e+01
2.115558511973236122e+01
2.379524213739272653e+01
2.472810582445708505e+01
2.388302270224093959e+01
1.062011033676170513e+02
1.888201924299111454e+02
2.289864517510489748e+02
2.289209610069815994e+02
1.885205595196948423e+02
1.587924721517575222e+02
1.235328214622571892e+02
8.647736825947863792e+01
2.255285967612874742e+01
2.458584534973653390e+01
2.015897096231916663e+01
2.114537719066180799e+01
2.378246600257385168e+01
2.471286322348269238e+01
2.386539889163795181e+01
1.072325682580910069e+02
1.887974680791553510e+02
2.289620106978971705e+02
2.288948517867648889e+02
1.884925495993323068e+02
1.587625397463730508e+02
1.235008400323845024e+02
8.644322556680164382e+01
2.251424057899203390e+01
2.454541809097858973e+01
2.015137537166050308e+01
2.113516980111564791e+01
2.376969050869274014e+01
2.469762134811881893e+01
2.384777587688278544e+01
1.072120501567381439e+02
1.887747445441009688e+02
2.289375704467622938e+02
2.288687433726257154e+02
1.884645405162173404e+02
1.587326081973310750e+02
1.234688594786873210e+02
8.640908376737679930e+01
2.247562238414369773e+01
2.450499169783012476e+01
2.117746444065254252e+01
2.112496295105113120e+01
2.375691565570095420e+01
2.468238019831359153e+01
2.498065718045929984e+01
1.071915328831157694e+02
1.887520218247040873e+02
2.289131309976047532e+02
2.288426357645270457e+02
1.884365322703125969e+02
1.587026775045949023e+02
1.234368798011296633e+02
8.637494286116901776e+01
2.384454258038726238e+01
2.446456617026325020e+01
2.116984626545521664e+01
2.217893332723791033e+01
2.374414144355030842e+01
2.466713977401538216e+01
2.496302344577338062e+01
1.071710164371737903e+02
1.887292999209208233e+02
2.288886923503851847e+02
2.288165289624313630e+02
1.884085248615804176e+02
1.586727476681276983e+02
1.234049009996756183e+02
8.634080284814325523e+01
2.380594641618294105e+01
2.442414150825005947e+01
2.116222851311517417e+01
2.216870674176202982e+01
2.373136787219251431e+01
2.465190007517214710e+01
2.494539050671296465e+01
1.071505008188620565e+02
1.896601708212567416e+02
2.288642545050640251e+02
2.287904229663014064e+02
1.893968036867061073e+02
1.586428186878926283e+02
1.233729230742890906e+02
8.630666372826458144e+01
2.376735115284372313e+01
2.580960858718330542e+01
2.115461118359786497e+01
2.215848069635368489e+01
2.371859494157958537e+01
2.463666110173237200e+01
2.492775836322398675e+01
1.071299860281305740e+02
1.896374498623628710e+02
2.288398174616018252e+02
2.287643177760997162e+02
1.893688043573005473e+02
1.596961402173565716e+02
1.245027969308878113e+02
8.751929105650287966e+01
2.372875679033821683e+01
2.576920933327189189e+01
2.114699427686754873e+01
2.214825519096994455e+01
2.370582265166314073e+01
2.462142285364401317e+01
2.491012701525272632e+01
1.071094720649292498e+02
1.896147297183863145e+02
2.297318226429568711e+02
2.287382133917892020e+02
1.893408058641185505e+02
1.596662215140117951e+02
1.244708317185823319e+02
8.748516740668323166e+01
2.369016332863480301e+01
2.572881094349076037e+01
2.113937779288907137e+01
2.213803022556804834e+01
2.478428936109986935e+01
2.460618533085538573e+01
2.489249646274539174e+01
1.070889589292079904e+02
1.895920103892832742e+02
2.297073896841098701e+02
2.287121098133323471e+02
1.893128082071228278e+02
1.596363036658562748e+02
1.244388673812006800e+02
8.745104464876354200e+01
2.365157076770172750e+01
2.568841341781245902e+01
2.113176173162734273e+01
2.212780580010549869e+01
2.477150037552945250e+01
2.459094853331456676e+01
2.487486670564813807e+01
1.070684466209167596e+02
1.895692918750098386e+02
2.296829575263477921e+02
2.286860070406918908e+02
1.892848113862758339e+02
1.596063866728534038e+02
1.244069039187066892e+02
8.741692278270886618e+01
2.361297910750768736e+01
2.564801675620946142e+01
2.112414609304716251e+01
2.211758191453904132e+01
2.475871203094201078e+01
2.457571246097014495e+01
2.485723774390704222e+01
1.070479351400055066e+02
1.895465741755222666e+02
2.296585261696312159e+02
2.286599050738305721e+02
1.892568154015401660e+02
1.595764705349666599e+02
1.243749413310645622e+02
8.738280180848423129e+01
2.357438834802111671e+01
2.560762095865342758e+01
2.111653087711328780e+01
2.210735856882630657e+01
2.474592432728946179e+01
2.456047711376991316e+01
2.483960957746832676e+01
1.070274244864240671e+02
1.895238572907765615e+02
2.296340956139207208e+02
2.286338039127110449e+02
1.892288202528782506e+02
1.595465552521591803e+02
1.243429796182383598e+02
8.734868172605459336e+01
2.353579848921054563e+01
2.556722602511724673e+01
2.110891608379071371e+01
2.209713576292442028e+01
2.473313726452347794e+01
2.454524249166246719e+01
2.482198220627825336e+01
1.070069146601225185e+02
1.895011412207290675e+02
2.296096658591769426e+02
2.286077035572959915e+02
1.902155911177301562e+02
1.595166408243944431e+02
1.243110187801921427e+02
8.731456253538526369e+01
2.349720953104418442e+01
2.552683195557295548e+01
2.110130171304400903e+01
2.208691349679041238e+01
2.472035084259586313e+01
2.564983661023498840e+01
2.480435563028278168e+01
1.080367375652135280e+02
1.904306357150084352e+02
2.295852369053605742e+02
2.285816040075482363e+02
1.901876040538412269e+02
1.594867272516356707e+02
1.254390360530107813e+02
8.728044423644101357e+01
2.345862147349095750e+01
2.548643874999286396e+01
2.109368776483838914e+01
2.207669177038193453e+01
2.470756506145837861e+01
2.563458829276698836e+01
2.478672984942847179e+01
1.080162235904580541e+02
1.904079206091705032e+02
2.295608087524321093e+02
2.294915532984194044e+02
1.901596178250788114e+02
1.594568145338463125e+02
1.254070879265022995e+02
8.724632682918689852e+01
2.342003431651884782e+01
2.544604640834907627e+01
2.108607423913838730e+01
2.312890067899523316e+01
2.469477992106314090e+01
2.561934070041016298e+01
2.476910486366127628e+01
1.079957104424466365e+02
1.903852063173350757e+02
2.295363814003522407e+02
2.294654600229073651e+02
1.901316324314053645e+02
1.594269026709897048e+02
1.253751406736322309e+02
8.721221031358807352e+01
2.478655865334129160e+01
2.540565493061414060e+01
2.211041080922348812e+01
2.311865929523104768e+01
2.468199542136166968e+01
2.560409383311276699e+01
2.475148067292737153e+01
1.079751981211291678e+02
1.903624928394584401e+02
2.304271066235751846e+02
2.294393675522173055e+02
1.901036478727837959e+02
1.593969916630291550e+02
1.253431942943648778e+02
8.717809468960952302e+01
2.474799350046105317e+01
2.536526431676016813e+01
2.210277478524044170e+01
2.310841845177312592e+01
2.466921156230591805e+01
2.558884769082321498e+01
2.473385727717308313e+01
1.079546866264557536e+02
1.903397801754967986e+02
2.304026833661370404e+02
2.294132758863118795e+02
1.900756641491765606e+02
1.604486860435204392e+02
1.253112487886642157e+02
8.714397995721637358e+01
2.470942924674264773e+01
2.674830565257583004e+01
2.209513918465928839e+01
2.309817814857879625e+01
2.465642834384779647e+01
2.557360227348964798e+01
2.471623467634457327e+01
1.079341759583763576e+02
1.903170683254063817e+02
2.303782609087746209e+02
2.293871850251539115e+02
1.900476812605463408e+02
1.604187853106227806e+02
1.252793041564944616e+02
8.710986611637352439e+01
2.467086589215482206e+01
2.670794041119651396e+01
2.208750400744520803e+01
2.308793838560507794e+01
2.464364576593919054e+01
2.555835758106042732e+01
2.469861287038792597e+01
1.079136661168410853e+02
1.902943572891435053e+02
2.303538392514483917e+02
2.293610949687062543e+02
1.900196992068557336e+02
1.603888854315805190e+02
1.252473603978198327e+02
8.707575316704617308e+01
2.463230343666602451e+01
2.666757603227911488e+01
2.207986925356325969e+01
2.307769916280951961e+01
2.463086382853175138e+01
2.554311361348392140e+01
2.468099185924967287e+01
1.078931571017999289e+02
1.902716470666644284e+02
2.303294183941193012e+02
2.293350057169315619e+02
1.910049731262421062e+02
1.603589864063571611e+02
1.252154175126044464e+02
8.704164110919933250e+01
2.459374188024479935e+01
2.662721251579565518e+01
2.207223492297768175e+01
2.306746048014930395e+01
2.461808253157746051e+01
2.552787037070831744e+01
2.466337164287581274e+01
1.078726489132029513e+02
1.902489376579253531e+02
2.303049983367478717e+02
2.293089172697926301e+02
1.909769991617968969e+02
1.603290882349159574e+02
1.251834755008125484e+02
8.700752994279795871e+01
2.455518122285987559e+01
2.658684986171873632e+01
2.206460101565341603e+01
2.305722233758152839e+01
2.460530187502817512e+01
2.551262785268198030e+01
2.579424261757909775e+01
1.078521415510001447e+02
1.902262290628826236e+02
2.302805790792948528e+02
2.292828296272523119e+02
1.909490260313455963e+02
1.602991909172204146e+02
1.251515343624082988e+02
8.697341966780719247e+01
2.451662146447960922e+01
2.654648807002064004e+01
2.205696753155561041e+01
2.304698473506346446e+01
2.459252185883589803e+01
2.549738605935316471e+01
2.577661173710021103e+01
1.078316350151416856e+02
1.902035212814924421e+02
2.302561606217209089e+02
2.292567427892733463e+02
1.909210537348509718e+02
1.602692944532340391e+02
1.251195940973558436e+02
8.693931028419211771e+01
2.588067279143249522e+01
2.650612714067368358e+01
2.204933447064871999e+01
2.303674767255269984e+01
2.457974248295226261e+01
2.548214499067034211e+01
2.575898165116221961e+01
1.078111293055774524e+02
1.901808143137110960e+02
2.302317429639868465e+02
2.301653824747457691e+02
1.908930822722756773e+02
1.602393988429201102e+02
1.250876547056193147e+02
8.815002576800489464e+01
2.584213501614568997e+01
2.646576707365039027e+01
2.204170183289750540e+01
2.408722017604185339e+01
2.456696374732928945e+01
2.546690464658153985e+01
2.574135235971129276e+01
1.077906244222576930e+02
1.901581081594948728e+02
2.302073261060531877e+02
2.301393019157452784e+02
1.908651116435825088e+02
1.602095040862421627e+02
1.250557161871629859e+02
8.811593183495332937e+01
2.580359813844784256e+01
2.642540786892296012e+01
2.203406961826722466e+01
2.407696353326178240e+01
2.455418565191899916e+01
2.545166502703540345e+01
2.572372386269390887e+01
1.077701203651323141e+02
1.901354028188000314e+02
2.301829100478807675e+02
2.301132221604624988e+02
1.908371418487340918e+02
1.612595567775186112e+02
1.261819528423711603e+02
8.808183879203397737e+01
2.576506215830756830e+01
2.638504952646398394e+01
2.202643782672217654e+01
2.406670743106511523e+01
2.454140819667279771e+01
2.543642613198024094e+01
2.570609616005618392e+01
1.087982958804689702e+02
1.901126982915828592e+02
2.301584947894302502e+02
2.300871432088601694e+02
1.908091728876932791e+02
1.612296722960342947e+02
1.261500270272315163e+02
8.804774663921190836e+01
2.572652707569343633e+01
2.634469204624544858e+01
2.201880645822758353e+01
2.405645186940863312e+01
2.452863138154309652e+01
2.542118796136413295e+01
2.568846925174450391e+01
1.087777877076602948e+02
1.900899945777996720e+02
2.301340803306623570e+02
2.300610650609010293e+02
1.907812047604225540e+02
1.611997886671473168e+02
1.261181020842333425e+02
8.801365537645236259e+01
2.568799289057401225e+01
2.630433542823999815e+01
2.201117551274790429e+01
2.404619684825005521e+01
2.451585520648159289e+01
2.540595051513561131e+01
2.567084313770526904e+01
1.087572803605103076e+02
1.910181173733220135e+02
2.310235418981305884e+02
2.300349877165481018e+02
1.907532374668848263e+02
1.611699058908211555e+02
1.260861780133407279e+02
8.797956500372049504e+01
2.564945960291829863e+01
2.626397967242005649e+01
2.200354499024842525e+01
2.403594236754646829e+01
2.450307967144026833e+01
2.539071379324304090e+01
2.565321781788464506e+01
1.087367738389692420e+02
1.909954146377561983e+02
2.309991315410314883e+02
2.300089111757642115e+02
1.907252710070427497e+02
1.611400239670194026e+02
1.260542548145180319e+02
8.794547552098137544e+01
2.561092721269464789e+01
2.622362477875806519e+01
2.199591489069330308e+01
2.402568842725488096e+01
2.449030477637079883e+01
2.537547779563461603e+01
2.563559329222908545e+01
1.087162681429871469e+02
1.909727127149299406e+02
2.309747219828434766e+02
2.299828354385120974e+02
1.906973053808589782e+02
1.611101428957055361e+02
1.260223324877294004e+02
8.791138692820030087e+01
2.557239571987167182e+01
2.618327074722575531e+01
2.198828521404806224e+01
2.401543502733302304e+01
2.447753052122545725e+01
2.647809721910479297e+01
2.561796956068479147e+01
1.086957632725142986e+02
1.909500116047995562e+02
2.309503132235273597e+02
2.308901577639853429e+02
1.916811151478615045e+02
1.610802626768431196e+02
1.259904110329391216e+02
8.787729922534218474e+01
2.553386512441834810e+01
2.756396703647680368e+01
2.198065596027719337e+01
2.400518216773793867e+01
2.446475690595596575e+01
2.646284759065514791e+01
2.560034662319815979e+01
1.086752592275007032e+02
1.909273113073214745e+02
2.309259052630438589e+02
2.308640883120104661e+02
1.916531576117071438e+02
1.610503833103956595e+02
1.259584904501116682e+02
8.784321241237230993e+01
2.549533542630289062e+01
2.752363833768141532e+01
2.197302712934568802e+01
2.399492984842700594e+01
2.445198393051412111e+01
2.644759868650593049e+01
2.672929346378706583e+01
1.086547560078966228e+02
1.909046118224519830e+02
2.309014981013538375e+02
2.308380196627250029e+02
1.916252009082674590e+02
1.610205047963266622e+02
1.259265707392110585e+02
8.780912648925590247e+01
2.545680662549424866e+01
2.748331049960110306e+01
2.196539872121815407e+01
2.398467806935727964e+01
2.443921159485196526e+01
2.643235050660561569e+01
2.671165991891221836e+01
1.086342536136521630e+02
1.908819131501475397e+02
2.308770917384181587e+02
2.308119518160920052e+02
1.915972450375051892e+02
1.620689200831237429e+02
1.258946519002017510e+02
8.777504145595796103e+01
2.541827872196105886e+01
2.744298352220861403e+01
2.298782806304316750e+01
2.397442683048634748e+01
2.442643989892145129e+01
2.641710305090250799e+01
2.669402716786971652e+01
1.096608108709495752e+02
1.908592152903644887e+02
2.308526861741974301e+02
2.307858847720742972e+02
1.915692899993832157e+02
1.620390518443249448e+02
1.258627339330477923e+02
8.774095731244378271e+01
2.537975171567181931e+01
2.740265740547584272e+01
2.298017724897236747e+01
2.396417613177169059e+01
2.550278780751937902e+01
2.640185631934508947e+01
2.667639521060599250e+01
1.096403043960460906e+02
1.908365182430591176e+02
2.308282814086525150e+02
2.307598185306349023e+02
1.915413357938643060e+02
1.620091844568680699e+02
1.258308168377137832e+02
8.770687405867846564e+01
2.534122560659536560e+01
2.736233214937579916e+01
2.297252685859615440e+01
2.395392597316983441e+01
2.548999949282422506e+01
2.638661031188171791e+01
2.665876404706753178e+01
1.096197987459663779e+02
1.908138220081879126e+02
2.308038774417442767e+02
2.307337530917366166e+02
1.915133824209112277e+02
1.619793179207167384e+02
1.257989006141636992e+02
8.767279169462712218e+01
2.670295867328844963e+01
2.732200775388037783e+01
2.296487689187872050e+01
2.394367635463909494e+01
2.547721181814354807e+01
2.637136502846082564e+01
2.664113367720048586e+01
1.095992939206605854e+02
1.907911265857072465e+02
2.307794742734334079e+02
2.307076884553425771e+02
1.914854298804868336e+02
1.619494522358345137e+02
1.257669852623620415e+02
8.888155720138982474e+01
2.666445451663053845e+01
2.728168421896239337e+01
2.295722734878512838e+01
2.393342727613598342e+01
2.546442478342939353e+01
2.635612046903088057e+01
2.662350410095153563e+01
1.095787899200790179e+02
1.907684319755733497e+02
2.307550719036808289e+02
2.306816246214155512e+02
1.914574781725539196e+02
1.619195874021849022e+02
1.257350707822729561e+02
8.884749027203736205e+01
2.662595125577356470e+01
2.724136154459427317e+01
2.294957822928018132e+01
2.392317873761830427e+01
2.653909129961246549e+01
2.634087663354025111e+01
2.660587531826697827e+01
1.095582867441718946e+02
1.907457381777428509e+02
2.307306703324472039e+02
2.306555615899184772e+02
1.914295272970752251e+02
1.618897234197317232e+02
1.257031571738608164e+02
8.881342423115880536e+01
2.658744889068641726e+01
2.720103973074841264e+01
2.294192953332871099e+01
2.391293073904314070e+01
2.652628771438030242e+01
2.632563352193735895e+01
2.658824732909322464e+01
1.095377843928894919e+02
1.907230451921718952e+02
2.316188713973419055e+02
2.306294993608145205e+02
1.914015772540138016e+02
1.618598602884383695e+02
1.256712444370898112e+02
8.877935907871943755e+01
2.654894742133759777e+01
2.716071877739722140e+01
2.293428126089563435e+01
2.390268328036787437e+01
2.651348476939373811e+01
2.631039113417079278e+01
2.657062013337668915e+01
1.095172828661820006e+02
1.916497995642581884e+02
2.315944739347438315e+02
2.315355239624619514e+02
1.913736280433321042e+02
1.618299980082686886e+02
1.256393325719243848e+02
8.874529481468442782e+01
2.651044684769610527e+01
2.712039868451310198e+01
2.292663341194582571e+01
2.389243636154985140e+01
2.650068246460491750e+01
2.629514947018880733e+01
2.655299373106380045e+01
1.094967821639997112e+02
1.916271075721213890e+02
2.315700772698947958e+02
2.315094680224623573e+02
1.913456796649932699e+02
1.618001365791861588e+02
1.256074215783286974e+02
8.871123143901904484e+01
2.647194716973041650e+01
2.708007945206868428e+01
2.291898598644366913e+01
2.388218998254643566e+01
2.648788079996577949e+01
2.627990852993999127e+01
2.653536812210112572e+01
1.094762822862928999e+02
1.916044163915509841e+02
2.315456814027554628e+02
2.314834128840148821e+02
1.923280363138239295e+02
1.617702760011543148e+02
1.255755114562671224e+02
8.867716895168844360e+01
2.643344838740950209e+01
2.703976108003626777e+01
2.291133898435452565e+01
2.387194414331506920e+01
2.647507977542842283e+01
2.626466831337265617e+01
2.651774330643496569e+01
1.094557832330117719e+02
1.915817260225033749e+02
2.315212863332868665e+02
2.314573585470825208e+02
1.923000960253458516e+02
1.628170770002876111e+02
1.255436022057038912e+02
8.864310735265799224e+01
2.639495050070203064e+01
2.699944356838846105e+01
2.290369240564308839e+01
2.492044452939774146e+01
2.646227939094459103e+01
2.624942882043533388e+01
2.650011928401169925e+01
1.094352850041067171e+02
1.915590364649349908e+02
2.314968920614497847e+02
2.314313050116283534e+02
1.922721565682688833e+02
1.627872266955529028e+02
1.255116938266033060e+02
8.860904664189297364e+01
2.635645350957669564e+01
2.695912691709756004e+01
2.289604625027385154e+01
2.491017919401167902e+01
2.644947964646653205e+01
2.623419005107655977e+01
2.648249605477790425e+01
1.094147875995278696e+02
1.915363477188024319e+02
2.314724985872052230e+02
2.314052522776153467e+02
1.922442179425557072e+02
1.627573772408346429e+02
1.266362611381869527e+02
8.981578053445109333e+01
2.631795741400236466e+01
2.833750962340054613e+01
2.288840051821217969e+01
2.489991439896860825e+01
2.643668054194624517e+01
2.621895200524464187e+01
2.646487361868005550e+01
1.093942910192255908e+02
1.915136597840620141e+02
2.314481059105139309e+02
2.313792003450065238e+02
1.922162801481694885e+02
1.627275286360965652e+02
1.266043654442529487e+02
8.978173524973014707e+01
2.627946221394769921e+01
2.829721826380128391e+01
2.288075520942260965e+01
2.488965014422599609e+01
2.642388207733547389e+01
2.620371468288811556e+01
2.644725197566452124e+01
1.093737952631501571e+02
1.924390478939479010e+02
2.314237140313368570e+02
2.313531492137649934e+02
1.921883431850729664e+02
1.626976808813022330e+02
1.265724706206462571e+02
8.974769085203732288e+01
2.624096790938142831e+01
2.825692776314828691e+01
2.287311032386986298e+01
2.487938642974087600e+01
2.641108425258651948e+01
2.618847808395556953e+01
2.757422351965123397e+01
1.093533003312518019e+02
1.924163609723074444e+02
2.313993229496348647e+02
2.313270988838535800e+02
1.921604070532289938e+02
1.626678339764154373e+02
1.265405766673311803e+02
8.971364734133786101e+01
2.620247450027235558e+01
2.821663812141377647e+01
2.286546586151915861e+01
2.486912325547106661e+01
2.639828706765111832e+01
2.617324220839543258e+01
2.755659132481296680e+01
1.093328062234808584e+02
1.923936748613664633e+02
2.313749326653688740e+02
2.313010493552355626e+02
1.921324717526006225e+02
1.626379879213997981e+02
1.265086835842721200e+02
8.967960471759712959e+01
2.756187523637980874e+01
2.817634933857093671e+01
2.285782182233510440e+01
2.485886062137337760e+01
2.638549052248155036e+01
2.615800705615600563e+01
2.753895992283037941e+01
1.093123129397875601e+02
1.923709895610815295e+02
2.313505431784997484e+02
2.312750006278737374e+02
1.921045372831506199e+02
1.626081427162190494e+02
1.276313855092761571e+02
8.964556298078043994e+01
2.752340375043153031e+01
2.813606141459156618e+01
2.387839572661143350e+01
2.484859852740570929e+01
2.637269461702969409e+01
2.614277262718605499e+01
2.752132931365006385e+01
1.092918204801223396e+02
1.923483050714091007e+02
2.313261544889883794e+02
2.312489527017313264e+02
1.920766036448420380e+02
1.625782983608369818e+02
1.275995051119088544e+02
9.085022733914460957e+01
2.748493315853278318e+01
2.951189346620059695e+01
2.387072937150652407e+01
2.483833697352523018e+01
2.635989935124770867e+01
2.724336649539469235e+01
2.750369949721845231e+01
1.092713288444353310e+02
1.923256213923058340e+02
2.313017665967957157e+02
2.312229055767712964e+02
1.920486708376376157e+02
1.625484548552171873e+02
1.275676255836644231e+02
9.081620102327774191e+01
2.744646346065229281e+01
2.947163080674637214e+01
2.386306344045238603e+01
2.482807595968928283e+01
2.634710472508738732e+01
2.722811850001798106e+01
2.748607047348217591e+01
1.102962184802443488e+02
1.923029385237282440e+02
2.312773795018827059e+02
2.311968592529566138e+02
1.920207388615002913e+02
1.625186121993233712e+02
1.275357469245071229e+02
9.078217559310023432e+01
2.740799465675886992e+01
2.943136900474899420e+01
2.385539793341336434e+01
2.481781548585505348e+01
2.633431073850095316e+01
2.721287122792467983e+01
2.746844224238758514e+01
1.102757227934028208e+02
1.922802564656328457e+02
2.312529932042100995e+02
2.311708137302503587e+02
1.919928077163930595e+02
1.624887703931194096e+02
1.275038691344014410e+02
9.074815104857744075e+01
2.736952674682142828e+01
2.939110806018066668e+01
2.384773285035437240e+01
2.480755555198016538e+01
2.632151739144051561e+01
2.719762467906321390e+01
2.745081480388143902e+01
1.102552279300042954e+02
1.922575752179763242e+02
2.321399468613008708e+02
2.311447690086156399e+02
1.919648774022788302e+02
1.624589294365688090e+02
1.274719922133119638e+02
9.071412738967488565e+01
2.733105973080887097e+01
2.935084797301399817e+01
2.384006819124058651e+01
2.479729615802190068e+01
2.630872468385796381e+01
2.718237885338211868e+01
2.857591874657048692e+01
1.102347338899991058e+02
1.922348947807151092e+02
2.321155646769823022e+02
2.311187250880155091e+02
1.929457919568856141e+02
1.624290893296353318e+02
1.274401161612029796e+02
9.068010461635778086e+01
2.729259360869002293e+01
2.931058874322183172e+01
2.383240395603635164e+01
2.478703730393758775e+01
2.629593261570549245e+01
2.716713375083004323e+01
2.855828081308159483e+01
1.102142406733376419e+02
1.922122151538058290e+02
2.320911832891357278e+02
2.310926819684129043e+02
1.929178697315173281e+02
1.634743085581106072e+02
1.274082409780392311e+02
9.064608272859175031e+01
2.725412838043350305e+01
2.927033037077658406e+01
2.382474014470703594e+01
2.477677898968481784e+01
2.628314118693506174e+01
2.715188937135557978e+01
2.854064367195258356e+01
1.101937482799702934e+02
1.921895363372050838e+02
2.320668026977221245e+02
2.310666396497708206e+02
1.928899483362024228e+02
1.634444787194687763e+02
1.273763666637848360e+02
9.061206172634213374e+01
2.721566404600845601e+01
2.923007285565115154e+01
2.381707675721683160e+01
2.476652121522072036e+01
2.627035039749873135e+01
2.713664571490708965e+01
2.852300732312988529e+01
1.101732567098474647e+02
1.921668583308693883e+02
2.320424229027025547e+02
2.310405981320525086e+02
1.928620277709037509e+02
1.634146497294121900e+02
1.284972553700540345e+02
9.057804160957444140e+01
2.857265542150890525e+01
2.918981619781787984e+01
2.380941379353144782e+01
2.475626398050282972e+01
2.625756024734850058e+01
2.712140278143333916e+01
2.850537176656021288e+01
1.101527659629195028e+02
1.921441811347553141e+02
2.329280957365016320e+02
2.319453776044856284e+02
1.928341080355844497e+02
1.633848215879046677e+02
1.284653937375694852e+02
9.054402237825392774e+01
2.853421298651074522e+01
2.914956039724956582e+01
2.380175125361470023e+01
2.474600728548859863e+01
2.624477073643672753e+01
2.710616057088281039e+01
2.848773700219021876e+01
1.101322760391368547e+02
1.921215047488194898e+02
2.329037200675145414e+02
2.319193423724294973e+02
1.928061891302074855e+02
1.633549942949098579e+02
1.284335329728635884e+02
9.051000403234624514e+01
2.849577144393998296e+01
2.910930545391861202e+01
2.482063421930026692e+01
2.473575113013516358e+01
2.623198186471521254e+01
2.709091908320408848e+01
2.847010302996653408e+01
1.101117869384498960e+02
1.930455316484157322e+02
2.328793451941538137e+02
2.318933079404583850e+02
1.927782710547358249e+02
1.633251678503917219e+02
1.284016730759009306e+02
9.171267718636877930e+01
2.845733079376536878e+01
2.906905136779774423e+01
2.481294944664457347e+01
2.472549551440039295e+01
2.621919363213614673e+01
2.707567831834565908e+01
2.845246984983561589e+01
1.100912986608090591e+02
1.930228562899541487e+02
2.328549711163803977e+02
2.318672743085354000e+02
1.937576964379554454e+02
1.632953422543139084e+02
1.283698140466459563e+02
9.167867425027451134e+01
2.841889103595599408e+01
3.044248656762528782e+01
2.480526509863575058e+01
2.471524043824122785e+01
2.729180624466906124e+01
2.706043827625627785e+01
2.843483746174422677e+01
1.111145692017593944e+02
1.930001817409791443e+02
2.328305978341554408e+02
2.318412414766236509e+02
1.937297864563810208e+02
1.632655175066403217e+02
1.283379558850632804e+02
9.164467219836126333e+01
2.838045217048075486e+01
3.040225771061426130e+01
2.479758117523878269e+01
2.470498590161539809e+01
2.727900153666362115e+01
2.815915563101647479e+01
2.841720586563902984e+01
1.110940769066671976e+02
1.929775080014474611e+02
2.328062253474400052e+02
2.327446966985722838e+02
1.937018773037738697e+02
1.643091026802547390e+02
1.283060985911176317e+02
9.161067103059440342e+01
2.834201419730839788e+01
3.036202970941005930e+01
2.478989767641843756e+01
2.469473190448030309e+01
2.726619746807641675e+01
2.814390208596171306e+01
2.954042480574602081e+01
1.110735854340857145e+02
1.929548350713157561e+02
2.327818536561950395e+02
2.327186701608643489e+02
1.936739689800970439e+02
1.642792882017973568e+02
1.282742421647731703e+02
9.157667074693951292e+01
2.830357711640793283e+01
3.032180256398537210e+01
2.478221460213935856e+01
2.574124689324299808e+01
2.725339403885949352e+01
2.812864926368720120e+01
2.952278277087750524e+01
1.110530947839654630e+02
1.929321629505406008e+02
2.336662553012236003e+02
2.326926444223300621e+02
1.936460614853136804e+02
1.642494745707142272e+02
1.282423866059947670e+02
9.154267134736218736e+01
2.826514092774833031e+01
3.028157627431285803e+01
2.477453195236664740e+01
2.573097348422136221e+01
2.724059124896472639e+01
2.811339716414187251e+01
2.950514152776473153e+01
1.110326049562569040e+02
1.929094916390787944e+02
2.336418877471581652e+02
2.326666194829328447e+02
1.936181548193868025e+02
1.642196617869691977e+02
1.282105319147468947e+02
9.150867283182779488e+01
2.822670563129863197e+01
3.024135084036513277e+01
2.476684972706465260e+01
2.572070061525648654e+01
2.722778909834455519e+01
2.809814578727403145e+01
2.948750107635453332e+01
1.110121159509105553e+02
1.928868211368869083e+02
2.336175209877966950e+02
2.326405953426356064e+02
1.935902489822794905e+02
1.641898498505261728e+02
1.281786780909940262e+02
9.147467520030191679e+01
2.958129479966398634e+01
3.020112626211519569e+01
2.475916792619858597e+01
2.571042828630596588e+01
2.721498758695097209e+01
2.808289513303256157e+01
2.946986141659339609e+01
1.109916277678769063e+02
1.928641514439216564e+02
2.335931550231003087e+02
2.326145720014017684e+02
1.935623439739549099e+02
1.641600387613489147e+02
1.281468251347009186e+02
9.144067845275021966e+01
2.954288137891052557e+01
3.016090253953529299e+01
2.475148654973298434e+01
2.570015649732711083e+01
2.720218671473622507e+01
2.806764520136599117e+01
3.059125649071003394e+01
1.109711404071063896e+02
1.928414825601396672e+02
2.335687898530300401e+02
2.325885494591944109e+02
1.935344397943760555e+02
1.641302285194014701e+02
1.281149730458321017e+02
9.140668258913794375e+01
2.950446884896662425e+01
3.012067967259854839e+01
2.474380559763328691e+01
2.568988524827726749e+01
2.827305942310668030e+01
2.805239599222292313e+01
3.057360644902699320e+01
1.109506538685496508e+02
1.928188144854976827e+02
2.335444254775471222e+02
2.325625277159766995e+02
1.935065364435059792e+02
1.641004191246476864e+02
1.280831218243519345e+02
9.137268760943079826e+01
2.946605720980117482e+01
3.008045766127742837e+01
2.473612506986373205e+01
2.567961453911397385e+01
2.826024214436586135e+01
2.803714750555210955e+01
3.055595719876087202e+01
1.119723192663604863e+02
1.927961472199523030e+02
2.335200618966126456e+02
2.325365067717119985e+02
1.934786339213078747e+02
1.640706105770514114e+02
1.280512714702251742e+02
9.133869351359430766e+01
2.942764646138312656e+01
3.004023650554461256e+01
2.472844496638915146e+01
2.566934436979458312e+01
2.824742550507572147e+01
2.913405047040026830e+01
3.053830873985830863e+01
1.119518287448549785e+02
1.927734807634602419e+02
2.334956991101877009e+02
2.325104866263633028e+02
1.934507322277447940e+02
1.640408028765765494e+02
1.280194219834164073e+02
9.130470030159398220e+01
2.938923660368148916e+01
3.141125767052616879e+01
2.472076528717472144e+01
2.565907474027662971e+01
2.823460950518858326e+01
2.911878854365373570e+01
3.052066107226618286e+01
1.119313390450275989e+02
1.927508151159782130e+02
2.334713371182334924e+02
2.324844672798938916e+02
1.934228313627796751e+02
1.650827770603100646e+02
1.291385850047253427e+02
9.127070797339531794e+01
2.935082763666523675e+01
3.137106170991216914e+01
2.471308603218486866e+01
2.564880565051751304e+01
2.822179414465638914e+01
2.910352733938809422e+01
3.050301419593128571e+01
1.119108501668289648e+02
1.936734841389739188e+02
2.334469759207111395e+02
2.324584487322671578e+02
1.933949313263757404e+02
1.650529796279360255e+02
1.291067481880674279e+02
9.247143906530244806e+01
2.931241956030362772e+01
3.133086660348681107e+01
2.470540720138507140e+01
2.563853710047460766e+01
2.820897942343134446e+01
2.908826685755209596e+01
3.048536811080024833e+01
1.118903621102096366e+02
1.936508195338966232e+02
2.334226155175817894e+02
2.324324309834460109e+02
1.943729221064580486e+02
1.650231830416554430e+02
1.290749122375995057e+02
9.243746213217059449e+01
3.066457171897653922e+01
3.129067235122344570e+01
2.469772879473974925e+01
2.562826909010553678e+01
2.819616534146567588e+01
2.907300709809439709e+01
3.046772281682005712e+01
1.118698748751201890e+02
1.936281557371387976e+02
2.333982559088065329e+02
2.324064140333939008e+02
1.943450301627438250e+02
1.649933873014323069e+02
1.290430771532861058e+02
9.240348608161170318e+01
3.062618549731595508e+01
3.125047895309450041e+01
2.469005081221358822e+01
2.561800161936758258e+01
2.818335189871151769e+01
2.905774806096370710e+01
3.045007831393733966e+01
1.118493884615112393e+02
1.936054927486573263e+02
2.333738970943466029e+02
2.323803978820740213e+02
1.943171390466547734e+02
1.649635924072307773e+02
1.290112429350920706e+02
9.236951091359166810e+01
3.058780016491312992e+01
3.121028640907289287e+01
2.570708953941050368e+01
2.560773468821835408e+01
2.817053909512106458e+01
2.904248974610872835e+01
3.043243460209903262e+01
1.118289028693333336e+02
1.935828305684087809e+02
2.333495390741630899e+02
2.323543825294493956e+02
1.942892487581540877e+02
1.649337983590147871e+02
1.301285552577168687e+02
9.233553662807582896e+01
3.054941572173681053e+01
3.117009471913112506e+01
2.569938941331201576e+01
2.665244992165842319e+01
2.815772693064650056e+01
2.902723215347822361e+01
3.041479168125193411e+01
1.118084180985371319e+02
1.935601691963500457e+02
2.333251818482171700e+02
2.323283679754834168e+02
1.942613592972049901e+02
1.649040051567480418e+02
1.300967337100352665e+02
9.230156322502998023e+01
3.051103216775634053e+01
3.112990388324234559e+01
2.569168971220431530e+01
2.664216365699462585e+01
2.814491540523993152e+01
2.901197528302084905e+01
3.039714955134273211e+01
1.128284825392794772e+02
1.935375086324378913e+02
2.342083421056726138e+02
2.332305680296927619e+02
1.942334706637705608e+02
1.648742128003947585e+02
1.300649130273471314e+02
9.226759070441980271e+01
3.047264950294084329e+01
3.108971390137918434e+01
2.568399043605258569e+01
2.663187793248082258e+01
2.813210451885358410e+01
2.899671913468536033e+01
3.037950821231832421e+01
1.128079938198664109e+02
1.935148488766290598e+02
2.341839890221690155e+02
2.332045597688160115e+02
1.942055828578141075e+02
1.648444212899188415e+02
1.300330932096171068e+02
9.223361906621067874e+01
3.043426772725915441e+01
3.104952477351434936e+01
2.567629158482139218e+01
2.662159274807449094e+01
2.811929427143959259e+01
2.898146370842052733e+01
3.036186766412551918e+01
1.127875059212992710e+02
1.934921899288803502e+02
2.341596367321378693e+02
2.331785523057623664e+02
1.941776958792986250e+02
1.648146306252843374e+02
1.300012742568101203e+02
9.343232659386983130e+01
3.039588684068067082e+01
3.100933649962057714e+01
2.566859315847542433e+01
2.661130810373320443e+01
2.810648466295038617e+01
2.896620900417511280e+01
3.034422790671115422e+01
1.127670188435287884e+02
1.944135033415906264e+02
2.341352852355404934e+02
2.331525456404949068e+02
1.941498097281874777e+02
1.647848408064550938e+02
1.299694561688908152e+02
9.339837034311904063e+01
3.035750684317437376e+01
3.096914907967087416e+01
2.566089515698005030e+01
2.660102399941429141e+01
2.809367569333798187e+01
2.895095502189770542e+01
3.032658894002202032e+01
1.127465325865056087e+02
1.943908454543168602e+02
2.341109345323380921e+02
2.331265397729771394e+02
1.941219244044436323e+02
1.647550518333951857e+02
1.299376389458237782e+02
9.336441497354375940e+01
3.031912773470946476e+01
3.092896251363799820e+01
2.565319758029957598e+01
2.659074043507517970e+01
2.808086736255441807e+01
2.893570176153719231e+01
3.030895076400499022e+01
1.127260471501803636e+02
1.943681883744134780e+02
2.340865846224918698e+02
2.331005347031722579e+02
1.940940399080305099e+02
1.657954380779881092e+02
1.299058225875739936e+02
9.333046048510936998e+01
3.028074951525492509e+01
3.229762544976415484e+01
2.564550042839887567e+01
2.658045741067329715e+01
2.806805967055224471e+01
2.892044922304232557e+01
3.029131337860687623e+01
1.127055625345038692e+02
1.943455321018372217e+02
2.340622355059630308e+02
2.330745304310435415e+02
1.940661562389110486e+02
1.657656593698861229e+02
1.298740070941059628e+02
9.329650687778166684e+01
3.024237218477975730e+01
3.225746404216653218e+01
2.563780370124290187e+01
2.657017492616633092e+01
2.805525261728327280e+01
2.890519740636170809e+01
3.027367678377454041e+01
1.126850787394266433e+02
1.943228766365450326e+02
2.340378871827128080e+02
2.330485269565544399e+02
1.940382733970486697e+02
1.657358815065278179e+02
1.298421924653845565e+02
9.326255415152641604e+01
3.020399574325347913e+01
3.221730348709026259e+01
2.563010739879679178e+01
2.655989298151155964e+01
2.804244620270008781e+01
2.888994631144432290e+01
3.025604097945478443e+01
1.126645957648994738e+02
1.943002219784937097e+02
2.340135396527025478e+02
2.339494255508965637e+02
1.940103913824063113e+02
1.657061044878773828e+02
1.298103787013745603e+02
9.322860230630914202e+01
3.155382278037687627e+01
3.217714378450802570e+01
2.562241152102500408e+01
2.654961157666667404e+01
2.802964042675505141e+01
2.887469593823882974e+01
3.023840596559452010e+01
1.126441136108731058e+02
1.942775681276401372e+02
2.339891929158933124e+02
2.339234283755272088e+02
1.939825101949473662e+02
1.656763283138986367e+02
1.297785658020406174e+02
9.319465134209579560e+01
3.151546816573439358e+01
3.213698493439280668e+01
2.561471606789241662e+01
2.653933071158911261e+01
2.801683528939986800e+01
2.885944628669404111e+01
3.022077174214056328e+01
1.126236322772981140e+02
1.942549150839410856e+02
2.339648469722465336e+02
2.338974319969630642e+02
1.939546298346348863e+02
1.656465529845559104e+02
1.297467537673475135e+02
9.439134091121783854e+01
3.147711443864755765e+01
3.209682693671739884e+01
2.560702103936394280e+01
2.652905038623622502e+01
2.800403079058709466e+01
2.884419735675866647e+01
3.020313830903981511e+01
1.126031517641253146e+02
1.942322628473535815e+02
2.339405018217232737e+02
2.338714364151676079e+02
1.939267503014321790e+02
1.656167784998130514e+02
1.297149425972600625e+02
9.435740532681126069e+01
3.143876159908551315e+01
3.205666979145492945e+01
2.559932643540445696e+01
2.651877060056558122e+01
2.799122693026891895e+01
2.993913578930090935e+01
3.018550566623912346e+01
1.125826720713052822e+02
1.942096114178343100e+02
2.339161574642848791e+02
2.338454416301042045e+02
1.938988715953023814e+02
1.655870048596342201e+02
1.296831322917429645e+02
9.432347062218529743e+01
3.140040964701752202e+01
3.342283588188833221e+01
2.559163225597894353e+01
2.650849135453471206e+01
2.906010972865958308e+01
2.992387348252339407e+01
3.016787381368535392e+01
1.125621931987889184e+02
1.941869607953402976e+02
2.338918138998926111e+02
2.338194476417361614e+02
1.938709937162086590e+02
1.655572320639835198e+02
1.296513228507609483e+02
9.428953679730588533e+01
3.136205858241267563e+01
3.338270386662517097e+01
2.558393850105213119e+01
2.649821264810115196e+01
2.904728953516049827e+01
2.990861189736163439e+01
3.015024275132532949e+01
1.125417151465267835e+02
1.941643109798283717e+02
2.338674711285076739e+02
2.347190368750742380e+02
1.928371045393221550e+02
1.665960063022616566e+02
1.296195142742787709e+02
9.425560385213849202e+01
3.132370840524025724e+01
3.334257270238266102e+01
2.557624517058885516e+01
2.648793448122234295e+01
2.903446998042450389e+01
2.989335103376467728e+01
3.013261247910601526e+01
1.125212379144696371e+02
1.941416619712553313e+02
2.347493931261642501e+02
2.346930491933913743e+02
1.928092218941806095e+02
1.665662437713493489e+02
1.295877065622612747e+02
9.422167178664916776e+01
3.128535911546939019e+01
3.330244238913413568e+01
2.556855226455421715e+01
2.753079589653361836e+01
2.902165106440401132e+01
2.987809089168123222e+01
3.011498299697423064e+01
1.125007615025682242e+02
1.941190137695781459e+02
2.347250545024314761e+02
2.346670623075707738e+02
1.927813400767887231e+02
1.665364820839415927e+02
1.295558997146730746e+02
9.418774060080369281e+01
3.124701071306942168e+01
3.326231292685242380e+01
2.556085978291267935e+01
2.752049847593851695e+01
2.900883278705117263e+01
2.986283147106006197e+01
3.009735430487697272e+01
1.124802859107732615e+02
1.940963663747536430e+02
2.347007166709426542e+02
2.355653286970959641e+02
1.937594904694589104e+02
1.665067212400024061e+02
1.295240937314791552e+02
9.415381029456776218e+01
3.120866319800935074e+01
3.322218431551002737e+01
2.555316772562945360e+01
2.751020159545490174e+01
2.899601514831827842e+01
2.984757277185021707e+01
3.007972640276108933e+01
1.124598111390355228e+02
1.940737197867386783e+02
2.355813631392020682e+02
2.364622641879530534e+02
1.937316167249937848e+02
1.664769612394962053e+02
1.306397371862700254e+02
9.411988086790725561e+01
3.117031657025841440e+01
3.318205655508050000e+01
2.554547609266937869e+01
2.749990525504003003e+01
2.898319814815771522e+01
2.983231479400034658e+01
3.006209929057335017e+01
1.124393371873056680e+02
1.940510740054902499e+02
2.355570294692081461e+02
2.373578717358021777e+02
1.937037438073439546e+02
1.664472020823868093e+02
1.306079438575667382e+02
9.408595232078795334e+01
3.113197082978598473e+01
3.314192964553650000e+01
2.553778488399725433e+01
2.748960945465156414e+01
2.897038178652142904e+01
2.981705753745938736e+01
3.004447296826078073e+01
1.124188640555344563e+02
1.940284290309651567e+02
2.364363998789183654e+02
2.391710739387426941e+02
1.936758717164726988e+02
1.664174437686386057e+02
1.305761513921349035e+02
9.405202465317553617e+01
3.109362597656115312e+01
3.310180358685080648e+01
2.655287285951219545e+01
2.747931419424702071e+01
2.895756606336228600e+01
2.980180100217615546e+01
3.002684743577037452e+01
1.123983917436726756e+02
1.940057848631203115e+02
2.364120703849082759e+02
1.946525187336070815e+02
1.663876862982155842e+02
1.305443597899395627e+02
9.401809786503596911e+01
3.244113481379739028e+01
3.306167837899639750e+01
2.654515960049001322e+01
2.746901947378371744e+01
2.894475097863202606e+01
2.978654518809942076e+01
3.114611201266298579e+01
1.123779202516710143e+02
1.939831415019126268e+02
2.372901675532493186e+02
1.946246547234188142e+02
1.663579296710819619e+02
1.305125690509454159e+02
9.398417195633513188e+01
3.240281175966529048e+01
3.302155402194647138e+01
2.653744676662102364e+01
2.745872529321944100e+01
2.893193653228309969e+01
2.977129009517834035e+01
3.112847614978797850e+01
1.123574495794802601e+02
1.939604989472989587e+02
2.390668623621088216e+02
1.945967915390760936e+02
1.663281738872019559e+02
1.304807791751173625e+02
9.395024692703853475e+01
3.236448959139150361e+01
3.298143051567389961e+01
2.652973435787003709e+01
2.744843165251161210e+01
2.891912272426807817e+01
3.086438259521765914e+01
3.111084107650220787e+01
1.133758461640286725e+02
1.948804633021074721e+02
2.417345298879123732e+02
1.955719315411101604e+02
1.662984189465396128e+02
1.304489901624201309e+02
9.391632277711219956e+01
3.232616830894548343e+01
3.294130786015157497e+01
2.652202237420188524e+01
2.743813855161776161e+01
2.998620823864168727e+01
3.084911418790411020e+01
3.109320679275280597e+01
1.133553715700914921e+02
1.948578218181926900e+02
1.955440764460305445e+02
1.662686648490591494e+02
1.304172020128187057e+02
9.388239950652186394e+01
3.228784791229650608e+01
3.430512995963170653e+01
2.651431081558136427e+01
2.742784599049545591e+01
2.997337816694519574e+01
3.083384650174987485e+01
3.107557329848667038e+01
1.133348977954303649e+02
1.948351811401837210e+02
1.955162221758647547e+02
1.662389115947247262e+02
1.303854147262778724e+02
9.507719260963200725e+01
3.224952840141378374e+01
3.426503239752178587e+01
2.650659968197358296e+01
2.741755396910209441e+01
2.996054873384726136e+01
3.081857953670394679e+01
3.105794059365087278e+01
1.133144248399962066e+02
1.948125412680375632e+02
1.954883687305760418e+02
1.662091591835004749e+02
1.303536283027624449e+02
9.504328470166585419e+01
3.221120977626664938e+01
3.422493568477442949e+01
2.649888897334277260e+01
2.740726248739546023e+01
2.994771993930044829e+01
3.080331329271508878e+01
3.104030867819223616e+01
1.132939527037397909e+02
1.947899022017112429e+02
1.954605161101278838e+02
1.661794076153505557e+02
1.314674897158725457e+02
9.500937767181585514e+01
3.217289203682435073e+01
3.418483982136222465e+01
2.649117868965456069e+01
2.739697154533301315e+01
2.993489178325683753e+01
3.078804776973229096e+01
3.102267755205802402e+01
1.132734813866119481e+02
1.947672639411616160e+02
2.020835079025758318e+02
1.954326643144836169e+02
1.672166305384047291e+02
1.314357159416862828e+02
9.497547152004793247e+01
3.213457518305635574e+01
3.414474480725833416e+01
2.648346883087359416e+01
2.738668114287221300e+01
2.992206426566889022e+01
3.077278296770455057e+01
3.100504721519489237e+01
1.132530108885635087e+02
1.947446264863458225e+02
2.001096220410953492e+02
1.954048133436065200e+02
1.671868892288094628e+02
1.314039430294054114e+02
9.494156624632788066e+01
3.209625921493166345e+01
3.410465064243589239e+01
2.647575939696441338e+01
2.842773393940733939e+01
2.990923738648893249e+01
3.075751888658074051e+01
3.098741766755016513e+01
1.132325412095453032e+02
1.947219898372207183e+02
2.075429412861424225e+02
1.991074226695392895e+02
1.953769631974600429e+02
1.671571487612674503e+02
1.313721709789947170e+02
9.490766185062183524e+01
3.344139407991382740e+01
3.406455732686753635e+01
2.646805038789215914e+01
2.841742436144266648e+01
2.989641114566924074e+01
3.074225552630974434e+01
3.096978890907064752e+01
1.132120723495082331e+02
1.946993539937433582e+02
2.037307481668816251e+02
1.981037574761465976e+02
1.953491138760075785e+02
1.671274091357429370e+02
1.313403997904191272e+02
9.487375833289534910e+01
3.340309988718124856e+01
3.402446486052679830e+01
2.646034180362192600e+01
2.840711532363140179e+01
2.988358554316232585e+01
3.072699288684049179e+01
3.208717416978547732e+01
1.131916043084031145e+02
1.946767189558707116e+02
2.018041584302311264e+02
1.970986232426862159e+02
1.953212653792123774e+02
1.670976703522001401e+02
1.313086294636436833e+02
9.483985569311452934e+01
3.336480657870633593e+01
3.398437324338643606e+01
2.645263364411817975e+01
2.839680682593123251e+01
2.987076057892028302e+01
3.071173096812209380e+01
3.206953513611276207e+01
1.131711370861808490e+02
1.946540847235597198e+02
1.998720057616962151e+02
1.960920167414993784e+02
1.952934177070378325e+02
1.670679324106033903e+02
1.312768599986332845e+02
9.480595393124525572e+01
3.332651415445887011e+01
3.394428247541947030e+01
2.644492590934613219e+01
2.838649886829959712e+01
2.985793625289578657e+01
3.069646977010331312e+01
3.205189689137101539e+01
1.131506706827921960e+02
1.955727009192516732e+02
1.988916321426130480e+02
1.960658685607764653e+02
1.952655708594474504e+02
1.670381953109168194e+02
1.312450913953528868e+02
9.599875464995916730e+01
3.328822261440804198e+01
3.390419255659914199e+01
2.643721859927028106e+01
2.942594488458292190e+01
2.984511256504096721e+01
3.178772161960574039e+01
3.203425943550708865e+01
1.131302050981881138e+02
1.955500677742294329e+02
1.979098575168642071e+02
1.950577832957739304e+02
1.952377248364043965e+02
1.670084590531047581e+02
1.312133236537672474e+02
9.596486824181484110e+01
3.324993195852323424e+01
3.386410348689793892e+01
2.642951171385599451e+01
2.941561782338794728e+01
2.983228951530823281e+01
3.177244716934371382e+01
3.201662276846824540e+01
1.131097403323194470e+02
1.955274354340815535e+02
1.978854498182317911e+02
1.950316326812782677e+02
1.952098796378723193e+02
1.669787236371314805e+02
1.311815567738415780e+02
9.593098271036507185e+01
3.321164218677384383e+01
3.522556435657541130e+01
2.642180525306811134e+01
2.940529130280861381e+01
2.981946710365009778e+01
3.175717343978261553e+01
3.199898689020155373e+01
1.130892763851370120e+02
1.955048038987651466e+02
1.969022701927877392e+02
1.950054828919386978e+02
1.961835961735871763e+02
1.669489890629611182e+02
1.322936409502860329e+02
9.589709805557556876e+01
3.317335329912924635e+01
3.518550034511731894e+01
2.641409921687112217e+01
2.939496532280264063e+01
2.980664533001862893e+01
3.174190043087144275e+01
3.198135180065400718e+01
1.141060526155352903e+02
1.954821731682371819e+02
1.968778623239317938e+02
1.949793339277162261e+02
1.961557590629969070e+02
1.669192553305580020e+02
1.322618867144868204e+02
9.586321427741253842e+01
3.313506529555872504e+01
3.514543718139465511e+01
2.742733272835934244e+01
2.938463988332756571e+01
2.979382419436629803e+01
3.172662814255929575e+01
3.196371749977282661e+01
1.140855847776816745e+02
1.954595432424548278e+02
1.958932747298213144e+02
1.949531857885717727e+02
1.961279227759877983e+02
1.668895224398863775e+02
1.322301333392298091e+02
9.582933137584183214e+01
3.309677817603183314e+01
3.510537486538044760e+01
2.741960473095293693e+01
2.937431498434116151e+01
3.085905022004191167e+01
3.171135657479528547e+01
3.194608398750499845e+01
1.140651177579797633e+02
1.954369141213751391e+02
1.958688667141009887e+02
1.949270384744663431e+02
1.961000873125233284e+02
1.668597903909105185e+02
1.321983808244800400e+02
9.579544935082952861e+01
3.305849194051790363e+01
3.506531339704793027e+01
2.741187715899668120e+01
2.936399062580054320e+01
3.084621289111952791e+01
3.280085650047005430e+01
3.192845126379770093e+01
1.140446515563805292e+02
1.954142858049552274e+02
1.958444595164033615e+02
1.958828543791987897e+02
1.960722526725669184e+02
1.668300591835946705e+02
1.321666291702022988e+02
9.576156820234142231e+01
3.302020658898617711e+01
3.502525277637007406e+01
2.740415001245521864e+01
2.935366680766378877e+01
3.083337620043796079e+01
3.278557174201472435e+01
3.191081932859795600e+01
1.150598633927732948e+02
1.953916582931520622e+02
1.958200531366874486e+02
1.958567127932887786e+02
1.960444188560820180e+02
1.678657255197979907e+02
1.321348783763618826e+02
9.572768793034383350e+01
3.298192212140614288e+01
3.498519300332011994e+01
2.841586962665900629e+01
2.934334352988813066e+01
3.082054014794960750e+01
3.277028770410598923e+01
3.302633058700144630e+01
1.150393933367519850e+02
1.953690315859228122e+02
1.957956475749120102e+02
1.958305720315549934e+02
1.960165858630320201e+02
1.678360045658107822e+02
1.321031284429237189e+02
9.569380853480247140e+01
3.432475262214944678e+01
3.494513407787098203e+01
2.840812059427276282e+01
2.933302079243110327e+01
3.080770473360667339e+01
3.275500438669278225e+01
3.300868843152828447e+01
1.150189240982982568e+02
1.953464056832245888e+02
1.957712428310360337e+02
1.958044320939584679e+02
1.959887536933804313e+02
1.678062844524647801e+02
1.320713793698526786e+02
9.565993001568345733e+01
3.428648990221157078e+01
3.490507599999589416e+01
2.840037198815501540e+01
2.932269859525050038e+01
3.079486995736158406e+01
3.273972178972427116e+01
3.299104706432677148e+01
1.149984556773631255e+02
1.953237805850144184e+02
1.957468389050183362e+02
1.957782929804602077e+02
1.959609223470908432e+02
1.677765651797245425e+02
1.320396311571141155e+02
9.562605237295271365e+01
3.424822806484338855e+01
3.486501876966801206e+01
2.839262380827011256e+01
2.931237693830382085e+01
3.078203581916694276e+01
3.272443991314955980e+01
3.297340648534401453e+01
1.149779880738976630e+02
1.953011562912494412e+02
1.957224357968177912e+02
1.957521546910211896e+02
1.959330918241265067e+02
1.677468467475542013e+02
1.320078838046727583e+02
9.559217560657613433e+01
3.420996711001496493e+01
3.622407706400870353e+01
2.838487605458360719e+01
2.930205582154859911e+01
3.076920231897489089e+01
3.270915875691752461e+01
3.295576669452715635e+01
1.149575212878528987e+02
1.962184283102101290e+02
1.956980335063934149e+02
1.957260172256024475e+02
1.959052621244510703e+02
1.677171291559181725e+02
1.319761373124938189e+02
9.678304733542918825e+01
3.417170703769527051e+01
3.618404485951305105e+01
2.837712872705973410e+01
2.929173524494258984e+01
3.183270861622163750e+01
3.269387832097743996e+01
3.293812769182344624e+01
1.149370553191798479e+02
1.961958051189406831e+02
1.966338285881644197e+02
1.956998805841651290e+02
1.968775370836239631e+02
1.676874124047808721e+02
1.330864608180432924e+02
9.674918590912082550e+01
3.413344784785398645e+01
3.614401350118424006e+01
2.836938182566371225e+01
2.928141520844305035e+01
3.181985899037582755e+01
3.267859860527819649e+01
3.292048947718004115e+01
1.149165901678295114e+02
1.961731827314301029e+02
1.966094297089636598e+02
1.956737447666701541e+02
1.968497154732049239e+02
1.676576964941064602e+02
1.330547269636672354e+02
9.671532535795279273e+01
3.547383491974635916e+01
3.610398298899529124e+01
2.836163535036014238e+01
2.927109571200808702e+01
3.180701000279066193e+01
3.266331960976900461e+01
3.290285205054409801e+01
1.148961258337530040e+02
1.961505611476354716e+02
1.965850316467580114e+02
1.956476097730785568e+02
1.968218946851469013e+02
1.676279814238595804e+02
1.330229939684383567e+02
9.668146568189101231e+01
3.543559745925754356e+01
3.606395332291970846e+01
2.835388930111387040e+01
2.926077675559495006e+01
3.179416165341853784e+01
3.264804133439886158e+01
3.288521541186275243e+01
1.148756623169013409e+02
1.961279403675140998e+02
1.965606344015064622e+02
1.956214756033514561e+02
1.967940747194133166e+02
1.686620482528867626e+02
1.329912618323216975e+02
9.664760688090171925e+01
3.539736087986855750e+01
3.602392450293046977e+01
2.834614367789014366e+01
2.925045833916131954e+01
3.178131394221170680e+01
3.263276377911698489e+01
3.399887986756337455e+01
1.148551996172255230e+02
1.961053203910230422e+02
1.965362379731678857e+02
1.955953422574498575e+02
1.967662555759679037e+02
1.686323434356174005e+02
1.329595305552824982e+02
9.661374895495075066e+01
3.535912518154923845e+01
3.598389652900064561e+01
2.833839848065315792e+01
2.924014046266470856e+01
3.176846686912316287e+01
3.261748694387230785e+01
3.398123306362833063e+01
1.148347377346766365e+02
1.960827012181195528e+02
1.965118423617013264e+02
1.955692097353348515e+02
1.967384372547740554e+02
1.686026394577586132e+02
1.329278001372858000e+02
9.657989190400458313e+01
3.532089036426871331e+01
3.594386940110349826e+01
2.833065370936824579e+01
2.922982312606301392e+01
3.175562043410494439e+01
3.260221082861406217e+01
3.396358704741016510e+01
1.148142766692057535e+02
1.960600828487607146e+02
1.974462508879915390e+02
1.955430780369674153e+02
1.967106197557953919e+02
1.685729363192749872e+02
1.328960705782967011e+02
9.654603572802889744e+01
3.528265642799681245e+01
3.590384311921233973e+01
2.832290936400027803e+01
2.921950632931385528e+01
3.174277463710948055e+01
3.258693543329122377e+01
3.394594181885632622e+01
1.147938164207639318e+02
1.960374652829038382e+02
1.974218587028904039e+02
1.955169471623086110e+02
1.966828030789953345e+02
1.685432340201308250e+02
1.328643418782802428e+02
9.651218042698997124e+01
3.524442337270306780e+01
3.586381768330011965e+01
2.831516544451390516e+01
2.920919007237440113e+01
3.172992947808962683e+01
3.257166075785303150e+01
3.392829737791380751e+01
1.158074212527038327e+02
1.960148485205060069e+02
1.973974673338812522e+02
1.964713728488870856e+02
1.966549872243375887e+02
1.685135325602905425e+02
1.328326140372018358e+02
9.647832600085395427e+01
3.520619119835696864e+01
3.582379309334007189e+01
2.830742195087396595e+01
2.919887435520283958e+01
3.171708495699745356e+01
3.365927476621313019e+01
3.391065372452999327e+01
1.157869571810631726e+02
1.959922325615243892e+02
1.973730767809230429e+02
1.964452477056219664e+02
1.966271721917857178e+02
1.684838319397186979e+02
1.328008870550264078e+02
9.644447244958669785e+01
3.516795990492806823e+01
3.578376934930559372e+01
2.829967888304559409e+01
2.918855917775632491e+01
3.170424107378565637e+01
3.364398696183990722e+01
3.389301085865214702e+01
1.157664939259167483e+02
1.959696174059162956e+02
1.973486870439748202e+02
1.964191233852045002e+02
1.965993579813030578e+02
1.684541321583795650e+02
1.327691609317190284e+02
9.641061977315445120e+01
3.512972949238592690e+01
3.714048047141973541e+01
2.829193624099363191e+01
2.917824453999295997e+01
3.169139782840661113e+01
3.362869987734738686e+01
3.387536878022754649e+01
1.157460314872156317e+02
1.959470030536388663e+02
1.973242981229956285e+02
1.963929998875959484e+02
1.975701950285199189e+02
1.684244332162376736e+02
1.327374356672449380e+02
9.759955348770485273e+01
3.509149996070006239e+01
3.710048171814501217e+01
2.828419402468261268e+01
2.916793044187003048e+01
3.167855522081289266e+01
3.361341351268472977e+01
3.385772748920354758e+01
1.157255698649109803e+02
1.959243895046492412e+02
1.982573234084099454e+02
1.963668772127573163e+02
1.975423889085595306e+02
1.683947351132574113e+02
1.327057112615691210e+02
9.756571613884709393e+01
3.505327130984027661e+01
3.706048380941921039e+01
2.929409204250694287e+01
2.915761688334542967e+01
3.166571325095703315e+01
3.359812786780131688e+01
3.384008698552729300e+01
1.157051090589538944e+02
1.959017767589047025e+02
1.982329379288484859e+02
1.963407553606498368e+02
1.975145836097426013e+02
1.683650378494031656e+02
1.338143024008799387e+02
9.753187966361335270e+01
3.501504353977571071e+01
3.702048674521559235e+01
2.928632802779884514e+01
2.914730386437652143e+01
3.165287191879130546e+01
3.358284294264620939e+01
3.382244726914618838e+01
1.156846490692955882e+02
1.968177086691120792e+02
1.982085532644767909e+02
1.963146343312346005e+02
1.974867791320326091e+02
1.683353414246394379e+02
1.337825906244923431e+02
9.749804406196966511e+01
3.497681665047610267e+01
3.698049052550762639e+01
2.927856443967908717e+01
2.913699138492155782e+01
3.164003122426840164e+01
3.356755873716845429e+01
3.380480834000740487e+01
1.156641898958872332e+02
1.967950970396928199e+02
1.981841694152540754e+02
1.962885141244727549e+02
1.974589754753931743e+02
1.683056458389307295e+02
1.337508797057905952e+02
9.746420933388219510e+01
3.493859064191111941e+01
3.694049515026826214e+01
2.927080127811262855e+01
2.912667944493749772e+01
3.162719116734080416e+01
3.355227525131743960e+01
3.378717019805836941e+01
1.156437315386798730e+02
1.967724862128335133e+02
1.981597863811394120e+02
1.962623947403254192e+02
1.974311726397880307e+02
1.682759510922413995e+02
1.337191696447398783e+02
9.743037547931724873e+01
3.490036551405038523e+01
3.690050061947081872e+01
2.926303854306460295e+01
3.016403348147400365e+01
3.161435174796113756e+01
3.353699248504209862e+01
3.376953284324635263e+01
1.156232739976247501e+02
1.967498761884912994e+02
1.981354041620920157e+02
1.962362761787537409e+02
1.974033706251808553e+02
1.682462571845358354e+02
1.336874604413054897e+02
9.739654249824084786e+01
3.486214126686315495e+01
3.686050693308887105e+01
2.925527623449939441e+01
3.015370252420791530e+01
3.160151296608162497e+01
3.352171043829183361e+01
3.375189627551868199e+01
1.156028172726730503e+02
1.967272669666234890e+02
1.981110227580709591e+02
1.962101584397188390e+02
1.973755694315350979e+02
1.682165641157785956e+02
1.336557520954525557e+02
9.736271039061931276e+01
3.620032107619933726e+01
3.682051409109514140e+01
2.924751435238226094e+01
3.014337210695551761e+01
3.158867482165515028e+01
3.350642911101562760e+01
3.373426049482255706e+01
1.155823613637758314e+02
1.967046585471873641e+02
1.980866421690353434e+02
1.961840415231818611e+02
1.973477690588145208e+02
1.681868718859340390e+02
1.336240446071462031e+02
9.732887915641865106e+01
3.616211852526574688e+01
3.817481265081482178e+01
2.923975289667773225e+01
3.013304222967420287e+01
3.157583731463381937e+01
3.349114850316288283e+01
3.371662550110548295e+01
1.155619062708843785e+02
1.966820509301402353e+02
1.980622623949443266e+02
1.961579254291040684e+02
1.973199695069827442e+02
1.681571804949666387e+02
1.335923379763518994e+02
9.729504879560523989e+01
3.612391685363142813e+01
3.813484476859877503e+01
2.923199186735087096e+01
3.012271289232189986e+01
3.156300044497046997e+01
3.347586861468263919e+01
3.369899129431461660e+01
1.155414519939497922e+02
1.966594441154394133e+02
1.980378834357570383e+02
1.961318101574464379e+02
1.972921707760033598e+02
1.691897366366018787e+02
1.335606322030345154e+02
9.726121930814511529e+01
3.608571606126605502e+01
3.809487772939858274e+01
2.922423126436659757e+01
3.115846975158948950e+01
3.155016421261762005e+01
3.346058944552417813e+01
3.368135787439734941e+01
1.155209985329232723e+02
1.966368381030420665e+02
1.980135052914327218e+02
1.970848443292625234e+02
1.972643728658401585e+02
1.691600554894015147e+02
1.335289272871596324e+02
9.722739069400451228e+01
3.604751614813927318e+01
3.805491153318745035e+01
2.921647108768963008e+01
3.114812146822127303e+01
3.153732861752764904e+01
3.344531099563666032e+01
3.366372524130105859e+01
1.155005458877560329e+02
1.966142328929055907e+02
1.979891279619303646e+02
1.970587347929649127e+02
1.972365757764565899e+02
1.691303751800641351e+02
1.334972232286922633e+02
9.719356295314958061e+01
3.600931711422094850e+01
3.801494617993854064e+01
2.920871133728496005e+01
3.113777372531968979e+01
3.152449365965334493e+01
3.343003326496937433e+01
3.364609339497305740e+01
1.154800940583992315e+02
1.975288265348511061e+02
1.979647514472092382e+02
1.970326260782284180e+02
1.972087795078163879e+02
1.691006957085545537e+02
1.334655200275975631e+02
9.715973608554655527e+01
3.597111895948049209e+01
3.797498166962541433e+01
2.920095201311715627e+01
3.112742652284261169e+01
3.258600097700188059e+01
3.341475625347141687e+01
3.362846233536061646e+01
1.154596430448040110e+02
1.975062224579897929e+02
1.979403757472283871e+02
1.970065181850142153e+02
1.981782041049572740e+02
1.690710170748370729e+02
1.334338176838409140e+02
9.712591009116142970e+01
3.593292168388744301e+01
3.793501800222118447e+01
2.919319311515170057e+01
3.111707986074744525e+01
3.257314996593005674e+01
3.339947996109217598e+01
3.361083206241116983e+01
1.154391928469216282e+02
1.974836191827050129e+02
1.979160008619471114e+02
1.969804111132836510e+02
1.981504159253935313e+02
1.690413392788763929e+02
1.345406811753998113e+02
9.831295454349132967e+01
3.589472528741180213e+01
3.789505517769941179e+01
2.918543464335294146e+01
3.110673373899190963e+01
3.256029959232844107e+01
3.338420438778071286e+01
3.359320257607209470e+01
1.154187434647032688e+02
1.974610167089540198e+02
1.978916267913244837e+02
1.969543048629977307e+02
1.981226285656491939e+02
1.690116623206368729e+02
1.345089914523912569e+02
9.827914386064510666e+01
3.585652977002304453e+01
3.785509319603318090e+01
2.917767659768609079e+01
3.109638815753385188e+01
3.254744985614939168e+01
3.336892953348629476e+01
3.357557387629062617e+01
1.153982948981001329e+02
1.974384150366941526e+02
1.978672535353196338e+02
1.969281994341178574e+02
1.980948420256880524e+02
1.689819862000832131e+02
1.344773025856109712e+02
9.824533404980910234e+01
3.581833513169072347e+01
3.781513205719603121e+01
2.916991897811576351e+01
3.108604311633084549e+01
3.253460075734565748e+01
3.335365539815821023e+01
3.468722219959292374e+01
1.153778471470633917e+02
1.974158141658829209e+02
1.978428810938917763e+02
1.969020948266051789e+02
1.980670563054736419e+02
1.689523109171798012e+02
1.344456145750240239e+02
9.821152511094952331e+01
3.578014137238452008e+01
3.777517176116138842e+01
2.916216178460705777e+01
3.107569861534036804e+01
3.252175229586967475e+01
3.333838198174567680e+01
3.466958338633415337e+01
1.163898125393240264e+02
1.973932140964776067e+02
1.978185094670000126e+02
1.968759910404210132e+02
1.980392714049699805e+02
1.678603127157170434e+02
1.344139274205958259e+02
9.817771704403267563e+01
3.711601652824497677e+01
3.773521230790223058e+01
3.017024397949833414e+01
3.106535465452049394e+01
3.250890447167419239e+01
3.332310928419785512e+01
3.465194535939456699e+01
1.163693609922601411e+02
1.973706148284355493e+02
1.977941386546035574e+02
1.968498880755265930e+02
1.980114873241405746e+02
1.678306305500526321e+02
1.343822411222917594e+02
9.936273326498481140e+01
3.707784443885174142e+01
3.769525369739220366e+01
3.016246507460414961e+01
3.105501123382877893e+01
3.249605728471164667e+01
3.330783730546419008e+01
3.463430811872156312e+01
1.163489102602286209e+02
1.973480163617142580e+02
1.987258209185725093e+02
1.968237859318830942e+02
1.979837040629492151e+02
1.678009492228389092e+02
1.343505556800769796e+02
9.932894050528335583e+01
3.703967322711408627e+01
3.904724314271710739e+01
3.015468659661287631e+01
3.104466835322282492e+01
3.355585507248763122e+01
3.439346082264334115e+01
3.461667166426243369e+01
1.163284603431806801e+02
1.973254186962709298e+02
1.987014535522384620e+02
1.967976846094517498e+02
1.989516762283815865e+02
1.677712687340404045e+02
1.343188710939167549e+02
9.929514861631918166e+01
3.700150289300167827e+01
3.900730945566358798e+01
3.014690854548925358e+01
3.103432601266025870e+01
3.354299189930006975e+01
3.437817577677351011e+01
3.459903599596476198e+01
1.163080112410676605e+02
1.973028218320631595e+02
1.986770869996224178e+02
1.967715841081938208e+02
1.989239010600991264e+02
1.677415890836214203e+02
1.354239528410225262e+02
9.926135759805873704e+01
3.696333343648441172e+01
3.896737660999021102e+01
3.013913092119820192e+01
3.102398421209902324e+01
3.353012936359652940e+01
3.436289144971195952e+01
3.458140111377608150e+01
1.162875629538408617e+02
1.972802257690481440e+02
1.986527212606835349e+02
1.977232254397951579e+02
1.988961267105324282e+02
1.666478553522060224e+02
1.353922808724093159e+02
9.922756745046829963e+01
3.692516485753176170e+01
3.892744460567043063e+01
3.013135372370458853e+01
3.101364295149656058e+01
3.351726746532946066e+01
3.434760784140791401e+01
3.456376701764363446e+01
1.162671154814515546e+02
1.981934851534961410e+02
1.986283563353810848e+02
1.976971306786273317e+02
1.998626136448014279e+02
1.666181688352883441e+02
1.353606097587432089e+02
9.919377817351420390e+01
3.688699715611360119e+01
3.888751344267750198e+01
3.012357695297338367e+01
3.100330223081090253e+01
3.350440620445174744e+01
3.433232495181086819e+01
3.454613370751484069e+01
1.162466688238509960e+02
1.981708902393284575e+02
1.986039922236743962e+02
1.976710367377754949e+02
2.008276042850251883e+02
1.655227187629301966e+02
1.353289394999896160e+02
9.915998976716279856e+01
3.684883033219986714e+01
3.884758312098489341e+01
3.011580060896931954e+01
3.099296204999941651e+01
3.349154558091587575e+01
3.431704278086988325e+01
3.452850118333726925e+01
1.162262229809905421e+02
1.981482961256702140e+02
1.985796289255225986e+02
1.976449436172009655e+02
2.007998453297378774e+02
1.654930253933563620e+02
1.352972700961136923e+02
9.912620223138047493e+01
3.681066438575991384e+01
3.880765364056600930e+01
3.010802469165718520e+01
3.098262240902000997e+01
3.347868559467442395e+01
3.430176132853446092e+01
3.451086944505838972e+01
1.162057779528214354e+02
1.981257028124787496e+02
1.985552664408849637e+02
1.985951513191280640e+02
2.017633504518637437e+02
1.643958549983196917e+02
1.352656015470811326e+02
9.909241556613358171e+01
3.677249931676378480e+01
3.876772500139439614e+01
3.010024920100195800e+01
3.097228330783045891e+01
3.346582624568009123e+01
3.428648059475381871e+01
3.562066024102577444e+01
1.161853337392950465e+02
1.981031102997116875e+02
1.985309047697207916e+02
1.985690639506727848e+02
2.037136331088675263e+02
1.632969679530272344e+02
1.352339338528570636e+02
9.905862977138845338e+01
3.810603508520566862e+01
3.872779720344330201e+01
3.009247413696879292e+01
3.200617512037381829e+01
3.345296753388544175e+01
3.427120057947740861e+01
3.560301844336355970e+01
1.161648903403626036e+02
1.980805185873263952e+02
1.985065439119893540e+02
1.995178315195223036e+02
1.621963602254768659e+02
1.352022670134070950e+02
9.902484484711148127e+01
3.806789166247502010e+01
3.868787024668618102e+01
3.008469949952207045e+01
3.199581715221416189e+01
3.344010945924333811e+01
3.425592128265439840e+01
3.558537743135978104e+01
1.161444477559755768e+02
1.980579276752803253e+02
1.994368603383467189e+02
2.004651573173488543e+02
1.610940277710306532e+02
1.351706010286963817e+02
9.899106079326901408e+01
3.802974911582104056e+01
3.864794413109660098e+01
3.007692528862720494e+01
3.198545972437754159e+01
3.449816910504607392e+01
3.424064270423411926e+01
3.556773720496210700e+01
1.161240059860851233e+02
1.980353375635309590e+02
1.994125029386209178e+02
2.014110446280843689e+02
1.610643046006785539e+02
1.351389358986905904e+02
9.895727760982744314e+01
3.799160744521359589e+01
3.999758319295801812e+01
3.006915150424864791e+01
3.197510283682161258e+01
3.448529511145223125e+01
3.532446082973280710e+01
3.555009776411802846e+01
1.161035650306426703e+02
1.980127482520358058e+02
2.003414356377356853e+02
2.033245793573184983e+02
1.610345822738110542e+02
1.351072716233549329e+02
9.892349529675300346e+01
3.795346665062243829e+01
3.995768196724102239e+01
3.006137814635168937e+01
3.196474648950395903e+01
3.447242175525815355e+01
3.530916924507123866e+01
3.553245910877504343e+01
1.171139279602443253e+02
1.979901597407523184e+02
2.003170817137555844e+02
2.167161943545573592e+02
1.610048607903922004e+02
1.350756082026548768e+02
9.888971385401218583e+01
3.928456614623569720e+01
3.991778158132621712e+01
3.005360521490083414e+01
3.195439068238248126e+01
3.445954903641667499e+01
3.529387837880429402e+01
3.551482123888063569e+01
1.170934832391807419e+02
1.989020875082409532e+02
2.012446338198519982e+02
2.223565154703855455e+02
1.628105343993753991e+02
1.599007766673504420e+02
1.350439456365557476e+02
9.885593328157141002e+01
3.924644698093653972e+01
3.987788203518704222e+01
3.004583270986129051e+01
3.298667473053592403e+01
3.444667695488040238e+01
3.527858823088119067e+01
3.549718415438237429e+01
1.170730393320313709e+02
1.988795001625648808e+02
2.021708057572041923e+02
1.617314837839846575e+02
1.609454203537569867e+02
1.350122839250229561e+02
9.882215357939683997e+01
3.920832869028969725e+01
3.983798332879734261e+01
3.003806063119797543e+01
3.297630012766474294e+01
3.443380551060192118e+01
3.526329880125131666e+01
3.547954785522788512e+01
1.170525962387475118e+02
1.997900965177046260e+02
2.040433645110602470e+02
1.617034966656235895e+02
1.609157014004686062e+02
1.349806230680220267e+02
9.878837474745503755e+01
3.917021127426520621e+01
3.979808546213021003e+01
3.003028897887555360e+01
3.296592606551813986e+01
3.442093470353430007e+01
3.524801008986424478e+01
3.546191234136470882e+01
1.170321539592806346e+02
1.997675103594187931e+02
1.622440810324135612e+02
1.606227851449136494e+02
1.608859832904854272e+02
1.349489630655182282e+02
9.875459678571228039e+01
3.913209473283290407e+01
3.975818843515929046e+01
3.103653904751923776e+01
3.295555254405423540e+01
3.440806453362986872e+01
3.523272209666924226e+01
3.544427761274022259e+01
1.170117124935821096e+02
2.006767782628106431e+02
1.611869317991479420e+02
1.595404140095434116e+02
1.608562660237714113e+02
1.349173039174770565e+02
9.872081969413497404e+01
3.909397906596270644e+01
3.971829224785813039e+01
3.102874577126067024e+01
3.294517956323034014e+01
3.439519500084113446e+01
3.521743482161559768e+01
3.542664366930214470e+01
1.169912718416033499e+02
2.025139240265127398e+02
1.601281953882383107e+02
1.595124175831132618e+02
1.608265496002906332e+02
1.348856456238638657e+02
9.990402953448013079e+01
3.905586427362440105e+01
3.967839690020020527e+01
3.102095292217847700e+01
3.293480712300446100e+01
3.438232610512122278e+01
3.520214826465292646e+01
3.540901051099793051e+01
1.169708320032958113e+02
2.043457880369012400e+02
1.590678682225755551e+02
1.594844220062615818e+02
1.607968340200072817e+02
1.359890679037291932e+02
9.987026772820703968e+01
3.901775035578789641e+01
3.963850239215883420e+01
3.101316050023758919e+01
3.292443522333424255e+01
3.436945784642247759e+01
3.518686242573050293e+01
3.539137813777527697e+01
1.169503929786108500e+02
2.107725072037717666e+02
1.638995164010862879e+02
1.590416448161278424e+02
1.594564272789495760e+02
1.607671192828854032e+02
1.359574222137097479e+02
9.983650679089741686e+01
3.897963731242316499e+01
3.959860872370772000e+01
3.100536850540263245e+01
3.291406386417756380e+01
3.435659022469790358e+01
3.517157730479772226e+01
3.537374654958162523e+01
1.169299547674999076e+02
1.618598847122316897e+02
1.590154222578527765e+02
1.594284334011387045e+02
1.607374053888891297e+02
1.359257773770137874e+02
9.980274672251785262e+01
3.894152514350015082e+01
3.955871589482032391e+01
3.099757693763859834e+01
3.290369304549204799e+01
3.434372323990017151e+01
3.515629290180398669e+01
3.535611574636468646e+01
1.169095173699144112e+02
1.608255988658351043e+02
1.589892005477093733e+02
1.594004403727902286e+02
1.607076923379826212e+02
1.358941333936066940e+02
9.976898752303488038e+01
3.890341384898884058e+01
4.090603552204711235e+01
3.098978579691043578e+01
3.289332276723540360e+01
3.433085689198181711e+01
3.514100921669884059e+01
3.533848572807185207e+01
1.168890807858057457e+02
1.671168923662393127e+02
1.608011971332524297e+02
1.589629796856563928e+02
1.593724481938654378e+02
1.606779801301300097e+02
1.358624902634540206e+02
9.973522919241472096e+01
3.886530342885880884e+01
4.086616754815854335e+01
3.098199508318305817e+01
3.288295302936552389e+01
3.431799118089558931e+01
3.622299967703900592e+01
3.644635947870445136e+01
1.168686450151254803e+02
1.651327081006076298e+02
1.597653938294276657e+02
1.589367596716527089e+02
1.593444568643257071e+02
1.606482687652953132e+02
1.358308479865212917e+02
9.970147173062400725e+01
3.882719388308025543e+01
4.082630041247230679e+01
3.097420479642121194e+01
3.287258383184018129e+01
3.430512610659432227e+01
3.620770304637994741e+01
3.642871945372225184e+01
1.178774190471378347e+02
1.641271921022224376e+02
1.597409928304040250e+02
1.589105405056572806e+02
1.593164663841323829e+02
1.606185582434427488e+02
1.357992065627739464e+02
9.966771513762917323e+01
3.878908521162298939e+01
4.078643411496192783e+01
3.197884831832360675e+01
3.286221517461690667e+01
3.429226166903059436e+01
3.619240713359869233e+01
3.641108021342290613e+01
1.178569795420480091e+02
1.631202401859174529e+02
1.597165926697269072e+02
1.588843221876288112e+02
1.592884767532467833e+02
1.605888485645363346e+02
1.357675659921775093e+02
9.963395941339669548e+01
3.875097741445694055e+01
4.074656865560121588e+01
3.197103648598704595e+01
3.285184705765369273e+01
3.427939786815718293e+01
3.617711193864485608e+01
3.639344175775411827e+01
1.178365408498528240e+02
1.621118492736707708e+02
1.596921933473529407e+02
1.588581047175262597e+02
1.592604879716303969e+02
1.605591397285402309e+02
1.357359262746974480e+02
9.960020455789296534e+01
3.871287049155215243e+01
4.070670403436320584e+01
3.196322508144590557e+01
3.284147948090825508e+01
3.426653470392690082e+01
3.616181746146767750e+01
3.637580408666337206e+01
1.178161029705038061e+02
1.611020162786567482e+02
1.596677948632390382e+02
1.588318880953084431e+02
1.592325000392443997e+02
1.605294317354186546e+02
1.357042874102992300e+02
9.956645057108448782e+01
4.004176878640100767e+01
4.066684025122196289e+01
3.195541410466474730e+01
3.283111244433828801e+01
3.425367217629241168e+01
3.614652370201687148e+01
3.635816720009853498e+01
1.177956659039524681e+02
1.610794771624514112e+02
1.596433972173420557e+02
1.598398125726167223e+02
1.602589636961521649e+02
1.604997245851357093e+02
1.356726493989484652e+02
9.953269745293761162e+01
4.000368346115505602e+01
4.062697730615094827e+01
3.194760355560877940e+01
3.282074594790179844e+01
3.424081028520650705e+01
3.613123066024189001e+01
3.746424787009666346e+01
1.177752296501502798e+02
1.610569388666641544e+02
1.596190004096186215e+02
1.598136010360935586e+02
1.602309833701115735e+02
1.604700182776555266e+02
1.356410122406105643e+02
9.949894520341912596e+01
3.996559900881026550e+01
4.058711519912352372e+01
3.193979343424257422e+01
3.281037999155625329e+01
3.422794903062194294e+01
3.611593833609202164e+01
3.744660103135091589e+01
1.177547942090488249e+02
1.600456652757173970e+02
1.595946044400256483e+02
1.597873903465722663e+02
1.602030038923422239e+02
1.604403128129421816e+02
1.367427091778558577e+02
9.946519382249520902e+01
3.992751542933677200e+01
4.054725393011337076e+01
3.193198374053116595e+01
3.280001457525987973e+01
3.421508841249126931e+01
3.610064672951693865e+01
3.742895497688780182e+01
1.177343595805996017e+02
1.600231300923063316e+02
1.595702093085199920e+02
1.597611805040118327e+02
1.601750252628053488e+02
1.614834200218209617e+02
1.367110846155653121e+02
9.943144331013236581e+01
3.988943272270432061e+01
4.050739349909412113e+01
3.192417447443936496e+01
3.278964969897014470e+01
3.527120033718190228e+01
3.608535584046603617e+01
3.741130970665493294e+01
1.177139257647541086e+02
1.600005957297272516e+02
1.595458150150583663e+02
1.597349715083711033e+02
1.601470474814626357e+02
1.614537247057300817e+02
1.366794609051855787e+02
1.006127798952637704e+02
3.985135088888315380e+01
4.046753390603944922e+01
3.191636563593206688e+01
3.277928536264477799e+01
3.525832387085983299e+01
3.607006566888881594e+01
3.739366522060014830e+01
1.176934927614639435e+02
1.599780621879352509e+02
1.595214215595976839e+02
1.597087633596090939e+02
1.601190705482752890e+02
1.614240302313871496e+02
1.366478380466823808e+02
1.005790446521508983e+02
3.981326992784302377e+01
4.042767515092261732e+01
3.190855722497428459e+01
3.276892156624184338e+01
3.524544804123631536e+01
3.605477621473490046e+01
3.737602151867111644e+01
1.176730605706805335e+02
1.599555294668855652e+02
1.594970289420947154e+02
1.596825560576847067e+02
1.600910944632050246e+02
1.613943365987564107e+02
1.366162160400212144e+02
1.005453102764004853e+02
3.977518983955417298e+01
4.177270616442947926e+01
3.190074924153054781e+01
3.275855830971905647e+01
3.523257284826394198e+01
3.603948747795368490e+01
3.735837860081566220e+01
1.176526291923555192e+02
1.599329975665332597e+02
1.594726371625062882e+02
1.596563496025569862e+02
1.600631192262129616e+02
1.613646438078020253e+02
1.365845948851675189e+02
1.005115767679789940e+02
3.973711062398660232e+01
4.173287222815934427e+01
3.189294168556616427e+01
3.274819559303427496e+01
3.521969829189551149e+01
3.602419945849466387e+01
3.734073646698141147e+01
1.176321986264403847e+02
1.599104664868335419e+02
1.604596608234804478e+02
1.596301439941848344e+02
1.610879945391132253e+02
1.613349518584882105e+02
1.365529745820872449e+02
1.004778441268531139e+02
3.969903228110998583e+01
4.169303912846987004e+01
3.087296990642497718e+01
3.377852919386197073e+01
3.520682437208353122e+01
3.600891215630747411e+01
3.732309511711620331e+01
1.176117688728866710e+02
1.598879362277415623e+02
1.604352716529422480e+02
1.596039392325272388e+02
1.610600269151570103e+02
1.613052607507792402e+02
1.365213551307455759e+02
1.016571688016150432e+02
4.102561168766362698e+01
4.165320686533437566e+01
3.086518559349852708e+01
3.376814776255734785e+01
3.519395108878111955e+01
3.599362557134150364e+01
3.730545455116769915e+01
1.186189538166722599e+02
1.598654067892125283e+02
1.604108833195286365e+02
1.595777353175431585e+02
1.610320601383214694e+02
1.612755704846393314e+02
1.364897365311083774e+02
1.016234514253093693e+02
4.098755491882048574e+01
4.161337543872708977e+01
3.085740170701132001e+01
3.375776687161474854e+01
3.518107844194101119e+01
3.597833970354636790e+01
3.728781476908372383e+01
1.185985203592714328e+02
1.598428781712015621e+02
1.603864958231967250e+02
1.595515322491914390e+02
1.610040942085682616e+02
1.612458810600325876e+02
1.375896775694595249e+02
1.015897349151029800e+02
4.094949902131216390e+01
4.157354484862081279e+01
3.084961824692878096e+01
3.374738652099190972e+01
3.516820643151589110e+01
3.596305455287156860e+01
3.727017577081193878e+01
1.185780877136986504e+02
1.598203503736638424e+02
1.603621091639032841e+02
1.595253300274312380e+02
1.609761291258587903e+02
1.622873722093418962e+02
1.375580715614897258e+02
1.015560192709624374e+02
4.091144399510862684e+01
4.153371509498986569e+01
3.084183521321563504e+01
3.373700671064678858e+01
3.515533505745878529e+01
3.594777011926668564e+01
3.725253755630014751e+01
1.185576558799054396e+02
1.597978233965546053e+02
1.603377233416052547e+02
1.605317286203474509e+02
1.609481648901545441e+02
1.622576929334183546e+02
1.375264664041247329e+02
1.015223044928543885e+02
4.087338984018005306e+01
4.149388617780766708e+01
3.083405260583700525e+01
3.372662744053687334e+01
3.514246431972224372e+01
3.593248640268121363e+01
3.835675501216231709e+01
1.185372248578435261e+02
1.597752972398290296e+02
1.603133383562595782e+02
1.605055314922220475e+02
1.609202015014171252e+02
1.622280144980110776e+02
1.374948620973300990e+02
1.014885905807454378e+02
4.083533655649622318e+01
4.145405809704784161e+01
3.082627042475766643e+01
3.371624871062039830e+01
3.512959421825934214e+01
3.591720340306471826e+01
3.833910689838531738e+01
1.185167946474644793e+02
1.597527719034422375e+02
1.602889542078230818e+02
1.604793352098069477e+02
1.608922389596079938e+02
1.621983369030843676e+02
1.374632586410713486e+02
1.014548775346024030e+02
4.079728414402767811e+01
4.279671144103605229e+01
3.183049662288931714e+01
3.370587052085488722e+01
3.618394551821405969e+01
3.590192112036675809e+01
3.832145956812371423e+01
1.184963652487199113e+02
1.597302473873494080e+02
1.602645708962527920e+02
1.604531397730610252e+02
1.608642772646887806e+02
1.621686601486026404e+02
1.374316560353144894e+02
1.014211653543916754e+02
4.075923260274421978e+01
4.275690814834094766e+01
3.182269291265824762e+01
3.369549287119819070e+01
3.617105963576237571e+01
3.588663955453679222e+01
3.830381302132532539e+01
1.184759366615615761e+02
1.597077236915058336e+02
1.602401884215055929e+02
1.604269451819435233e+02
1.608363164166208890e+02
1.621389842345301133e+02
1.374000542800249036e+02
1.013874540400800441e+02
4.072118193261589170e+01
4.271710569071423436e+01
3.181488962955540245e+01
3.368511576160837961e+01
3.615817438982491439e+01
3.696667160622101278e+01
3.828616725793797571e+01
1.184555088859409722e+02
1.606739133188535220e+02
1.612257150263353367e+02
1.604007514364134011e+02
1.608083564153659495e+02
1.621093091608311738e+02
1.373684533751682295e+02
1.013537435916340428e+02
4.068313213361300029e+01
4.267730406812958677e+01
3.180708677354586555e+01
3.367473919204319799e+01
3.614528978035489359e+01
3.695137715560526459e+01
3.826852227790952554e+01
1.184350819218097826e+02
1.606513897829349844e+02
1.612013351764546769e+02
1.603745585364296744e+02
1.607803972608853655e+02
1.620796349274700106e+02
1.373368533207103894e+02
1.013200340090204605e+02
4.064508320570548960e+01
4.263750328056101324e+01
3.179928434459428033e+01
3.366436316246021931e+01
3.613240580730471407e+01
3.693608342184499804e+01
3.825087808118764343e+01
1.184146557691196904e+02
1.606288670665840073e+02
1.611769561626083487e+02
1.603483664819515013e+02
1.607524389531407678e+02
1.620499615344109259e+02
1.373052541166168510e+02
1.012863252922058024e+02
4.060703514886327525e+01
4.259770332798182579e+01
3.179148234266607531e+01
3.365398767281767789e+01
3.611952247062748711e+01
3.692079040488971486e+01
3.823323466772047396e+01
1.183942304278223219e+02
1.606063451697559117e+02
1.611525779847534352e+02
1.603221752729378693e+02
1.607244814920936733e+02
1.620202889816183927e+02
1.372736557628534229e+02
1.024637442189402634e+02
4.193134380976555065e+01
4.255790421036611804e+01
3.178368076772580153e+01
3.364361272307327511e+01
3.610663977027599003e+01
3.690549810468921521e+01
3.821559203745554356e+01
1.183738058978693175e+02
1.605838240924058766e+02
1.611282006428467355e+02
1.613270349807704918e+02
1.617478131429401742e+02
1.619906172690565995e+02
1.372420582593857148e+02
1.024300507543399590e+02
4.189331730069211801e+01
4.251810592768746488e+01
3.278634987908025522e+01
3.363323831318478341e+01
3.609375770620309964e+01
3.689020652119288002e+01
3.819795019034090444e+01
1.183533821792123604e+02
1.605613038344891947e+02
1.611038241368454464e+02
1.613008488766114397e+02
1.617198632960422628e+02
1.619609463966898204e+02
1.372104616061793649e+02
1.023963581543453643e+02
4.185529166133130730e+01
4.247830847991963310e+01
3.277852685120294041e+01
3.362286444311021683e+01
3.608087627836169986e+01
3.687491565435051655e+01
3.818030912632433882e+01
1.183329592718030767e+02
1.605387843959611871e+02
1.610794484667065092e+02
1.612746636170371914e+02
1.616919142948862032e+02
1.619312763644824145e+02
1.371788658032001536e+02
1.023626664189229416e+02
4.181726689165352440e+01
4.381859112443767401e+01
3.277070425113723218e+01
3.361249111280739754e+01
3.606799548670472433e+01
3.685962550411167626e+01
3.816266884535374260e+01
1.193385550147413170e+02
1.605162657767770611e+02
1.610550736323868364e+02
1.612484792020068483e+02
1.616639661394338248e+02
1.619016071723987977e+02
1.371472708504136619e+02
1.023289755480397787e+02
4.177924299162850019e+01
4.377881843398358086e+01
3.276288207884783077e+01
3.360211832223409800e+01
3.605511533118486511e+01
3.684433607042592485e+01
3.814502934737694062e+01
1.193181284333994938e+02
1.604937479768921662e+02
1.610306996338435681e+02
1.612222956314795681e+02
1.616360188296466447e+02
1.618719388204031020e+02
1.382455310667962181e+02
1.022952855416622668e+02
4.174121996122693901e+01
4.373904657708980892e+01
3.275506033429990538e+01
3.359174607134835355e+01
3.604223581175492086e+01
3.682904735324300560e+01
3.812739063234183590e+01
1.192977026627721671e+02
1.604712309962617667e+02
1.610063264710337023e+02
1.611961129054144237e+02
1.616080723654863220e+02
1.618422713084597717e+02
1.382139486948774731e+02
1.022615963997572663e+02
4.170319780041872093e+01
4.369927555373030970e+01
3.274723901745804255e+01
3.358137436010787269e+01
3.602935692836823733e+01
3.790730350301547702e+01
3.810975270019623196e+01
1.192772777028111761e+02
1.604487148348411267e+02
1.609819541439141517e+02
1.611699310237706868e+02
1.615801267469144875e+02
1.618126046365330808e+02
1.381823671720546542e+02
1.022279081222915096e+02
4.166517650917387527e+01
4.365950536387877889e+01
3.273941812828733333e+01
3.357100318847066234e+01
3.601647868097722238e+01
3.789200196101408835e+01
3.809211555088814549e+01
1.192568535534682184e+02
1.604261994925855959e+02
1.609575826524420847e+02
1.611437499865074017e+02
1.615521819738927434e+02
1.628525583538388730e+02
1.381507864982934564e+02
1.021942207092317005e+02
4.162715608746307083e+01
4.361973600750904723e+01
3.273159766675267690e+01
3.459945057635354715e+01
3.706904163527651974e+01
3.787670113550050388e+01
3.807447918436540135e+01
1.192364302146950621e+02
1.604036849694504383e+02
1.609332119965744141e+02
1.611175697935837547e+02
1.615242380463826350e+02
1.628229018227720530e+02
1.381192066735596882e+02
1.021605341605446284e+02
4.294913870327651750e+01
4.495758320717754941e+01
3.272377763281912166e+01
3.458906076909533311e+01
3.705614767435680079e+01
3.786140102642416849e+01
3.805684360057578175e+01
1.192160076864434188e+02
1.603811712653909751e+02
1.619172507942029426e+02
1.610913904449588756e+02
1.614962949643458785e+02
1.627932461307075016e+02
1.380876276978189878e+02
1.021268484761969688e+02
4.291113980704839292e+01
4.491783858136437857e+01
3.271595802645126838e+01
3.457867150195981765e+01
3.704325434967052644e+01
3.784610163373499603e+01
3.803920879946731759e+01
1.191955859686650854e+02
1.613459021380839147e+02
1.618928827766840186e+02
1.610652119405919791e+02
1.614683527277440476e+02
1.627635912776097200e+02
1.380560495710371640e+02
1.020931636561554114e+02
4.287314177900469758e+01
4.487809478768593152e+01
3.270813884761445678e+01
3.456828277490495083e+01
3.703036166117043848e+01
3.783080295738243137e+01
3.802157478098779109e+01
1.191751650613117448e+02
1.613233886124446599e+02
1.618685155939820959e+02
1.610390342804421948e+02
1.614404113365389719e+02
1.627339372634430958e+02
1.380244722931801107e+02
1.020594797003868166e+02
4.283514461911552473e+01
4.483835182611599635e+01
3.270032009627340841e+01
3.455789458788842694e+01
3.701746960880934267e+01
3.781550499731638126e+01
3.800394154508522604e+01
1.191547449643352365e+02
1.613008759052004280e+02
1.618441492460543145e+02
1.620423718479086119e+02
1.614124707906919411e+02
1.637722460712366512e+02
1.379928958642134091e+02
1.020257966088578314e+02
4.279714832735125896e+01
4.479860969662858139e+01
3.269250177239302957e+01
3.454750694086842344e+01
3.700457819254064162e+01
3.780020775348646822e+01
3.798630909170744019e+01
1.191343256776872579e+02
1.612783640163065400e+02
1.618197837328577293e+02
1.620161993012342521e+02
1.613845310901649270e+02
1.637426022018093761e+02
1.368313680756026258e+02
1.019921143815351599e+02
4.275915290368223509e+01
4.475886839919745341e+01
3.369348688767806976e+01
3.453711983380251382e+01
3.699168741231692792e+01
3.778491122584242135e+01
3.796867742080234365e+01
1.191139072013196483e+02
1.612558529457184022e+02
1.617954190543494803e+02
1.619900275978988589e+02
1.624063231840901551e+02
1.637129591703007350e+02
1.356679517760786666e+02
1.019584330183856764e+02
4.272115834807851087e+01
4.471912793379662077e+01
3.368564719189296142e+01
3.452673326664874764e+01
3.697879726809109968e+01
3.776961541433375658e+01
3.907093074250916942e+01
1.190934895351840623e+02
1.612333426933914211e+02
1.617710552104866508e+02
1.619638567378615903e+02
1.623783910987739603e+02
1.647496085765135376e+02
1.356363561594577902e+02
1.031340089966076903e+02
4.268316466051027191e+01
4.467938830040003495e+01
3.367780792438616544e+01
3.451634723936518157e+01
3.696590775981621846e+01
3.775432031891048013e+01
3.905328922305089634e+01
1.190730726792324248e+02
1.612108332592809745e+02
1.617466922012263808e+02
1.619376867210817750e+02
1.623504598578242906e+02
1.647199756955093619e+02
1.344710367350431852e+02
1.031003428684207819e+02
4.264517184094805913e+01
4.463964949898116430e+01
3.366996908512286524e+01
3.450596175190946724e+01
3.695301888744499763e+01
3.883079195683601625e+01
3.903564848581991953e+01
1.190526566334164045e+02
1.611883246433424404e+02
1.617223300265257819e+02
1.619115175475185424e+02
1.623225294612026630e+02
1.657549604749983416e+02
1.333038195749996930e+02
1.030666776032169025e+02
4.260717988936200129e+01
4.459991152951421611e+01
3.366213067406791026e+01
3.449557680423974659e+01
3.694013065093064085e+01
3.881548409631729868e+01
3.901800853076410647e+01
1.190322413976878266e+02
1.621516043474075843e+02
1.616979686863419374e+02
1.618853492171313064e+02
1.633427183167650014e+02
1.667882753663486994e+02
1.309953090532700344e+02
1.030330132009627135e+02
4.256918880572209929e+01
4.456017439197302821e+01
3.365429269118622102e+01
3.448519239631372102e+01
3.799095933568462868e+01
3.880017695186626980e+01
3.900036935783164438e+01
1.200362479029626286e+02
1.621290959320863578e+02
1.616736081806320158e+02
1.618591817298791682e+02
1.633147955454996350e+02
1.678199244077052015e+02
1.298223807554841187e+02
1.029993496616251463e+02
4.253119858999907876e+01
4.452043808633128208e+01
3.364645513644255459e+01
3.551193166505060361e+01
3.797805545193421750e+01
3.878487052343277952e+01
3.898273096697039364e+01
1.200158290225696049e+02
1.621065883342568839e+02
1.616492485093531570e+02
1.618330150857214278e+02
1.643333715166589002e+02
1.699078272187347523e+02
1.275024365835845543e+02
1.029656869851710042e+02
4.385092383614469469e+01
4.448070261256307845e+01
3.363861800980202332e+01
3.550152869507303421e+01
3.796515220427477288e+01
3.876956481096640061e+01
3.896509335812829278e+01
1.199954109517312304e+02
1.620840815538745971e+02
1.626318015984211343e+02
1.628348216548919822e+02
1.653503316763680573e+02
1.782817838368610239e+02
1.263237549244099966e+02
1.029320251715672327e+02
4.381295511967088174e+01
4.444096797064216275e+01
3.363078131122948378e+01
3.549112626535435311e+01
3.795224959265911480e+01
3.875425981441719614e+01
3.894745653125342955e+01
1.199749936903993870e+02
1.620615755908950462e+02
1.626074445796231487e+02
1.628086601352609080e+02
1.663656798664277972e+02
1.251431427132525869e+02
1.028983642207805502e+02
4.377498726976794075e+01
4.440123416054266414e+01
3.362294504068981382e+01
3.548072437585235406e+01
3.793934761704025505e+01
3.873895553373462519e+01
4.004791079962723188e+01
1.199545772385259284e+02
1.620390704452736657e+02
1.625830883944699963e+02
1.627824994578474787e+02
1.673794199164697432e+02
1.251114565388521811e+02
1.028647041327775611e+02
4.373702028640609285e+01
4.436150118223809358e+01
3.361510919814816845e+01
3.547032302652492319e+01
3.792644627737123386e+01
3.872365196886870109e+01
4.003026417754209376e+01
1.199341615960627081e+02
1.620165661169659188e+02
1.625587330429189308e+02
1.637827531549107789e+02
1.694299726553037146e+02
1.239288991101269488e+02
1.028310449075254667e+02
4.369905416955597843e+01
4.432176903570246651e+01
3.360727378356911288e+01
3.545992221732998217e+01
3.791354557360499911e+01
3.870834911976916004e+01
4.001261833717700256e+01
1.199137467629616509e+02
1.619940626059273256e+02
1.625343785249271207e+02
1.647814490653623238e+02
1.272204143388772195e+02
1.238972038775325473e+02
1.027973865449908999e+02
4.366108891918768364e+01
4.565745038678701206e+01
3.359943879691784474e+01
3.544952194822568003e+01
3.790064550569460522e+01
3.869304698638568851e+01
3.999497327848008865e+01
1.198933327391744825e+02
1.619715599121133209e+02
1.625100248404517913e+02
1.657785908254962806e+02
1.260641206580619524e+02
1.238655095053565987e+02
1.027637290451407210e+02
4.362312453527179912e+01
4.561774292957228738e+01
3.359160423815929164e+01
3.543912221916963290e+01
3.788774607359288638e+01
3.867774556866812219e+01
3.997732900139926215e+01
1.198729195246532839e+02
1.629333914561955794e+02
1.634910850790957113e+02
1.667741820602978748e+02
1.249059709043004318e+02
1.238338159935638316e+02
1.039374098202093251e+02
4.358516101777842522e+01
4.557803630278345963e+01
3.358377010725826750e+01
3.542872303011987611e+01
3.787484727725309597e+01
3.866244486656632517e+01
3.995968550588273160e+01
1.198525071193497382e+02
1.629108889844433747e+02
1.634667340655928740e+02
1.687868620071633359e+02
1.248760506062872935e+02
1.238021233421192875e+02
1.039037675426922078e+02
4.354719836667813126e+01
4.553833050639445190e+01
3.357593640417993441e+01
3.541832438103455871e+01
3.786194911662810370e+01
3.864714488003007631e+01
3.994204279187854212e+01
1.198320955232158553e+02
1.628883873292362807e+02
1.644462976717774154e+02
1.237160331477127784e+02
1.237704315509880075e+02
1.038701261266722753e+02
4.350923658194096078e+01
4.549862554037949280e+01
3.457517719152830438e+01
3.540792627187143893e+01
3.784905159167065136e+01
3.863184560900905495e+01
3.992440085933478855e+01
1.208345393676950295e+02
1.628658864905297605e+02
1.654243662385187577e+02
1.297354440871372958e+02
1.236861065610928705e+02
1.237387406201348625e+02
1.038364855721163025e+02
4.347127566353748307e+01
4.545892140471219989e+01
3.456732219975338438e+01
3.539752870258827500e+01
3.783615470233400657e+01
3.861654705345323890e+01
3.990675970819947338e+01
1.208141241584269210e+02
1.628433864682794763e+02
1.664009431858682433e+02
1.275040938240467057e+02
1.236561808450763778e+02
1.237070505495248796e+02
1.038028458789915192e+02
4.478872954245661475e+01
4.541921809936685861e+01
3.455946763661314947e+01
3.538713167314346464e+01
3.782325844857132324e+01
3.860124921331228620e+01
3.988911933842077673e+01
1.207937097577957104e+02
1.638037757739155325e+02
1.673760319234537235e+02
1.263717138362058705e+02
1.236262559996253287e+02
1.236753613391230004e+02
1.037692070472644019e+02
4.475079009840241895e+01
4.537951562431722152e+01
3.455161350207240645e+01
3.537673518349483714e+01
3.781036283033529344e+01
3.858595208853611780e+01
3.987147974994671529e+01
1.207732961657533224e+02
1.637812759975944630e+02
1.252375549088728803e+02
1.235963320247017236e+02
1.236436729888943091e+02
1.037355690769022516e+02
4.471285151933955149e+01
4.533981397953740355e+01
3.454375979609599057e+01
3.536633923359999443e+01
3.779746784757912081e+01
3.857065567907451253e+01
3.985384094272541944e+01
1.207528833822517669e+02
1.637587770370503222e+02
1.373809270312236777e+02
1.241016128467512090e+02
1.235664089202675910e+02
1.236119854988035200e+02
1.037019319678717579e+02
4.467491380523870959e+01
4.530011316500115726e+01
3.453590651864898575e+01
3.639131810620686025e+01
3.778457350025597350e+01
3.855535998487739135e+01
3.983620291670494140e+01
1.207324714072429401e+02
1.647177286312235083e+02
1.298521897645138381e+02
1.240735007856781635e+02
1.235364866862849880e+02
1.235802988688159161e+02
1.036682957201399091e+02
4.463697695606999361e+01
4.526041318068255492e+01
3.553362465723663632e+01
3.638090366915584184e+01
3.777167978831862172e+01
3.854006500589447626e+01
3.981856567183341156e+01
1.207120602406789374e+02
1.656752468763596369e+02
1.276672501218871218e+02
1.240453895979906633e+02
1.235065653227158720e+02
1.235486130988963396e+02
1.036346603336736507e+02
4.459904097180409366e+01
4.659379208479938939e+01
3.552575016548878750e+01
3.637048977236931790e+01
3.775878671172018386e+01
3.961463631602813962e+01
3.980092920805900292e+01
1.206916498825115411e+02
1.666313349837083138e+02
1.265591112383120560e+02
1.229076513366256762e+02
1.234766448295223000e+02
1.235169281890098034e+02
1.036010258084398430e+02
4.456110585241144406e+01
4.655411675653544279e+01
3.551787610307693654e+01
3.636007641580537353e+01
3.774589427041366463e+01
3.959932863166600470e+01
3.978329352532979613e+01
1.206712403326928893e+02
1.685617349972490331e+02
1.254492701093681433e+02
1.228795365955423762e+02
1.234467252066664003e+02
1.234852441391211784e+02
1.035673921444054741e+02
4.452317159786218781e+01
4.651444225714970315e+01
3.551000246996589027e+01
3.634966359942205827e+01
3.773300246435218241e+01
3.958402166249860699e+01
3.976565862359377235e+01
1.206508315911748639e+02
1.344670662819731888e+02
1.243377228097356948e+02
1.228514227285878775e+02
1.234168064541099454e+02
1.234535609491956194e+02
1.035337593415373902e+02
4.448523820812685159e+01
4.647476858661625698e+01
3.550212926612067577e+01
3.633925132317708773e+01
3.772011129348891956e+01
3.956871540847584612e+01
4.086422392565182804e+01
1.206304236579095033e+02
1.302376305329132720e+02
1.243114665892207427e+02
1.228233097357213950e+02
1.233868885718151063e+02
1.245729230459027974e+02
1.035001273998026790e+02
4.444730568317612551e+01
4.643509574490927605e+01
3.549425649150624906e+01
3.632883958702852567e+01
3.770722075777663918e+01
3.955340986954752225e+01
4.084657928003078098e+01
1.206100165328487606e+02
1.281010630677490667e+02
1.231982074195275487e+02
1.227951976169022998e+02
1.233569715597440108e+02
1.245412523367874940e+02
1.046719469316303162e+02
4.576247424039272715e+01
4.639542373200270475e+01
3.548638414608744540e+01
3.631842839093451403e+01
3.875612539849812066e+01
3.953810504566353501e+01
4.082893541515465330e+01
1.216108974582408990e+02
1.270181697510586218e+02
1.231719503066728976e+02
1.238767408106836854e+02
1.233270554178584604e+02
1.245095824865226461e+02
1.046383301972794584e+02
4.572456316621475025e+01
4.635575254787043065e+01
3.547851222982903607e+01
3.630801773485268313e+01
3.874321928487507449e+01
3.952280093677384798e+01
4.081129233097179565e+01
1.215904867509311202e+02
1.259336519486082295e+02
1.231456940634088539e+02
1.238486357355557033e+02
1.244273504830055117e+02
1.244779134950734090e+02
1.046047143228776548e+02
4.568665295548248650e+01
4.631608219248659708e+01
3.547064074269604816e+01
3.629760761874140229e+01
3.873031380663427115e+01
3.950749754282826132e+01
4.079365002743028157e+01
1.215700768512933649e+02
1.425873943074905981e+02
1.259092946073028685e+02
1.231194386896923731e+02
1.238205315334877810e+02
1.243974440961960539e+02
1.244462453624046532e+02
1.045710993083919362e+02
4.564874360816646970e+01
4.627641266582529056e+01
3.546276968465354429e+01
3.628719804255848658e+01
3.871740896372840268e+01
3.949219486377672439e+01
4.077600850447835512e+01
1.215496677592796857e+02
1.354370725688859523e+02
1.248231494719826031e+02
1.230931841854801689e+02
1.237924282044392044e+02
1.243675385785146830e+02
1.244145780884817754e+02
1.045374851537892908e+02
4.561083512423699915e+01
4.623674396786046970e+01
3.545489905566619626e+01
3.627678900626192871e+01
3.870450475611117724e+01
3.947689289956921499e+01
4.187280576625961714e+01
1.215292594748420925e+02
1.292455747241054667e+02
1.247987937980771136e+02
1.230669305507290971e+02
1.237643257483693162e+02
1.243376339299234985e+02
1.243829116732696036e+02
1.045038718590367921e+02
4.557292750366472234e+01
4.619707609856613573e+01
3.544702885569914486e+01
3.626638050980972849e+01
3.975178240287297626e+01
3.946159165015546222e+01
4.185515455265198881e+01
1.215088519979326946e+02
1.271544658568771240e+02
1.247744389804712029e+02
1.230406777853959284e+02
1.237362241652373882e+02
1.243077301503846286e+02
1.243512461167332646e+02
1.044702594241013003e+02
4.553502074642025832e+01
4.615740905791655990e+01
3.543915908471701215e+01
3.625597255316004919e+01
3.973886268134823041e+01
4.053438891066703320e+01
4.183750411938397917e+01
1.214884453285035448e+02
1.260953787552692518e+02
1.247500850191197230e+02
1.230144258894374900e+02
1.237081234550028341e+02
1.242778272398601871e+02
1.243195814188378989e+02
1.044366478489500167e+02
4.549711485247397036e+01
4.611774284588543082e+01
3.543128974268493181e+01
3.624556513627049270e+01
3.972594359533929520e+01
4.051907501501508335e+01
4.181985446640364046e+01
1.214680394665067524e+02
1.250347404315897535e+02
1.247257319139774836e+02
1.229881748628106095e+02
1.236800236176249257e+02
1.242479251983123447e+02
1.242879175795484059e+02
1.044030371335496170e+02
4.545920982179644909e+01
4.744887362755748228e+01
3.542342082956776750e+01
3.726878884319172158e+01
3.971302514479936008e+01
4.050376183413518305e+01
4.180220559365937305e+01
1.214476344118943558e+02
1.239725474752787306e+02
1.247013796649993651e+02
1.229619247054720859e+02
1.236519246530630340e+02
1.242180240257031301e+02
1.242562545988301110e+02
1.043694272778676009e+02
4.542130565435825673e+01
4.740923203574129730e+01
3.541555234533047525e+01
3.725836301368414638e+01
3.970010732968157896e+01
4.048844936797718930e+01
4.178455750109940681e+01
1.214272301646184502e+02
1.239501388220463980e+02
1.246770282721401912e+02
1.229356754173787323e+02
1.236238265612764167e+02
1.241881237219947423e+02
1.242245924766479135e+02
1.055393334182962803e+02
4.538340235012952917e+01
4.736959127120807977e+01
3.540768428993813899e+01
3.724793772444312623e+01
3.968719014993896366e+01
4.047313761649094488e+01
4.176691018867205685e+01
1.214068267246311592e+02
1.228863912359513222e+02
1.246526777353548141e+02
1.229094269984874046e+02
1.235957293422244874e+02
1.241582242871492383e+02
1.241929312129669967e+02
1.055057387596371541e+02
4.534549990908124784e+01
4.732995133393202281e+01
3.539981666335543764e+01
3.723751297542654015e+01
3.967427360552454729e+01
4.045782657962663365e+01
4.174926365632548908e+01
1.213864240918845070e+02
1.228639868426303394e+02
1.246283280545981142e+02
1.228831794487549445e+02
1.235676329958665889e+02
1.241283257211288031e+02
1.241612708077523735e+02
1.054721449595147220e+02
4.530759833118363389e+01
4.729031222388711342e+01
3.639575709154684802e+01
3.722708876659242350e+01
3.966135769639171116e+01
4.044251625733411970e+01
4.173161790400803284e+01
1.213660222663306172e+02
1.228415832857605068e+02
1.246039792298249296e+02
1.228569327681381509e+02
1.235395375221620213e+02
1.240984280238955222e+02
1.252788919158624594e+02
1.054385520178960434e+02
4.526969761640751244e+01
4.725067394104755181e+01
3.638786833480862271e+01
3.824875133041446418e+01
3.964844242249336048e+01
4.042720664956340926e+01
4.171397293166798903e+01
1.213456212479215708e+02
1.228191805652950848e+02
1.245796312609901690e+02
1.239177275262069742e+02
1.235114429210700848e+02
1.240685311954115377e+02
1.252472439824264541e+02
1.054049599347481916e+02
4.523179776472301228e+01
4.721103648538771580e+01
3.637998000768109819e+01
3.823830877770824088e+01
3.963552778378277708e+01
4.041189775626448011e+01
4.169632873925366567e+01
1.223449347167549206e+02
1.227967786811872060e+02
1.245552841480486563e+02
1.238914852030323743e+02
1.234833491925502216e+02
1.240386352356390631e+02
1.252155969063470735e+02
1.053713687100383254e+02
4.654479045757173594e+01
4.717139985688117321e+01
3.637209211012908838e+01
3.822786676568644992e+01
3.962261378021307223e+01
4.148295250278084723e+01
4.167868532671329262e+01
1.223245301458533731e+02
1.227743776333900172e+02
1.245309378909552578e+02
1.238652437480751161e+02
1.234552563365617601e+02
1.240087401445401980e+02
1.251839506875893449e+02
1.053377783437335040e+02
4.650691202656338419e+01
4.713176405550246528e+01
3.636420464211761328e+01
3.821742529430679269e+01
3.960970041173727907e+01
4.146763102205574825e+01
4.166104269399516369e+01
1.223041263815642736e+02
1.227519774218566937e+02
1.255683816602617640e+02
1.238390031612921831e+02
1.245351262864760287e+02
1.239788459220769852e+02
1.251523053261185083e+02
1.053041888358007725e+02
4.646903445731179261e+01
4.846055825073135992e+01
3.635631760361169285e+01
3.820698436352756033e+01
3.959678767830863677e+01
4.145231025577814421e+01
4.275600354162904893e+01
1.222837234238398736e+02
1.237708996887172503e+02
1.255440371501868526e+02
1.238127634426405024e+02
1.245070404764322802e+02
1.250774461266879314e+02
1.262680857184603838e+02
1.040669772586018240e+02
4.643115774978784316e+01
4.842094703901211261e+01
3.634843099457585680e+01
3.819654397330671003e+01
3.958387557988029926e+01
4.143699020389788501e+01
4.273835126984732113e+01
1.222633212726322967e+02
1.237484985579157382e+02
1.255196934951667629e+02
1.237865245920769439e+02
1.244789555379349650e+02
1.250475616548342117e+02
1.262364528293672379e+02
1.040333759982870134e+02
4.639328190396179252e+01
4.838133665308868814e+01
3.634054481497550171e+01
3.818610412360209239e+01
3.957096411640546307e+01
4.142167086636516871e+01
4.272069977763653270e+01
1.222429199278936807e+02
1.237260982627060315e+02
1.254953506951564748e+02
1.237602866095584488e+02
1.244508714709434685e+02
1.250176780505611447e+02
1.262048207964532622e+02
1.039997755973275986e+02
4.635540691980462924e+01
4.834172709293483905e+01
3.633265906477519991e+01
3.817566481437170722e+01
3.955805328783743846e+01
4.140635224313001572e+01
4.270304906494485664e+01
1.232407048451750597e+02
1.237036988030413767e+02
1.254710087501109257e+02
1.237340494950419441e+02
1.244227882754173891e+02
1.249877953138310858e+02
1.261731896196836686e+02
1.039661760556905108e+02
4.631753279728660999e+01
4.830211835852504976e+01
3.632477374394034086e+01
3.816522604557391674e+01
4.060353100940908178e+01
4.139103433414232569e+01
4.268539913172085676e+01
1.232202999814192452e+02
1.236813001788750199e+02
1.254466676599850672e+02
1.237078132484843564e+02
1.243947059513159417e+02
1.249579134446062909e+02
1.261415592990237826e+02
1.027268303366358566e+02
4.627965953637864516e+01
4.826251044983343519e+01
3.631688885243523401e+01
3.815478781716652890e+01
4.059060473366182720e+01
4.137571713935228956e+01
4.266774997791269897e+01
1.231998959235997262e+02
1.236589023901602644e+02
1.254223274247339219e+02
1.236815778698425987e+02
1.243666244985987248e+02
1.249280324428488456e+02
1.272555037817974863e+02
1.026932190521814050e+02
4.624178713705082799e+01
4.958890365481918394e+01
3.630900439022511961e+01
3.814435012910777800e+01
4.057767909304549647e+01
4.136040065870987803e+01
4.265010160346893997e+01
1.231794926716687968e+02
1.236365054368503564e+02
1.253979880443123847e+02
1.236553433590736262e+02
1.243385439172251239e+02
1.248981523085211194e+02
1.272238859340509265e+02
1.014517590914346528e+02
4.620391559927436731e+01
4.954932030917243679e+01
3.630112035727508157e+01
3.813391298135524465e+01
4.056475408751342826e+01
4.134508489216522520e+01
4.263245400833793752e+01
1.231590902255785949e+02
1.236141093188985280e+02
1.253736495186754354e+02
1.236291097161343657e+02
1.243104642071545669e+02
1.259949823806506828e+02
1.283359644348215909e+02
1.002081921407887677e+02
4.616604492301942742e+01
5.087322460243769484e+01
3.629323675354984147e+01
3.812347637386735499e+01
4.055182971701884043e+01
4.132976983966840123e+01
4.261480719246794280e+01
1.231386885852815283e+02
1.235917140362580540e+02
1.253493118477780826e+02
1.236028769409817869e+02
1.242823853683465387e+02
1.259651120015646200e+02
1.294461700798584900e+02
9.774837741414211223e+01
4.612817510825687606e+01
5.083366579843277577e+01
3.628535357901454006e+01
3.811304030660203779e+01
4.053890598151462399e+01
4.131445550116937682e+01
4.259716115580740592e+01
1.231182877507297917e+02
1.235693195888822231e+02
1.263851363603570093e+02
1.235766450335728450e+02
1.242543074007605242e+02
1.259352424888550388e+02
1.305545075963060526e+02
9.528012121710038684e+01
4.743893671290967973e+01
5.215508827389449920e+01
3.627747083363393443e+01
3.810260477951756286e+01
4.052598288095421708e+01
4.129914187661817238e+01
4.257951589830479122e+01
1.230978877218756367e+02
1.235469259767242676e+02
1.263608004562075848e+02
1.235504139938643959e+02
1.242262303043558944e+02
1.270302714847236700e+02
1.327971567509433442e+02
9.280338002144424081e+01
4.740108829267531121e+01
5.347401232016775197e+01
3.626958851737305878e+01
3.912252183521566451e+01
4.051306041529075230e+01
4.128382896596508544e+01
4.256187141990840672e+01
1.230774884986714710e+02
1.245642629357535043e+02
1.263364654060054306e+02
1.246095586583828236e+02
1.241981540790921485e+02
1.270004117358680986e+02
9.154495044673495840e+01
4.736324073260168177e+01
5.614385753815292901e+01
3.626170663019693308e+01
3.911206803813342248e+01
4.050013858447741910e+01
4.126851676915998013e+01
4.254422772056676649e+01
1.230570900810693757e+02
1.245418684294223226e+02
1.263121312097056119e+02
1.245833319858475363e+02
1.252763368837066764e+02
1.280936353102189003e+02
9.028437039979505130e+01
4.732539403266001443e+01
3.625382517207037836e+01
3.910161478172901894e+01
4.048721738846760587e+01
4.125320528615309001e+01
4.363735742880368207e+01
1.240533330353528783e+02
1.245194747576375960e+02
1.262877978672632082e+02
1.245571061801163211e+02
1.252482677094074290e+02
1.291850490709000212e+02
9.025063167142370446e+01
4.863376693910645088e+01
3.624594414295862066e+01
3.909116206596092979e+01
4.047429682721428890e+01
4.123789451689449947e+01
4.361970414173081423e+01
1.240329311301126154e+02
1.244970819203526133e+02
1.262634653786332564e+02
1.245308812411462043e+02
1.252201994052661860e+02
1.302746575083691027e+02
9.021689381402195806e+01
4.859594161795689615e+01
3.724006949099419472e+01
3.908070989078692037e+01
4.046137690067099868e+01
4.122258446133406551e+01
4.360205163345985824e+01
1.240125300299418285e+02
1.244746899175208341e+02
1.262391337437707932e+02
1.245046571688943118e+02
1.262966377405091833e+02
1.012869584457119174e+02
9.018315682755613238e+01
4.990189160290845649e+01
3.723216741711685529e+01
3.907025825616523917e+01
4.044845760879064045e+01
4.120727511942224908e+01
4.358439990393934949e+01
1.239921297347928260e+02
1.244522987490955330e+02
1.262148029626309409e+02
1.244784339633175705e+02
1.273713235379642015e+02
9.529134703318291599e+01
9.014942071199259033e+01
4.986408764737912236e+01
3.722426577304919704e+01
3.905980716205390024e+01
4.043553895152668787e+01
4.119196649110885033e+01
4.356674895311770968e+01
1.239717302446179730e+02
1.244299084150301269e+02
1.261904730351687078e+02
1.255359014499888843e+02
1.284442610740820783e+02
9.285972454809406429e+01
9.011568546729746743e+01
5.116762152665621954e+01
3.721636455875634653e+01
3.904935660841106682e+01
4.042262092883216695e+01
4.117665857634418103e+01
4.354909878094338183e+01
1.239513315593695921e+02
1.244075189152779330e+02
1.261661439613392020e+02
1.255096826288968828e+02
1.295154546114116272e+02
9.162487157991539277e+01
9.008195109343714080e+01
5.380514917275255726e+01
3.720846377420307505e+01
3.903890659519449002e+01
4.040970354066055137e+01
4.116135137507819763e+01
4.353144938736485159e+01
1.239309336790000913e+02
1.243851302497923541e+02
1.261418157410975169e+02
1.254834646735847201e+02
1.316806575448974570e+02
9.038794939495728897e+01
9.004821759037778861e+01
5.643293081056354765e+01
3.720056341935458022e+01
3.902845712236250364e+01
4.145338674758218644e+01
4.223049613194520902e+01
4.351380077233051225e+01
1.239105366034618214e+02
1.243627424185267358e+02
1.261174883743986612e+02
1.254572475840095507e+02
9.687379623744114099e+01
9.035601444372197477e+01
9.001448495808574535e+01
3.719266349417542727e+01
3.901800818987319985e+01
4.144045397863021662e+01
4.221517640210294786e+01
4.349615293578902708e+01
1.238901403327071051e+02
1.243403554214345093e+02
1.260931618611977996e+02
1.265130350852593750e+02
9.331522757613494434e+01
8.911700826424777233e+01
8.998075319652735971e+01
3.718476399863091331e+01
3.900755979768470638e+01
4.142752184442207408e+01
4.219985738573338807e+01
4.347850587768887465e+01
1.238697448666883361e+02
1.243179692584690059e+02
1.260688362014499830e+02
1.264868223990715990e+02
9.210504382840393589e+01
8.908506462787137536e+01
8.994702230566896617e+01
3.717686493268566750e+01
3.899711194575478856e+01
4.141459034491118985e+01
4.218453908278631559e+01
4.346085959797839848e+01
1.238493502053579505e+02
1.242955839295836000e+02
1.260445113951102769e+02
1.275409269742376921e+02
9.089287364280045267e+01
8.905312187867886564e+01
8.991329228547661501e+01
3.716896629630486615e+01
3.898666463404202887e+01
4.140165948005078178e+01
4.216922149321215585e+01
4.344321409660618372e+01
1.238289563486682567e+02
1.242731994347316942e+02
1.260201874421338033e+02
1.285933491232018469e+02
8.967871212439449380e+01
8.902118001663323810e+01
8.987956313591676860e+01
3.816149639278096117e+01
3.897621786250420683e+01
4.138872924979426671e+01
4.215390461696098612e+01
4.342556937352075863e+01
1.238085632965716201e+02
1.242508157738666199e+02
1.259958643424756417e+02
1.296440928706607281e+02
1.035840306099796209e+02
8.964861513886312139e+01
8.898923904169748766e+01
9.107286302783847987e+01
3.815357678834234179e+01
3.896577163109940756e+01
4.137579965409479854e+01
4.213858845398299735e+01
4.340792542867064441e+01
1.237881710490205052e+02
1.242284329469418935e+02
1.259715420960909000e+02
9.437766430934672712e+01
8.843245074020525465e+01
8.895729895383473718e+01
9.103914901999934273e+01
3.814565761425794221e+01
3.895532593978608560e+01
4.136287069290550278e+01
4.212327300422838050e+01
4.339028226200429827e+01
1.237677796059672204e+02
1.242060509539108182e+02
1.270057590508595098e+02
9.203612331980339434e+01
8.840234801454244007e+01
8.892535975300810946e+01
9.100543588159180786e+01
3.813773887049243427e+01
3.894488078852187840e+01
4.134994236618016572e+01
4.210795826764738337e+01
4.337263987347025562e+01
1.237473889673642020e+02
1.252217965710717067e+02
1.269814385848627438e+02
9.084839983848854672e+01
8.837224618513144492e+01
8.889342143918037209e+01
9.219666754751871451e+01
3.812982055701097295e+01
3.893443617726525474e+01
4.133701467387162154e+01
4.209264424419008321e+01
4.335499826301712289e+01
1.237269991331638863e+02
1.251994137050793228e+02
1.269571189713486916e+02
8.965876620372171146e+01
8.834214525193242196e+01
8.886148401231486105e+01
9.216296954930490415e+01
3.812190267377862796e+01
3.892399210597420733e+01
4.132408761593336521e+01
4.207733093380667810e+01
4.333735743059321521e+01
1.237066101033185817e+02
1.251770316723102496e+02
1.279897186776248361e+02
8.846721780379492373e+01
8.831204521490531079e+01
8.882954747237445758e+01
9.335212424220119942e+01
3.811398522076012085e+01
3.994207514565644601e+01
4.131116119231869988e+01
4.314471690904749579e+01
4.331971737614727402e+01
1.236862218777807385e+02
1.251546504727178473e+02
1.290207030809495734e+02
8.843900491469193526e+01
8.828194607400999416e+01
8.879761181932231295e+01
9.453919319323934189e+01
3.810606819792040056e+01
3.993161288056532499e+01
4.129823540298072260e+01
4.312939112837913314e+01
4.330207809962768550e+01
1.236658344565027932e+02
1.251322701062557030e+02
1.300500759686052845e+02
1.064852957800985109e+02
8.841079292291981062e+01
8.825184782920655380e+01
8.997286414287363243e+01
9.572418188510495440e+01
3.809815160522451549e+01
3.992115115593301766e+01
4.128531024787314152e+01
4.311406606075605197e+01
4.328443960098317689e+01
1.236454478394370824e+02
1.251098905728772337e+02
1.331771910700571198e+02
9.524695306308008469e+01
8.721731767669324142e+01
8.822175048045491508e+01
8.994094070951551601e+01
9.812156694391561018e+01
3.809023544263718719e+01
3.991068997171755939e+01
4.127238572694906082e+01
4.309874170612865640e+01
4.326680188016209172e+01
1.236250620265361562e+02
1.250875118725359840e+02
9.295669532073384289e+01
8.718910285618386524e+01
8.819165402771504603e+01
8.990901816188981854e+01
3.808231971012359907e+01
3.990022932787682919e+01
4.231429575616052574e+01
4.308341806444715161e+01
4.435801286328110393e+01
1.246197158638422735e+02
1.261016874290809398e+02
9.179570386660374481e+01
8.716088893376085878e+01
8.816155847094704257e+01
9.108226071827024839e+01
3.907323749607025576e+01
3.988976922436900452e+01
4.230135592026231706e+01
4.306809513566172143e+01
4.434036560398206461e+01
1.245993265887085641e+02
1.260793078830937617e+02
9.063288774948196647e+01
8.713267590938148999e+01
8.813146381011081587e+01
9.105035039559578536e+01
3.906530087270299845e+01
3.987930966115255416e+01
4.228841671876546826e+01
4.305277291972256393e+01
4.432271912225308341e+01
1.245789381172077128e+02
1.260569291694736620e+02
8.946824266440984275e+01
8.710446378300279946e+01
8.928752113901256848e+01
9.101844095749993357e+01
3.905736468019399155e+01
3.986885063818522923e+01
4.227547815162340328e+01
4.303745141657998374e+01
4.430507341804268862e+01
1.245585504492920847e+02
1.260345512881741570e+02
8.830176429287590167e+01
8.707625255458187041e+01
8.925743579002394767e+01
9.218967904404749447e+01
3.904942891850781450e+01
3.985839215542554115e+01
4.226254021878952472e+01
4.302213062618434236e+01
4.428742849129945114e+01
1.245381635849142299e+02
1.260121742391488908e+02
8.827549003565678731e+01
8.704804222407587133e+01
8.922735133587448786e+01
9.335889523250108368e+01
3.904149358760955124e+01
3.984793421283134762e+01
4.224960292021732755e+01
4.300681054848583074e+01
4.426978434197206980e+01
1.245177775240266698e+02
1.270247869827753249e+02
8.710717316074472194e+01
8.701983279144199912e+01
8.919726777652424232e+01
9.452609475392308980e+01
3.903355868746415069e+01
3.983747681036091137e+01
4.223666625585980938e+01
4.407245574020141277e+01
4.425214097000918656e+01
1.244973922665818691e+02
1.270024091165266356e+02
8.708089890977896630e+01
8.699162425663728015e+01
8.916718511193327856e+01
9.569128282134683161e+01
3.902562421803646231e+01
4.085389967321594185e+01
4.222373022567070677e+01
4.405712325021755760e+01
4.423449837535923734e+01
1.244770078125323920e+02
1.280134677258038209e+02
1.105907680018258077e+02
8.705462554981954781e+01
8.812872234897737656e+01
8.913710334206169250e+01
9.923849071540325895e+01
3.901769017929142791e+01
4.084342414797521315e+01
4.221079482960317364e+01
4.404179147289993779e+01
4.421685655797107017e+01
1.254701365394517154e+02
1.290229774177371951e+02
1.051331702707909130e+02
8.702835308082121912e+01
8.810052022501957936e+01
9.029123693159972674e+01
3.900975657119404616e+01
4.083294916334707381e+01
4.219786006761080444e+01
4.402646040819879403e+01
4.419921551779331992e+01
1.254497486552037202e+02
1.300309417489577584e+02
9.522173310157545245e+01
8.700208150273859076e+01
8.807231899787905149e+01
9.026116448220780342e+01
3.999910893724508298e+01
4.082247471928949523e+01
4.323808157342032388e+01
4.401113005606460860e+01
4.418157525477452907e+01
1.254293615738189800e+02
1.320646341473680536e+02
9.298134337747846700e+01
8.697581081552637272e+01
8.804411866751304672e+01
9.023109292644438995e+01
3.999115451353817718e+01
4.081200081576086092e+01
4.322513156063387640e+01
4.399580041644745165e+01
4.527098657819804117e+01
1.254089752952500731e+02
9.184639503153360351e+01
8.694954101913928923e+01
8.801591923387881877e+01
9.138328259682084820e+01
3.998320052125808388e+01
4.080152745271909254e+01
4.321218218213682860e+01
4.398047148929792627e+01
4.525333682791352885e+01
1.253885898194494928e+02
9.070970458203599662e+01
8.692327211353197924e+01
8.798772069693355036e+01
9.135322037322154642e+01
3.997524696036951042e+01
4.079105463012238886e+01
4.319923343788313019e+01
4.396514327456615234e+01
4.523568785453298347e+01
1.263802098848321549e+02
8.957126801480843881e+01
8.689700409865915276e+01
8.795952305663450943e+01
9.250346271955228872e+01
3.996729383083772547e+01
4.078058234792921155e+01
4.318628532782580720e+01
4.394981577220256952e+01
4.521803965800517489e+01
1.263598210121678562e+02
8.954698013463001871e+01
8.687073697447550558e+01
8.793132631293886448e+01
9.365175427866149960e+01
3.995934113262728715e+01
4.077011060609739701e+01
4.317333785191863882e+01
4.393448898215752507e+01
4.520039223827880903e+01
1.273499485472918309e+02
1.089932420363404759e+02
8.840679527992071485e+01
8.798653195744063282e+01
8.790313046580395451e+01
9.479810000908705092e+01
3.995138886570319414e+01
4.075963940458529322e+01
4.316039101011472212e+01
4.391916290438138759e+01
4.518274559530261314e+01
1.283385911000152078e+02
1.015041914594062291e+02
8.838251013088569152e+01
8.796026838108068091e+01
8.903837221554306325e+01
3.994343703003039536e+01
4.074916874335102790e+01
4.314744480236748103e+01
4.498305898402534808e+01
4.516509972902530023e+01
1.293257520085749945e+02
9.717932445615429060e+01
8.835822585617928837e+01
8.793400569449829618e+01
8.901018279156610902e+01
3.993548562557378290e+01
4.073869862235272876e+01
4.313449922863055974e+01
4.496772055171329896e+01
4.514745463939555492e+01
9.391281661942305448e+01
8.833394245575428272e+01
8.790774389764830232e+01
8.898199426313972538e+01
3.992753465229846199e+01
4.072822904154851642e+01
4.312155428885699138e+01
4.495238283163679682e+01
4.512981032636217549e+01
9.280582180200674713e+01
8.830965992956348032e+01
8.788148299048546619e+01
9.011535144586653701e+01
3.991958411016900499e+01
4.071776000089705150e+01
4.310860998300068303e+01
4.493704582374644474e+01
4.511216678987380391e+01
9.060911992771120538e+01
8.828537827755968692e+01
8.785522297296459726e+01
9.008716935859908403e+01
3.991163399915058818e+01
4.070729150035607802e+01
4.309566631101485257e+01
4.492170952799247630e+01
4.509452402987922426e+01
8.949713927880775088e+01
8.826109749969566565e+01
8.782896384504044818e+01
9.121864123227491916e+01
3.990368431920821735e+01
4.069682353988388712e+01
4.308272327285287417e+01
4.490637394432537377e+01
4.507688204632725615e+01
8.947488219842635715e+01
8.823681759592422225e+01
8.780270560666788526e+01
9.234822697923841872e+01
3.989573507030661403e+01
4.068635611943874864e+01
4.306978086846817178e+01
4.489103907269561944e+01
4.505924083916650602e+01
9.515951316799466042e+01
8.836123816993628566e+01
8.821253856619817668e+01
8.777644825780164695e+01
9.347593131172914127e+01
3.988778625241079823e+01
4.067588923897884712e+01
4.305683909781445351e+01
4.487570491305340425e+01
4.504160040834580769e+01
9.196093833958545360e+01
8.833898650611665460e+01
8.818826041047026365e+01
8.775019179839662797e+01
9.460175892630317662e+01
3.987983786548596044e+01
4.066542289846244529e+01
4.304389796084493014e+01
4.486037146534931708e+01
4.502396075381388840e+01
9.087811864122178918e+01
8.831673569182056838e+01
8.816398312869340259e+01
8.886418076837254887e+01
9.687595109227669354e+01
3.987188990949643852e+01
4.168004141370173699e+01
4.408234058707343905e+01
4.484503872953377623e+01
4.500632187551953223e+01
8.979371761074685310e+01
8.720142921285174964e+01
8.925559371315121382e+01
8.883792787479949027e+01
3.986394238440802695e+01
4.166955702534253447e+01
4.406938426475326054e+01
4.482970670555720716e+01
4.498868377341146640e+01
8.870773178160258965e+01
8.717918385519658386e+01
8.923131718832013348e+01
8.881167586977738893e+01
3.985599529018497122e+01
4.165907317741123705e+01
4.405642857632911102e+01
4.481437539336985054e+01
4.497104644743841817e+01
8.868755849242570832e+01
8.715693934742904503e+01
8.920704153664745206e+01
8.878542475326108274e+01
3.984804862679251158e+01
4.164858986986578770e+01
4.404347352175427233e+01
4.479904479292242314e+01
4.495340989754920002e+01
8.759999162140076123e+01
8.713469568950053201e+01
8.918276675808604637e+01
8.989759642916152416e+01
3.984010239419568933e+01
4.163810710266494652e+01
4.403051910098228205e+01
4.478371490416522960e+01
4.493577412369272395e+01
8.757982638100037320e+01
8.820549436149025269e+01
8.915849285258882162e+01
8.987134890154486300e+01
3.983215659235947470e+01
4.162762487576658543e+01
4.401756531396662808e+01
4.476838572704868113e+01
4.491813912581758927e+01
8.755966195583999934e+01
8.818324864331376034e+01
8.913421982010868305e+01
9.098170246596161803e+01
3.982421122124855373e+01
4.161714318912903110e+01
4.400461216066074854e+01
4.475305726152320318e+01
4.600565365903418069e+01
8.753949834587021428e+01
8.816100377432036339e+01
8.910994766059856431e+01
9.095545855190300699e+01
3.981626628082815955e+01
4.160666204271049651e+01
4.399165964101812420e+01
4.473772950753933486e+01
4.598800922280771175e+01
8.751933555104152163e+01
8.813875975446136124e+01
8.908567637401127115e+01
9.206399852435491482e+01
3.980832177106347558e+01
4.159618143646932964e+01
4.397870775499235663e+01
4.472240246504754424e+01
4.597036556230680304e+01
8.749917357130451023e+01
8.811651658368818119e+01
8.906140596029982248e+01
9.430188289265556989e+01
3.980037769191888231e+01
4.158570137036366532e+01
4.396575650253710421e+01
4.470707613399820701e+01
4.595272267748037365e+01
8.747901240660985422e+01
8.809427426195219368e+01
8.903713641941706669e+01
9.653254474877797975e+01
4.078780891297557076e+01
4.157522184435188706e+01
4.395280588360546403e+01
4.469175051434179124e+01
4.593508056827727870e+01
8.745885205690795772e+01
8.807203278920479761e+01
9.012699261728145927e+01
4.077984410690378780e+01
4.156474285839195204e+01
4.393985589815118686e+01
4.467642560602882895e+01
4.591743923464633070e+01
8.743869252214952326e+01
8.804979216539734921e+01
9.010272385763992986e+01
4.077187973222574868e+01
4.155426441244248537e+01
4.392690654612792400e+01
4.466110140900992320e+01
4.589979867653640611e+01
8.741853380228511128e+01
8.802755239048130420e+01
9.007845597003534976e+01
4.076391578890618206e+01
4.256719536435354456e+01
4.391395782748898569e+01
4.464577792323520100e+01
4.588215889389639557e+01
8.739837589726535327e+01
8.909664170609414668e+01
9.005418895442079474e+01
4.075595227691045608e+01
4.255669894197684755e+01
4.390100974218805163e+01
4.463045514865542174e+01
4.696791475751684430e+01
8.737821880704073862e+01
8.907439990225677207e+01
9.114229588214455191e+01
4.074798919620325677e+01
4.254620306009080366e+01
4.388806229017852445e+01
4.461513308522090426e+01
4.695026558784425674e+01
8.735806253156199830e+01
8.905215894665509779e+01
9.111802967638685402e+01
4.074002654674966806e+01
4.253570771865347666e+01
4.387511547141406965e+01
4.459981173288245770e+01
4.693261719338416071e+01
8.733790707077963589e+01
8.902991883924059380e+01
9.220439178677693803e+01
4.073206432851458203e+01
4.252521291762324296e+01
4.386216928584798325e+01
4.458449109159021617e+01
4.691496957408557478e+01
8.731775242464429709e+01
8.900767957996474422e+01
9.328901333507246818e+01
4.072410254146286945e+01
4.251471865695824448e+01
4.384922373343408708e+01
4.564643476160874513e+01
4.689732272989731143e+01
8.729759859310658499e+01
8.898544116877901899e+01
9.437189850099997557e+01
4.071614118555960715e+01
4.250422493661683632e+01
4.383627881412596849e+01
4.563110182349044663e+01
4.687967666076838924e+01
8.727744557611711684e+01
8.896320360563490226e+01
9.655674238611122462e+01
4.070818026077000695e+01
4.249373175655710355e+01
4.382333452787692352e+01
4.561576959638367867e+01
4.686203136664778413e+01
8.832457860199642141e+01
8.894096689048390658e+01
4.070021976705869093e+01
4.248323911673770681e+01
4.381039087464073845e+01
4.560043808023898748e+01
4.684438684748442228e+01
8.830442078911107728e+01
8.891873102327751610e+01
4.168603172731660322e+01
4.247274701711661038e+01
4.484696542762692673e+01
4.558510727500707560e+01
4.682674310322714462e+01
8.828426379027405346e+01
8.998611551253092955e+01
4.167805058362636572e+01
4.246225545765236120e+01
4.483400665569170229e+01
4.556977718063824767e+01
4.680910013382499812e+01
8.826410760543598144e+01
8.996387764756435956e+01
4.167006987178249489e+01
4.245176443830288804e+01
4.482104851697775416e+01
4.555444779708320624e+01
4.679145793922690189e+01
8.824395223454756376e+01
8.994164062988697594e+01
4.166208959175017412e+01
4.244127395902670941e+01
4.480809101143885442e+01
4.553911912429249753e+01
4.677381651938187446e+01
8.822379767755954560e+01
8.991940445945031968e+01
4.165410974349400419e+01
4.345252214439526028e+01
4.479513413902859043e+01
4.552379116221680988e+01
4.675617587423884913e+01
8.820364393442253004e+01
9.098510269609012369e+01
4.263845399734485397e+01
4.344201375978170176e+01
4.478217789970039320e+01
4.550846391080652609e+01
4.673853600374673078e+01
8.818349100508731908e+01
9.204912717122996924e+01
4.263045357013633918e+01
4.343150591571745878e+01
4.476922229340804904e+01
4.656868199523660223e+01
4.782247718527572999e+01
8.816333888950458686e+01
9.202688626239341829e+01
4.262245357546714075e+01
4.342099861216089352e+01
4.475626732010515951e+01
4.655334250416157715e+01
4.780482797758652680e+01
8.814318758762506434e+01
9.308923817751451679e+01
4.261445401330201577e+01
4.341049184907006264e+01
4.474331297974523380e+01
4.653800372371505034e+01
4.778717954428964276e+01
8.812303709939939722e+01
9.414992423483579387e+01
4.260645488360619737e+01
4.339998562640366231e+01
4.473035927228191611e+01
4.652266565384754671e+01
4.776953188533430961e+01
8.810288742477840174e+01
9.628856607299709935e+01
4.259845618634420816e+01
4.338947994411948628e+01
4.576526008509264898e+01
4.650732829450972616e+01
4.665034826926522982e+01
8.808273856371273780e+01
4.259045792148123866e+01
4.337897480217626622e+01
4.575229132220151484e+01
4.649199164565200704e+01
4.663271304560751673e+01
8.912819165206109062e+01
4.258246008898218093e+01
4.336847020053186696e+01
4.573932319241214373e+01
4.647665570722537609e+01
4.661507859624384764e+01
8.910803803047305394e+01
4.257446268881186313e+01
4.335796613914519071e+01
4.572635569567869140e+01
4.646132047918013797e+01
4.549427976625348435e+01
8.908788522194033987e+01
4.256646572093539760e+01
4.334746261797427991e+01
4.571338883195448233e+01
4.644598596146723679e+01
4.547665780531745128e+01
8.906773322641373625e+01
4.255846918531761247e+01
4.333695963697726228e+01
4.570042260119324595e+01
4.643065215403708379e+01
4.435422860573768844e+01
9.011156085061190879e+01
4.255047308192371247e+01
4.332645719611281265e+01
4.568745700334870463e+01
4.641531905684049519e+01
4.323015371097184101e+01
9.009140413381292944e+01
4.254247741071839073e+01
4.331595529533895927e+01
4.567449203837457361e+01
4.639998666982791065e+01
4.321255611273685560e+01
9.113362123424974470e+01
4.253448217166648249e+01
4.330545393461424908e+01
4.566152770622442603e+01
4.638465499295030270e+01
4.208684377539012900e+01
9.111345983615765931e+01
4.252648736473353352e+01
4.329495311389691636e+01
4.564856400685180660e+01
4.636932402615803994e+01
4.206925882610473622e+01
9.215407019285291312e+01
4.251849298988370407e+01
4.328445283314557912e+01
4.563560094021053715e+01
4.527864038591332019e+01
4.205167465110343983e+01
9.319308298700400428e+01
4.251049904708265359e+01
4.429394953455763329e+01
4.666881689623625817e+01
4.526332449843232553e+01
4.203409125033517313e+01
9.528651354906027393e+01
4.250250553629486916e+01
4.428343142128828447e+01
4.665583883740649895e+01
4.417110237146835061e+01
4.201650862374864204e+01
4.249451245748581130e+01
4.427291384845634781e+01
4.664286141151023202e+01
4.415580161939495696e+01
4.310698678163058872e+01
4.248651981062003102e+01
4.426239681602055498e+01
4.662988461850151367e+01
4.306203779997004233e+01
4.419577170144737011e+01
4.247852759566285386e+01
4.425188032393906923e+01
4.661690845833353336e+01
4.196671453452326972e+01
1.156861172753254579e+02
4.247053581257890897e+01
4.424136437217033091e+01
4.660393293096048950e+01
4.195144351308390895e+01
1.166674300567095344e+02
4.246254446133358584e+01
4.423084896067251037e+01
4.554487718630877424e+01
4.085457206014061171e+01
1.176472956255731219e+02
4.245455354189157759e+01
4.422033408940400534e+01
4.553191917985097348e+01
4.083931634375713315e+01
1.186257171810199509e+02
4.244656305421809606e+01
4.420981975832363986e+01
4.447141795991546331e+01
3.974089347065596911e+01
4.243857299827803331e+01
4.521771672553968813e+01
4.445847753257453405e+01
4.080880703795681796e+01
4.243058337403635250e+01
4.520718463032982726e+01
4.339652792418251437e+01
4.079355344844117326e+01
4.242259418145819438e+01
4.519665307577545121e+01
4.233310994131841198e+01
4.185983227649074223e+01
4.241460542050862870e+01
4.518612206183500746e+01
4.126822053635790155e+01
4.292449329068308117e+01
4.339698307990448001e+01
4.517559158846670186e+01
4.020185665323832325e+01
4.338897382978704798e+01
4.516506165562895347e+01
3.913401522742655203e+01
4.338096501205527034e+01
4.515453226328028080e+01
3.806469318589233808e+01
4.337295662667383311e+01
4.412572455144412942e+01
3.805185631935725610e+01
4.336494867360810446e+01
4.411521508018087445e+01
3.698106794563126698e+01
4.335694115282281302e+01
4.308505003699897173e+01
3.696824907318211473e+01
4.334893406428320617e+01
4.307456054682281632e+01
3.589599139795310379e+01
4.334092740795412624e+01
4.204303552917825471e+01
3.588319057931728651e+01
4.333292118380056479e+01
4.101012832324136781e+01
3.587039038916713451e+01
4.332491539178752049e+01
3.997583614906191229e+01
3.691697987242912404e+01
4.331691003188015543e+01
3.791347709595593329e+01
3.690416414427036784e+01
4.330890510404335458e+01
3.790308573885101850e+01
3.794918404203254880e+01
4.231079079044464919e+01
3.686462190551957008e+01
3.899265397676605716e+01
4.230280806862268861e+01
3.582476190929537552e+01
4.003457739424939632e+01
4.130342334745767374e+01
3.581441077596488043e+01
4.212669404331672496e+01
4.129546289292493810e+01
3.477317173753540658e+01
4.029480537868052892e+01
3.476284107619426322e+01
3.929285071784094896e+01
3.475251094861183532e+01
3.828959638654492181e+01
3.474218135474676927e+01
3.728503985437911439e+01
3.473185229455778256e+01
3.627917858435741039e+01
3.575231519842115091e+01
3.527201003289861347e+01
3.574196780551749697e+01
3.526418235600575457e+01
3.676093589535039996e+01
3.425572625525320092e+01
3.777843123735610931e+01
3.424792128439734284e+01
3.879445702214417224e+01
3.323817520585988206e+01
4.083255338520419997e+01
3.323039300377087812e+01
3.322261122437244296e+01
3.321482986762979550e+01
3.320704893350896469e+01
3.420110035497827283e+01
3.419329834903918908e+01
3.518592893607852545e+01
3.617716313588470456e+01
3.716700389294632600e+01
3.915042527479432266e+01
